language	lemma_id	word	review_status	applied_state	head	frequency_status	source_locator	original_measurements
en	lemma:035dff1dbaf25c406184	regularisation	accepted	accepted	regular	aggregate_only_not_sense_frequency	"[{""path"": ""associativvordes/family-index-v5/members/en/40.json.gz"", ""family_id"": ""family:regul"", ""record_sha256"": ""435e0592d73ce62b28e5ab0889f63173b8843679980c6b1ee4bfb50df08bdaae""}, {""path"": ""associativvordes/family-index-v5/members/en/87.json.gz"", ""family_id"": ""surface:en:sation"", ""record_sha256"": ""b9b28705c7c8baa40aa6717f7a2e34d02af22bb432e85f2d93bb3439fef538b9""}, {""path"": ""associativvordes/family-index-v5/members/en/ba.json.gz"", ""family_id"": ""surface:en:regularisat"", ""record_sha256"": ""e2b9880582a27c0ffcabda9cfc00f5bf0597e18097c4c783208a1a29a9aef205""}]"	"{""lemma_id"": ""lemma:035dff1dbaf25c406184"", ""word"": ""regularisation"", ""normalized"": ""regularisation"", ""search_form"": ""regularisation"", ""rank"": 41584, ""frequency_score"": 2.6568251921798063, ""category_breakdown"": {""subtitles"": {""ipm_values"": [0.00748, 0.00579], ""category_ipm"": 0.006635, ""category_score"": 0.11587449625939175}, ""normative"": {""ipm_values"": [0.104388], ""category_ipm"": 0.104388, ""category_score"": 1.739783021185493}, ""web"": {""ipm_values"": [0.41762], ""category_ipm"": 0.41762, ""category_score"": 6.1148180590945325}}, ""sources"": [{""id"": ""normative/bnc-clean2.lemmatized_spacy_ipm6.json"", ""file"": ""bnc-clean2.lemmatized_spacy_ipm6.json"", ""category"": ""normative"", ""ipm"": 0.104388}, {""id"": ""subtitles/hermit_2016_en_full_lemmatized_ipm6_spacy_lookup_cleaned_v8.json"", ""file"": ""hermit_2016_en_full_lemmatized_ipm6_spacy_lookup_cleaned_v8.json"", ""category"": ""subtitles"", ""ipm"": 0.00748}, {""id"": ""subtitles/hermit_2018_en_full_lemmatized_ipm6_spacy_lookup_cleaned_v8.json"", ""file"": ""hermit_2018_en_full_lemmatized_ipm6_spacy_lookup_cleaned_v8.json"", ""category"": ""subtitles"", ""ipm"": 0.00579}, {""id"": ""web/sorted.uk.lemma.unigrams.cleaned_recommended_min100_ipm6.json"", ""file"": ""sorted.uk.lemma.unigrams.cleaned_recommended_min100_ipm6.json"", ""category"": ""web"", ""ipm"": 0.41762}], ""corpus_quality"": {""status"": ""accepted"", ""reasons"": []}, ""components"": [{""surface"": ""regul"", ""canonical_candidate"": ""regul"", ""confidence"": 0.97, ""evidence"": [{""type"": ""compound_morphology"", ""source"": ""manually_verified"", ""path"": [""regularisation"", ""regul"", ""regul""], ""confidence"": 0.97}, {""type"": ""verified_seed_alias"", ""source"": ""methodology_control_seed"", ""path"": [""en"", ""regul"", ""family:regul""], ""confidence"": 1}]}]}"
en	lemma:07be5029c83636c278df	unregulated	accepted	accepted	regulate	aggregate_only_not_sense_frequency	"[{""path"": ""associativvordes/family-index-v5/members/en/40.json.gz"", ""family_id"": ""family:regul"", ""record_sha256"": ""34b97c2c23adb52c38fef1fde6eb51134cfda32111ac0c460bbf6a915d06810a""}, {""path"": ""associativvordes/family-index-v5/members/en/a0.json.gz"", ""family_id"": ""surface:en:unregulat"", ""record_sha256"": ""63e79bd8f89c597b3b070e30c6cf2754a16dbb440e3120c97c83887ceacefdf5""}]"	"{""lemma_id"": ""lemma:07be5029c83636c278df"", ""word"": ""unregulated"", ""normalized"": ""unregulated"", ""search_form"": ""unregulated"", ""rank"": 21073, ""frequency_score"": 9.903115940866861, ""category_breakdown"": {""subtitles"": {""ipm_values"": [0.188873, 0.206985], ""category_ipm"": 0.19792900000000002, ""category_score"": 3.1643725829175726}, ""normative"": {""ipm_values"": [0.929056], ""category_ipm"": 0.929056, ""category_score"": 11.512494653315047}, ""web"": {""ipm_values"": [1.358251], ""category_ipm"": 1.358251, ""category_score"": 15.032480586367965}}, ""sources"": [{""id"": ""normative/bnc-clean2.lemmatized_spacy_ipm6.json"", ""file"": ""bnc-clean2.lemmatized_spacy_ipm6.json"", ""category"": ""normative"", ""ipm"": 0.929056}, {""id"": ""subtitles/hermit_2016_en_full_lemmatized_ipm6_spacy_lookup_cleaned_v8.json"", ""file"": ""hermit_2016_en_full_lemmatized_ipm6_spacy_lookup_cleaned_v8.json"", ""category"": ""subtitles"", ""ipm"": 0.188873}, {""id"": ""subtitles/hermit_2018_en_full_lemmatized_ipm6_spacy_lookup_cleaned_v8.json"", ""file"": ""hermit_2018_en_full_lemmatized_ipm6_spacy_lookup_cleaned_v8.json"", ""category"": ""subtitles"", ""ipm"": 0.206985}, {""id"": ""web/sorted.uk.lemma.unigrams.cleaned_recommended_min100_ipm6.json"", ""file"": ""sorted.uk.lemma.unigrams.cleaned_recommended_min100_ipm6.json"", ""category"": ""web"", ""ipm"": 1.358251}], ""corpus_quality"": {""status"": ""accepted"", ""reasons"": []}, ""components"": [{""surface"": ""regul"", ""canonical_candidate"": ""regul"", ""confidence"": 0.97, ""evidence"": [{""type"": ""compound_morphology"", ""source"": ""manually_verified"", ""path"": [""unregulated"", ""regul"", ""regul""], ""confidence"": 0.97}, {""type"": ""verified_seed_alias"", ""source"": ""methodology_control_seed"", ""path"": [""en"", ""regul"", ""family:regul""], ""confidence"": 1}]}]}"
en	lemma:0838f08a68f4be75621c	zoneregular	uncertain	not_admitted_candidate		aggregate_only_not_sense_frequency	"[{""path"": ""associativvordes/family-index-v5/members/en/3b.json.gz"", ""family_id"": ""surface:en:zoner"", ""record_sha256"": ""b24382413a82c61d1fa570579ed434888454a827f88197224cbc0dcc219fc736""}, {""path"": ""associativvordes/family-index-v5/members/en/5b.json.gz"", ""family_id"": ""ety:7eb55cb05961"", ""record_sha256"": ""f3ceb309dfb7ddf31e3684369a36d038f07686a2a1c93872172c42d359698f04""}, {""path"": ""associativvordes/family-index-v5/members/en/be.json.gz"", ""family_id"": ""surface:en:ereg"", ""record_sha256"": ""3628825539692bb9ae7688048f6db04424902b7e9595174eddde0537a2c16335""}]"	"{""lemma_id"": ""lemma:0838f08a68f4be75621c"", ""word"": ""zoneregular"", ""normalized"": ""zoneregular"", ""search_form"": ""zoneregular"", ""rank"": 867673, ""frequency_score"": 0.032735546362605054, ""category_breakdown"": {""subtitles"": {""ipm_values"": [0.00187], ""category_ipm"": 0.00187, ""category_score"": 0.032735546362605054}}, ""sources"": [{""id"": ""subtitles/hermit_2016_en_full_lemmatized_ipm6_spacy_lookup_cleaned_v8.json"", ""file"": ""hermit_2016_en_full_lemmatized_ipm6_spacy_lookup_cleaned_v8.json"", ""category"": ""subtitles"", ""ipm"": 0.00187}], ""corpus_quality"": {""status"": ""accepted"", ""reasons"": []}, ""components"": [{""surface"": ""zoner"", ""canonical_candidate"": ""zoner"", ""confidence"": 0.81, ""evidence"": [{""type"": ""compound_morphology"", ""source"": ""candidate_index"", ""path"": [""zoneregular"", ""zoner"", ""zoner""], ""confidence"": 0.81}]}]}"
en	lemma:087c4a3beda2c5a56ac8	ruler	uncertain	not_admitted_candidate		aggregate_only_not_sense_frequency	"[{""path"": ""associativvordes/family-index-v5/members/en/df.json.gz"", ""family_id"": ""surface:en:ruler"", ""record_sha256"": ""a0354e9fcc56039d175a9d2acc6ff8641152203f6b157dda838f860a2e6ca9b3""}]"	"{""lemma_id"": ""lemma:087c4a3beda2c5a56ac8"", ""word"": ""ruler"", ""normalized"": ""ruler"", ""search_form"": ""ruler"", ""rank"": 4355, ""frequency_score"": 43.27575674321581, ""category_breakdown"": {""subtitles"": {""ipm_values"": [6.776977, 7.161968], ""category_ipm"": 6.9694725, ""category_score"": 36.368989008953804}, ""normative"": {""ipm_values"": [16.524677], ""category_ipm"": 16.524677, ""category_score"": 50.17618144904872}, ""web"": {""ipm_values"": [10.824305], ""category_ipm"": 10.824305, ""category_score"": 43.28209977164488}}, ""sources"": [{""id"": ""normative/bnc-clean2.lemmatized_spacy_ipm6.json"", ""file"": ""bnc-clean2.lemmatized_spacy_ipm6.json"", ""category"": ""normative"", ""ipm"": 16.524677}, {""id"": ""subtitles/hermit_2016_en_full_lemmatized_ipm6_spacy_lookup_cleaned_v8.json"", ""file"": ""hermit_2016_en_full_lemmatized_ipm6_spacy_lookup_cleaned_v8.json"", ""category"": ""subtitles"", ""ipm"": 6.776977}, {""id"": ""subtitles/hermit_2018_en_full_lemmatized_ipm6_spacy_lookup_cleaned_v8.json"", ""file"": ""hermit_2018_en_full_lemmatized_ipm6_spacy_lookup_cleaned_v8.json"", ""category"": ""subtitles"", ""ipm"": 7.161968}, {""id"": ""web/sorted.uk.lemma.unigrams.cleaned_recommended_min100_ipm6.json"", ""file"": ""sorted.uk.lemma.unigrams.cleaned_recommended_min100_ipm6.json"", ""category"": ""web"", ""ipm"": 10.824305}], ""corpus_quality"": {""status"": ""accepted"", ""reasons"": []}, ""components"": [{""surface"": ""ruler"", ""canonical_candidate"": ""ruler"", ""confidence"": 0.92, ""evidence"": [{""type"": ""morphological_parse"", ""source"": ""candidate_index"", ""path"": [""ruler"", ""ruler"", ""ruler""], ""confidence"": 0.92}]}]}"
en	lemma:0990ddd2c9998ea7bad4	acceptableregular	uncertain	not_admitted_candidate		aggregate_only_not_sense_frequency	"[{""path"": ""associativvordes/family-index-v5/members/en/5b.json.gz"", ""family_id"": ""ety:7eb55cb05961"", ""record_sha256"": ""e4c35605f4bb3aeb5c0189e5b76df865e1ecef3a5c1fe77c8697e6571b69f8ec""}, {""path"": ""associativvordes/family-index-v5/members/en/be.json.gz"", ""family_id"": ""surface:en:ereg"", ""record_sha256"": ""bc087697942d33de297a8ed88419337d5b3c3d2d9f29919cf7e0c936aa15a0f3""}, {""path"": ""associativvordes/family-index-v5/members/en/eb.json.gz"", ""family_id"": ""surface:en:tabler"", ""record_sha256"": ""4db4e35ce96982005d4e54aa478bf2654d661222d060e50aa9c796a7e24b093d""}, {""path"": ""associativvordes/family-index-v5/members/en/f1.json.gz"", ""family_id"": ""ety:a6298d1d06d9"", ""record_sha256"": ""1667c7eaff8abe14d2d8832ef63992c2d182ce9fd8c35380f6508881c4ef22e9""}]"	"{""lemma_id"": ""lemma:0990ddd2c9998ea7bad4"", ""word"": ""acceptableregular"", ""normalized"": ""acceptableregular"", ""search_form"": ""acceptableregular"", ""rank"": 444241, ""frequency_score"": 0.029036169457900194, ""category_breakdown"": {""subtitles"": {""ipm_values"": [0.00187, 0.001447], ""category_ipm"": 0.0016584999999999998, ""category_score"": 0.029036169457900194}}, ""sources"": [{""id"": ""subtitles/hermit_2016_en_full_lemmatized_ipm6_spacy_lookup_cleaned_v8.json"", ""file"": ""hermit_2016_en_full_lemmatized_ipm6_spacy_lookup_cleaned_v8.json"", ""category"": ""subtitles"", ""ipm"": 0.00187}, {""id"": ""subtitles/hermit_2018_en_full_lemmatized_ipm6_spacy_lookup_cleaned_v8.json"", ""file"": ""hermit_2018_en_full_lemmatized_ipm6_spacy_lookup_cleaned_v8.json"", ""category"": ""subtitles"", ""ipm"": 0.001447}], ""corpus_quality"": {""status"": ""accepted"", ""reasons"": []}, ""components"": [{""surface"": ""regular"", ""canonical_candidate"": ""regular"", ""confidence"": 0.89, ""evidence"": [{""type"": ""compound_morphology"", ""source"": ""candidate_index"", ""path"": [""acceptableregular"", ""regular"", ""regular""], ""confidence"": 0.89}]}]}"
en	lemma:0af307b95aa89de82841	regulartable	uncertain	withheld_historical_uncertain		aggregate_only_not_sense_frequency	"[{""path"": ""associativvordes/family-index-v5/members/en/33.json.gz"", ""family_id"": ""ety:084a88d6b19c"", ""record_sha256"": ""c0ebe6712b4f5badde48e9e4eb548deb2854bba81dbf21a293b88d181fd6ee57""}, {""path"": ""associativvordes/family-index-v5/members/en/40.json.gz"", ""family_id"": ""family:regul"", ""record_sha256"": ""d72f4286109287e8c530253218f95d0d11db9ee529ad94aa8d0628358aa85e2b""}, {""path"": ""associativvordes/family-index-v5/members/en/9a.json.gz"", ""family_id"": ""surface:en:regulartabl"", ""record_sha256"": ""df6bd1fd9e8d8fa4966bad8b6bcafeffc258582ca2eadf2361430a834b0dd250""}, {""path"": ""associativvordes/family-index-v5/members/en/f1.json.gz"", ""family_id"": ""ety:67b90eac56c9"", ""record_sha256"": ""c0ebe6712b4f5badde48e9e4eb548deb2854bba81dbf21a293b88d181fd6ee57""}, {""path"": ""associativvordes/family-index-v5/members/en/fc.json.gz"", ""family_id"": ""ety:53051cc03659"", ""record_sha256"": ""c0ebe6712b4f5badde48e9e4eb548deb2854bba81dbf21a293b88d181fd6ee57""}]"	"{""lemma_id"": ""lemma:0af307b95aa89de82841"", ""word"": ""regulartable"", ""normalized"": ""regulartable"", ""search_form"": ""regulartable"", ""rank"": 749003, ""frequency_score"": 0.029036169457900194, ""category_breakdown"": {""subtitles"": {""ipm_values"": [0.00187, 0.001447], ""category_ipm"": 0.0016584999999999998, ""category_score"": 0.029036169457900194}}, ""sources"": [{""id"": ""subtitles/hermit_2016_en_full_lemmatized_ipm6_spacy_lookup_cleaned_v8.json"", ""file"": ""hermit_2016_en_full_lemmatized_ipm6_spacy_lookup_cleaned_v8.json"", ""category"": ""subtitles"", ""ipm"": 0.00187}, {""id"": ""subtitles/hermit_2018_en_full_lemmatized_ipm6_spacy_lookup_cleaned_v8.json"", ""file"": ""hermit_2018_en_full_lemmatized_ipm6_spacy_lookup_cleaned_v8.json"", ""category"": ""subtitles"", ""ipm"": 0.001447}], ""corpus_quality"": {""status"": ""accepted"", ""reasons"": []}, ""components"": [{""surface"": ""table"", ""canonical_candidate"": ""table"", ""confidence"": 0.89, ""evidence"": [{""type"": ""compound_morphology"", ""source"": ""candidate_index"", ""path"": [""regulartable"", ""table"", ""table""], ""confidence"": 0.89}]}]}"
en	lemma:0b1b568ded8b6ad1dffa	veryirregular	uncertain	not_admitted_candidate		aggregate_only_not_sense_frequency	"[{""path"": ""associativvordes/family-index-v5/members/en/55.json.gz"", ""family_id"": ""ety:368bc5e2f86f"", ""record_sha256"": ""a1659ed31aba8f6cf20873ddcae90768b6a6216a3e952b0cefdb3606c07c7d31""}, {""path"": ""associativvordes/family-index-v5/members/en/70.json.gz"", ""family_id"": ""ety:b7329cb9ae33"", ""record_sha256"": ""a1659ed31aba8f6cf20873ddcae90768b6a6216a3e952b0cefdb3606c07c7d31""}, {""path"": ""associativvordes/family-index-v5/members/en/89.json.gz"", ""family_id"": ""ety:497370be6193"", ""record_sha256"": ""855c031beefcb001c924707e15624c464da6186240cd60e55d3d9c33fa08fc7f""}, {""path"": ""associativvordes/family-index-v5/members/en/93.json.gz"", ""family_id"": ""surface:en:yir"", ""record_sha256"": ""826be7f5d3e442a993b0265ce5d5ee70ce976cd439273e7037be58db9a51c3f3""}, {""path"": ""associativvordes/family-index-v5/members/en/f6.json.gz"", ""family_id"": ""ety:2d5b2d125fa9"", ""record_sha256"": ""855c031beefcb001c924707e15624c464da6186240cd60e55d3d9c33fa08fc7f""}]"	"{""lemma_id"": ""lemma:0b1b568ded8b6ad1dffa"", ""word"": ""veryirregular"", ""normalized"": ""veryirregular"", ""search_form"": ""veryirregular"", ""rank"": 840654, ""frequency_score"": 0.029036169457900194, ""category_breakdown"": {""subtitles"": {""ipm_values"": [0.00187, 0.001447], ""category_ipm"": 0.0016584999999999998, ""category_score"": 0.029036169457900194}}, ""sources"": [{""id"": ""subtitles/hermit_2016_en_full_lemmatized_ipm6_spacy_lookup_cleaned_v8.json"", ""file"": ""hermit_2016_en_full_lemmatized_ipm6_spacy_lookup_cleaned_v8.json"", ""category"": ""subtitles"", ""ipm"": 0.00187}, {""id"": ""subtitles/hermit_2018_en_full_lemmatized_ipm6_spacy_lookup_cleaned_v8.json"", ""file"": ""hermit_2018_en_full_lemmatized_ipm6_spacy_lookup_cleaned_v8.json"", ""category"": ""subtitles"", ""ipm"": 0.001447}], ""corpus_quality"": {""status"": ""accepted"", ""reasons"": []}, ""components"": [{""surface"": ""very"", ""canonical_candidate"": ""very"", ""confidence"": 0.81, ""evidence"": [{""type"": ""compound_morphology"", ""source"": ""candidate_index"", ""path"": [""veryirregular"", ""very"", ""very""], ""confidence"": 0.81}]}]}"
en	lemma:0d3558a3b1255fe8de2e	deregulation	accepted	accepted	regulate	aggregate_only_not_sense_frequency	"[{""path"": ""associativvordes/family-index-v5/members/en/40.json.gz"", ""family_id"": ""family:regul"", ""record_sha256"": ""173aa4fb21b6a49ab2bc7501ba4606a09a4393aea511efb39e3598440422a0bf""}, {""path"": ""associativvordes/family-index-v5/members/en/65.json.gz"", ""family_id"": ""surface:en:regulation"", ""record_sha256"": ""f0b724898131bf3e4eefc54c933d06aa5e025258f6b4a86620479bc2234b522a""}, {""path"": ""associativvordes/family-index-v5/members/en/f8.json.gz"", ""family_id"": ""surface:en:deregulat"", ""record_sha256"": ""94b2bf0e13601969388c54a0ceb22f044d25b90cd542dda0fea23b97605ffca3""}]"	"{""lemma_id"": ""lemma:0d3558a3b1255fe8de2e"", ""word"": ""deregulation"", ""normalized"": ""deregulation"", ""search_form"": ""deregulation"", ""rank"": 9524, ""frequency_score"": 18.34212958761082, ""category_breakdown"": {""subtitles"": {""ipm_values"": [0.233753, 0.20409], ""category_ipm"": 0.2189215, ""category_score"": 3.4687686446427355}, ""normative"": {""ipm_values"": [4.603527], ""category_ipm"": 4.603527, ""category_score"": 30.197352792713755}, ""web"": {""ipm_values"": [2.383985], ""category_ipm"": 2.383985, ""category_score"": 21.36026732547597}}, ""sources"": [{""id"": ""normative/bnc-clean2.lemmatized_spacy_ipm6.json"", ""file"": ""bnc-clean2.lemmatized_spacy_ipm6.json"", ""category"": ""normative"", ""ipm"": 4.603527}, {""id"": ""subtitles/hermit_2016_en_full_lemmatized_ipm6_spacy_lookup_cleaned_v8.json"", ""file"": ""hermit_2016_en_full_lemmatized_ipm6_spacy_lookup_cleaned_v8.json"", ""category"": ""subtitles"", ""ipm"": 0.233753}, {""id"": ""subtitles/hermit_2018_en_full_lemmatized_ipm6_spacy_lookup_cleaned_v8.json"", ""file"": ""hermit_2018_en_full_lemmatized_ipm6_spacy_lookup_cleaned_v8.json"", ""category"": ""subtitles"", ""ipm"": 0.20409}, {""id"": ""web/sorted.uk.lemma.unigrams.cleaned_recommended_min100_ipm6.json"", ""file"": ""sorted.uk.lemma.unigrams.cleaned_recommended_min100_ipm6.json"", ""category"": ""web"", ""ipm"": 2.383985}], ""corpus_quality"": {""status"": ""accepted"", ""reasons"": []}, ""components"": [{""surface"": ""regul"", ""canonical_candidate"": ""regul"", ""confidence"": 1, ""evidence"": [{""type"": ""compound_morphology"", ""source"": ""manually_verified"", ""path"": [""deregulation"", ""regul"", ""regul""], ""confidence"": 1}, {""type"": ""verified_seed_alias"", ""source"": ""methodology_control_seed"", ""path"": [""en"", ""regul"", ""family:regul""], ""confidence"": 1}]}]}"
en	lemma:0dfe7dedb40741cbe552	disregulated	accepted	accepted	regulate	aggregate_only_not_sense_frequency	"[{""path"": ""associativvordes/family-index-v5/members/en/23.json.gz"", ""family_id"": ""surface:en:disregulat"", ""record_sha256"": ""4191ff2e9eea49e9f5c6b8ffc33bd5dbc9da303f89acb5113cd46c12c8b0495d""}, {""path"": ""associativvordes/family-index-v5/members/en/40.json.gz"", ""family_id"": ""family:regul"", ""record_sha256"": ""4f9d2573aae15ee2fb5080d54e552d910582bce5aaadbb4cf1b1eb3165a55740""}]"	"{""lemma_id"": ""lemma:0dfe7dedb40741cbe552"", ""word"": ""disregulated"", ""normalized"": ""disregulated"", ""search_form"": ""disregulated"", ""rank"": 537545, ""frequency_score"": 0.029036169457900194, ""category_breakdown"": {""subtitles"": {""ipm_values"": [0.00187, 0.001447], ""category_ipm"": 0.0016584999999999998, ""category_score"": 0.029036169457900194}}, ""sources"": [{""id"": ""subtitles/hermit_2016_en_full_lemmatized_ipm6_spacy_lookup_cleaned_v8.json"", ""file"": ""hermit_2016_en_full_lemmatized_ipm6_spacy_lookup_cleaned_v8.json"", ""category"": ""subtitles"", ""ipm"": 0.00187}, {""id"": ""subtitles/hermit_2018_en_full_lemmatized_ipm6_spacy_lookup_cleaned_v8.json"", ""file"": ""hermit_2018_en_full_lemmatized_ipm6_spacy_lookup_cleaned_v8.json"", ""category"": ""subtitles"", ""ipm"": 0.001447}], ""corpus_quality"": {""status"": ""accepted"", ""reasons"": []}, ""components"": [{""surface"": ""disregulat"", ""canonical_candidate"": ""disregulat"", ""confidence"": 0.92, ""evidence"": [{""type"": ""morphological_parse"", ""source"": ""candidate_index"", ""path"": [""disregulated"", ""disregulat"", ""disregulat""], ""confidence"": 0.92}]}]}"
en	lemma:0ef28e0a425060cec5dc	regularjams	uncertain	withheld_historical_uncertain		aggregate_only_not_sense_frequency	"[{""path"": ""associativvordes/family-index-v5/members/en/01.json.gz"", ""family_id"": ""surface:en:regularjam"", ""record_sha256"": ""98e152546ee561aaf848a6334a054b86b8fa95d78538fcb0c67b94395b9d50ab""}, {""path"": ""associativvordes/family-index-v5/members/en/40.json.gz"", ""family_id"": ""family:regul"", ""record_sha256"": ""c694190ecd1cf2386737d5b99940cad9db4fb31ac44eebf758911e9d915c6b99""}, {""path"": ""associativvordes/family-index-v5/members/en/ec.json.gz"", ""family_id"": ""surface:en:ams"", ""record_sha256"": ""b6f2b178645f0adf01f0cf60891e37fbf9665915614cc295b76a35ce271f807d""}]"	"{""lemma_id"": ""lemma:0ef28e0a425060cec5dc"", ""word"": ""regularjams"", ""normalized"": ""regularjams"", ""search_form"": ""regularjams"", ""rank"": 855334, ""frequency_score"": 0.025336011347990555, ""category_breakdown"": {""subtitles"": {""ipm_values"": [0.001447], ""category_ipm"": 0.001447, ""category_score"": 0.025336011347990555}}, ""sources"": [{""id"": ""subtitles/hermit_2018_en_full_lemmatized_ipm6_spacy_lookup_cleaned_v8.json"", ""file"": ""hermit_2018_en_full_lemmatized_ipm6_spacy_lookup_cleaned_v8.json"", ""category"": ""subtitles"", ""ipm"": 0.001447}], ""corpus_quality"": {""status"": ""accepted"", ""reasons"": []}, ""components"": [{""surface"": ""regularjam"", ""canonical_candidate"": ""regularjam"", ""confidence"": 0.92, ""evidence"": [{""type"": ""morphological_parse"", ""source"": ""candidate_index"", ""path"": [""regularjams"", ""regularjam"", ""regularjam""], ""confidence"": 0.92}]}]}"
en	lemma:0fd23ed693eec1b76628	regularmente	uncertain	withheld_historical_uncertain		aggregate_only_not_sense_frequency	"[{""path"": ""associativvordes/family-index-v5/members/en/40.json.gz"", ""family_id"": ""family:regul"", ""record_sha256"": ""3348a7bb8d225fa3f03179d0ba9dc87d79a0e4b23276fd38a1929bbacd69ec47""}, {""path"": ""associativvordes/family-index-v5/members/en/6f.json.gz"", ""family_id"": ""surface:en:regularment"", ""record_sha256"": ""43c06e70070a059e0e3142d2239321d3eec58f69d719b03643ca5a9bebe7b447""}, {""path"": ""associativvordes/family-index-v5/members/en/c4.json.gz"", ""family_id"": ""surface:en:mente"", ""record_sha256"": ""9bfea810aead3a01f51828df3dda1b1dea0bede58ce469b74b70836b8eb18c94""}]"	"{""lemma_id"": ""lemma:0fd23ed693eec1b76628"", ""word"": ""regularmente"", ""normalized"": ""regularmente"", ""search_form"": ""regularmente"", ""rank"": 855340, ""frequency_score"": 0.025336011347990555, ""category_breakdown"": {""subtitles"": {""ipm_values"": [0.001447], ""category_ipm"": 0.001447, ""category_score"": 0.025336011347990555}}, ""sources"": [{""id"": ""subtitles/hermit_2018_en_full_lemmatized_ipm6_spacy_lookup_cleaned_v8.json"", ""file"": ""hermit_2018_en_full_lemmatized_ipm6_spacy_lookup_cleaned_v8.json"", ""category"": ""subtitles"", ""ipm"": 0.001447}], ""corpus_quality"": {""status"": ""accepted"", ""reasons"": []}, ""components"": [{""surface"": ""regul"", ""canonical_candidate"": ""regul"", ""confidence"": 0.97, ""evidence"": [{""type"": ""compound_morphology"", ""source"": ""manually_verified"", ""path"": [""regularmente"", ""regul"", ""regul""], ""confidence"": 0.97}, {""type"": ""verified_seed_alias"", ""source"": ""methodology_control_seed"", ""path"": [""en"", ""regul"", ""family:regul""], ""confidence"": 1}]}]}"
en	lemma:0fe8cf5d80237e0a06fd	over-rule	uncertain	not_admitted_candidate		aggregate_only_not_sense_frequency	"[{""path"": ""associativvordes/family-index-v5/members/en/aa.json.gz"", ""family_id"": ""surface:en:overrul"", ""record_sha256"": ""d054ad74bb4b210da70ab7ab043510b3cb71704b0a31d936bbf4d738aa9c6e95""}]"	"{""lemma_id"": ""lemma:0fe8cf5d80237e0a06fd"", ""word"": ""over-rule"", ""normalized"": ""over-rule"", ""search_form"": ""over-rule"", ""rank"": 125966, ""frequency_score"": 1.0446267012136417, ""category_breakdown"": {""web"": {""ipm_values"": [0.061431], ""category_ipm"": 0.061431, ""category_score"": 1.0446267012136417}}, ""sources"": [{""id"": ""web/sorted.uk.lemma.unigrams.cleaned_recommended_min100_ipm6.json"", ""file"": ""sorted.uk.lemma.unigrams.cleaned_recommended_min100_ipm6.json"", ""category"": ""web"", ""ipm"": 0.061431}], ""corpus_quality"": {""status"": ""accepted"", ""reasons"": []}, ""components"": [{""surface"": ""over-rul"", ""canonical_candidate"": ""overrul"", ""confidence"": 0.92, ""evidence"": [{""type"": ""morphological_parse"", ""source"": ""candidate_index"", ""path"": [""over-rule"", ""over-rul"", ""over-rul""], ""confidence"": 0.92}]}]}"
en	lemma:10e8ea157d81690d6c51	regularcustomers	uncertain	withheld_historical_uncertain		aggregate_only_not_sense_frequency	"[{""path"": ""associativvordes/family-index-v5/members/en/40.json.gz"", ""family_id"": ""surface:en:mers"", ""record_sha256"": ""5bc95c883254e788d933b785dc7aefce9c2e9df18784afa25821ba9b040d718a""}, {""path"": ""associativvordes/family-index-v5/members/en/40.json.gz"", ""family_id"": ""family:regul"", ""record_sha256"": ""ed1a15ba64f7d1651d7607c6ebf45aff27bc0ded7bfdb01b43fbcb7644d94fcf""}, {""path"": ""associativvordes/family-index-v5/members/en/ef.json.gz"", ""family_id"": ""surface:en:regularcustomer"", ""record_sha256"": ""a8cf1e304b1006dbfbf98127cff0082e0582ba4637538f7f4fe049134a7c1106""}]"	"{""lemma_id"": ""lemma:10e8ea157d81690d6c51"", ""word"": ""regularcustomers"", ""normalized"": ""regularcustomers"", ""search_form"": ""regularcustomers"", ""rank"": 748991, ""frequency_score"": 0.029036169457900194, ""category_breakdown"": {""subtitles"": {""ipm_values"": [0.00187, 0.001447], ""category_ipm"": 0.0016584999999999998, ""category_score"": 0.029036169457900194}}, ""sources"": [{""id"": ""subtitles/hermit_2016_en_full_lemmatized_ipm6_spacy_lookup_cleaned_v8.json"", ""file"": ""hermit_2016_en_full_lemmatized_ipm6_spacy_lookup_cleaned_v8.json"", ""category"": ""subtitles"", ""ipm"": 0.00187}, {""id"": ""subtitles/hermit_2018_en_full_lemmatized_ipm6_spacy_lookup_cleaned_v8.json"", ""file"": ""hermit_2018_en_full_lemmatized_ipm6_spacy_lookup_cleaned_v8.json"", ""category"": ""subtitles"", ""ipm"": 0.001447}], ""corpus_quality"": {""status"": ""accepted"", ""reasons"": []}, ""components"": [{""surface"": ""mers"", ""canonical_candidate"": ""mers"", ""confidence"": 0.89, ""evidence"": [{""type"": ""compound_morphology"", ""source"": ""candidate_index"", ""path"": [""regularcustomers"", ""mers"", ""mers""], ""confidence"": 0.89}]}]}"
en	lemma:10fbebba1b141411cdc2	neuroregulator	accepted	accepted	regulate	aggregate_only_not_sense_frequency	"[{""path"": ""associativvordes/family-index-v5/members/en/40.json.gz"", ""family_id"": ""family:regul"", ""record_sha256"": ""c9593f0f45fee957afe65401f9607ae17cc813cc1f6c3dc4a08024dde160f991""}, {""path"": ""associativvordes/family-index-v5/members/en/5f.json.gz"", ""family_id"": ""surface:en:lator"", ""record_sha256"": ""246707480449c5ded3bbb057ad842d5dd3156479086bf43c08300f30bb5a6a66""}, {""path"": ""associativvordes/family-index-v5/members/en/60.json.gz"", ""family_id"": ""surface:en:neuro"", ""record_sha256"": ""0b230bb404e0f00d9363ce9bc383afe07a27dc70a797ec9c66f36dc143fa8854""}, {""path"": ""associativvordes/family-index-v5/members/en/7f.json.gz"", ""family_id"": ""surface:en:rore"", ""record_sha256"": ""19a12a09ac76fa737bb57013a767fd1f751a5c44d0624ffa3c2f3101d889f50e""}, {""path"": ""associativvordes/family-index-v5/members/en/bb.json.gz"", ""family_id"": ""surface:en:regula"", ""record_sha256"": ""dfdc5bc1156f7029ffd676cfbc2102f4501a40a0e296d9f5127a188dd4fdf127""}]"	"{""lemma_id"": ""lemma:10fbebba1b141411cdc2"", ""word"": ""neuroregulator"", ""normalized"": ""neuroregulator"", ""search_form"": ""neuroregulator"", ""rank"": 451327, ""frequency_score"": 0.041696519541016566, ""category_breakdown"": {""subtitles"": {""ipm_values"": [0.00187, 0.002895], ""category_ipm"": 0.0023825, ""category_score"": 0.041696519541016566}}, ""sources"": [{""id"": ""subtitles/hermit_2016_en_full_lemmatized_ipm6_spacy_lookup_cleaned_v8.json"", ""file"": ""hermit_2016_en_full_lemmatized_ipm6_spacy_lookup_cleaned_v8.json"", ""category"": ""subtitles"", ""ipm"": 0.00187}, {""id"": ""subtitles/hermit_2018_en_full_lemmatized_ipm6_spacy_lookup_cleaned_v8.json"", ""file"": ""hermit_2018_en_full_lemmatized_ipm6_spacy_lookup_cleaned_v8.json"", ""category"": ""subtitles"", ""ipm"": 0.002895}], ""corpus_quality"": {""status"": ""accepted"", ""reasons"": []}, ""components"": [{""surface"": ""regul"", ""canonical_candidate"": ""regul"", ""confidence"": 0.97, ""evidence"": [{""type"": ""compound_morphology"", ""source"": ""manually_verified"", ""path"": [""neuroregulator"", ""regul"", ""regul""], ""confidence"": 0.97}, {""type"": ""verified_seed_alias"", ""source"": ""methodology_control_seed"", ""path"": [""en"", ""regul"", ""family:regul""], ""confidence"": 1}]}]}"
en	lemma:10fdc4017384616d25df	osmoregulation	accepted	accepted	regulate	aggregate_only_not_sense_frequency	"[{""path"": ""associativvordes/family-index-v5/members/en/40.json.gz"", ""family_id"": ""family:regul"", ""record_sha256"": ""e1e57a0c72cb2bed454f083e532581a9296bbce4e6284bf27d9afc8c19028f9c""}, {""path"": ""associativvordes/family-index-v5/members/en/65.json.gz"", ""family_id"": ""surface:en:regulation"", ""record_sha256"": ""0355336201d7d9e7157b31e39f00de3e910881004b781caf9c34eeed2ece6a68""}, {""path"": ""associativvordes/family-index-v5/members/en/97.json.gz"", ""family_id"": ""surface:en:osmoregulat"", ""record_sha256"": ""551f06a010c4918652aa752f4449431fd118925b15a78255cdabdc9f3008fef4""}]"	"{""lemma_id"": ""lemma:10fdc4017384616d25df"", ""word"": ""osmoregulation"", ""normalized"": ""osmoregulation"", ""search_form"": ""osmoregulation"", ""rank"": 710828, ""frequency_score"": 0.032735546362605054, ""category_breakdown"": {""subtitles"": {""ipm_values"": [0.00187], ""category_ipm"": 0.00187, ""category_score"": 0.032735546362605054}}, ""sources"": [{""id"": ""subtitles/hermit_2016_en_full_lemmatized_ipm6_spacy_lookup_cleaned_v8.json"", ""file"": ""hermit_2016_en_full_lemmatized_ipm6_spacy_lookup_cleaned_v8.json"", ""category"": ""subtitles"", ""ipm"": 0.00187}], ""corpus_quality"": {""status"": ""accepted"", ""reasons"": []}, ""components"": [{""surface"": ""regul"", ""canonical_candidate"": ""regul"", ""confidence"": 1, ""evidence"": [{""type"": ""compound_morphology"", ""source"": ""manually_verified"", ""path"": [""osmoregulation"", ""regul"", ""regul""], ""confidence"": 1}, {""type"": ""verified_seed_alias"", ""source"": ""methodology_control_seed"", ""path"": [""en"", ""regul"", ""family:regul""], ""confidence"": 1}]}]}"
en	lemma:120e0e9796dfdf61ea6f	regularpro	uncertain	withheld_historical_uncertain		aggregate_only_not_sense_frequency	"[{""path"": ""associativvordes/family-index-v5/members/en/28.json.gz"", ""family_id"": ""ety:14c5292b1b35"", ""record_sha256"": ""265018e8cfdbe5700eab32db2355ffcfbc45e7d165387c9971c31085e3c091a6""}, {""path"": ""associativvordes/family-index-v5/members/en/40.json.gz"", ""family_id"": ""family:regul"", ""record_sha256"": ""5d9a996f9a0afa185b9b6e886f16de9cab547ea22dbc793331e414c75277a8bd""}, {""path"": ""associativvordes/family-index-v5/members/en/5b.json.gz"", ""family_id"": ""ety:7eb55cb05961"", ""record_sha256"": ""f1aeb991cdf84d921ee796dd5bb561c4d25e5b44acd68b59f0abd045f78d831e""}]"	"{""lemma_id"": ""lemma:120e0e9796dfdf61ea6f"", ""word"": ""regularpro"", ""normalized"": ""regularpro"", ""search_form"": ""regularpro"", ""rank"": 749000, ""frequency_score"": 0.029036169457900194, ""category_breakdown"": {""subtitles"": {""ipm_values"": [0.00187, 0.001447], ""category_ipm"": 0.0016584999999999998, ""category_score"": 0.029036169457900194}}, ""sources"": [{""id"": ""subtitles/hermit_2016_en_full_lemmatized_ipm6_spacy_lookup_cleaned_v8.json"", ""file"": ""hermit_2016_en_full_lemmatized_ipm6_spacy_lookup_cleaned_v8.json"", ""category"": ""subtitles"", ""ipm"": 0.00187}, {""id"": ""subtitles/hermit_2018_en_full_lemmatized_ipm6_spacy_lookup_cleaned_v8.json"", ""file"": ""hermit_2018_en_full_lemmatized_ipm6_spacy_lookup_cleaned_v8.json"", ""category"": ""subtitles"", ""ipm"": 0.001447}], ""corpus_quality"": {""status"": ""accepted"", ""reasons"": []}, ""components"": [{""surface"": ""pro"", ""canonical_candidate"": ""pro"", ""confidence"": 0.89, ""evidence"": [{""type"": ""compound_morphology"", ""source"": ""candidate_index"", ""path"": [""regularpro"", ""pro"", ""pro""], ""confidence"": 0.89}]}]}"
en	lemma:159df8b58f5d960fe15a	rulers	uncertain	not_admitted_candidate		aggregate_only_not_sense_frequency	"[{""path"": ""associativvordes/family-index-v5/members/en/df.json.gz"", ""family_id"": ""surface:en:ruler"", ""record_sha256"": ""ba6d88850d3245d27f7af673c252a779fe226965961d6fe54e141660c56fd280""}]"	"{""lemma_id"": ""lemma:159df8b58f5d960fe15a"", ""word"": ""rulers"", ""normalized"": ""rulers"", ""search_form"": ""rulers"", ""rank"": 50810, ""frequency_score"": 4.511078429598186, ""category_breakdown"": {""web"": {""ipm_values"": [0.29363], ""category_ipm"": 0.29363, ""category_score"": 4.511078429598186}}, ""sources"": [{""id"": ""web/sorted.uk.lemma.unigrams.cleaned_recommended_min100_ipm6.json"", ""file"": ""sorted.uk.lemma.unigrams.cleaned_recommended_min100_ipm6.json"", ""category"": ""web"", ""ipm"": 0.29363}], ""corpus_quality"": {""status"": ""accepted"", ""reasons"": []}, ""components"": [{""surface"": ""ruler"", ""canonical_candidate"": ""ruler"", ""confidence"": 0.92, ""evidence"": [{""type"": ""morphological_parse"", ""source"": ""candidate_index"", ""path"": [""rulers"", ""ruler"", ""ruler""], ""confidence"": 0.92}]}]}"
en	lemma:15abec3040288a6e4393	unregular	uncertain	not_admitted_candidate		aggregate_only_not_sense_frequency	"[{""path"": ""associativvordes/family-index-v5/members/en/5b.json.gz"", ""family_id"": ""ety:7eb55cb05961"", ""record_sha256"": ""332df28ff54fddc4cc376b4cb3bf9a94ac72bfda5bcaf95bdd1c9068a303c1f7""}, {""path"": ""associativvordes/family-index-v5/members/en/e4.json.gz"", ""family_id"": ""surface:en:unreg"", ""record_sha256"": ""bcbe43eb60ffa4e07cdfc91f9f4b3e23b42db463997ac69114fa6a164ebb3775""}]"	"{""lemma_id"": ""lemma:15abec3040288a6e4393"", ""word"": ""unregular"", ""normalized"": ""unregular"", ""search_form"": ""unregular"", ""rank"": 833869, ""frequency_score"": 0.029036169457900194, ""category_breakdown"": {""subtitles"": {""ipm_values"": [0.00187, 0.001447], ""category_ipm"": 0.0016584999999999998, ""category_score"": 0.029036169457900194}}, ""sources"": [{""id"": ""subtitles/hermit_2016_en_full_lemmatized_ipm6_spacy_lookup_cleaned_v8.json"", ""file"": ""hermit_2016_en_full_lemmatized_ipm6_spacy_lookup_cleaned_v8.json"", ""category"": ""subtitles"", ""ipm"": 0.00187}, {""id"": ""subtitles/hermit_2018_en_full_lemmatized_ipm6_spacy_lookup_cleaned_v8.json"", ""file"": ""hermit_2018_en_full_lemmatized_ipm6_spacy_lookup_cleaned_v8.json"", ""category"": ""subtitles"", ""ipm"": 0.001447}], ""corpus_quality"": {""status"": ""accepted"", ""reasons"": []}, ""components"": [{""surface"": ""regular"", ""canonical_candidate"": ""regular"", ""confidence"": 0.92, ""evidence"": [{""type"": ""morphological_parse"", ""source"": ""candidate_index"", ""path"": [""unregular"", ""regular"", ""regular""], ""confidence"": 0.92}]}]}"
en	lemma:16993b8768f7e4146d56	regularsville	uncertain	withheld_historical_uncertain		aggregate_only_not_sense_frequency	"[{""path"": ""associativvordes/family-index-v5/members/en/40.json.gz"", ""family_id"": ""family:regul"", ""record_sha256"": ""0a6142b3ba4019b109f39ad57b6cb996bac23fbcf50136babeaeacfd7e8ff6a5""}, {""path"": ""associativvordes/family-index-v5/members/en/69.json.gz"", ""family_id"": ""surface:en:regularsvill"", ""record_sha256"": ""369f1601ba1964190d5d4c823538c9a4a9fc1dc66d5030aa3cbc4d4bf75eea59""}, {""path"": ""associativvordes/family-index-v5/members/en/cb.json.gz"", ""family_id"": ""surface:en:ville"", ""record_sha256"": ""e5553adc853e673bd40685567c8aa2c071e38d0cbb0f9317111c8949f22e1e92""}]"	"{""lemma_id"": ""lemma:16993b8768f7e4146d56"", ""word"": ""regularsville"", ""normalized"": ""regularsville"", ""search_form"": ""regularsville"", ""rank"": 749002, ""frequency_score"": 0.029036169457900194, ""category_breakdown"": {""subtitles"": {""ipm_values"": [0.00187, 0.001447], ""category_ipm"": 0.0016584999999999998, ""category_score"": 0.029036169457900194}}, ""sources"": [{""id"": ""subtitles/hermit_2016_en_full_lemmatized_ipm6_spacy_lookup_cleaned_v8.json"", ""file"": ""hermit_2016_en_full_lemmatized_ipm6_spacy_lookup_cleaned_v8.json"", ""category"": ""subtitles"", ""ipm"": 0.00187}, {""id"": ""subtitles/hermit_2018_en_full_lemmatized_ipm6_spacy_lookup_cleaned_v8.json"", ""file"": ""hermit_2018_en_full_lemmatized_ipm6_spacy_lookup_cleaned_v8.json"", ""category"": ""subtitles"", ""ipm"": 0.001447}], ""corpus_quality"": {""status"": ""accepted"", ""reasons"": []}, ""components"": [{""surface"": ""regul"", ""canonical_candidate"": ""regul"", ""confidence"": 0.97, ""evidence"": [{""type"": ""compound_morphology"", ""source"": ""manually_verified"", ""path"": [""regularsville"", ""regul"", ""regul""], ""confidence"": 0.97}, {""type"": ""verified_seed_alias"", ""source"": ""methodology_control_seed"", ""path"": [""en"", ""regul"", ""family:regul""], ""confidence"": 1}]}]}"
en	lemma:1ad1330b91341ab4bbcc	regularworking	uncertain	withheld_historical_uncertain		aggregate_only_not_sense_frequency	"[{""path"": ""associativvordes/family-index-v5/members/en/40.json.gz"", ""family_id"": ""family:regul"", ""record_sha256"": ""660ecb2c4dbca2186fc41ebc467688a9300e37ae6c964df84e04b325cea9c886""}, {""path"": ""associativvordes/family-index-v5/members/en/5c.json.gz"", ""family_id"": ""surface:en:working"", ""record_sha256"": ""086eb413bce28a8a3487a373784c0a957752e2bbdee26a7f307d96d5497d2561""}, {""path"": ""associativvordes/family-index-v5/members/en/e6.json.gz"", ""family_id"": ""surface:en:regularwork"", ""record_sha256"": ""bd6043150b73ffad0c69a57664187c613b88cbd0087c73d57d7c67055a4feed5""}]"	"{""lemma_id"": ""lemma:1ad1330b91341ab4bbcc"", ""word"": ""regularworking"", ""normalized"": ""regularworking"", ""search_form"": ""regularworking"", ""rank"": 749009, ""frequency_score"": 0.032735546362605054, ""category_breakdown"": {""subtitles"": {""ipm_values"": [0.00187], ""category_ipm"": 0.00187, ""category_score"": 0.032735546362605054}}, ""sources"": [{""id"": ""subtitles/hermit_2016_en_full_lemmatized_ipm6_spacy_lookup_cleaned_v8.json"", ""file"": ""hermit_2016_en_full_lemmatized_ipm6_spacy_lookup_cleaned_v8.json"", ""category"": ""subtitles"", ""ipm"": 0.00187}], ""corpus_quality"": {""status"": ""accepted"", ""reasons"": []}, ""components"": [{""surface"": ""regul"", ""canonical_candidate"": ""regul"", ""confidence"": 0.97, ""evidence"": [{""type"": ""compound_morphology"", ""source"": ""manually_verified"", ""path"": [""regularworking"", ""regul"", ""regul""], ""confidence"": 0.97}, {""type"": ""verified_seed_alias"", ""source"": ""methodology_control_seed"", ""path"": [""en"", ""regul"", ""family:regul""], ""confidence"": 1}]}]}"
en	lemma:1cc4abaaef9e084aa608	regularhenry	uncertain	withheld_historical_uncertain		aggregate_only_not_sense_frequency	"[{""path"": ""associativvordes/family-index-v5/members/en/39.json.gz"", ""family_id"": ""surface:en:henry"", ""record_sha256"": ""bf73c973a045bff928df6ebc46342ac96fcd51505e00ac8f79716374534ad435""}, {""path"": ""associativvordes/family-index-v5/members/en/40.json.gz"", ""family_id"": ""family:regul"", ""record_sha256"": ""7ad1255af57bf60dd177ea4a7b6f562abfb2c69eafc70f0450f769f4dc02d248""}, {""path"": ""associativvordes/family-index-v5/members/en/5b.json.gz"", ""family_id"": ""ety:7eb55cb05961"", ""record_sha256"": ""d522b6a2db903958d8c4d88c0c6fb78755be8b328279fb9aa3c57aaf00c5886d""}, {""path"": ""associativvordes/family-index-v5/members/en/c2.json.gz"", ""family_id"": ""surface:en:rhe"", ""record_sha256"": ""f6d14621df7942c25feba1cc03b45e1fa0f72ebc6abaa14d529a49d75bf776c6""}, {""path"": ""associativvordes/family-index-v5/members/en/c8.json.gz"", ""family_id"": ""surface:en:larh"", ""record_sha256"": ""7eb5a84f4054f9d0322c04b3890a25140be134d218559bc697553b4b7b29afa2""}]"	"{""lemma_id"": ""lemma:1cc4abaaef9e084aa608"", ""word"": ""regularhenry"", ""normalized"": ""regularhenry"", ""search_form"": ""regularhenry"", ""rank"": 748995, ""frequency_score"": 0.032735546362605054, ""category_breakdown"": {""subtitles"": {""ipm_values"": [0.00187], ""category_ipm"": 0.00187, ""category_score"": 0.032735546362605054}}, ""sources"": [{""id"": ""subtitles/hermit_2016_en_full_lemmatized_ipm6_spacy_lookup_cleaned_v8.json"", ""file"": ""hermit_2016_en_full_lemmatized_ipm6_spacy_lookup_cleaned_v8.json"", ""category"": ""subtitles"", ""ipm"": 0.00187}], ""corpus_quality"": {""status"": ""accepted"", ""reasons"": []}, ""components"": [{""surface"": ""henry"", ""canonical_candidate"": ""henry"", ""confidence"": 0.89, ""evidence"": [{""type"": ""compound_morphology"", ""source"": ""candidate_index"", ""path"": [""regularhenry"", ""henry"", ""henry""], ""confidence"": 0.89}]}]}"
en	lemma:1d161fdd876d886aa86f	regulaly	uncertain	withheld_historical_uncertain		aggregate_only_not_sense_frequency	"[{""path"": ""associativvordes/family-index-v5/members/en/40.json.gz"", ""family_id"": ""family:regul"", ""record_sha256"": ""aededed96ef8ed2908494cd6759c5e898f140a7cedd5a048dd5e57f67917d168""}, {""path"": ""associativvordes/family-index-v5/members/en/bb.json.gz"", ""family_id"": ""surface:en:regula"", ""record_sha256"": ""e6e9dca5f257f6598f97678e940c77f53da5469cbc63f516fb1b4f143ba71f69""}, {""path"": ""associativvordes/family-index-v5/members/en/c7.json.gz"", ""family_id"": ""surface:en:aly"", ""record_sha256"": ""b28edf73647f35387b1dae28f1f62de4520206caa821a261e20144d76db04096""}]"	"{""lemma_id"": ""lemma:1d161fdd876d886aa86f"", ""word"": ""regulaly"", ""normalized"": ""regulaly"", ""search_form"": ""regulaly"", ""rank"": 748986, ""frequency_score"": 0.029036169457900194, ""category_breakdown"": {""subtitles"": {""ipm_values"": [0.00187, 0.001447], ""category_ipm"": 0.0016584999999999998, ""category_score"": 0.029036169457900194}}, ""sources"": [{""id"": ""subtitles/hermit_2016_en_full_lemmatized_ipm6_spacy_lookup_cleaned_v8.json"", ""file"": ""hermit_2016_en_full_lemmatized_ipm6_spacy_lookup_cleaned_v8.json"", ""category"": ""subtitles"", ""ipm"": 0.00187}, {""id"": ""subtitles/hermit_2018_en_full_lemmatized_ipm6_spacy_lookup_cleaned_v8.json"", ""file"": ""hermit_2018_en_full_lemmatized_ipm6_spacy_lookup_cleaned_v8.json"", ""category"": ""subtitles"", ""ipm"": 0.001447}], ""corpus_quality"": {""status"": ""accepted"", ""reasons"": []}, ""components"": [{""surface"": ""regul"", ""canonical_candidate"": ""regul"", ""confidence"": 0.97, ""evidence"": [{""type"": ""compound_morphology"", ""source"": ""manually_verified"", ""path"": [""regulaly"", ""regul"", ""regul""], ""confidence"": 0.97}, {""type"": ""verified_seed_alias"", ""source"": ""methodology_control_seed"", ""path"": [""en"", ""regul"", ""family:regul""], ""confidence"": 1}]}]}"
en	lemma:1e09ecabceae6978c9da	ofregulated	uncertain	not_admitted_candidate		aggregate_only_not_sense_frequency	"[{""path"": ""associativvordes/family-index-v5/members/en/ea.json.gz"", ""family_id"": ""surface:en:ofregulat"", ""record_sha256"": ""7b6ad20fcd024039699f74dbe34692362f84a0b1b006012589d9773e69ef43fe""}]"	"{""lemma_id"": ""lemma:1e09ecabceae6978c9da"", ""word"": ""ofregulated"", ""normalized"": ""ofregulated"", ""search_form"": ""ofregulated"", ""rank"": 804123, ""frequency_score"": 0.025336011347990555, ""category_breakdown"": {""subtitles"": {""ipm_values"": [0.001447], ""category_ipm"": 0.001447, ""category_score"": 0.025336011347990555}}, ""sources"": [{""id"": ""subtitles/hermit_2018_en_full_lemmatized_ipm6_spacy_lookup_cleaned_v8.json"", ""file"": ""hermit_2018_en_full_lemmatized_ipm6_spacy_lookup_cleaned_v8.json"", ""category"": ""subtitles"", ""ipm"": 0.001447}], ""corpus_quality"": {""status"": ""accepted"", ""reasons"": []}, ""components"": [{""surface"": ""ofregulat"", ""canonical_candidate"": ""ofregulat"", ""confidence"": 0.92, ""evidence"": [{""type"": ""morphological_parse"", ""source"": ""candidate_index"", ""path"": [""ofregulated"", ""ofregulat"", ""ofregulat""], ""confidence"": 0.92}]}]}"
en	lemma:1fe3af7f971652ed8c0a	rule-based	uncertain	not_admitted_candidate		aggregate_only_not_sense_frequency	"[{""path"": ""associativvordes/family-index-v5/members/en/1b.json.gz"", ""family_id"": ""surface:en:rulebas"", ""record_sha256"": ""ef366cf752a8cfe0fa25897c238b44ca9a0f4c8620a04eb789c94714f625def0""}, {""path"": ""associativvordes/family-index-v5/members/en/d7.json.gz"", ""family_id"": ""surface:en:sed"", ""record_sha256"": ""11dd0a69b5995a07710d9264a3b18e68b9fac41237284bf141314298452a0a08""}]"	"{""lemma_id"": ""lemma:1fe3af7f971652ed8c0a"", ""word"": ""rule-based"", ""normalized"": ""rule-based"", ""search_form"": ""rule-based"", ""rank"": 41883, ""frequency_score"": 6.045017382843054, ""category_breakdown"": {""web"": {""ipm_values"": [0.411984], ""category_ipm"": 0.411984, ""category_score"": 6.045017382843054}}, ""sources"": [{""id"": ""web/sorted.uk.lemma.unigrams.cleaned_recommended_min100_ipm6.json"", ""file"": ""sorted.uk.lemma.unigrams.cleaned_recommended_min100_ipm6.json"", ""category"": ""web"", ""ipm"": 0.411984}], ""corpus_quality"": {""status"": ""accepted"", ""reasons"": []}, ""components"": [{""surface"": ""rule-bas"", ""canonical_candidate"": ""rulebas"", ""confidence"": 0.92, ""evidence"": [{""type"": ""morphological_parse"", ""source"": ""candidate_index"", ""path"": [""rule-based"", ""rule-bas"", ""rule-bas""], ""confidence"": 0.92}]}]}"
en	lemma:2031e6e392d399413e57	regulatine	uncertain	withheld_historical_uncertain		aggregate_only_not_sense_frequency	"[{""path"": ""associativvordes/family-index-v5/members/en/40.json.gz"", ""family_id"": ""family:regul"", ""record_sha256"": ""ed366cfdcbaf0b954d26d836247700b4fed6b3fe35a7190fd09fffb2c3920115""}, {""path"": ""associativvordes/family-index-v5/members/en/4a.json.gz"", ""family_id"": ""ety:47a528a3153c"", ""record_sha256"": ""f2e145aa5b4a11a1f0bc780317c899865f95e966d8d0474f15c22b302aae5ebf""}, {""path"": ""associativvordes/family-index-v5/members/en/70.json.gz"", ""family_id"": ""ety:2d00b7f8a4cf"", ""record_sha256"": ""f2e145aa5b4a11a1f0bc780317c899865f95e966d8d0474f15c22b302aae5ebf""}, {""path"": ""associativvordes/family-index-v5/members/en/92.json.gz"", ""family_id"": ""ety:452d67beb462"", ""record_sha256"": ""f2e145aa5b4a11a1f0bc780317c899865f95e966d8d0474f15c22b302aae5ebf""}, {""path"": ""associativvordes/family-index-v5/members/en/b6.json.gz"", ""family_id"": ""surface:en:regulatin"", ""record_sha256"": ""b72526b7e9231c60d9f5fbed9ca0b8ceee2be4c7b518d7064957a1a065798194""}]"	"{""lemma_id"": ""lemma:2031e6e392d399413e57"", ""word"": ""regulatine"", ""normalized"": ""regulatine"", ""search_form"": ""regulatine"", ""rank"": 195054, ""frequency_score"": 0.20173896111673312, ""category_breakdown"": {""subtitles"": {""ipm_values"": [0.01158], ""category_ipm"": 0.01158, ""category_score"": 0.20173896111673312}}, ""sources"": [{""id"": ""subtitles/hermit_2018_en_full_lemmatized_ipm6_spacy_lookup_cleaned_v8.json"", ""file"": ""hermit_2018_en_full_lemmatized_ipm6_spacy_lookup_cleaned_v8.json"", ""category"": ""subtitles"", ""ipm"": 0.01158}], ""corpus_quality"": {""status"": ""accepted"", ""reasons"": []}, ""components"": [{""surface"": ""regul"", ""canonical_candidate"": ""regul"", ""confidence"": 0.97, ""evidence"": [{""type"": ""compound_morphology"", ""source"": ""manually_verified"", ""path"": [""regulatine"", ""regul"", ""regul""], ""confidence"": 0.97}, {""type"": ""verified_seed_alias"", ""source"": ""methodology_control_seed"", ""path"": [""en"", ""regul"", ""family:regul""], ""confidence"": 1}]}]}"
en	lemma:20e7810cfeaf420770d5	regulatised	uncertain	withheld_historical_uncertain		aggregate_only_not_sense_frequency	"[{""path"": ""associativvordes/family-index-v5/members/en/40.json.gz"", ""family_id"": ""family:regul"", ""record_sha256"": ""3fc44035aaacd5d93cbcd3d7ce62c6c0bef357c57fe5d9a0b03016aa1c21f298""}, {""path"": ""associativvordes/family-index-v5/members/en/d7.json.gz"", ""family_id"": ""surface:en:sed"", ""record_sha256"": ""d1cd2f143226a5e9baa9605152548bc1061becb6690b65116ec56256d64691dc""}, {""path"": ""associativvordes/family-index-v5/members/en/fd.json.gz"", ""family_id"": ""surface:en:regulatis"", ""record_sha256"": ""2b8cd7b28d290036983abf7aa3e52dd453b00f54b7cc094b8bfe27fdd9ded828""}]"	"{""lemma_id"": ""lemma:20e7810cfeaf420770d5"", ""word"": ""regulatised"", ""normalized"": ""regulatised"", ""search_form"": ""regulatised"", ""rank"": 749013, ""frequency_score"": 0.029036169457900194, ""category_breakdown"": {""subtitles"": {""ipm_values"": [0.00187, 0.001447], ""category_ipm"": 0.0016584999999999998, ""category_score"": 0.029036169457900194}}, ""sources"": [{""id"": ""subtitles/hermit_2016_en_full_lemmatized_ipm6_spacy_lookup_cleaned_v8.json"", ""file"": ""hermit_2016_en_full_lemmatized_ipm6_spacy_lookup_cleaned_v8.json"", ""category"": ""subtitles"", ""ipm"": 0.00187}, {""id"": ""subtitles/hermit_2018_en_full_lemmatized_ipm6_spacy_lookup_cleaned_v8.json"", ""file"": ""hermit_2018_en_full_lemmatized_ipm6_spacy_lookup_cleaned_v8.json"", ""category"": ""subtitles"", ""ipm"": 0.001447}], ""corpus_quality"": {""status"": ""accepted"", ""reasons"": []}, ""components"": [{""surface"": ""regul"", ""canonical_candidate"": ""regul"", ""confidence"": 0.97, ""evidence"": [{""type"": ""compound_morphology"", ""source"": ""manually_verified"", ""path"": [""regulatised"", ""regul"", ""regul""], ""confidence"": 0.97}, {""type"": ""verified_seed_alias"", ""source"": ""methodology_control_seed"", ""path"": [""en"", ""regul"", ""family:regul""], ""confidence"": 1}]}]}"
en	lemma:229adaee0404c29b3175	de-regulated	accepted	accepted	regulate	aggregate_only_not_sense_frequency	"[{""path"": ""associativvordes/family-index-v5/members/en/40.json.gz"", ""family_id"": ""family:regul"", ""record_sha256"": ""946dc7f20d8063f6b0c54ba43a10d6ee1ccb038da2d386a0119ccee50fc62572""}, {""path"": ""associativvordes/family-index-v5/members/en/f8.json.gz"", ""family_id"": ""surface:en:deregulat"", ""record_sha256"": ""6b29ee2aa12c93029748a0f76eee4d14765086d748a6a459fa82db7f80a14355""}]"	"{""lemma_id"": ""lemma:229adaee0404c29b3175"", ""word"": ""de-regulated"", ""normalized"": ""de-regulated"", ""search_form"": ""de-regulated"", ""rank"": 130095, ""frequency_score"": 0.9887243925735886, ""category_breakdown"": {""web"": {""ipm_values"": [0.05805], ""category_ipm"": 0.05805, ""category_score"": 0.9887243925735886}}, ""sources"": [{""id"": ""web/sorted.uk.lemma.unigrams.cleaned_recommended_min100_ipm6.json"", ""file"": ""sorted.uk.lemma.unigrams.cleaned_recommended_min100_ipm6.json"", ""category"": ""web"", ""ipm"": 0.05805}], ""corpus_quality"": {""status"": ""accepted"", ""reasons"": []}, ""components"": [{""surface"": ""regul"", ""canonical_candidate"": ""regul"", ""confidence"": 0.97, ""evidence"": [{""type"": ""compound_morphology"", ""source"": ""manually_verified"", ""path"": [""de-regulated"", ""regul"", ""regul""], ""confidence"": 0.97}, {""type"": ""verified_seed_alias"", ""source"": ""methodology_control_seed"", ""path"": [""en"", ""regul"", ""family:regul""], ""confidence"": 1}]}]}"
en	lemma:23f87c6b51912c1db34c	thermoregulation	accepted	accepted	regulate	aggregate_only_not_sense_frequency	"[{""path"": ""associativvordes/family-index-v5/members/en/04.json.gz"", ""family_id"": ""surface:en:thermoregulat"", ""record_sha256"": ""f74f732d4ed1b59cbd5f7973cfb49ab76da35289ab15adfc8921c597e9f8db28""}, {""path"": ""associativvordes/family-index-v5/members/en/40.json.gz"", ""family_id"": ""family:regul"", ""record_sha256"": ""dad90ec6edd1944025463e5f2038318807930b783aa95b51353e1763d699d772""}, {""path"": ""associativvordes/family-index-v5/members/en/65.json.gz"", ""family_id"": ""surface:en:regulation"", ""record_sha256"": ""49066cb3e83597eb0a087509752a522151e39a66c59735ec04e2e1ea46f27f79""}]"	"{""lemma_id"": ""lemma:23f87c6b51912c1db34c"", ""word"": ""thermoregulation"", ""normalized"": ""thermoregulation"", ""search_form"": ""thermoregulation"", ""rank"": 111787, ""frequency_score"": 0.7244584201692891, ""category_breakdown"": {""subtitles"": {""ipm_values"": [0.00935, 0.01158], ""category_ipm"": 0.010465, ""category_score"": 0.1824149255944228}, ""web"": {""ipm_values"": [0.074957], ""category_ipm"": 0.074957, ""category_score"": 1.2665019147441554}}, ""sources"": [{""id"": ""subtitles/hermit_2016_en_full_lemmatized_ipm6_spacy_lookup_cleaned_v8.json"", ""file"": ""hermit_2016_en_full_lemmatized_ipm6_spacy_lookup_cleaned_v8.json"", ""category"": ""subtitles"", ""ipm"": 0.00935}, {""id"": ""subtitles/hermit_2018_en_full_lemmatized_ipm6_spacy_lookup_cleaned_v8.json"", ""file"": ""hermit_2018_en_full_lemmatized_ipm6_spacy_lookup_cleaned_v8.json"", ""category"": ""subtitles"", ""ipm"": 0.01158}, {""id"": ""web/sorted.uk.lemma.unigrams.cleaned_recommended_min100_ipm6.json"", ""file"": ""sorted.uk.lemma.unigrams.cleaned_recommended_min100_ipm6.json"", ""category"": ""web"", ""ipm"": 0.074957}], ""corpus_quality"": {""status"": ""accepted"", ""reasons"": []}, ""components"": [{""surface"": ""thermoregulat"", ""canonical_candidate"": ""thermoregulat"", ""confidence"": 0.89, ""evidence"": [{""type"": ""compound_morphology"", ""source"": ""candidate_index"", ""path"": [""thermoregulation"", ""thermoregulat"", ""thermoregulat""], ""confidence"": 0.89}]}]}"
en	lemma:255bf2b0ee34fffcb704	regularilly	uncertain	withheld_historical_uncertain		aggregate_only_not_sense_frequency	"[{""path"": ""associativvordes/family-index-v5/members/en/40.json.gz"", ""family_id"": ""family:regul"", ""record_sha256"": ""37d44cea3b74a42c3e04977d8fd9c7314f014acba30e3cc331c4f74cb6a2064e""}, {""path"": ""associativvordes/family-index-v5/members/en/68.json.gz"", ""family_id"": ""surface:en:lly"", ""record_sha256"": ""1c3f81bf4ab44e7195b42db6f745223c4df4ef9cbfecfc138ef07fceb90ca411""}, {""path"": ""associativvordes/family-index-v5/members/en/7e.json.gz"", ""family_id"": ""surface:en:regularil"", ""record_sha256"": ""15971db0e889001e12cad2bc22cee9c9aee515b1029e916f6f155ea1c2d4b151""}]"	"{""lemma_id"": ""lemma:255bf2b0ee34fffcb704"", ""word"": ""regularilly"", ""normalized"": ""regularilly"", ""search_form"": ""regularilly"", ""rank"": 855330, ""frequency_score"": 0.025336011347990555, ""category_breakdown"": {""subtitles"": {""ipm_values"": [0.001447], ""category_ipm"": 0.001447, ""category_score"": 0.025336011347990555}}, ""sources"": [{""id"": ""subtitles/hermit_2018_en_full_lemmatized_ipm6_spacy_lookup_cleaned_v8.json"", ""file"": ""hermit_2018_en_full_lemmatized_ipm6_spacy_lookup_cleaned_v8.json"", ""category"": ""subtitles"", ""ipm"": 0.001447}], ""corpus_quality"": {""status"": ""accepted"", ""reasons"": []}, ""components"": [{""surface"": ""regul"", ""canonical_candidate"": ""regul"", ""confidence"": 0.97, ""evidence"": [{""type"": ""compound_morphology"", ""source"": ""manually_verified"", ""path"": [""regularilly"", ""regul"", ""regul""], ""confidence"": 0.97}, {""type"": ""verified_seed_alias"", ""source"": ""methodology_control_seed"", ""path"": [""en"", ""regul"", ""family:regul""], ""confidence"": 1}]}]}"
en	lemma:25ba54f492ee4b8035f5	regularlate	uncertain	withheld_historical_uncertain		aggregate_only_not_sense_frequency	"[{""path"": ""associativvordes/family-index-v5/members/en/40.json.gz"", ""family_id"": ""family:regul"", ""record_sha256"": ""d7b6dc2a38678262bc69da73a8395bfdc5dd9f33a53ed64ddea4171697f53e19""}, {""path"": ""associativvordes/family-index-v5/members/en/85.json.gz"", ""family_id"": ""surface:en:late"", ""record_sha256"": ""cc5ac43f552b3a01ea5a0768a6e8ebea9b2744449591546343fb7922095aff89""}, {""path"": ""associativvordes/family-index-v5/members/en/c8.json.gz"", ""family_id"": ""surface:en:regularlat"", ""record_sha256"": ""e667168b8428a605d098629ed18252bda317c440b7a98da8c18679a0cd2c31a7""}]"	"{""lemma_id"": ""lemma:25ba54f492ee4b8035f5"", ""word"": ""regularlate"", ""normalized"": ""regularlate"", ""search_form"": ""regularlate"", ""rank"": 748999, ""frequency_score"": 0.029036169457900194, ""category_breakdown"": {""subtitles"": {""ipm_values"": [0.00187, 0.001447], ""category_ipm"": 0.0016584999999999998, ""category_score"": 0.029036169457900194}}, ""sources"": [{""id"": ""subtitles/hermit_2016_en_full_lemmatized_ipm6_spacy_lookup_cleaned_v8.json"", ""file"": ""hermit_2016_en_full_lemmatized_ipm6_spacy_lookup_cleaned_v8.json"", ""category"": ""subtitles"", ""ipm"": 0.00187}, {""id"": ""subtitles/hermit_2018_en_full_lemmatized_ipm6_spacy_lookup_cleaned_v8.json"", ""file"": ""hermit_2018_en_full_lemmatized_ipm6_spacy_lookup_cleaned_v8.json"", ""category"": ""subtitles"", ""ipm"": 0.001447}], ""corpus_quality"": {""status"": ""accepted"", ""reasons"": []}, ""components"": [{""surface"": ""regul"", ""canonical_candidate"": ""regul"", ""confidence"": 0.97, ""evidence"": [{""type"": ""compound_morphology"", ""source"": ""manually_verified"", ""path"": [""regularlate"", ""regul"", ""regul""], ""confidence"": 0.97}, {""type"": ""verified_seed_alias"", ""source"": ""methodology_control_seed"", ""path"": [""en"", ""regul"", ""family:regul""], ""confidence"": 1}]}]}"
en	lemma:26301b62d06d7211d8ce	faintregularbeeping	uncertain	withheld_historical_uncertain		aggregate_only_not_sense_frequency	"[{""path"": ""associativvordes/family-index-v5/members/en/15.json.gz"", ""family_id"": ""surface:en:ping"", ""record_sha256"": ""f72b6818ce5525d82d60f38e3022be7a674ca1e4316f832fd14c2730a65fe641""}, {""path"": ""associativvordes/family-index-v5/members/en/40.json.gz"", ""family_id"": ""family:regul"", ""record_sha256"": ""e55fc7ec1407c01e6db6e26aa53f1d1fb032f43b29588b05998531eca590ac96""}, {""path"": ""associativvordes/family-index-v5/members/en/73.json.gz"", ""family_id"": ""surface:en:faintregularbeep"", ""record_sha256"": ""8e1e575a41ed6a2f2064a35f6f70d51c53afe9d9c1f4d052a8c08374b92a9c2f""}]"	"{""lemma_id"": ""lemma:26301b62d06d7211d8ce"", ""word"": ""faintregularbeeping"", ""normalized"": ""faintregularbeeping"", ""search_form"": ""faintregularbeeping"", ""rank"": 559405, ""frequency_score"": 0.029036169457900194, ""category_breakdown"": {""subtitles"": {""ipm_values"": [0.00187, 0.001447], ""category_ipm"": 0.0016584999999999998, ""category_score"": 0.029036169457900194}}, ""sources"": [{""id"": ""subtitles/hermit_2016_en_full_lemmatized_ipm6_spacy_lookup_cleaned_v8.json"", ""file"": ""hermit_2016_en_full_lemmatized_ipm6_spacy_lookup_cleaned_v8.json"", ""category"": ""subtitles"", ""ipm"": 0.00187}, {""id"": ""subtitles/hermit_2018_en_full_lemmatized_ipm6_spacy_lookup_cleaned_v8.json"", ""file"": ""hermit_2018_en_full_lemmatized_ipm6_spacy_lookup_cleaned_v8.json"", ""category"": ""subtitles"", ""ipm"": 0.001447}], ""corpus_quality"": {""status"": ""accepted"", ""reasons"": []}, ""components"": [{""surface"": ""ping"", ""canonical_candidate"": ""ping"", ""confidence"": 0.89, ""evidence"": [{""type"": ""compound_morphology"", ""source"": ""candidate_index"", ""path"": [""faintregularbeeping"", ""ping"", ""ping""], ""confidence"": 0.89}]}]}"
en	lemma:266426ce8fae12cbfd10	regolata	uncertain	withheld_historical_uncertain		aggregate_only_not_sense_frequency	"[{""path"": ""associativvordes/family-index-v5/members/en/39.json.gz"", ""family_id"": ""surface:en:lata"", ""record_sha256"": ""d059a2ec3952a6da249d44922614b173b66a6db6b181f564c5dcbfcbddb21a4b""}, {""path"": ""associativvordes/family-index-v5/members/en/40.json.gz"", ""family_id"": ""family:regul"", ""record_sha256"": ""445494d54a252d4ab288a8577b8c481165387b2f7c36f744eeca16bc4436f26e""}]"	"{""lemma_id"": ""lemma:266426ce8fae12cbfd10"", ""word"": ""regolata"", ""normalized"": ""regolata"", ""search_form"": ""regolata"", ""rank"": 748905, ""frequency_score"": 0.029036169457900194, ""category_breakdown"": {""subtitles"": {""ipm_values"": [0.00187, 0.001447], ""category_ipm"": 0.0016584999999999998, ""category_score"": 0.029036169457900194}}, ""sources"": [{""id"": ""subtitles/hermit_2016_en_full_lemmatized_ipm6_spacy_lookup_cleaned_v8.json"", ""file"": ""hermit_2016_en_full_lemmatized_ipm6_spacy_lookup_cleaned_v8.json"", ""category"": ""subtitles"", ""ipm"": 0.00187}, {""id"": ""subtitles/hermit_2018_en_full_lemmatized_ipm6_spacy_lookup_cleaned_v8.json"", ""file"": ""hermit_2018_en_full_lemmatized_ipm6_spacy_lookup_cleaned_v8.json"", ""category"": ""subtitles"", ""ipm"": 0.001447}], ""corpus_quality"": {""status"": ""accepted"", ""reasons"": []}, ""components"": [{""surface"": ""lata"", ""canonical_candidate"": ""lata"", ""confidence"": 0.89, ""evidence"": [{""type"": ""compound_morphology"", ""source"": ""candidate_index"", ""path"": [""regolata"", ""lata"", ""lata""], ""confidence"": 0.89}]}]}"
en	lemma:2759f9ccfdb04944291b	anderegulate	uncertain	withheld_historical_uncertain		aggregate_only_not_sense_frequency	"[{""path"": ""associativvordes/family-index-v5/members/en/40.json.gz"", ""family_id"": ""family:regul"", ""record_sha256"": ""01ed45dc9ab4498ef0179ede474de46c78bf1fac872a00bff0aafcafc3e5b884""}, {""path"": ""associativvordes/family-index-v5/members/en/a8.json.gz"", ""family_id"": ""surface:en:regulate"", ""record_sha256"": ""eca063e4c3f4c4ce235c3d1191b6f825522eee60a7cc0eda253c6094080c6294""}, {""path"": ""associativvordes/family-index-v5/members/en/e9.json.gz"", ""family_id"": ""surface:en:anderegulat"", ""record_sha256"": ""dab4accc207ed9fdb08fce48225aa7230196adaf837c84189f21a0dde3faac23""}]"	"{""lemma_id"": ""lemma:2759f9ccfdb04944291b"", ""word"": ""anderegulate"", ""normalized"": ""anderegulate"", ""search_form"": ""anderegulate"", ""rank"": 455529, ""frequency_score"": 0.029036169457900194, ""category_breakdown"": {""subtitles"": {""ipm_values"": [0.00187, 0.001447], ""category_ipm"": 0.0016584999999999998, ""category_score"": 0.029036169457900194}}, ""sources"": [{""id"": ""subtitles/hermit_2016_en_full_lemmatized_ipm6_spacy_lookup_cleaned_v8.json"", ""file"": ""hermit_2016_en_full_lemmatized_ipm6_spacy_lookup_cleaned_v8.json"", ""category"": ""subtitles"", ""ipm"": 0.00187}, {""id"": ""subtitles/hermit_2018_en_full_lemmatized_ipm6_spacy_lookup_cleaned_v8.json"", ""file"": ""hermit_2018_en_full_lemmatized_ipm6_spacy_lookup_cleaned_v8.json"", ""category"": ""subtitles"", ""ipm"": 0.001447}], ""corpus_quality"": {""status"": ""accepted"", ""reasons"": []}, ""components"": [{""surface"": ""regul"", ""canonical_candidate"": ""regul"", ""confidence"": 1, ""evidence"": [{""type"": ""compound_morphology"", ""source"": ""manually_verified"", ""path"": [""anderegulate"", ""regul"", ""regul""], ""confidence"": 1}, {""type"": ""verified_seed_alias"", ""source"": ""methodology_control_seed"", ""path"": [""en"", ""regul"", ""family:regul""], ""confidence"": 1}]}]}"
en	lemma:283515b63b8782669484	irregularity	accepted	accepted	regular	aggregate_only_not_sense_frequency	"[{""path"": ""associativvordes/family-index-v5/members/en/06.json.gz"", ""family_id"": ""ety:f0df407f8682"", ""record_sha256"": ""4785c2082af8eda6898eefae525fc3ee4a090a9cc8778bd3b44c4940605e2add""}, {""path"": ""associativvordes/family-index-v5/members/en/0b.json.gz"", ""family_id"": ""ety:78d70a1e3eaf"", ""record_sha256"": ""4785c2082af8eda6898eefae525fc3ee4a090a9cc8778bd3b44c4940605e2add""}, {""path"": ""associativvordes/family-index-v5/members/en/2c.json.gz"", ""family_id"": ""ety:4fea5df26862"", ""record_sha256"": ""4785c2082af8eda6898eefae525fc3ee4a090a9cc8778bd3b44c4940605e2add""}, {""path"": ""associativvordes/family-index-v5/members/en/6a.json.gz"", ""family_id"": ""ety:ff3077e4a20b"", ""record_sha256"": ""4785c2082af8eda6898eefae525fc3ee4a090a9cc8778bd3b44c4940605e2add""}, {""path"": ""associativvordes/family-index-v5/members/en/89.json.gz"", ""family_id"": ""ety:497370be6193"", ""record_sha256"": ""41291fbfc3f52e5fd49db60bd70653e4304a4ef38724cff78d21ec5596a07d32""}, {""path"": ""associativvordes/family-index-v5/members/en/96.json.gz"", ""family_id"": ""ety:fdb4fb63c102"", ""record_sha256"": ""4785c2082af8eda6898eefae525fc3ee4a090a9cc8778bd3b44c4940605e2add""}, {""path"": ""associativvordes/family-index-v5/members/en/f6.json.gz"", ""family_id"": ""ety:2bd62d3fe41d"", ""record_sha256"": ""4785c2082af8eda6898eefae525fc3ee4a090a9cc8778bd3b44c4940605e2add""}, {""path"": ""associativvordes/family-index-v5/members/en/f6.json.gz"", ""family_id"": ""ety:2d5b2d125fa9"", ""record_sha256"": ""41291fbfc3f52e5fd49db60bd70653e4304a4ef38724cff78d21ec5596a07d32""}]"	"{""lemma_id"": ""lemma:283515b63b8782669484"", ""word"": ""irregularity"", ""normalized"": ""irregularity"", ""search_form"": ""irregularity"", ""rank"": 10019, ""frequency_score"": 21.16997470287803, ""category_breakdown"": {""subtitles"": {""ipm_values"": [0.925663, 0.949525], ""category_ipm"": 0.937594, ""category_score"": 11.589875900647822}, ""normative"": {""ipm_values"": [4.248606], ""category_ipm"": 4.248606, ""category_score"": 29.050823282267075}, ""web"": {""ipm_values"": [2.688323], ""category_ipm"": 2.688323, ""category_score"": 22.86922492571918}}, ""sources"": [{""id"": ""normative/bnc-clean2.lemmatized_spacy_ipm6.json"", ""file"": ""bnc-clean2.lemmatized_spacy_ipm6.json"", ""category"": ""normative"", ""ipm"": 4.248606}, {""id"": ""subtitles/hermit_2016_en_full_lemmatized_ipm6_spacy_lookup_cleaned_v8.json"", ""file"": ""hermit_2016_en_full_lemmatized_ipm6_spacy_lookup_cleaned_v8.json"", ""category"": ""subtitles"", ""ipm"": 0.925663}, {""id"": ""subtitles/hermit_2018_en_full_lemmatized_ipm6_spacy_lookup_cleaned_v8.json"", ""file"": ""hermit_2018_en_full_lemmatized_ipm6_spacy_lookup_cleaned_v8.json"", ""category"": ""subtitles"", ""ipm"": 0.949525}, {""id"": ""web/sorted.uk.lemma.unigrams.cleaned_recommended_min100_ipm6.json"", ""file"": ""sorted.uk.lemma.unigrams.cleaned_recommended_min100_ipm6.json"", ""category"": ""web"", ""ipm"": 2.688323}], ""corpus_quality"": {""status"": ""accepted"", ""reasons"": []}, ""components"": [{""surface"": ""ity"", ""canonical_candidate"": ""ity"", ""confidence"": 0.89, ""evidence"": [{""type"": ""compound_morphology"", ""source"": ""candidate_index"", ""path"": [""irregularity"", ""ity"", ""ity""], ""confidence"": 0.89}]}]}"
en	lemma:2b608ead411354362bcb	regulating	accepted	accepted	regulate	aggregate_only_not_sense_frequency	"[{""path"": ""associativvordes/family-index-v5/members/en/29.json.gz"", ""family_id"": ""surface:en:ting"", ""record_sha256"": ""d9e856975f58b49d3e20a8187bde62231cee9b4f5b71f6d67e4754f8c8016e6b""}, {""path"": ""associativvordes/family-index-v5/members/en/40.json.gz"", ""family_id"": ""family:regul"", ""record_sha256"": ""c1d330af2124f62ec34694c2344e8c2f2cd9e4f887cc938d55baed733b17018e""}, {""path"": ""associativvordes/family-index-v5/members/en/dd.json.gz"", ""family_id"": ""surface:en:regulat"", ""record_sha256"": ""7528d4c0faac5ec3be4928aa500841d9e3807caef92bc390f857a574f23f4a92""}]"	"{""lemma_id"": ""lemma:2b608ead411354362bcb"", ""word"": ""regulating"", ""normalized"": ""regulating"", ""search_form"": ""regulating"", ""rank"": 47696, ""frequency_score"": 4.970656163626687, ""category_breakdown"": {""web"": {""ipm_values"": [0.328009], ""category_ipm"": 0.328009, ""category_score"": 4.970656163626687}}, ""sources"": [{""id"": ""web/sorted.uk.lemma.unigrams.cleaned_recommended_min100_ipm6.json"", ""file"": ""sorted.uk.lemma.unigrams.cleaned_recommended_min100_ipm6.json"", ""category"": ""web"", ""ipm"": 0.328009}], ""corpus_quality"": {""status"": ""accepted"", ""reasons"": []}, ""components"": [{""surface"": ""ting"", ""canonical_candidate"": ""ting"", ""confidence"": 0.89, ""evidence"": [{""type"": ""compound_morphology"", ""source"": ""candidate_index"", ""path"": [""regulating"", ""ting"", ""ting""], ""confidence"": 0.89}]}]}"
en	lemma:2bcc0274b6c86824ffb9	regularlow	uncertain	withheld_historical_uncertain		aggregate_only_not_sense_frequency	"[{""path"": ""associativvordes/family-index-v5/members/en/40.json.gz"", ""family_id"": ""family:regul"", ""record_sha256"": ""6fecb68f589127be935b7f7d8a3af30620ddddcb65a249f052094227dbd578ad""}, {""path"": ""associativvordes/family-index-v5/members/en/5b.json.gz"", ""family_id"": ""ety:7eb55cb05961"", ""record_sha256"": ""47144dae46284ad5e54af0810894e0437dae46c145b01d31ff3710ceb6ad0ee4""}, {""path"": ""associativvordes/family-index-v5/members/en/a5.json.gz"", ""family_id"": ""surface:en:rlow"", ""record_sha256"": ""2cbe40d2bfff16fcbe3425e12d23a7168658592b1c618129a234ca9d14067235""}]"	"{""lemma_id"": ""lemma:2bcc0274b6c86824ffb9"", ""word"": ""regularlow"", ""normalized"": ""regularlow"", ""search_form"": ""regularlow"", ""rank"": 855339, ""frequency_score"": 0.025336011347990555, ""category_breakdown"": {""subtitles"": {""ipm_values"": [0.001447], ""category_ipm"": 0.001447, ""category_score"": 0.025336011347990555}}, ""sources"": [{""id"": ""subtitles/hermit_2018_en_full_lemmatized_ipm6_spacy_lookup_cleaned_v8.json"", ""file"": ""hermit_2018_en_full_lemmatized_ipm6_spacy_lookup_cleaned_v8.json"", ""category"": ""subtitles"", ""ipm"": 0.001447}], ""corpus_quality"": {""status"": ""accepted"", ""reasons"": []}, ""components"": [{""surface"": ""regul"", ""canonical_candidate"": ""regul"", ""confidence"": 0.97, ""evidence"": [{""type"": ""compound_morphology"", ""source"": ""manually_verified"", ""path"": [""regularlow"", ""regul"", ""regul""], ""confidence"": 0.97}, {""type"": ""verified_seed_alias"", ""source"": ""methodology_control_seed"", ""path"": [""en"", ""regul"", ""family:regul""], ""confidence"": 1}]}]}"
en	lemma:2cfd43de3aec4a2b183e	regulartea	uncertain	withheld_historical_uncertain		aggregate_only_not_sense_frequency	"[{""path"": ""associativvordes/family-index-v5/members/en/40.json.gz"", ""family_id"": ""family:regul"", ""record_sha256"": ""481ea99e2158d054598e67a751a8ab89dba7ab7e27a8b48037c9373b1e571ea0""}, {""path"": ""associativvordes/family-index-v5/members/en/5b.json.gz"", ""family_id"": ""ety:7eb55cb05961"", ""record_sha256"": ""7a3b8f1390f0b900faa18f0fc2762973e5829da5da155af9dfff23a7889af0c0""}, {""path"": ""associativvordes/family-index-v5/members/en/c7.json.gz"", ""family_id"": ""ety:91104f26d289"", ""record_sha256"": ""47fa19b95b064c2974a5eda485f3435795a6c5a9af12df7db97a846a6514cbf8""}]"	"{""lemma_id"": ""lemma:2cfd43de3aec4a2b183e"", ""word"": ""regulartea"", ""normalized"": ""regulartea"", ""search_form"": ""regulartea"", ""rank"": 855346, ""frequency_score"": 0.025336011347990555, ""category_breakdown"": {""subtitles"": {""ipm_values"": [0.001447], ""category_ipm"": 0.001447, ""category_score"": 0.025336011347990555}}, ""sources"": [{""id"": ""subtitles/hermit_2018_en_full_lemmatized_ipm6_spacy_lookup_cleaned_v8.json"", ""file"": ""hermit_2018_en_full_lemmatized_ipm6_spacy_lookup_cleaned_v8.json"", ""category"": ""subtitles"", ""ipm"": 0.001447}], ""corpus_quality"": {""status"": ""accepted"", ""reasons"": []}, ""components"": [{""surface"": ""regul"", ""canonical_candidate"": ""regul"", ""confidence"": 0.97, ""evidence"": [{""type"": ""compound_morphology"", ""source"": ""manually_verified"", ""path"": [""regulartea"", ""regul"", ""regul""], ""confidence"": 0.97}, {""type"": ""verified_seed_alias"", ""source"": ""methodology_control_seed"", ""path"": [""en"", ""regul"", ""family:regul""], ""confidence"": 1}]}]}"
en	lemma:2dc75f61cd2bedbf1318	self-regulatory	accepted	accepted	regulate	aggregate_only_not_sense_frequency	"[{""path"": ""associativvordes/family-index-v5/members/en/3b.json.gz"", ""family_id"": ""surface:en:selfregulat"", ""record_sha256"": ""2babec756b070bb670706ac55726ca54ffccccf52d53961ed81e3cdd6ebc7043""}, {""path"": ""associativvordes/family-index-v5/members/en/bd.json.gz"", ""family_id"": ""surface:en:tory"", ""record_sha256"": ""64b8c289fb7c987944996efa974f9732f5c0cad05f34f5dd214d3561c4763adf""}]"	"{""lemma_id"": ""lemma:2dc75f61cd2bedbf1318"", ""word"": ""self-regulatory"", ""normalized"": ""self-regulatory"", ""search_form"": ""self-regulatory"", ""rank"": 38096, ""frequency_score"": 6.957991020942883, ""category_breakdown"": {""web"": {""ipm_values"": [0.487505], ""category_ipm"": 0.487505, ""category_score"": 6.957991020942883}}, ""sources"": [{""id"": ""web/sorted.uk.lemma.unigrams.cleaned_recommended_min100_ipm6.json"", ""file"": ""sorted.uk.lemma.unigrams.cleaned_recommended_min100_ipm6.json"", ""category"": ""web"", ""ipm"": 0.487505}], ""corpus_quality"": {""status"": ""accepted"", ""reasons"": []}, ""components"": [{""surface"": ""self-regulat"", ""canonical_candidate"": ""selfregulat"", ""confidence"": 0.81, ""evidence"": [{""type"": ""compound_morphology"", ""source"": ""candidate_index"", ""path"": [""self-regulatory"", ""self-regulat"", ""self-regulat""], ""confidence"": 0.81}]}]}"
en	lemma:2e67173e8dc9b7b49144	regulation	accepted	accepted	regulate	aggregate_only_not_sense_frequency	"[{""path"": ""associativvordes/family-index-v5/members/en/40.json.gz"", ""family_id"": ""family:regul"", ""record_sha256"": ""fb2781c09ef0c2067ea5bd06708e6fd6f52e189f4800e2ee9ccb81c1e538ef93""}]"	"{""lemma_id"": ""lemma:2e67173e8dc9b7b49144"", ""word"": ""regulation"", ""normalized"": ""regulation"", ""search_form"": ""regulation"", ""rank"": 903, ""frequency_score"": 67.70758976497679, ""category_breakdown"": {""subtitles"": {""ipm_values"": [8.854577, 8.897457], ""category_ipm"": 8.876017000000001, ""category_score"": 40.127300623074525}, ""normative"": {""ipm_values"": [72.581226], ""category_ipm"": 72.581226, ""category_score"": 75.31639853226851}, ""web"": {""ipm_values"": [147.999241], ""category_ipm"": 147.999241, ""category_score"": 87.67907013958731}}, ""sources"": [{""id"": ""normative/bnc-clean2.lemmatized_spacy_ipm6.json"", ""file"": ""bnc-clean2.lemmatized_spacy_ipm6.json"", ""category"": ""normative"", ""ipm"": 72.581226}, {""id"": ""subtitles/hermit_2016_en_full_lemmatized_ipm6_spacy_lookup_cleaned_v8.json"", ""file"": ""hermit_2016_en_full_lemmatized_ipm6_spacy_lookup_cleaned_v8.json"", ""category"": ""subtitles"", ""ipm"": 8.854577}, {""id"": ""subtitles/hermit_2018_en_full_lemmatized_ipm6_spacy_lookup_cleaned_v8.json"", ""file"": ""hermit_2018_en_full_lemmatized_ipm6_spacy_lookup_cleaned_v8.json"", ""category"": ""subtitles"", ""ipm"": 8.897457}, {""id"": ""web/sorted.uk.lemma.unigrams.cleaned_recommended_min100_ipm6.json"", ""file"": ""sorted.uk.lemma.unigrams.cleaned_recommended_min100_ipm6.json"", ""category"": ""web"", ""ipm"": 147.999241}], ""corpus_quality"": {""status"": ""accepted"", ""reasons"": []}, ""components"": [{""surface"": ""regulation"", ""canonical_candidate"": ""regul"", ""confidence"": 1, ""evidence"": [{""type"": ""manual_override"", ""source"": ""methodology_control_word"", ""path"": [""en"", ""regulation"", ""family:regul""], ""confidence"": 1}]}]}"
en	lemma:303f7d474c0c71805dab	co-regulation	accepted	accepted	regulate	aggregate_only_not_sense_frequency	"[{""path"": ""associativvordes/family-index-v5/members/en/0b.json.gz"", ""family_id"": ""surface:en:coregulat"", ""record_sha256"": ""77547d80d790aedaed98825d7fc166eb9066f1eebbfeae7c77b6c18853e2c7f2""}, {""path"": ""associativvordes/family-index-v5/members/en/40.json.gz"", ""family_id"": ""family:regul"", ""record_sha256"": ""85ff7f4d7aa1598ea2eb585cfd7cd0d3db8979b7eb4d705c396de025629d6d6b""}, {""path"": ""associativvordes/family-index-v5/members/en/65.json.gz"", ""family_id"": ""surface:en:regulation"", ""record_sha256"": ""bfd5e2109ec17e0bea396c99061e4626c0dcf8f54d0b36118471b1bd7e599002""}]"	"{""lemma_id"": ""lemma:303f7d474c0c71805dab"", ""word"": ""co-regulation"", ""normalized"": ""co-regulation"", ""search_form"": ""co-regulation"", ""rank"": 115172, ""frequency_score"": 1.2020793834733012, ""category_breakdown"": {""web"": {""ipm_values"": [0.071012], ""category_ipm"": 0.071012, ""category_score"": 1.2020793834733012}}, ""sources"": [{""id"": ""web/sorted.uk.lemma.unigrams.cleaned_recommended_min100_ipm6.json"", ""file"": ""sorted.uk.lemma.unigrams.cleaned_recommended_min100_ipm6.json"", ""category"": ""web"", ""ipm"": 0.071012}], ""corpus_quality"": {""status"": ""accepted"", ""reasons"": []}, ""components"": [{""surface"": ""co-regulat"", ""canonical_candidate"": ""coregulat"", ""confidence"": 0.89, ""evidence"": [{""type"": ""compound_morphology"", ""source"": ""candidate_index"", ""path"": [""co-regulation"", ""co-regulat"", ""co-regulat""], ""confidence"": 0.89}]}]}"
en	lemma:3218270ed875bb416697	ruled	uncertain	not_admitted_candidate		aggregate_only_not_sense_frequency	"[{""path"": ""associativvordes/family-index-v5/members/en/68.json.gz"", ""family_id"": ""surface:en:rul"", ""record_sha256"": ""a50887e88d4b8ce1d147c07ea27d22ba84e9eaeb4dd759025da487c391eb50e9""}]"	"{""lemma_id"": ""lemma:3218270ed875bb416697"", ""word"": ""ruled"", ""normalized"": ""ruled"", ""search_form"": ""ruled"", ""rank"": 83590, ""frequency_score"": 2.021675675779123, ""category_breakdown"": {""web"": {""ipm_values"": [0.122299], ""category_ipm"": 0.122299, ""category_score"": 2.021675675779123}}, ""sources"": [{""id"": ""web/sorted.uk.lemma.unigrams.cleaned_recommended_min100_ipm6.json"", ""file"": ""sorted.uk.lemma.unigrams.cleaned_recommended_min100_ipm6.json"", ""category"": ""web"", ""ipm"": 0.122299}], ""corpus_quality"": {""status"": ""accepted"", ""reasons"": []}, ""components"": [{""surface"": ""rul"", ""canonical_candidate"": ""rul"", ""confidence"": 0.92, ""evidence"": [{""type"": ""morphological_parse"", ""source"": ""candidate_index"", ""path"": [""ruled"", ""rul"", ""rul""], ""confidence"": 0.92}]}]}"
en	lemma:35d7011429014b4f94f7	ourregulars	uncertain	withheld_historical_uncertain		aggregate_only_not_sense_frequency	"[{""path"": ""associativvordes/family-index-v5/members/en/0a.json.gz"", ""family_id"": ""ety:4243ad460a1e"", ""record_sha256"": ""c9f205d3cba6110952f15130025adde81117a6247eb2221fcd70b0423ea14678""}, {""path"": ""associativvordes/family-index-v5/members/en/40.json.gz"", ""family_id"": ""family:regul"", ""record_sha256"": ""10bd641bcc79df16687016654a76b06f3aeed1f5b4c2eb27cce75a0f0708a8bc""}, {""path"": ""associativvordes/family-index-v5/members/en/5f.json.gz"", ""family_id"": ""surface:en:ourregular"", ""record_sha256"": ""eb73824c9b5473dd9fa147abc8b0728ade7c6aeb951507d41e2cb43edac672c8""}, {""path"": ""associativvordes/family-index-v5/members/en/6e.json.gz"", ""family_id"": ""ety:f30985b5ddb7"", ""record_sha256"": ""c9f205d3cba6110952f15130025adde81117a6247eb2221fcd70b0423ea14678""}]"	"{""lemma_id"": ""lemma:35d7011429014b4f94f7"", ""word"": ""ourregulars"", ""normalized"": ""ourregulars"", ""search_form"": ""ourregulars"", ""rank"": 712383, ""frequency_score"": 0.029036169457900194, ""category_breakdown"": {""subtitles"": {""ipm_values"": [0.00187, 0.001447], ""category_ipm"": 0.0016584999999999998, ""category_score"": 0.029036169457900194}}, ""sources"": [{""id"": ""subtitles/hermit_2016_en_full_lemmatized_ipm6_spacy_lookup_cleaned_v8.json"", ""file"": ""hermit_2016_en_full_lemmatized_ipm6_spacy_lookup_cleaned_v8.json"", ""category"": ""subtitles"", ""ipm"": 0.00187}, {""id"": ""subtitles/hermit_2018_en_full_lemmatized_ipm6_spacy_lookup_cleaned_v8.json"", ""file"": ""hermit_2018_en_full_lemmatized_ipm6_spacy_lookup_cleaned_v8.json"", ""category"": ""subtitles"", ""ipm"": 0.001447}], ""corpus_quality"": {""status"": ""accepted"", ""reasons"": []}, ""components"": [{""surface"": ""lars"", ""canonical_candidate"": ""lars"", ""confidence"": 0.89, ""evidence"": [{""type"": ""compound_morphology"", ""source"": ""candidate_index"", ""path"": [""ourregulars"", ""lars"", ""lars""], ""confidence"": 0.89}]}]}"
en	lemma:36568a9add19a717975f	regularwork	uncertain	withheld_historical_uncertain		aggregate_only_not_sense_frequency	"[{""path"": ""associativvordes/family-index-v5/members/en/40.json.gz"", ""family_id"": ""family:regul"", ""record_sha256"": ""37552c1b22a955140550af911b7767efb2584db924967815893c50bd8a875bc9""}]"	"{""lemma_id"": ""lemma:36568a9add19a717975f"", ""word"": ""regularwork"", ""normalized"": ""regularwork"", ""search_form"": ""regularwork"", ""rank"": 749008, ""frequency_score"": 0.029036169457900194, ""category_breakdown"": {""subtitles"": {""ipm_values"": [0.00187, 0.001447], ""category_ipm"": 0.0016584999999999998, ""category_score"": 0.029036169457900194}}, ""sources"": [{""id"": ""subtitles/hermit_2016_en_full_lemmatized_ipm6_spacy_lookup_cleaned_v8.json"", ""file"": ""hermit_2016_en_full_lemmatized_ipm6_spacy_lookup_cleaned_v8.json"", ""category"": ""subtitles"", ""ipm"": 0.00187}, {""id"": ""subtitles/hermit_2018_en_full_lemmatized_ipm6_spacy_lookup_cleaned_v8.json"", ""file"": ""hermit_2018_en_full_lemmatized_ipm6_spacy_lookup_cleaned_v8.json"", ""category"": ""subtitles"", ""ipm"": 0.001447}], ""corpus_quality"": {""status"": ""accepted"", ""reasons"": []}, ""components"": [{""surface"": ""regul"", ""canonical_candidate"": ""regul"", ""confidence"": 0.97, ""evidence"": [{""type"": ""compound_morphology"", ""source"": ""manually_verified"", ""path"": [""regularwork"", ""regul"", ""regul""], ""confidence"": 0.97}, {""type"": ""verified_seed_alias"", ""source"": ""methodology_control_seed"", ""path"": [""en"", ""regul"", ""family:regul""], ""confidence"": 1}]}]}"
en	lemma:3735a1223c8f64e8333b	regularslice	uncertain	withheld_historical_uncertain		aggregate_only_not_sense_frequency	"[{""path"": ""associativvordes/family-index-v5/members/en/35.json.gz"", ""family_id"": ""surface:en:slice"", ""record_sha256"": ""58a3fab4cb8bfe570f1c01bcaec4c30c227c1650316397b674991a8e338fe38b""}, {""path"": ""associativvordes/family-index-v5/members/en/40.json.gz"", ""family_id"": ""family:regul"", ""record_sha256"": ""ccdfac957142d785f3f5ba7915c5c1f5193b4df98195dac95c5df07f6eee5ef5""}, {""path"": ""associativvordes/family-index-v5/members/en/b4.json.gz"", ""family_id"": ""surface:en:regularslic"", ""record_sha256"": ""ef2ca3b53c5fe897d73a8f7e18b958a555eb58701def3b47160b22e463ed69b3""}]"	"{""lemma_id"": ""lemma:3735a1223c8f64e8333b"", ""word"": ""regularslice"", ""normalized"": ""regularslice"", ""search_form"": ""regularslice"", ""rank"": 749001, ""frequency_score"": 0.032735546362605054, ""category_breakdown"": {""subtitles"": {""ipm_values"": [0.00187], ""category_ipm"": 0.00187, ""category_score"": 0.032735546362605054}}, ""sources"": [{""id"": ""subtitles/hermit_2016_en_full_lemmatized_ipm6_spacy_lookup_cleaned_v8.json"", ""file"": ""hermit_2016_en_full_lemmatized_ipm6_spacy_lookup_cleaned_v8.json"", ""category"": ""subtitles"", ""ipm"": 0.00187}], ""corpus_quality"": {""status"": ""accepted"", ""reasons"": []}, ""components"": [{""surface"": ""slice"", ""canonical_candidate"": ""slice"", ""confidence"": 0.89, ""evidence"": [{""type"": ""compound_morphology"", ""source"": ""candidate_index"", ""path"": [""regularslice"", ""slice"", ""slice""], ""confidence"": 0.89}]}]}"
en	lemma:39e3856978033351d63e	irregularly	accepted	accepted	regular	aggregate_only_not_sense_frequency	"[{""path"": ""associativvordes/family-index-v5/members/en/89.json.gz"", ""family_id"": ""ety:497370be6193"", ""record_sha256"": ""fb0c39a43c16c931e1ffee3b2b3d65e537954cfa3b1984ab6a7e6068d6883522""}, {""path"": ""associativvordes/family-index-v5/members/en/f6.json.gz"", ""family_id"": ""ety:2d5b2d125fa9"", ""record_sha256"": ""fb0c39a43c16c931e1ffee3b2b3d65e537954cfa3b1984ab6a7e6068d6883522""}]"	"{""lemma_id"": ""lemma:39e3856978033351d63e"", ""word"": ""irregularly"", ""normalized"": ""irregularly"", ""search_form"": ""irregularly"", ""rank"": 18823, ""frequency_score"": 8.954138930517976, ""category_breakdown"": {""subtitles"": {""ipm_values"": [0.115942, 0.114348], ""category_ipm"": 0.115145, ""category_score"": 1.9096256466814459}, ""normative"": {""ipm_values"": [1.409243], ""category_ipm"": 1.409243, ""category_score"": 15.407317354770322}, ""web"": {""ipm_values"": [0.724213], ""category_ipm"": 0.724213, ""category_score"": 9.545473790102157}}, ""sources"": [{""id"": ""normative/bnc-clean2.lemmatized_spacy_ipm6.json"", ""file"": ""bnc-clean2.lemmatized_spacy_ipm6.json"", ""category"": ""normative"", ""ipm"": 1.409243}, {""id"": ""subtitles/hermit_2016_en_full_lemmatized_ipm6_spacy_lookup_cleaned_v8.json"", ""file"": ""hermit_2016_en_full_lemmatized_ipm6_spacy_lookup_cleaned_v8.json"", ""category"": ""subtitles"", ""ipm"": 0.115942}, {""id"": ""subtitles/hermit_2018_en_full_lemmatized_ipm6_spacy_lookup_cleaned_v8.json"", ""file"": ""hermit_2018_en_full_lemmatized_ipm6_spacy_lookup_cleaned_v8.json"", ""category"": ""subtitles"", ""ipm"": 0.114348}, {""id"": ""web/sorted.uk.lemma.unigrams.cleaned_recommended_min100_ipm6.json"", ""file"": ""sorted.uk.lemma.unigrams.cleaned_recommended_min100_ipm6.json"", ""category"": ""web"", ""ipm"": 0.724213}], ""corpus_quality"": {""status"": ""accepted"", ""reasons"": []}, ""components"": [{""surface"": ""irregular"", ""canonical_candidate"": ""irregular"", ""confidence"": 0.92, ""evidence"": [{""type"": ""morphological_parse"", ""source"": ""candidate_index"", ""path"": [""irregularly"", ""irregular"", ""irregular""], ""confidence"": 0.92}]}]}"
en	lemma:3cfe7b0eff3651ada585	regulus	excluded	not_admitted_candidate		aggregate_only_not_sense_frequency	"[{""path"": ""associativvordes/family-index-v5/members/en/84.json.gz"", ""family_id"": ""surface:en:ulus"", ""record_sha256"": ""6859e8a3c42c06654572fcee1514ddd2fa179e088387dbe6aa7096976dfeebe6""}, {""path"": ""associativvordes/family-index-v5/members/en/d7.json.gz"", ""family_id"": ""surface:en:regulu"", ""record_sha256"": ""5fdd4edcb8b63f1a341a6932e1402a70c0c8f16898136d1e24d2f96bcb156295""}]"	"{""lemma_id"": ""lemma:3cfe7b0eff3651ada585"", ""word"": ""regulus"", ""normalized"": ""regulus"", ""search_form"": ""regulus"", ""rank"": 43493, ""frequency_score"": 3.0057099376565866, ""category_breakdown"": {""subtitles"": {""ipm_values"": [0.072931, 0.072372], ""category_ipm"": 0.07265150000000001, ""category_score"": 1.228881471213406}, ""normative"": {""ipm_values"": [0.125266], ""category_ipm"": 0.125266, ""category_score"": 2.067937128904214}, ""web"": {""ipm_values"": [0.386059], ""category_ipm"": 0.386059, ""category_score"": 5.720311212852139}}, ""sources"": [{""id"": ""normative/bnc-clean2.lemmatized_spacy_ipm6.json"", ""file"": ""bnc-clean2.lemmatized_spacy_ipm6.json"", ""category"": ""normative"", ""ipm"": 0.125266}, {""id"": ""subtitles/hermit_2016_en_full_lemmatized_ipm6_spacy_lookup_cleaned_v8.json"", ""file"": ""hermit_2016_en_full_lemmatized_ipm6_spacy_lookup_cleaned_v8.json"", ""category"": ""subtitles"", ""ipm"": 0.072931}, {""id"": ""subtitles/hermit_2018_en_full_lemmatized_ipm6_spacy_lookup_cleaned_v8.json"", ""file"": ""hermit_2018_en_full_lemmatized_ipm6_spacy_lookup_cleaned_v8.json"", ""category"": ""subtitles"", ""ipm"": 0.072372}, {""id"": ""web/sorted.uk.lemma.unigrams.cleaned_recommended_min100_ipm6.json"", ""file"": ""sorted.uk.lemma.unigrams.cleaned_recommended_min100_ipm6.json"", ""category"": ""web"", ""ipm"": 0.386059}], ""corpus_quality"": {""status"": ""accepted"", ""reasons"": []}, ""components"": [{""surface"": ""ulus"", ""canonical_candidate"": ""ulus"", ""confidence"": 0.89, ""evidence"": [{""type"": ""compound_morphology"", ""source"": ""candidate_index"", ""path"": [""regulus"", ""ulus"", ""ulus""], ""confidence"": 0.89}]}]}"
en	lemma:3e5b2eda82938d1cc825	irregulated	uncertain	not_admitted_candidate		aggregate_only_not_sense_frequency	"[{""path"": ""associativvordes/family-index-v5/members/en/08.json.gz"", ""family_id"": ""surface:en:irregulat"", ""record_sha256"": ""71d78a0983741f9fdeef0e1ad6aa02135d701d52fb5829cf06626c6aac47c6cc""}]"	"{""lemma_id"": ""lemma:3e5b2eda82938d1cc825"", ""word"": ""irregulated"", ""normalized"": ""irregulated"", ""search_form"": ""irregulated"", ""rank"": 619419, ""frequency_score"": 0.029036169457900194, ""category_breakdown"": {""subtitles"": {""ipm_values"": [0.00187, 0.001447], ""category_ipm"": 0.0016584999999999998, ""category_score"": 0.029036169457900194}}, ""sources"": [{""id"": ""subtitles/hermit_2016_en_full_lemmatized_ipm6_spacy_lookup_cleaned_v8.json"", ""file"": ""hermit_2016_en_full_lemmatized_ipm6_spacy_lookup_cleaned_v8.json"", ""category"": ""subtitles"", ""ipm"": 0.00187}, {""id"": ""subtitles/hermit_2018_en_full_lemmatized_ipm6_spacy_lookup_cleaned_v8.json"", ""file"": ""hermit_2018_en_full_lemmatized_ipm6_spacy_lookup_cleaned_v8.json"", ""category"": ""subtitles"", ""ipm"": 0.001447}], ""corpus_quality"": {""status"": ""accepted"", ""reasons"": []}, ""components"": [{""surface"": ""irregulat"", ""canonical_candidate"": ""irregulat"", ""confidence"": 0.92, ""evidence"": [{""type"": ""morphological_parse"", ""source"": ""candidate_index"", ""path"": [""irregulated"", ""irregulat"", ""irregulat""], ""confidence"": 0.92}]}]}"
en	lemma:3ec216164bfa0f54b99b	regulian	uncertain	withheld_historical_uncertain		aggregate_only_not_sense_frequency	"[{""path"": ""associativvordes/family-index-v5/members/en/40.json.gz"", ""family_id"": ""family:regul"", ""record_sha256"": ""f5e795a9c4861921eb31bc0cdb4eb5cdc9bc6dac1e6743bbe9f5297aafb1aa4d""}, {""path"": ""associativvordes/family-index-v5/members/en/87.json.gz"", ""family_id"": ""ety:4381d443ac0a"", ""record_sha256"": ""21ba8649e7b379e781eccff7fc59c0db9e4fc1b7718c83dba9df945898850dac""}]"	"{""lemma_id"": ""lemma:3ec216164bfa0f54b99b"", ""word"": ""regulian"", ""normalized"": ""regulian"", ""search_form"": ""regulian"", ""rank"": 749017, ""frequency_score"": 0.029036169457900194, ""category_breakdown"": {""subtitles"": {""ipm_values"": [0.00187, 0.001447], ""category_ipm"": 0.0016584999999999998, ""category_score"": 0.029036169457900194}}, ""sources"": [{""id"": ""subtitles/hermit_2016_en_full_lemmatized_ipm6_spacy_lookup_cleaned_v8.json"", ""file"": ""hermit_2016_en_full_lemmatized_ipm6_spacy_lookup_cleaned_v8.json"", ""category"": ""subtitles"", ""ipm"": 0.00187}, {""id"": ""subtitles/hermit_2018_en_full_lemmatized_ipm6_spacy_lookup_cleaned_v8.json"", ""file"": ""hermit_2018_en_full_lemmatized_ipm6_spacy_lookup_cleaned_v8.json"", ""category"": ""subtitles"", ""ipm"": 0.001447}], ""corpus_quality"": {""status"": ""accepted"", ""reasons"": []}, ""components"": [{""surface"": ""regul"", ""canonical_candidate"": ""regul"", ""confidence"": 0.97, ""evidence"": [{""type"": ""compound_morphology"", ""source"": ""manually_verified"", ""path"": [""regulian"", ""regul"", ""regul""], ""confidence"": 0.97}, {""type"": ""verified_seed_alias"", ""source"": ""methodology_control_seed"", ""path"": [""en"", ""regul"", ""family:regul""], ""confidence"": 1}]}]}"
en	lemma:3f723945f838a2b7d952	self-regulate	accepted	accepted	regulate	aggregate_only_not_sense_frequency	"[{""path"": ""associativvordes/family-index-v5/members/en/3b.json.gz"", ""family_id"": ""surface:en:selfregulat"", ""record_sha256"": ""a338b353e4df93bc8912ce577397f547b97235b72a28f3af9503a694fe80f7a1""}, {""path"": ""associativvordes/family-index-v5/members/en/85.json.gz"", ""family_id"": ""surface:en:late"", ""record_sha256"": ""69adf39be240895cfc6e796f232306c55835293c8762940473709dacf7df8594""}]"	"{""lemma_id"": ""lemma:3f723945f838a2b7d952"", ""word"": ""self-regulate"", ""normalized"": ""self-regulate"", ""search_form"": ""self-regulate"", ""rank"": 43318, ""frequency_score"": 5.755899074955991, ""category_breakdown"": {""web"": {""ipm_values"": [0.388877], ""category_ipm"": 0.388877, ""category_score"": 5.755899074955991}}, ""sources"": [{""id"": ""web/sorted.uk.lemma.unigrams.cleaned_recommended_min100_ipm6.json"", ""file"": ""sorted.uk.lemma.unigrams.cleaned_recommended_min100_ipm6.json"", ""category"": ""web"", ""ipm"": 0.388877}], ""corpus_quality"": {""status"": ""accepted"", ""reasons"": []}, ""components"": [{""surface"": ""self-regulat"", ""canonical_candidate"": ""selfregulat"", ""confidence"": 0.92, ""evidence"": [{""type"": ""morphological_parse"", ""source"": ""candidate_index"", ""path"": [""self-regulate"", ""self-regulat"", ""self-regulat""], ""confidence"": 0.92}]}]}"
en	lemma:40174d193a38f3dfa0c4	re-regulation	accepted	accepted	regulate	aggregate_only_not_sense_frequency	"[{""path"": ""associativvordes/family-index-v5/members/en/40.json.gz"", ""family_id"": ""family:regul"", ""record_sha256"": ""aadd7f5acd54f3879b3db31c3167dcb236bda3f2b23c1e59145b035d6736bee0""}, {""path"": ""associativvordes/family-index-v5/members/en/65.json.gz"", ""family_id"": ""surface:en:regulation"", ""record_sha256"": ""bf3e259ea13db06dad74ffb607f3386529f6a74d0d47af7dddbfd6d2bbfe72d9""}, {""path"": ""associativvordes/family-index-v5/members/en/ca.json.gz"", ""family_id"": ""surface:en:reregulat"", ""record_sha256"": ""0372813fb1d9075289aae84d1bf46e22aa61423cf00ff02e91c09cb14a0b576d""}]"	"{""lemma_id"": ""lemma:40174d193a38f3dfa0c4"", ""word"": ""re-regulation"", ""normalized"": ""re-regulation"", ""search_form"": ""re-regulation"", ""rank"": 132900, ""frequency_score"": 0.9606979204503969, ""category_breakdown"": {""web"": {""ipm_values"": [0.056359], ""category_ipm"": 0.056359, ""category_score"": 0.9606979204503969}}, ""sources"": [{""id"": ""web/sorted.uk.lemma.unigrams.cleaned_recommended_min100_ipm6.json"", ""file"": ""sorted.uk.lemma.unigrams.cleaned_recommended_min100_ipm6.json"", ""category"": ""web"", ""ipm"": 0.056359}], ""corpus_quality"": {""status"": ""accepted"", ""reasons"": []}, ""components"": [{""surface"": ""regul"", ""canonical_candidate"": ""regul"", ""confidence"": 1, ""evidence"": [{""type"": ""compound_morphology"", ""source"": ""manually_verified"", ""path"": [""re-regulation"", ""regul"", ""regul""], ""confidence"": 1}, {""type"": ""verified_seed_alias"", ""source"": ""methodology_control_seed"", ""path"": [""en"", ""regul"", ""family:regul""], ""confidence"": 1}]}]}"
en	lemma:41936a7dab6023fc4d86	justregularcharging	uncertain	withheld_historical_uncertain		aggregate_only_not_sense_frequency	"[{""path"": ""associativvordes/family-index-v5/members/en/40.json.gz"", ""family_id"": ""family:regul"", ""record_sha256"": ""29b31f9a2843da4f0edff5addc1f98636ad3759744d2e692e4affb8d81d43338""}, {""path"": ""associativvordes/family-index-v5/members/en/86.json.gz"", ""family_id"": ""surface:en:charging"", ""record_sha256"": ""3e5af196d3288806c1754e5d93c9a259f1e947d6a3979dfc9aa94022d0ff3b3e""}, {""path"": ""associativvordes/family-index-v5/members/en/b6.json.gz"", ""family_id"": ""surface:en:justregularcharg"", ""record_sha256"": ""79a24c8207b6a7fc744ffc1f9351431701999e2a52ecb454a8f9a33d3683bba1""}]"	"{""lemma_id"": ""lemma:41936a7dab6023fc4d86"", ""word"": ""justregularcharging"", ""normalized"": ""justregularcharging"", ""search_form"": ""justregularcharging"", ""rank"": 628240, ""frequency_score"": 0.029036169457900194, ""category_breakdown"": {""subtitles"": {""ipm_values"": [0.00187, 0.001447], ""category_ipm"": 0.0016584999999999998, ""category_score"": 0.029036169457900194}}, ""sources"": [{""id"": ""subtitles/hermit_2016_en_full_lemmatized_ipm6_spacy_lookup_cleaned_v8.json"", ""file"": ""hermit_2016_en_full_lemmatized_ipm6_spacy_lookup_cleaned_v8.json"", ""category"": ""subtitles"", ""ipm"": 0.00187}, {""id"": ""subtitles/hermit_2018_en_full_lemmatized_ipm6_spacy_lookup_cleaned_v8.json"", ""file"": ""hermit_2018_en_full_lemmatized_ipm6_spacy_lookup_cleaned_v8.json"", ""category"": ""subtitles"", ""ipm"": 0.001447}], ""corpus_quality"": {""status"": ""accepted"", ""reasons"": []}, ""components"": [{""surface"": ""regul"", ""canonical_candidate"": ""regul"", ""confidence"": 0.97, ""evidence"": [{""type"": ""compound_morphology"", ""source"": ""manually_verified"", ""path"": [""justregularcharging"", ""regul"", ""regul""], ""confidence"": 0.97}, {""type"": ""verified_seed_alias"", ""source"": ""methodology_control_seed"", ""path"": [""en"", ""regul"", ""family:regul""], ""confidence"": 1}]}]}"
en	lemma:441775de620a5475b0e1	regulate	accepted	accepted	regulate	aggregate_only_not_sense_frequency	"[{""path"": ""associativvordes/family-index-v5/members/en/40.json.gz"", ""family_id"": ""family:regul"", ""record_sha256"": ""cf846330c2ba862c30ba1786158a147e3b5309d568d5c6cfc48a00927608f8e0""}]"	"{""lemma_id"": ""lemma:441775de620a5475b0e1"", ""word"": ""regulate"", ""normalized"": ""regulate"", ""search_form"": ""regulate"", ""rank"": 3449, ""frequency_score"": 44.482493325484185, ""category_breakdown"": {""subtitles"": {""ipm_values"": [2.438515, 2.353549], ""category_ipm"": 2.396032, ""category_score"": 21.422534952702822}, ""normative"": {""ipm_values"": [22.558325], ""category_ipm"": 22.558325, ""category_score"": 55.36040333222183}, ""web"": {""ipm_values"": [24.37864], ""category_ipm"": 24.37864, ""category_score"": 56.66454169152788}}, ""sources"": [{""id"": ""normative/bnc-clean2.lemmatized_spacy_ipm6.json"", ""file"": ""bnc-clean2.lemmatized_spacy_ipm6.json"", ""category"": ""normative"", ""ipm"": 22.558325}, {""id"": ""subtitles/hermit_2016_en_full_lemmatized_ipm6_spacy_lookup_cleaned_v8.json"", ""file"": ""hermit_2016_en_full_lemmatized_ipm6_spacy_lookup_cleaned_v8.json"", ""category"": ""subtitles"", ""ipm"": 2.438515}, {""id"": ""subtitles/hermit_2018_en_full_lemmatized_ipm6_spacy_lookup_cleaned_v8.json"", ""file"": ""hermit_2018_en_full_lemmatized_ipm6_spacy_lookup_cleaned_v8.json"", ""category"": ""subtitles"", ""ipm"": 2.353549}, {""id"": ""web/sorted.uk.lemma.unigrams.cleaned_recommended_min100_ipm6.json"", ""file"": ""sorted.uk.lemma.unigrams.cleaned_recommended_min100_ipm6.json"", ""category"": ""web"", ""ipm"": 24.37864}], ""corpus_quality"": {""status"": ""accepted"", ""reasons"": []}, ""components"": [{""surface"": ""regul"", ""canonical_candidate"": ""regul"", ""confidence"": 1, ""evidence"": [{""type"": ""compound_morphology"", ""source"": ""manually_verified"", ""path"": [""regulate"", ""regul"", ""regul""], ""confidence"": 1}, {""type"": ""verified_seed_alias"", ""source"": ""methodology_control_seed"", ""path"": [""en"", ""regul"", ""family:regul""], ""confidence"": 1}]}]}"
en	lemma:458e559f1513cdcf14b1	regulo	uncertain	not_admitted_candidate		aggregate_only_not_sense_frequency	"[{""path"": ""associativvordes/family-index-v5/members/en/8d.json.gz"", ""family_id"": ""surface:en:ulo"", ""record_sha256"": ""c2ad781c221757a5c16bd492261ccbd05cddc8aefbbb94a0118a123e4a7c9915""}, {""path"": ""associativvordes/family-index-v5/members/en/b9.json.gz"", ""family_id"": ""surface:en:reg"", ""record_sha256"": ""765d1280bfd6de787c847b46a243efed6c34acc7b34f404838de55a87260b04f""}]"	"{""lemma_id"": ""lemma:458e559f1513cdcf14b1"", ""word"": ""regulo"", ""normalized"": ""regulo"", ""search_form"": ""regulo"", ""rank"": 257215, ""frequency_score"": 0.11587449625939175, ""category_breakdown"": {""subtitles"": {""ipm_values"": [0.00748, 0.00579], ""category_ipm"": 0.006635, ""category_score"": 0.11587449625939175}}, ""sources"": [{""id"": ""subtitles/hermit_2016_en_full_lemmatized_ipm6_spacy_lookup_cleaned_v8.json"", ""file"": ""hermit_2016_en_full_lemmatized_ipm6_spacy_lookup_cleaned_v8.json"", ""category"": ""subtitles"", ""ipm"": 0.00748}, {""id"": ""subtitles/hermit_2018_en_full_lemmatized_ipm6_spacy_lookup_cleaned_v8.json"", ""file"": ""hermit_2018_en_full_lemmatized_ipm6_spacy_lookup_cleaned_v8.json"", ""category"": ""subtitles"", ""ipm"": 0.00579}], ""corpus_quality"": {""status"": ""accepted"", ""reasons"": []}, ""components"": [{""surface"": ""ulo"", ""canonical_candidate"": ""ulo"", ""confidence"": 0.89, ""evidence"": [{""type"": ""compound_morphology"", ""source"": ""candidate_index"", ""path"": [""regulo"", ""ulo"", ""ulo""], ""confidence"": 0.89}]}]}"
en	lemma:46b52f96129c9a565765	rules	uncertain	not_admitted_candidate		aggregate_only_not_sense_frequency	"[{""path"": ""associativvordes/family-index-v5/members/en/5b.json.gz"", ""family_id"": ""ety:7eb55cb05961"", ""record_sha256"": ""ca4337d43905de04421d3383887ac9d17e413148a30ec0c54ea6db89641fed63""}]"	"{""lemma_id"": ""lemma:46b52f96129c9a565765"", ""word"": ""rules"", ""normalized"": ""rules"", ""search_form"": ""rules"", ""rank"": 4200, ""frequency_score"": 51.78983128607858, ""category_breakdown"": {""web"": {""ipm_values"": [18.215222], ""category_ipm"": 18.215222, ""category_score"": 51.78983128607858}}, ""sources"": [{""id"": ""web/sorted.uk.lemma.unigrams.cleaned_recommended_min100_ipm6.json"", ""file"": ""sorted.uk.lemma.unigrams.cleaned_recommended_min100_ipm6.json"", ""category"": ""web"", ""ipm"": 18.215222}], ""corpus_quality"": {""status"": ""accepted"", ""reasons"": []}, ""components"": [{""surface"": ""rule"", ""canonical_candidate"": ""rule"", ""confidence"": 0.92, ""evidence"": [{""type"": ""morphological_parse"", ""source"": ""candidate_index"", ""path"": [""rules"", ""rule"", ""rule""], ""confidence"": 0.92}]}]}"
en	lemma:4704f1204a1b81b467c8	regulates	accepted	accepted	regulate	aggregate_only_not_sense_frequency	"[{""path"": ""associativvordes/family-index-v5/members/en/40.json.gz"", ""family_id"": ""family:regul"", ""record_sha256"": ""d929e23c68c4297afcb0f34edc50ffc9922049b28c4c1e5c9c045d8960eeb69e""}, {""path"": ""associativvordes/family-index-v5/members/en/42.json.gz"", ""family_id"": ""surface:en:lates"", ""record_sha256"": ""bcf37fc5b08a2117ef429b0e667e9e386b5929c8ca8e5d8c86a0e3bde3744f07""}, {""path"": ""associativvordes/family-index-v5/members/en/a8.json.gz"", ""family_id"": ""surface:en:regulate"", ""record_sha256"": ""c2cdc95a2382ef87a1820062855dc94eb52f70cb943b659f3200a565f2b74537""}]"	"{""lemma_id"": ""lemma:4704f1204a1b81b467c8"", ""word"": ""regulates"", ""normalized"": ""regulates"", ""search_form"": ""regulates"", ""rank"": 132097, ""frequency_score"": 0.9700505857476402, ""category_breakdown"": {""web"": {""ipm_values"": [0.056923], ""category_ipm"": 0.056923, ""category_score"": 0.9700505857476402}}, ""sources"": [{""id"": ""web/sorted.uk.lemma.unigrams.cleaned_recommended_min100_ipm6.json"", ""file"": ""sorted.uk.lemma.unigrams.cleaned_recommended_min100_ipm6.json"", ""category"": ""web"", ""ipm"": 0.056923}], ""corpus_quality"": {""status"": ""accepted"", ""reasons"": []}, ""components"": [{""surface"": ""regul"", ""canonical_candidate"": ""regul"", ""confidence"": 1, ""evidence"": [{""type"": ""compound_morphology"", ""source"": ""manually_verified"", ""path"": [""regulates"", ""regul"", ""regul""], ""confidence"": 1}, {""type"": ""verified_seed_alias"", ""source"": ""methodology_control_seed"", ""path"": [""en"", ""regul"", ""family:regul""], ""confidence"": 1}]}]}"
en	lemma:47f0b0e0fb7594c82422	regularjobs	uncertain	withheld_historical_uncertain		aggregate_only_not_sense_frequency	"[{""path"": ""associativvordes/family-index-v5/members/en/40.json.gz"", ""family_id"": ""family:regul"", ""record_sha256"": ""24a87344003435b22f599578edf9a455d859c096e4fc8e9b7a26cfc5ec7d27a0""}, {""path"": ""associativvordes/family-index-v5/members/en/91.json.gz"", ""family_id"": ""surface:en:obs"", ""record_sha256"": ""541496950804f79c191f96256392153b2a324315e7e82f8c5539e3a50986f50e""}, {""path"": ""associativvordes/family-index-v5/members/en/e2.json.gz"", ""family_id"": ""surface:en:regularjob"", ""record_sha256"": ""24eb6394b6dc6b07eb21daf3e3d8818d8db2b41ade1ec0ea7a738858812a342e""}]"	"{""lemma_id"": ""lemma:47f0b0e0fb7594c82422"", ""word"": ""regularjobs"", ""normalized"": ""regularjobs"", ""search_form"": ""regularjobs"", ""rank"": 748997, ""frequency_score"": 0.029036169457900194, ""category_breakdown"": {""subtitles"": {""ipm_values"": [0.00187, 0.001447], ""category_ipm"": 0.0016584999999999998, ""category_score"": 0.029036169457900194}}, ""sources"": [{""id"": ""subtitles/hermit_2016_en_full_lemmatized_ipm6_spacy_lookup_cleaned_v8.json"", ""file"": ""hermit_2016_en_full_lemmatized_ipm6_spacy_lookup_cleaned_v8.json"", ""category"": ""subtitles"", ""ipm"": 0.00187}, {""id"": ""subtitles/hermit_2018_en_full_lemmatized_ipm6_spacy_lookup_cleaned_v8.json"", ""file"": ""hermit_2018_en_full_lemmatized_ipm6_spacy_lookup_cleaned_v8.json"", ""category"": ""subtitles"", ""ipm"": 0.001447}], ""corpus_quality"": {""status"": ""accepted"", ""reasons"": []}, ""components"": [{""surface"": ""regul"", ""canonical_candidate"": ""regul"", ""confidence"": 0.97, ""evidence"": [{""type"": ""compound_morphology"", ""source"": ""manually_verified"", ""path"": [""regularjobs"", ""regul"", ""regul""], ""confidence"": 0.97}, {""type"": ""verified_seed_alias"", ""source"": ""methodology_control_seed"", ""path"": [""en"", ""regul"", ""family:regul""], ""confidence"": 1}]}]}"
en	lemma:48a82186dd1ee904c08a	regularize	accepted	accepted	regular	aggregate_only_not_sense_frequency	"[{""path"": ""associativvordes/family-index-v5/members/en/40.json.gz"", ""family_id"": ""family:regul"", ""record_sha256"": ""20b977b400a32298172c292818649437eb291aa6ef02e74c0ec30f9a5cddcc2d""}, {""path"": ""associativvordes/family-index-v5/members/en/d4.json.gz"", ""family_id"": ""surface:en:regulariz"", ""record_sha256"": ""54cb8c661e91e5c7a795acd67acfc1fe0d2050403353b219462e234283fd5968""}, {""path"": ""associativvordes/family-index-v5/members/en/f1.json.gz"", ""family_id"": ""surface:en:rize"", ""record_sha256"": ""a6f875e283abaa3050b37f26ff0cbee09a5b949e1c641ccfb4bf100d4209aee8""}]"	"{""lemma_id"": ""lemma:48a82186dd1ee904c08a"", ""word"": ""regularize"", ""normalized"": ""regularize"", ""search_form"": ""regularize"", ""rank"": 35481, ""frequency_score"": 2.93535302025074, ""category_breakdown"": {""subtitles"": {""ipm_values"": [0.02431, 0.075267], ""category_ipm"": 0.0497885, ""category_score"": 0.8513715883266209}, ""normative"": {""ipm_values"": [0.396675], ""category_ipm"": 0.396675, ""category_score"": 5.854003100287914}, ""web"": {""ipm_values"": [0.127371], ""category_ipm"": 0.127371, ""category_score"": 2.1006843721376836}}, ""sources"": [{""id"": ""normative/bnc-clean2.lemmatized_spacy_ipm6.json"", ""file"": ""bnc-clean2.lemmatized_spacy_ipm6.json"", ""category"": ""normative"", ""ipm"": 0.396675}, {""id"": ""subtitles/hermit_2016_en_full_lemmatized_ipm6_spacy_lookup_cleaned_v8.json"", ""file"": ""hermit_2016_en_full_lemmatized_ipm6_spacy_lookup_cleaned_v8.json"", ""category"": ""subtitles"", ""ipm"": 0.02431}, {""id"": ""subtitles/hermit_2018_en_full_lemmatized_ipm6_spacy_lookup_cleaned_v8.json"", ""file"": ""hermit_2018_en_full_lemmatized_ipm6_spacy_lookup_cleaned_v8.json"", ""category"": ""subtitles"", ""ipm"": 0.075267}, {""id"": ""web/sorted.uk.lemma.unigrams.cleaned_recommended_min100_ipm6.json"", ""file"": ""sorted.uk.lemma.unigrams.cleaned_recommended_min100_ipm6.json"", ""category"": ""web"", ""ipm"": 0.127371}], ""corpus_quality"": {""status"": ""accepted"", ""reasons"": []}, ""components"": [{""surface"": ""regul"", ""canonical_candidate"": ""regul"", ""confidence"": 0.97, ""evidence"": [{""type"": ""compound_morphology"", ""source"": ""manually_verified"", ""path"": [""regularize"", ""regul"", ""regul""], ""confidence"": 0.97}, {""type"": ""verified_seed_alias"", ""source"": ""methodology_control_seed"", ""path"": [""en"", ""regul"", ""family:regul""], ""confidence"": 1}]}]}"
en	lemma:4a36ec9bc3d24099b72d	regularflight	uncertain	withheld_historical_uncertain		aggregate_only_not_sense_frequency	"[{""path"": ""associativvordes/family-index-v5/members/en/30.json.gz"", ""family_id"": ""surface:en:arf"", ""record_sha256"": ""33edda470efb3be9f7d43ab4cfa14adc176e108d32031e3c39c9cb3fe0dbf4d4""}, {""path"": ""associativvordes/family-index-v5/members/en/40.json.gz"", ""family_id"": ""family:regul"", ""record_sha256"": ""876c2dc5e4c6bd6765c0d8f2fcb2fecd24976a636acbae690958961a40f1cd88""}, {""path"": ""associativvordes/family-index-v5/members/en/5b.json.gz"", ""family_id"": ""ety:7eb55cb05961"", ""record_sha256"": ""20d69ca7e739a6d8f3c88d23ec7232813cfd65d0c69e548500871b80efc4c575""}, {""path"": ""associativvordes/family-index-v5/members/en/6f.json.gz"", ""family_id"": ""surface:en:flight"", ""record_sha256"": ""3a958a687578aa000bcfd1842a17dc1d69199332c9444513bc74c36e02cbeb6f""}, {""path"": ""associativvordes/family-index-v5/members/en/e3.json.gz"", ""family_id"": ""surface:en:rfl"", ""record_sha256"": ""34bb48dab78bdb11c5c01fb54589474807da4848a087db034e9ad7974fd9e398""}]"	"{""lemma_id"": ""lemma:4a36ec9bc3d24099b72d"", ""word"": ""regularflight"", ""normalized"": ""regularflight"", ""search_form"": ""regularflight"", ""rank"": 748994, ""frequency_score"": 0.029036169457900194, ""category_breakdown"": {""subtitles"": {""ipm_values"": [0.00187, 0.001447], ""category_ipm"": 0.0016584999999999998, ""category_score"": 0.029036169457900194}}, ""sources"": [{""id"": ""subtitles/hermit_2016_en_full_lemmatized_ipm6_spacy_lookup_cleaned_v8.json"", ""file"": ""hermit_2016_en_full_lemmatized_ipm6_spacy_lookup_cleaned_v8.json"", ""category"": ""subtitles"", ""ipm"": 0.00187}, {""id"": ""subtitles/hermit_2018_en_full_lemmatized_ipm6_spacy_lookup_cleaned_v8.json"", ""file"": ""hermit_2018_en_full_lemmatized_ipm6_spacy_lookup_cleaned_v8.json"", ""category"": ""subtitles"", ""ipm"": 0.001447}], ""corpus_quality"": {""status"": ""accepted"", ""reasons"": []}, ""components"": [{""surface"": ""arf"", ""canonical_candidate"": ""arf"", ""confidence"": 0.81, ""evidence"": [{""type"": ""compound_morphology"", ""source"": ""candidate_index"", ""path"": [""regularflight"", ""arf"", ""arf""], ""confidence"": 0.81}]}]}"
en	lemma:4bd1574a2842efe5ddca	self-rule	uncertain	not_admitted_candidate		aggregate_only_not_sense_frequency	"[{""path"": ""associativvordes/family-index-v5/members/en/42.json.gz"", ""family_id"": ""surface:en:selfrul"", ""record_sha256"": ""2899365f6cf2b30d068c1e4c4e4e29f67067b2f09a581bd0e6b0e66579b587ad""}]"	"{""lemma_id"": ""lemma:4bd1574a2842efe5ddca"", ""word"": ""self-rule"", ""normalized"": ""self-rule"", ""search_form"": ""self-rule"", ""rank"": 70911, ""frequency_score"": 2.644019477115455, ""category_breakdown"": {""web"": {""ipm_values"": [0.162877], ""category_ipm"": 0.162877, ""category_score"": 2.644019477115455}}, ""sources"": [{""id"": ""web/sorted.uk.lemma.unigrams.cleaned_recommended_min100_ipm6.json"", ""file"": ""sorted.uk.lemma.unigrams.cleaned_recommended_min100_ipm6.json"", ""category"": ""web"", ""ipm"": 0.162877}], ""corpus_quality"": {""status"": ""accepted"", ""reasons"": []}, ""components"": [{""surface"": ""self-rul"", ""canonical_candidate"": ""selfrul"", ""confidence"": 0.92, ""evidence"": [{""type"": ""morphological_parse"", ""source"": ""candidate_index"", ""path"": [""self-rule"", ""self-rul"", ""self-rul""], ""confidence"": 0.92}]}]}"
en	lemma:4c8ed7205b14f58ffa95	regulars	accepted	accepted	regular	aggregate_only_not_sense_frequency	"[{""path"": ""associativvordes/family-index-v5/members/en/0a.json.gz"", ""family_id"": ""ety:4243ad460a1e"", ""record_sha256"": ""f9b4caae47170c86ad3c055be81afc0533118d508821fc59e08012bf8d9f8cc4""}, {""path"": ""associativvordes/family-index-v5/members/en/40.json.gz"", ""family_id"": ""family:regul"", ""record_sha256"": ""8e3fcf3cb685f22936d9410e84bf8dcbfccba54b2421adfe47409d1b56c0f09d""}, {""path"": ""associativvordes/family-index-v5/members/en/5b.json.gz"", ""family_id"": ""ety:7eb55cb05961"", ""record_sha256"": ""b9b62b21e6aac2a57c5aba322a9e8e55f099d0dc50cb8c0a907bc09e9c27b58a""}, {""path"": ""associativvordes/family-index-v5/members/en/6e.json.gz"", ""family_id"": ""ety:f30985b5ddb7"", ""record_sha256"": ""f9b4caae47170c86ad3c055be81afc0533118d508821fc59e08012bf8d9f8cc4""}]"	"{""lemma_id"": ""lemma:4c8ed7205b14f58ffa95"", ""word"": ""regulars"", ""normalized"": ""regulars"", ""search_form"": ""regulars"", ""rank"": 47089, ""frequency_score"": 5.067064278820987, ""category_breakdown"": {""web"": {""ipm_values"": [0.335336], ""category_ipm"": 0.335336, ""category_score"": 5.067064278820987}}, ""sources"": [{""id"": ""web/sorted.uk.lemma.unigrams.cleaned_recommended_min100_ipm6.json"", ""file"": ""sorted.uk.lemma.unigrams.cleaned_recommended_min100_ipm6.json"", ""category"": ""web"", ""ipm"": 0.335336}], ""corpus_quality"": {""status"": ""accepted"", ""reasons"": []}, ""components"": [{""surface"": ""lars"", ""canonical_candidate"": ""lars"", ""confidence"": 0.89, ""evidence"": [{""type"": ""compound_morphology"", ""source"": ""candidate_index"", ""path"": [""regulars"", ""lars"", ""lars""], ""confidence"": 0.89}]}]}"
en	lemma:4ed2d1391e60a4ce89cf	regularization	accepted	accepted	regular	aggregate_only_not_sense_frequency	"[{""path"": ""associativvordes/family-index-v5/members/en/01.json.gz"", ""family_id"": ""surface:en:regularizat"", ""record_sha256"": ""23a7df1f58eb318d440494ac0370ed5d8b243c882e3e838939d6b131f057181c""}, {""path"": ""associativvordes/family-index-v5/members/en/40.json.gz"", ""family_id"": ""family:regul"", ""record_sha256"": ""f62509b3714e6b1db25d13066bb8d3df54b644a11191f319d445f053bdb71049""}, {""path"": ""associativvordes/family-index-v5/members/en/6a.json.gz"", ""family_id"": ""surface:en:ation"", ""record_sha256"": ""dd36b26b6d761e0961a2d1008919c180441f17f0ee60b66df1133ae300425e06""}]"	"{""lemma_id"": ""lemma:4ed2d1391e60a4ce89cf"", ""word"": ""regularization"", ""normalized"": ""regularization"", ""search_form"": ""regularization"", ""rank"": 39028, ""frequency_score"": 1.6286725733135183, ""category_breakdown"": {""subtitles"": {""ipm_values"": [0.00748, 0.193958], ""category_ipm"": 0.10071899999999999, ""category_score"": 1.6814744798868348}, ""normative"": {""ipm_values"": [0.073072], ""category_ipm"": 0.073072, ""category_score"": 1.2357490868418866}, ""web"": {""ipm_values"": [0.118917], ""category_ipm"": 0.118917, ""category_score"": 1.968794153211833}}, ""sources"": [{""id"": ""normative/bnc-clean2.lemmatized_spacy_ipm6.json"", ""file"": ""bnc-clean2.lemmatized_spacy_ipm6.json"", ""category"": ""normative"", ""ipm"": 0.073072}, {""id"": ""subtitles/hermit_2016_en_full_lemmatized_ipm6_spacy_lookup_cleaned_v8.json"", ""file"": ""hermit_2016_en_full_lemmatized_ipm6_spacy_lookup_cleaned_v8.json"", ""category"": ""subtitles"", ""ipm"": 0.00748}, {""id"": ""subtitles/hermit_2018_en_full_lemmatized_ipm6_spacy_lookup_cleaned_v8.json"", ""file"": ""hermit_2018_en_full_lemmatized_ipm6_spacy_lookup_cleaned_v8.json"", ""category"": ""subtitles"", ""ipm"": 0.193958}, {""id"": ""web/sorted.uk.lemma.unigrams.cleaned_recommended_min100_ipm6.json"", ""file"": ""sorted.uk.lemma.unigrams.cleaned_recommended_min100_ipm6.json"", ""category"": ""web"", ""ipm"": 0.118917}], ""corpus_quality"": {""status"": ""accepted"", ""reasons"": []}, ""components"": [{""surface"": ""regularizat"", ""canonical_candidate"": ""regularizat"", ""confidence"": 0.89, ""evidence"": [{""type"": ""compound_morphology"", ""source"": ""candidate_index"", ""path"": [""regularization"", ""regularizat"", ""regularizat""], ""confidence"": 0.89}]}]}"
en	lemma:4f7968ede9d0769bfb24	rule-making	uncertain	not_admitted_candidate		aggregate_only_not_sense_frequency	"[{""path"": ""associativvordes/family-index-v5/members/en/02.json.gz"", ""family_id"": ""ety:850ecd316aaf"", ""record_sha256"": ""c03cb7b49cdb7fbbcdbe3e656bb3957cf8cfbc0e875d0b99f749c942e12d6533""}, {""path"": ""associativvordes/family-index-v5/members/en/c2.json.gz"", ""family_id"": ""surface:en:rulemak"", ""record_sha256"": ""69efd681e601b41186790b99beb39fe0fef81411dee6bc2a9554d7471eeea2df""}]"	"{""lemma_id"": ""lemma:4f7968ede9d0769bfb24"", ""word"": ""rule-making"", ""normalized"": ""rule-making"", ""search_form"": ""rule-making"", ""rank"": 91580, ""frequency_score"": 1.7467625842311634, ""category_breakdown"": {""web"": {""ipm_values"": [0.104828], ""category_ipm"": 0.104828, ""category_score"": 1.7467625842311634}}, ""sources"": [{""id"": ""web/sorted.uk.lemma.unigrams.cleaned_recommended_min100_ipm6.json"", ""file"": ""sorted.uk.lemma.unigrams.cleaned_recommended_min100_ipm6.json"", ""category"": ""web"", ""ipm"": 0.104828}], ""corpus_quality"": {""status"": ""accepted"", ""reasons"": []}, ""components"": [{""surface"": ""ing"", ""canonical_candidate"": ""ing"", ""confidence"": 0.89, ""evidence"": [{""type"": ""compound_morphology"", ""source"": ""candidate_index"", ""path"": [""rule-making"", ""ing"", ""ing""], ""confidence"": 0.89}]}]}"
en	lemma:51fc4996a7c0d75f81b8	irregulariy	uncertain	not_admitted_candidate		aggregate_only_not_sense_frequency	"[{""path"": ""associativvordes/family-index-v5/members/en/ac.json.gz"", ""family_id"": ""surface:en:irregula"", ""record_sha256"": ""cda954322f4b68d3e25920ec3f77aa8c15c333efba6a10b7880be5941be2eaed""}, {""path"": ""associativvordes/family-index-v5/members/en/fb.json.gz"", ""family_id"": ""surface:en:riy"", ""record_sha256"": ""b5ca58934a0a1d04a5d08b8c6ce7423570ab025b685058e7ceadedbd3adb96b3""}]"	"{""lemma_id"": ""lemma:51fc4996a7c0d75f81b8"", ""word"": ""irregulariy"", ""normalized"": ""irregulariy"", ""search_form"": ""irregulariy"", ""rank"": 619418, ""frequency_score"": 0.032735546362605054, ""category_breakdown"": {""subtitles"": {""ipm_values"": [0.00187], ""category_ipm"": 0.00187, ""category_score"": 0.032735546362605054}}, ""sources"": [{""id"": ""subtitles/hermit_2016_en_full_lemmatized_ipm6_spacy_lookup_cleaned_v8.json"", ""file"": ""hermit_2016_en_full_lemmatized_ipm6_spacy_lookup_cleaned_v8.json"", ""category"": ""subtitles"", ""ipm"": 0.00187}], ""corpus_quality"": {""status"": ""accepted"", ""reasons"": []}, ""components"": [{""surface"": ""irregula"", ""canonical_candidate"": ""irregula"", ""confidence"": 0.81, ""evidence"": [{""type"": ""compound_morphology"", ""source"": ""candidate_index"", ""path"": [""irregulariy"", ""irregula"", ""irregula""], ""confidence"": 0.81}]}]}"
en	lemma:538260210b63096b2374	regulzr	uncertain	not_admitted_candidate		aggregate_only_not_sense_frequency	"[{""path"": ""associativvordes/family-index-v5/members/en/1c.json.gz"", ""family_id"": ""surface:en:regulzr"", ""record_sha256"": ""e1c1a6445805a26eb0c5b8ccd588aa4e80132a9c7cbb3a59c556214ca794527c""}]"	"{""lemma_id"": ""lemma:538260210b63096b2374"", ""word"": ""regulzr"", ""normalized"": ""regulzr"", ""search_form"": ""regulzr"", ""rank"": 749018, ""frequency_score"": 0.032735546362605054, ""category_breakdown"": {""subtitles"": {""ipm_values"": [0.00187], ""category_ipm"": 0.00187, ""category_score"": 0.032735546362605054}}, ""sources"": [{""id"": ""subtitles/hermit_2016_en_full_lemmatized_ipm6_spacy_lookup_cleaned_v8.json"", ""file"": ""hermit_2016_en_full_lemmatized_ipm6_spacy_lookup_cleaned_v8.json"", ""category"": ""subtitles"", ""ipm"": 0.00187}], ""corpus_quality"": {""status"": ""accepted"", ""reasons"": []}, ""components"": [{""surface"": ""regulzr"", ""canonical_candidate"": ""regulzr"", ""confidence"": 0.8, ""evidence"": [{""type"": ""morphological_parse"", ""source"": ""candidate_index"", ""path"": [""regulzr"", ""regulzr"", ""regulzr""], ""confidence"": 0.8}]}]}"
en	lemma:54029180b87f425faf34	deregulate	accepted	accepted	regulate	aggregate_only_not_sense_frequency	"[{""path"": ""associativvordes/family-index-v5/members/en/40.json.gz"", ""family_id"": ""family:regul"", ""record_sha256"": ""56383b500f06ec2106eecd513fd3e97d6842aa0a770059e3de14ad2436a2d2b3""}, {""path"": ""associativvordes/family-index-v5/members/en/a8.json.gz"", ""family_id"": ""surface:en:regulate"", ""record_sha256"": ""357b7b5840e39bd31993f7e80c94c89f6bd85e83b8f19d286720f868c88c4e9b""}, {""path"": ""associativvordes/family-index-v5/members/en/f8.json.gz"", ""family_id"": ""surface:en:deregulat"", ""record_sha256"": ""ec4f89dcfbd263e61c72d900152a7dd9274ad7c36e227e6c212bfed99f0c1636""}]"	"{""lemma_id"": ""lemma:54029180b87f425faf34"", ""word"": ""deregulate"", ""normalized"": ""deregulate"", ""search_form"": ""deregulate"", ""rank"": 21086, ""frequency_score"": 8.40811170998857, ""category_breakdown"": {""subtitles"": {""ipm_values"": [0.136512, 0.118691], ""category_ipm"": 0.1276015, ""category_score"": 2.104266519216744}, ""normative"": {""ipm_values"": [1.137834], ""category_ipm"": 1.137834, ""category_score"": 13.313097726967612}, ""web"": {""ipm_values"": [0.750138], ""category_ipm"": 0.750138, ""category_score"": 9.806970883781348}}, ""sources"": [{""id"": ""normative/bnc-clean2.lemmatized_spacy_ipm6.json"", ""file"": ""bnc-clean2.lemmatized_spacy_ipm6.json"", ""category"": ""normative"", ""ipm"": 1.137834}, {""id"": ""subtitles/hermit_2016_en_full_lemmatized_ipm6_spacy_lookup_cleaned_v8.json"", ""file"": ""hermit_2016_en_full_lemmatized_ipm6_spacy_lookup_cleaned_v8.json"", ""category"": ""subtitles"", ""ipm"": 0.136512}, {""id"": ""subtitles/hermit_2018_en_full_lemmatized_ipm6_spacy_lookup_cleaned_v8.json"", ""file"": ""hermit_2018_en_full_lemmatized_ipm6_spacy_lookup_cleaned_v8.json"", ""category"": ""subtitles"", ""ipm"": 0.118691}, {""id"": ""web/sorted.uk.lemma.unigrams.cleaned_recommended_min100_ipm6.json"", ""file"": ""sorted.uk.lemma.unigrams.cleaned_recommended_min100_ipm6.json"", ""category"": ""web"", ""ipm"": 0.750138}], ""corpus_quality"": {""status"": ""accepted"", ""reasons"": []}, ""components"": [{""surface"": ""regul"", ""canonical_candidate"": ""regul"", ""confidence"": 1, ""evidence"": [{""type"": ""compound_morphology"", ""source"": ""manually_verified"", ""path"": [""deregulate"", ""regul"", ""regul""], ""confidence"": 1}, {""type"": ""verified_seed_alias"", ""source"": ""methodology_control_seed"", ""path"": [""en"", ""regul"", ""family:regul""], ""confidence"": 1}]}]}"
en	lemma:5686b57cc943c5b74deb	regularly	accepted	accepted	regular	aggregate_only_not_sense_frequency	"[{""path"": ""associativvordes/family-index-v5/members/en/40.json.gz"", ""family_id"": ""family:regul"", ""record_sha256"": ""2ea2e193e5c63584920026239cd2e770be203eca27dc097e229f7ae8f439e712""}, {""path"": ""associativvordes/family-index-v5/members/en/5b.json.gz"", ""family_id"": ""ety:7eb55cb05961"", ""record_sha256"": ""30674998dae38ed79b4dad2bf71990776c5e2e7f1230220ab1f3323ccb40a06c""}]"	"{""lemma_id"": ""lemma:5686b57cc943c5b74deb"", ""word"": ""regularly"", ""normalized"": ""regularly"", ""search_form"": ""regularly"", ""rank"": 1801, ""frequency_score"": 56.51167459657482, ""category_breakdown"": {""subtitles"": {""ipm_values"": [5.116393, 5.31792], ""category_ipm"": 5.2171565, ""category_score"": 32.01817667988852}, ""normative"": {""ipm_values"": [40.064252], ""category_ipm"": 40.064252, ""category_score"": 65.09665644535735}, ""web"": {""ipm_values"": [61.370982], ""category_ipm"": 61.370982, ""category_score"": 72.42019066447855}}, ""sources"": [{""id"": ""normative/bnc-clean2.lemmatized_spacy_ipm6.json"", ""file"": ""bnc-clean2.lemmatized_spacy_ipm6.json"", ""category"": ""normative"", ""ipm"": 40.064252}, {""id"": ""subtitles/hermit_2016_en_full_lemmatized_ipm6_spacy_lookup_cleaned_v8.json"", ""file"": ""hermit_2016_en_full_lemmatized_ipm6_spacy_lookup_cleaned_v8.json"", ""category"": ""subtitles"", ""ipm"": 5.116393}, {""id"": ""subtitles/hermit_2018_en_full_lemmatized_ipm6_spacy_lookup_cleaned_v8.json"", ""file"": ""hermit_2018_en_full_lemmatized_ipm6_spacy_lookup_cleaned_v8.json"", ""category"": ""subtitles"", ""ipm"": 5.31792}, {""id"": ""web/sorted.uk.lemma.unigrams.cleaned_recommended_min100_ipm6.json"", ""file"": ""sorted.uk.lemma.unigrams.cleaned_recommended_min100_ipm6.json"", ""category"": ""web"", ""ipm"": 61.370982}], ""corpus_quality"": {""status"": ""accepted"", ""reasons"": []}, ""components"": [{""surface"": ""regul"", ""canonical_candidate"": ""regul"", ""confidence"": 0.97, ""evidence"": [{""type"": ""compound_morphology"", ""source"": ""manually_verified"", ""path"": [""regularly"", ""regul"", ""regul""], ""confidence"": 0.97}, {""type"": ""verified_seed_alias"", ""source"": ""methodology_control_seed"", ""path"": [""en"", ""regul"", ""family:regul""], ""confidence"": 1}]}]}"
en	lemma:57685a078de0e9b64785	regulary	uncertain	withheld_historical_uncertain		aggregate_only_not_sense_frequency	"[{""path"": ""associativvordes/family-index-v5/members/en/40.json.gz"", ""family_id"": ""family:regul"", ""record_sha256"": ""c4b7c81835c3b5fe6b79d923460ed4d90828472b9be8ca9b62433d900a02be7e""}, {""path"": ""associativvordes/family-index-v5/members/en/a1.json.gz"", ""family_id"": ""ety:f325374ada5a"", ""record_sha256"": ""6797e38fe6bbb78ebfbe8948683cb93427f904b92f3d4807ab40d4a633c6a212""}]"	"{""lemma_id"": ""lemma:57685a078de0e9b64785"", ""word"": ""regulary"", ""normalized"": ""regulary"", ""search_form"": ""regulary"", ""rank"": 60590, ""frequency_score"": 1.8809216905821389, ""category_breakdown"": {""subtitles"": {""ipm_values"": [0.02244, 0.017369], ""category_ipm"": 0.0199045, ""category_score"": 0.3453410666272304}, ""web"": {""ipm_values"": [0.215291], ""category_ipm"": 0.215291, ""category_score"": 3.4165023145370474}}, ""sources"": [{""id"": ""subtitles/hermit_2016_en_full_lemmatized_ipm6_spacy_lookup_cleaned_v8.json"", ""file"": ""hermit_2016_en_full_lemmatized_ipm6_spacy_lookup_cleaned_v8.json"", ""category"": ""subtitles"", ""ipm"": 0.02244}, {""id"": ""subtitles/hermit_2018_en_full_lemmatized_ipm6_spacy_lookup_cleaned_v8.json"", ""file"": ""hermit_2018_en_full_lemmatized_ipm6_spacy_lookup_cleaned_v8.json"", ""category"": ""subtitles"", ""ipm"": 0.017369}, {""id"": ""web/sorted.uk.lemma.unigrams.cleaned_recommended_min100_ipm6.json"", ""file"": ""sorted.uk.lemma.unigrams.cleaned_recommended_min100_ipm6.json"", ""category"": ""web"", ""ipm"": 0.215291}], ""corpus_quality"": {""status"": ""accepted"", ""reasons"": []}, ""components"": [{""surface"": ""regul"", ""canonical_candidate"": ""regul"", ""confidence"": 0.97, ""evidence"": [{""type"": ""compound_morphology"", ""source"": ""manually_verified"", ""path"": [""regulary"", ""regul"", ""regul""], ""confidence"": 0.97}, {""type"": ""verified_seed_alias"", ""source"": ""methodology_control_seed"", ""path"": [""en"", ""regul"", ""family:regul""], ""confidence"": 1}]}]}"
en	lemma:5b7474065892cbae4479	caregul	uncertain	not_admitted_candidate		aggregate_only_not_sense_frequency	"[{""path"": ""associativvordes/family-index-v5/members/en/a0.json.gz"", ""family_id"": ""surface:en:egul"", ""record_sha256"": ""4515a328dbd8881548baf30d8090d471c77113d5cd4f309263654945577f65b5""}, {""path"": ""associativvordes/family-index-v5/members/en/d9.json.gz"", ""family_id"": ""ety:d93115669943"", ""record_sha256"": ""973fab79262e77f0604d4cb95f71a3db9596f3513a138b57455d8768a578f202""}, {""path"": ""associativvordes/family-index-v5/members/en/e5.json.gz"", ""family_id"": ""ety:7a8bda7d8992"", ""record_sha256"": ""973fab79262e77f0604d4cb95f71a3db9596f3513a138b57455d8768a578f202""}]"	"{""lemma_id"": ""lemma:5b7474065892cbae4479"", ""word"": ""caregul"", ""normalized"": ""caregul"", ""search_form"": ""caregul"", ""rank"": 339026, ""frequency_score"": 0.045384486408519484, ""category_breakdown"": {""subtitles"": {""ipm_values"": [0.00374, 0.001447], ""category_ipm"": 0.0025935, ""category_score"": 0.045384486408519484}}, ""sources"": [{""id"": ""subtitles/hermit_2016_en_full_lemmatized_ipm6_spacy_lookup_cleaned_v8.json"", ""file"": ""hermit_2016_en_full_lemmatized_ipm6_spacy_lookup_cleaned_v8.json"", ""category"": ""subtitles"", ""ipm"": 0.00374}, {""id"": ""subtitles/hermit_2018_en_full_lemmatized_ipm6_spacy_lookup_cleaned_v8.json"", ""file"": ""hermit_2018_en_full_lemmatized_ipm6_spacy_lookup_cleaned_v8.json"", ""category"": ""subtitles"", ""ipm"": 0.001447}], ""corpus_quality"": {""status"": ""accepted"", ""reasons"": []}, ""components"": [{""surface"": ""egul"", ""canonical_candidate"": ""egul"", ""confidence"": 0.89, ""evidence"": [{""type"": ""compound_morphology"", ""source"": ""candidate_index"", ""path"": [""caregul"", ""egul"", ""egul""], ""confidence"": 0.89}]}]}"
en	lemma:5bfac79df365de7c3f16	regular	accepted	accepted	regular	aggregate_only_not_sense_frequency	"[{""path"": ""associativvordes/family-index-v5/members/en/40.json.gz"", ""family_id"": ""family:regul"", ""record_sha256"": ""5f5bfc2fa7d7e3bfb1c6525da561cc2fa16811ed194f30a90bec5b0e0e9a3384""}]"	"{""lemma_id"": ""lemma:5bfac79df365de7c3f16"", ""word"": ""regular"", ""normalized"": ""regular"", ""search_form"": ""regular"", ""rank"": 1052, ""frequency_score"": 74.62316145518973, ""category_breakdown"": {""subtitles"": {""ipm_values"": [32.78531, 33.492477], ""category_ipm"": 33.1388935, ""category_score"": 61.860331102861984}, ""normative"": {""ipm_values"": [81.830034], ""category_ipm"": 81.830034, ""category_score"": 77.39101787415231}, ""web"": {""ipm_values"": [124.117124], ""category_ipm"": 124.117124, ""category_score"": 84.61813538855488}}, ""sources"": [{""id"": ""normative/bnc-clean2.lemmatized_spacy_ipm6.json"", ""file"": ""bnc-clean2.lemmatized_spacy_ipm6.json"", ""category"": ""normative"", ""ipm"": 81.830034}, {""id"": ""subtitles/hermit_2016_en_full_lemmatized_ipm6_spacy_lookup_cleaned_v8.json"", ""file"": ""hermit_2016_en_full_lemmatized_ipm6_spacy_lookup_cleaned_v8.json"", ""category"": ""subtitles"", ""ipm"": 32.78531}, {""id"": ""subtitles/hermit_2018_en_full_lemmatized_ipm6_spacy_lookup_cleaned_v8.json"", ""file"": ""hermit_2018_en_full_lemmatized_ipm6_spacy_lookup_cleaned_v8.json"", ""category"": ""subtitles"", ""ipm"": 33.492477}, {""id"": ""web/sorted.uk.lemma.unigrams.cleaned_recommended_min100_ipm6.json"", ""file"": ""sorted.uk.lemma.unigrams.cleaned_recommended_min100_ipm6.json"", ""category"": ""web"", ""ipm"": 124.117124}], ""corpus_quality"": {""status"": ""accepted"", ""reasons"": []}, ""components"": [{""surface"": ""regular"", ""canonical_candidate"": ""regul"", ""confidence"": 1, ""evidence"": [{""type"": ""manual_override"", ""source"": ""methodology_control_word"", ""path"": [""en"", ""regular"", ""family:regul""], ""confidence"": 1}]}]}"
en	lemma:5c7860706a7cd3541a81	regulatjons	uncertain	withheld_historical_uncertain		aggregate_only_not_sense_frequency	"[{""path"": ""associativvordes/family-index-v5/members/en/20.json.gz"", ""family_id"": ""surface:en:regulatjon"", ""record_sha256"": ""804aeeab5db3f1b00999468771d06d7dbed5eafbd61eca534fbeb0d283ce8535""}, {""path"": ""associativvordes/family-index-v5/members/en/40.json.gz"", ""family_id"": ""family:regul"", ""record_sha256"": ""6dadd3b96c8ea5ea27f928c47013603271fa4c657a7eac7d1ed58c2cc1ede503""}, {""path"": ""associativvordes/family-index-v5/members/en/bd.json.gz"", ""family_id"": ""surface:en:jons"", ""record_sha256"": ""fcca122ae3b6c02d0d3f6ed6f15a06485afd66d27557eca701b06c4d0d3f8da4""}]"	"{""lemma_id"": ""lemma:5c7860706a7cd3541a81"", ""word"": ""regulatjons"", ""normalized"": ""regulatjons"", ""search_form"": ""regulatjons"", ""rank"": 855356, ""frequency_score"": 0.025336011347990555, ""category_breakdown"": {""subtitles"": {""ipm_values"": [0.001447], ""category_ipm"": 0.001447, ""category_score"": 0.025336011347990555}}, ""sources"": [{""id"": ""subtitles/hermit_2018_en_full_lemmatized_ipm6_spacy_lookup_cleaned_v8.json"", ""file"": ""hermit_2018_en_full_lemmatized_ipm6_spacy_lookup_cleaned_v8.json"", ""category"": ""subtitles"", ""ipm"": 0.001447}], ""corpus_quality"": {""status"": ""accepted"", ""reasons"": []}, ""components"": [{""surface"": ""regulatjon"", ""canonical_candidate"": ""regulatjon"", ""confidence"": 0.92, ""evidence"": [{""type"": ""morphological_parse"", ""source"": ""candidate_index"", ""path"": [""regulatjons"", ""regulatjon"", ""regulatjon""], ""confidence"": 0.92}]}]}"
en	lemma:5cd88403e8e9f27cdd93	irregularitles	uncertain	not_admitted_candidate		aggregate_only_not_sense_frequency	"[{""path"": ""associativvordes/family-index-v5/members/en/7c.json.gz"", ""family_id"": ""surface:en:itles"", ""record_sha256"": ""3e558b95e57529ad2abb25f6957ebfb527e0f5bf76fae172b68318e3c673dc69""}, {""path"": ""associativvordes/family-index-v5/members/en/9c.json.gz"", ""family_id"": ""surface:en:irregularitle"", ""record_sha256"": ""7ef87543a64937163c18c06221b64dd8e9064dc760a9e44e7bd7e6f90aa0fb43""}]"	"{""lemma_id"": ""lemma:5cd88403e8e9f27cdd93"", ""word"": ""irregularitles"", ""normalized"": ""irregularitles"", ""search_form"": ""irregularitles"", ""rank"": 619417, ""frequency_score"": 0.032735546362605054, ""category_breakdown"": {""subtitles"": {""ipm_values"": [0.00187], ""category_ipm"": 0.00187, ""category_score"": 0.032735546362605054}}, ""sources"": [{""id"": ""subtitles/hermit_2016_en_full_lemmatized_ipm6_spacy_lookup_cleaned_v8.json"", ""file"": ""hermit_2016_en_full_lemmatized_ipm6_spacy_lookup_cleaned_v8.json"", ""category"": ""subtitles"", ""ipm"": 0.00187}], ""corpus_quality"": {""status"": ""accepted"", ""reasons"": []}, ""components"": [{""surface"": ""itles"", ""canonical_candidate"": ""itles"", ""confidence"": 0.89, ""evidence"": [{""type"": ""compound_morphology"", ""source"": ""candidate_index"", ""path"": [""irregularitles"", ""itles"", ""itles""], ""confidence"": 0.89}]}]}"
en	lemma:5e80e80cd2e404278082	overregulating	accepted	accepted	regulate	aggregate_only_not_sense_frequency	"[{""path"": ""associativvordes/family-index-v5/members/en/23.json.gz"", ""family_id"": ""surface:en:overregulat"", ""record_sha256"": ""decb850d666486fdfba931e9ced5994e300bbd71c5fa7b4ac97c55facfd1ebbe""}, {""path"": ""associativvordes/family-index-v5/members/en/29.json.gz"", ""family_id"": ""surface:en:ting"", ""record_sha256"": ""a8f6a856af4449ef588ca815c18d167128d84d1373b4eb90640eaabc34ea8874""}, {""path"": ""associativvordes/family-index-v5/members/en/40.json.gz"", ""family_id"": ""family:regul"", ""record_sha256"": ""9f78a2aadddd12fa09e2f6009c9fd3c3bc83239125515e8ef4608b62f8af9c6a""}]"	"{""lemma_id"": ""lemma:5e80e80cd2e404278082"", ""word"": ""overregulating"", ""normalized"": ""overregulating"", ""search_form"": ""overregulating"", ""rank"": 713786, ""frequency_score"": 0.029036169457900194, ""category_breakdown"": {""subtitles"": {""ipm_values"": [0.00187, 0.001447], ""category_ipm"": 0.0016584999999999998, ""category_score"": 0.029036169457900194}}, ""sources"": [{""id"": ""subtitles/hermit_2016_en_full_lemmatized_ipm6_spacy_lookup_cleaned_v8.json"", ""file"": ""hermit_2016_en_full_lemmatized_ipm6_spacy_lookup_cleaned_v8.json"", ""category"": ""subtitles"", ""ipm"": 0.00187}, {""id"": ""subtitles/hermit_2018_en_full_lemmatized_ipm6_spacy_lookup_cleaned_v8.json"", ""file"": ""hermit_2018_en_full_lemmatized_ipm6_spacy_lookup_cleaned_v8.json"", ""category"": ""subtitles"", ""ipm"": 0.001447}], ""corpus_quality"": {""status"": ""accepted"", ""reasons"": []}, ""components"": [{""surface"": ""overregulat"", ""canonical_candidate"": ""overregulat"", ""confidence"": 0.89, ""evidence"": [{""type"": ""compound_morphology"", ""source"": ""candidate_index"", ""path"": [""overregulating"", ""overregulat"", ""overregulat""], ""confidence"": 0.89}]}]}"
en	lemma:5eafc5b4dd421ead970c	upregulation	accepted	accepted	regulate	aggregate_only_not_sense_frequency	"[{""path"": ""associativvordes/family-index-v5/members/en/2d.json.gz"", ""family_id"": ""surface:en:egulation"", ""record_sha256"": ""89542d63167d9b1814497fefdf4f0e52cd49d31c6cba9385136b17fdc02d5a82""}, {""path"": ""associativvordes/family-index-v5/members/en/4a.json.gz"", ""family_id"": ""surface:en:upregulat"", ""record_sha256"": ""05bcadd22dbfb837ad7310b8964a158d4814362de35837418a4a31429fd491f5""}]"	"{""lemma_id"": ""lemma:5eafc5b4dd421ead970c"", ""word"": ""upregulation"", ""normalized"": ""upregulation"", ""search_form"": ""upregulation"", ""rank"": 76496, ""frequency_score"": 0.9373581678582017, ""category_breakdown"": {""subtitles"": {""ipm_values"": [0.00374, 0.002895], ""category_ipm"": 0.0033175, ""category_score"": 0.05803303394570798}, ""normative"": {""ipm_values"": [0.052194], ""category_ipm"": 0.052194, ""category_score"": 0.8914758187625736}, ""web"": {""ipm_values"": [0.112154], ""category_ipm"": 0.112154, ""category_score"": 1.862565650866323}}, ""sources"": [{""id"": ""normative/bnc-clean2.lemmatized_spacy_ipm6.json"", ""file"": ""bnc-clean2.lemmatized_spacy_ipm6.json"", ""category"": ""normative"", ""ipm"": 0.052194}, {""id"": ""subtitles/hermit_2016_en_full_lemmatized_ipm6_spacy_lookup_cleaned_v8.json"", ""file"": ""hermit_2016_en_full_lemmatized_ipm6_spacy_lookup_cleaned_v8.json"", ""category"": ""subtitles"", ""ipm"": 0.00374}, {""id"": ""subtitles/hermit_2018_en_full_lemmatized_ipm6_spacy_lookup_cleaned_v8.json"", ""file"": ""hermit_2018_en_full_lemmatized_ipm6_spacy_lookup_cleaned_v8.json"", ""category"": ""subtitles"", ""ipm"": 0.002895}, {""id"": ""web/sorted.uk.lemma.unigrams.cleaned_recommended_min100_ipm6.json"", ""file"": ""sorted.uk.lemma.unigrams.cleaned_recommended_min100_ipm6.json"", ""category"": ""web"", ""ipm"": 0.112154}], ""corpus_quality"": {""status"": ""accepted"", ""reasons"": []}, ""components"": [{""surface"": ""egulation"", ""canonical_candidate"": ""egulation"", ""confidence"": 0.89, ""evidence"": [{""type"": ""compound_morphology"", ""source"": ""candidate_index"", ""path"": [""upregulation"", ""egulation"", ""egulation""], ""confidence"": 0.89}]}]}"
en	lemma:5fcae59a99cba93f50d7	regulararmy	uncertain	withheld_historical_uncertain		aggregate_only_not_sense_frequency	"[{""path"": ""associativvordes/family-index-v5/members/en/32.json.gz"", ""family_id"": ""ety:3313786f4dca"", ""record_sha256"": ""e0a78e7e082b2ffa1480ce90741700145909f989bd56ae70550f731b3de6009f""}, {""path"": ""associativvordes/family-index-v5/members/en/40.json.gz"", ""family_id"": ""family:regul"", ""record_sha256"": ""3c1d53a1190af611edb790585763cd432e7ae64242d0d987fa6cfa9ba479727c""}, {""path"": ""associativvordes/family-index-v5/members/en/b7.json.gz"", ""family_id"": ""ety:4dad4d1378ea"", ""record_sha256"": ""e0a78e7e082b2ffa1480ce90741700145909f989bd56ae70550f731b3de6009f""}, {""path"": ""associativvordes/family-index-v5/members/en/be.json.gz"", ""family_id"": ""surface:en:regulara"", ""record_sha256"": ""c0db028ac651e704a946b9826fc13c9af6cb47137faec608edb599e7d1fe3542""}]"	"{""lemma_id"": ""lemma:5fcae59a99cba93f50d7"", ""word"": ""regulararmy"", ""normalized"": ""regulararmy"", ""search_form"": ""regulararmy"", ""rank"": 468519, ""frequency_score"": 0.041696519541016566, ""category_breakdown"": {""subtitles"": {""ipm_values"": [0.00187, 0.002895], ""category_ipm"": 0.0023825, ""category_score"": 0.041696519541016566}}, ""sources"": [{""id"": ""subtitles/hermit_2016_en_full_lemmatized_ipm6_spacy_lookup_cleaned_v8.json"", ""file"": ""hermit_2016_en_full_lemmatized_ipm6_spacy_lookup_cleaned_v8.json"", ""category"": ""subtitles"", ""ipm"": 0.00187}, {""id"": ""subtitles/hermit_2018_en_full_lemmatized_ipm6_spacy_lookup_cleaned_v8.json"", ""file"": ""hermit_2018_en_full_lemmatized_ipm6_spacy_lookup_cleaned_v8.json"", ""category"": ""subtitles"", ""ipm"": 0.002895}], ""corpus_quality"": {""status"": ""accepted"", ""reasons"": []}, ""components"": [{""surface"": ""army"", ""canonical_candidate"": ""army"", ""confidence"": 0.89, ""evidence"": [{""type"": ""compound_morphology"", ""source"": ""candidate_index"", ""path"": [""regulararmy"", ""army"", ""army""], ""confidence"": 0.89}]}]}"
en	lemma:6065d56dad80108c616d	irregula	uncertain	not_admitted_candidate		aggregate_only_not_sense_frequency	"[{""path"": ""associativvordes/family-index-v5/members/en/ac.json.gz"", ""family_id"": ""surface:en:irregula"", ""record_sha256"": ""4592d5b1d2c5739280dd19539ee09c04daba7a73eb1a6e8f793a702229c294f2""}]"	"{""lemma_id"": ""lemma:6065d56dad80108c616d"", ""word"": ""irregula"", ""normalized"": ""irregula"", ""search_form"": ""irregula"", ""rank"": 290118, ""frequency_score"": 0.07435433130373886, ""category_breakdown"": {""subtitles"": {""ipm_values"": [0.00561, 0.002895], ""category_ipm"": 0.0042525, ""category_score"": 0.07435433130373886}}, ""sources"": [{""id"": ""subtitles/hermit_2016_en_full_lemmatized_ipm6_spacy_lookup_cleaned_v8.json"", ""file"": ""hermit_2016_en_full_lemmatized_ipm6_spacy_lookup_cleaned_v8.json"", ""category"": ""subtitles"", ""ipm"": 0.00561}, {""id"": ""subtitles/hermit_2018_en_full_lemmatized_ipm6_spacy_lookup_cleaned_v8.json"", ""file"": ""hermit_2018_en_full_lemmatized_ipm6_spacy_lookup_cleaned_v8.json"", ""category"": ""subtitles"", ""ipm"": 0.002895}], ""corpus_quality"": {""status"": ""accepted"", ""reasons"": []}, ""components"": [{""surface"": ""irregula"", ""canonical_candidate"": ""irregula"", ""confidence"": 0.92, ""evidence"": [{""type"": ""morphological_parse"", ""source"": ""candidate_index"", ""path"": [""irregula"", ""irregula"", ""irregula""], ""confidence"": 0.92}]}]}"
en	lemma:607420c2ac5b11ef4a09	overregulated	accepted	accepted	regulate	aggregate_only_not_sense_frequency	"[{""path"": ""associativvordes/family-index-v5/members/en/23.json.gz"", ""family_id"": ""surface:en:overregulat"", ""record_sha256"": ""d6cd9541f8c1b74272ab29daeecbaccec6dff94120426415dfb56f789e3726cd""}, {""path"": ""associativvordes/family-index-v5/members/en/40.json.gz"", ""family_id"": ""family:regul"", ""record_sha256"": ""d37493b8a175ecaf1f3dbcbb37e106e5f7f23de6c131435a885569cc25a79b8c""}]"	"{""lemma_id"": ""lemma:607420c2ac5b11ef4a09"", ""word"": ""overregulated"", ""normalized"": ""overregulated"", ""search_form"": ""overregulated"", ""rank"": 713785, ""frequency_score"": 0.029036169457900194, ""category_breakdown"": {""subtitles"": {""ipm_values"": [0.00187, 0.001447], ""category_ipm"": 0.0016584999999999998, ""category_score"": 0.029036169457900194}}, ""sources"": [{""id"": ""subtitles/hermit_2016_en_full_lemmatized_ipm6_spacy_lookup_cleaned_v8.json"", ""file"": ""hermit_2016_en_full_lemmatized_ipm6_spacy_lookup_cleaned_v8.json"", ""category"": ""subtitles"", ""ipm"": 0.00187}, {""id"": ""subtitles/hermit_2018_en_full_lemmatized_ipm6_spacy_lookup_cleaned_v8.json"", ""file"": ""hermit_2018_en_full_lemmatized_ipm6_spacy_lookup_cleaned_v8.json"", ""category"": ""subtitles"", ""ipm"": 0.001447}], ""corpus_quality"": {""status"": ""accepted"", ""reasons"": []}, ""components"": [{""surface"": ""overregulat"", ""canonical_candidate"": ""overregulat"", ""confidence"": 0.92, ""evidence"": [{""type"": ""morphological_parse"", ""source"": ""candidate_index"", ""path"": [""overregulated"", ""overregulat"", ""overregulat""], ""confidence"": 0.92}]}]}"
en	lemma:622018d1ee63ee50f6a2	regularise	accepted	accepted	regular	aggregate_only_not_sense_frequency	"[{""path"": ""associativvordes/family-index-v5/members/en/40.json.gz"", ""family_id"": ""family:regul"", ""record_sha256"": ""fa2c299bfcb03ad3164562a6f7ab1328b1274c2dd7c986f9de98ff1942dffc8b""}, {""path"": ""associativvordes/family-index-v5/members/en/cf.json.gz"", ""family_id"": ""surface:en:regularis"", ""record_sha256"": ""bc05212167359d74d4eab7a8037b260db876f679a79078488522a7f6f9b341d3""}, {""path"": ""associativvordes/family-index-v5/members/en/ed.json.gz"", ""family_id"": ""surface:en:arise"", ""record_sha256"": ""4aeb8a01765a065fd6c3f0567ca3ea39b7cbf8d2bfe1f13035e1dd91a76c87ad""}]"	"{""lemma_id"": ""lemma:622018d1ee63ee50f6a2"", ""word"": ""regularise"", ""normalized"": ""regularise"", ""search_form"": ""regularise"", ""rank"": 40689, ""frequency_score"": 3.5553774762743697, ""category_breakdown"": {""subtitles"": {""ipm_values"": [0.00748, 0.014474], ""category_ipm"": 0.010977, ""category_score"": 0.19129103031821532}, ""normative"": {""ipm_values"": [0.292287], ""category_ipm"": 0.292287, ""category_score"": 4.492878269735084}, ""web"": {""ipm_values"": [0.406912], ""category_ipm"": 0.406912, ""category_score"": 5.9819631287698085}}, ""sources"": [{""id"": ""normative/bnc-clean2.lemmatized_spacy_ipm6.json"", ""file"": ""bnc-clean2.lemmatized_spacy_ipm6.json"", ""category"": ""normative"", ""ipm"": 0.292287}, {""id"": ""subtitles/hermit_2016_en_full_lemmatized_ipm6_spacy_lookup_cleaned_v8.json"", ""file"": ""hermit_2016_en_full_lemmatized_ipm6_spacy_lookup_cleaned_v8.json"", ""category"": ""subtitles"", ""ipm"": 0.00748}, {""id"": ""subtitles/hermit_2018_en_full_lemmatized_ipm6_spacy_lookup_cleaned_v8.json"", ""file"": ""hermit_2018_en_full_lemmatized_ipm6_spacy_lookup_cleaned_v8.json"", ""category"": ""subtitles"", ""ipm"": 0.014474}, {""id"": ""web/sorted.uk.lemma.unigrams.cleaned_recommended_min100_ipm6.json"", ""file"": ""sorted.uk.lemma.unigrams.cleaned_recommended_min100_ipm6.json"", ""category"": ""web"", ""ipm"": 0.406912}], ""corpus_quality"": {""status"": ""accepted"", ""reasons"": []}, ""components"": [{""surface"": ""regul"", ""canonical_candidate"": ""regul"", ""confidence"": 0.97, ""evidence"": [{""type"": ""compound_morphology"", ""source"": ""manually_verified"", ""path"": [""regularise"", ""regul"", ""regul""], ""confidence"": 0.97}, {""type"": ""verified_seed_alias"", ""source"": ""methodology_control_seed"", ""path"": [""en"", ""regul"", ""family:regul""], ""confidence"": 1}]}]}"
en	lemma:63552b46d513fa143684	regulon	uncertain	not_admitted_candidate		aggregate_only_not_sense_frequency	"[{""path"": ""associativvordes/family-index-v5/members/en/24.json.gz"", ""family_id"": ""surface:en:regu"", ""record_sha256"": ""96f9923580409a27fe5dbf16d30bb4de21e1e2f8eb05ed38716747087b672d04""}, {""path"": ""associativvordes/family-index-v5/members/en/52.json.gz"", ""family_id"": ""surface:en:lon"", ""record_sha256"": ""d9a8a617277042e4709806745251cf60855470e71810101452b9b91d7891f6ea""}]"	"{""lemma_id"": ""lemma:63552b46d513fa143684"", ""word"": ""regulon"", ""normalized"": ""regulon"", ""search_form"": ""regulon"", ""rank"": 307573, ""frequency_score"": 0.07435433130373886, ""category_breakdown"": {""subtitles"": {""ipm_values"": [0.00561, 0.002895], ""category_ipm"": 0.0042525, ""category_score"": 0.07435433130373886}}, ""sources"": [{""id"": ""subtitles/hermit_2016_en_full_lemmatized_ipm6_spacy_lookup_cleaned_v8.json"", ""file"": ""hermit_2016_en_full_lemmatized_ipm6_spacy_lookup_cleaned_v8.json"", ""category"": ""subtitles"", ""ipm"": 0.00561}, {""id"": ""subtitles/hermit_2018_en_full_lemmatized_ipm6_spacy_lookup_cleaned_v8.json"", ""file"": ""hermit_2018_en_full_lemmatized_ipm6_spacy_lookup_cleaned_v8.json"", ""category"": ""subtitles"", ""ipm"": 0.002895}], ""corpus_quality"": {""status"": ""accepted"", ""reasons"": []}, ""components"": [{""surface"": ""regu"", ""canonical_candidate"": ""regu"", ""confidence"": 0.81, ""evidence"": [{""type"": ""compound_morphology"", ""source"": ""candidate_index"", ""path"": [""regulon"", ""regu"", ""regu""], ""confidence"": 0.81}]}]}"
en	lemma:64a8f69e0109ce95a929	rule-governed	uncertain	not_admitted_candidate		aggregate_only_not_sense_frequency	"[{""path"": ""associativvordes/family-index-v5/members/en/dc.json.gz"", ""family_id"": ""surface:en:rulegovern"", ""record_sha256"": ""c6c585a558690db8439d93a9bc3c3455d5091b165d17e7fb3df5a7a9317b584c""}, {""path"": ""associativvordes/family-index-v5/members/en/e4.json.gz"", ""family_id"": ""surface:en:ned"", ""record_sha256"": ""ee713d2ad462368cb878a33a726f9c524600fe0138576d59aa7a09743d135554""}]"	"{""lemma_id"": ""lemma:64a8f69e0109ce95a929"", ""word"": ""rule-governed"", ""normalized"": ""rule-governed"", ""search_form"": ""rule-governed"", ""rank"": 126767, ""frequency_score"": 1.0353302848211556, ""category_breakdown"": {""web"": {""ipm_values"": [0.060868], ""category_ipm"": 0.060868, ""category_score"": 1.0353302848211556}}, ""sources"": [{""id"": ""web/sorted.uk.lemma.unigrams.cleaned_recommended_min100_ipm6.json"", ""file"": ""sorted.uk.lemma.unigrams.cleaned_recommended_min100_ipm6.json"", ""category"": ""web"", ""ipm"": 0.060868}], ""corpus_quality"": {""status"": ""accepted"", ""reasons"": []}, ""components"": [{""surface"": ""rule-govern"", ""canonical_candidate"": ""rulegovern"", ""confidence"": 0.92, ""evidence"": [{""type"": ""morphological_parse"", ""source"": ""candidate_index"", ""path"": [""rule-governed"", ""rule-govern"", ""rule-govern""], ""confidence"": 0.92}]}]}"
en	lemma:651625353abc939a0575	work-to-rule	uncertain	not_admitted_candidate		aggregate_only_not_sense_frequency	"[{""path"": ""associativvordes/family-index-v5/members/en/5b.json.gz"", ""family_id"": ""ety:7eb55cb05961"", ""record_sha256"": ""161d3261d9d4101d149a3572b3747d2f0e2717266e69f9fd175a8f6ead133e4a""}, {""path"": ""associativvordes/family-index-v5/members/en/f4.json.gz"", ""family_id"": ""surface:en:worktorul"", ""record_sha256"": ""2449dd1ab6be3edd10f3f7401d520f2116093ad29d07de3c02709e857eed5bc4""}]"	"{""lemma_id"": ""lemma:651625353abc939a0575"", ""word"": ""work-to-rule"", ""normalized"": ""work-to-rule"", ""search_form"": ""work-to-rule"", ""rank"": 120373, ""frequency_score"": 1.1281718158830223, ""category_breakdown"": {""web"": {""ipm_values"": [0.066504], ""category_ipm"": 0.066504, ""category_score"": 1.1281718158830223}}, ""sources"": [{""id"": ""web/sorted.uk.lemma.unigrams.cleaned_recommended_min100_ipm6.json"", ""file"": ""sorted.uk.lemma.unigrams.cleaned_recommended_min100_ipm6.json"", ""category"": ""web"", ""ipm"": 0.066504}], ""corpus_quality"": {""status"": ""accepted"", ""reasons"": []}, ""components"": [{""surface"": ""rule"", ""canonical_candidate"": ""rule"", ""confidence"": 0.89, ""evidence"": [{""type"": ""compound_morphology"", ""source"": ""candidate_index"", ""path"": [""work-to-rule"", ""rule"", ""rule""], ""confidence"": 0.89}]}]}"
en	lemma:66b271ff1d010ee4066b	fregoli	uncertain	not_admitted_candidate		aggregate_only_not_sense_frequency	"[{""path"": ""associativvordes/family-index-v5/members/en/68.json.gz"", ""family_id"": ""surface:en:goli"", ""record_sha256"": ""a0c1fc0538db1b5c1554a11afe6a2df46ad8eb9e41866713a78d965586874d2b""}, {""path"": ""associativvordes/family-index-v5/members/en/d5.json.gz"", ""family_id"": ""surface:en:freg"", ""record_sha256"": ""945157ed9901506b67fb06e3f1552c9a3a8ce54f0b4fbe3bca8c48aad461d0a8""}]"	"{""lemma_id"": ""lemma:66b271ff1d010ee4066b"", ""word"": ""fregoli"", ""normalized"": ""fregoli"", ""search_form"": ""fregoli"", ""rank"": 157308, ""frequency_score"": 0.23619201484300473, ""category_breakdown"": {""subtitles"": {""ipm_values"": [0.01122, 0.015922], ""category_ipm"": 0.013571, ""category_score"": 0.23619201484300473}}, ""sources"": [{""id"": ""subtitles/hermit_2016_en_full_lemmatized_ipm6_spacy_lookup_cleaned_v8.json"", ""file"": ""hermit_2016_en_full_lemmatized_ipm6_spacy_lookup_cleaned_v8.json"", ""category"": ""subtitles"", ""ipm"": 0.01122}, {""id"": ""subtitles/hermit_2018_en_full_lemmatized_ipm6_spacy_lookup_cleaned_v8.json"", ""file"": ""hermit_2018_en_full_lemmatized_ipm6_spacy_lookup_cleaned_v8.json"", ""category"": ""subtitles"", ""ipm"": 0.015922}], ""corpus_quality"": {""status"": ""accepted"", ""reasons"": []}, ""components"": [{""surface"": ""goli"", ""canonical_candidate"": ""goli"", ""confidence"": 0.89, ""evidence"": [{""type"": ""compound_morphology"", ""source"": ""candidate_index"", ""path"": [""fregoli"", ""goli"", ""goli""], ""confidence"": 0.89}]}]}"
en	lemma:66b5d65a5cb9ccaca50a	regulak	uncertain	not_admitted_candidate		aggregate_only_not_sense_frequency	"[{""path"": ""associativvordes/family-index-v5/members/en/24.json.gz"", ""family_id"": ""surface:en:regu"", ""record_sha256"": ""e97c146bae1167271444a2ef7fcde19bd58e36b0ddc5e981bcc52f38ef2378ca""}, {""path"": ""associativvordes/family-index-v5/members/en/2f.json.gz"", ""family_id"": ""surface:en:gulak"", ""record_sha256"": ""6d856f3a0640d4440f505e4d9d92c42cd551c6feafc9ff92c3ca190a551d2499""}]"	"{""lemma_id"": ""lemma:66b5d65a5cb9ccaca50a"", ""word"": ""regulak"", ""normalized"": ""regulak"", ""search_form"": ""regulak"", ""rank"": 748983, ""frequency_score"": 0.029036169457900194, ""category_breakdown"": {""subtitles"": {""ipm_values"": [0.00187, 0.001447], ""category_ipm"": 0.0016584999999999998, ""category_score"": 0.029036169457900194}}, ""sources"": [{""id"": ""subtitles/hermit_2016_en_full_lemmatized_ipm6_spacy_lookup_cleaned_v8.json"", ""file"": ""hermit_2016_en_full_lemmatized_ipm6_spacy_lookup_cleaned_v8.json"", ""category"": ""subtitles"", ""ipm"": 0.00187}, {""id"": ""subtitles/hermit_2018_en_full_lemmatized_ipm6_spacy_lookup_cleaned_v8.json"", ""file"": ""hermit_2018_en_full_lemmatized_ipm6_spacy_lookup_cleaned_v8.json"", ""category"": ""subtitles"", ""ipm"": 0.001447}], ""corpus_quality"": {""status"": ""accepted"", ""reasons"": []}, ""components"": [{""surface"": ""regu"", ""canonical_candidate"": ""regu"", ""confidence"": 0.81, ""evidence"": [{""type"": ""compound_morphology"", ""source"": ""candidate_index"", ""path"": [""regulak"", ""regu"", ""regu""], ""confidence"": 0.81}]}]}"
en	lemma:6787b205f1bcda01076e	thermoregulatory	accepted	accepted	regulate	aggregate_only_not_sense_frequency	"[{""path"": ""associativvordes/family-index-v5/members/en/04.json.gz"", ""family_id"": ""surface:en:thermoregulat"", ""record_sha256"": ""4c656af5d9e59583e2138eaa6cf4458287fa448f0d25bbcb4582c3431ef3bae4""}, {""path"": ""associativvordes/family-index-v5/members/en/40.json.gz"", ""family_id"": ""family:regul"", ""record_sha256"": ""5970f640aa2bc7e050aff9feeb1fa17bc503899d6cb7360d892496ff1ed443cf""}, {""path"": ""associativvordes/family-index-v5/members/en/bd.json.gz"", ""family_id"": ""surface:en:tory"", ""record_sha256"": ""2ca1c5fc0384efa86ff81b94e2fe7b20e6c13a588b190aa1691e8b25efd28ae3""}]"	"{""lemma_id"": ""lemma:6787b205f1bcda01076e"", ""word"": ""thermoregulatory"", ""normalized"": ""thermoregulatory"", ""search_form"": ""thermoregulatory"", ""rank"": 57592, ""frequency_score"": 1.077455201284212, ""category_breakdown"": {""subtitles"": {""ipm_values"": [0.00561, 0.004342], ""category_ipm"": 0.004976, ""category_score"": 0.08697327366420972}, ""normative"": {""ipm_values"": [0.125266], ""category_ipm"": 0.125266, ""category_score"": 2.067937128904214}}, ""sources"": [{""id"": ""normative/bnc-clean2.lemmatized_spacy_ipm6.json"", ""file"": ""bnc-clean2.lemmatized_spacy_ipm6.json"", ""category"": ""normative"", ""ipm"": 0.125266}, {""id"": ""subtitles/hermit_2016_en_full_lemmatized_ipm6_spacy_lookup_cleaned_v8.json"", ""file"": ""hermit_2016_en_full_lemmatized_ipm6_spacy_lookup_cleaned_v8.json"", ""category"": ""subtitles"", ""ipm"": 0.00561}, {""id"": ""subtitles/hermit_2018_en_full_lemmatized_ipm6_spacy_lookup_cleaned_v8.json"", ""file"": ""hermit_2018_en_full_lemmatized_ipm6_spacy_lookup_cleaned_v8.json"", ""category"": ""subtitles"", ""ipm"": 0.004342}], ""corpus_quality"": {""status"": ""accepted"", ""reasons"": []}, ""components"": [{""surface"": ""thermoregulat"", ""canonical_candidate"": ""thermoregulat"", ""confidence"": 0.81, ""evidence"": [{""type"": ""compound_morphology"", ""source"": ""candidate_index"", ""path"": [""thermoregulatory"", ""thermoregulat"", ""thermoregulat""], ""confidence"": 0.81}]}]}"
en	lemma:680dc1bb1bb69535cb22	regulator	accepted	accepted	regulate	aggregate_only_not_sense_frequency	"[{""path"": ""associativvordes/family-index-v5/members/en/40.json.gz"", ""family_id"": ""family:regul"", ""record_sha256"": ""39c2905ad84649957b0f0157870aacc5b2ee31de8c933f79af0f1575c6fdbb9f""}, {""path"": ""associativvordes/family-index-v5/members/en/5f.json.gz"", ""family_id"": ""surface:en:lator"", ""record_sha256"": ""31b843f5d2351920a236832e5b4eeeba19d8b080a5a80768e57950892ff7805a""}, {""path"": ""associativvordes/family-index-v5/members/en/bb.json.gz"", ""family_id"": ""surface:en:regula"", ""record_sha256"": ""85cd83d8deacd472b053d0000fb1aa9dd2f9ed5a63be3d52d1e783a80dac8d3f""}]"	"{""lemma_id"": ""lemma:680dc1bb1bb69535cb22"", ""word"": ""regulator"", ""normalized"": ""regulator"", ""search_form"": ""regulator"", ""rank"": 4050, ""frequency_score"": 33.08060052830301, ""category_breakdown"": {""subtitles"": {""ipm_values"": [0.998594, 1.058084], ""category_ipm"": 1.028339, ""category_score"": 12.391862058297429}, ""normative"": {""ipm_values"": [6.023208], ""category_ipm"": 6.023208, ""category_score"": 34.1542392434726}, ""web"": {""ipm_values"": [19.234756], ""category_ipm"": 19.234756, ""category_score"": 52.69570028313897}}, ""sources"": [{""id"": ""normative/bnc-clean2.lemmatized_spacy_ipm6.json"", ""file"": ""bnc-clean2.lemmatized_spacy_ipm6.json"", ""category"": ""normative"", ""ipm"": 6.023208}, {""id"": ""subtitles/hermit_2016_en_full_lemmatized_ipm6_spacy_lookup_cleaned_v8.json"", ""file"": ""hermit_2016_en_full_lemmatized_ipm6_spacy_lookup_cleaned_v8.json"", ""category"": ""subtitles"", ""ipm"": 0.998594}, {""id"": ""subtitles/hermit_2018_en_full_lemmatized_ipm6_spacy_lookup_cleaned_v8.json"", ""file"": ""hermit_2018_en_full_lemmatized_ipm6_spacy_lookup_cleaned_v8.json"", ""category"": ""subtitles"", ""ipm"": 1.058084}, {""id"": ""web/sorted.uk.lemma.unigrams.cleaned_recommended_min100_ipm6.json"", ""file"": ""sorted.uk.lemma.unigrams.cleaned_recommended_min100_ipm6.json"", ""category"": ""web"", ""ipm"": 19.234756}], ""corpus_quality"": {""status"": ""accepted"", ""reasons"": []}, ""components"": [{""surface"": ""regul"", ""canonical_candidate"": ""regul"", ""confidence"": 0.97, ""evidence"": [{""type"": ""compound_morphology"", ""source"": ""manually_verified"", ""path"": [""regulator"", ""regul"", ""regul""], ""confidence"": 0.97}, {""type"": ""verified_seed_alias"", ""source"": ""methodology_control_seed"", ""path"": [""en"", ""regul"", ""family:regul""], ""confidence"": 1}]}]}"
en	lemma:6889736cd519438a3e88	down-regulated	accepted	accepted	regulate	aggregate_only_not_sense_frequency	"[{""path"": ""associativvordes/family-index-v5/members/en/0d.json.gz"", ""family_id"": ""surface:en:downregulat"", ""record_sha256"": ""1ab7a87df9d80ae8c00b997169a793edf88375b09316bd78e778f5964d572cff""}]"	"{""lemma_id"": ""lemma:6889736cd519438a3e88"", ""word"": ""down-regulated"", ""normalized"": ""down-regulated"", ""search_form"": ""down-regulated"", ""rank"": 122432, ""frequency_score"": 1.0910843352976045, ""category_breakdown"": {""web"": {""ipm_values"": [0.064249], ""category_ipm"": 0.064249, ""category_score"": 1.0910843352976045}}, ""sources"": [{""id"": ""web/sorted.uk.lemma.unigrams.cleaned_recommended_min100_ipm6.json"", ""file"": ""sorted.uk.lemma.unigrams.cleaned_recommended_min100_ipm6.json"", ""category"": ""web"", ""ipm"": 0.064249}], ""corpus_quality"": {""status"": ""accepted"", ""reasons"": []}, ""components"": [{""surface"": ""down-regulat"", ""canonical_candidate"": ""downregulat"", ""confidence"": 0.92, ""evidence"": [{""type"": ""morphological_parse"", ""source"": ""candidate_index"", ""path"": [""down-regulated"", ""down-regulat"", ""down-regulat""], ""confidence"": 0.92}]}]}"
en	lemma:6be72f1f5ae2007a22cd	regola	uncertain	not_admitted_candidate		aggregate_only_not_sense_frequency	"[{""path"": ""associativvordes/family-index-v5/members/en/b9.json.gz"", ""family_id"": ""surface:en:reg"", ""record_sha256"": ""94728ac5da99f4405bb0ac57ff3ea355b0ad53747f8e01d473bf6f382d25b88b""}, {""path"": ""associativvordes/family-index-v5/members/en/d0.json.gz"", ""family_id"": ""surface:en:gola"", ""record_sha256"": ""554561f24ba925458c234bd4bc2b86cc9dc8356d7febf64a906af0bb1cd45561""}]"	"{""lemma_id"": ""lemma:6be72f1f5ae2007a22cd"", ""word"": ""regola"", ""normalized"": ""regola"", ""search_form"": ""regola"", ""rank"": 855227, ""frequency_score"": 0.025336011347990555, ""category_breakdown"": {""subtitles"": {""ipm_values"": [0.001447], ""category_ipm"": 0.001447, ""category_score"": 0.025336011347990555}}, ""sources"": [{""id"": ""subtitles/hermit_2018_en_full_lemmatized_ipm6_spacy_lookup_cleaned_v8.json"", ""file"": ""hermit_2018_en_full_lemmatized_ipm6_spacy_lookup_cleaned_v8.json"", ""category"": ""subtitles"", ""ipm"": 0.001447}], ""corpus_quality"": {""status"": ""accepted"", ""reasons"": []}, ""components"": [{""surface"": ""reg"", ""canonical_candidate"": ""reg"", ""confidence"": 0.81, ""evidence"": [{""type"": ""compound_morphology"", ""source"": ""candidate_index"", ""path"": [""regola"", ""reg"", ""reg""], ""confidence"": 0.81}]}]}"
en	lemma:6e36dd53b2eb0962c8de	regula	uncertain	not_admitted_candidate		aggregate_only_not_sense_frequency	"[{""path"": ""associativvordes/family-index-v5/members/en/bb.json.gz"", ""family_id"": ""surface:en:regula"", ""record_sha256"": ""def24f1699f5b3a2c20b7ce7ab5410a4df5bc22246c312036caf5dec2535dfb6""}]"	"{""lemma_id"": ""lemma:6e36dd53b2eb0962c8de"", ""word"": ""regula"", ""normalized"": ""regula"", ""search_form"": ""regula"", ""rank"": 48780, ""frequency_score"": 1.49131463949223, ""category_breakdown"": {""subtitles"": {""ipm_values"": [0.127162, 0.104216], ""category_ipm"": 0.115689, ""category_score"": 1.9181713022683666}, ""normative"": {""ipm_values"": [0.062633], ""category_ipm"": 0.062633, ""category_score"": 1.0644579767160935}}, ""sources"": [{""id"": ""normative/bnc-clean2.lemmatized_spacy_ipm6.json"", ""file"": ""bnc-clean2.lemmatized_spacy_ipm6.json"", ""category"": ""normative"", ""ipm"": 0.062633}, {""id"": ""subtitles/hermit_2016_en_full_lemmatized_ipm6_spacy_lookup_cleaned_v8.json"", ""file"": ""hermit_2016_en_full_lemmatized_ipm6_spacy_lookup_cleaned_v8.json"", ""category"": ""subtitles"", ""ipm"": 0.127162}, {""id"": ""subtitles/hermit_2018_en_full_lemmatized_ipm6_spacy_lookup_cleaned_v8.json"", ""file"": ""hermit_2018_en_full_lemmatized_ipm6_spacy_lookup_cleaned_v8.json"", ""category"": ""subtitles"", ""ipm"": 0.104216}], ""corpus_quality"": {""status"": ""accepted"", ""reasons"": []}, ""components"": [{""surface"": ""regula"", ""canonical_candidate"": ""regula"", ""confidence"": 0.92, ""evidence"": [{""type"": ""morphological_parse"", ""source"": ""candidate_index"", ""path"": [""regula"", ""regula"", ""regula""], ""confidence"": 0.92}]}]}"
en	lemma:6f41e8eaa2362644a651	semi-regular	accepted	accepted	regular	aggregate_only_not_sense_frequency	"[{""path"": ""associativvordes/family-index-v5/members/en/ef.json.gz"", ""family_id"": ""ety:44b79d609762"", ""record_sha256"": ""c6aaa5a7b78a47498e961444d7039b1ed1a95f71e367a249323274c1eda3f88b""}]"	"{""lemma_id"": ""lemma:6f41e8eaa2362644a651"", ""word"": ""semi-regular"", ""normalized"": ""semi-regular"", ""search_form"": ""semi-regular"", ""rank"": 88260, ""frequency_score"": 1.853693331795524, ""category_breakdown"": {""web"": {""ipm_values"": [0.111591], ""category_ipm"": 0.111591, ""category_score"": 1.853693331795524}}, ""sources"": [{""id"": ""web/sorted.uk.lemma.unigrams.cleaned_recommended_min100_ipm6.json"", ""file"": ""sorted.uk.lemma.unigrams.cleaned_recommended_min100_ipm6.json"", ""category"": ""web"", ""ipm"": 0.111591}], ""corpus_quality"": {""status"": ""accepted"", ""reasons"": []}, ""components"": [{""surface"": ""lar"", ""canonical_candidate"": ""lar"", ""confidence"": 0.89, ""evidence"": [{""type"": ""compound_morphology"", ""source"": ""candidate_index"", ""path"": [""semi-regular"", ""lar"", ""lar""], ""confidence"": 0.89}]}]}"
en	lemma:7090b2435f0bfb0a4ad7	regulative	accepted	accepted	regulate	aggregate_only_not_sense_frequency	"[{""path"": ""associativvordes/family-index-v5/members/en/1e.json.gz"", ""family_id"": ""surface:en:regulativ"", ""record_sha256"": ""d88cb270b48472e70f68d9f179fabf3de073b6e6e1f8186507806a1c50871fff""}, {""path"": ""associativvordes/family-index-v5/members/en/40.json.gz"", ""family_id"": ""family:regul"", ""record_sha256"": ""18332b600ab87e6e83598440e44a74b1b622bc8218ff412bf666a0f494a2158c""}, {""path"": ""associativvordes/family-index-v5/members/en/ab.json.gz"", ""family_id"": ""surface:en:tive"", ""record_sha256"": ""bca49a985b53da632519672eebe75a61caad10b53a9fdbd41b1e620685158678""}]"	"{""lemma_id"": ""lemma:7090b2435f0bfb0a4ad7"", ""word"": ""regulative"", ""normalized"": ""regulative"", ""search_form"": ""regulative"", ""rank"": 49982, ""frequency_score"": 1.7256763188620101, ""category_breakdown"": {""subtitles"": {""ipm_values"": [0.00561, 0.002895], ""category_ipm"": 0.0042525, ""category_score"": 0.07435433130373886}, ""normative"": {""ipm_values"": [0.17746], ""category_ipm"": 0.17746, ""category_score"": 2.8623868906905114}, ""web"": {""ipm_values"": [0.136389], ""category_ipm"": 0.136389, ""category_score"": 2.2402877345917793}}, ""sources"": [{""id"": ""normative/bnc-clean2.lemmatized_spacy_ipm6.json"", ""file"": ""bnc-clean2.lemmatized_spacy_ipm6.json"", ""category"": ""normative"", ""ipm"": 0.17746}, {""id"": ""subtitles/hermit_2016_en_full_lemmatized_ipm6_spacy_lookup_cleaned_v8.json"", ""file"": ""hermit_2016_en_full_lemmatized_ipm6_spacy_lookup_cleaned_v8.json"", ""category"": ""subtitles"", ""ipm"": 0.00561}, {""id"": ""subtitles/hermit_2018_en_full_lemmatized_ipm6_spacy_lookup_cleaned_v8.json"", ""file"": ""hermit_2018_en_full_lemmatized_ipm6_spacy_lookup_cleaned_v8.json"", ""category"": ""subtitles"", ""ipm"": 0.002895}, {""id"": ""web/sorted.uk.lemma.unigrams.cleaned_recommended_min100_ipm6.json"", ""file"": ""sorted.uk.lemma.unigrams.cleaned_recommended_min100_ipm6.json"", ""category"": ""web"", ""ipm"": 0.136389}], ""corpus_quality"": {""status"": ""accepted"", ""reasons"": []}, ""components"": [{""surface"": ""regulativ"", ""canonical_candidate"": ""regulativ"", ""confidence"": 0.92, ""evidence"": [{""type"": ""morphological_parse"", ""source"": ""candidate_index"", ""path"": [""regulative"", ""regulativ"", ""regulativ""], ""confidence"": 0.92}]}]}"
en	lemma:70e55d307c23285fb424	perregulations	uncertain	withheld_historical_uncertain		aggregate_only_not_sense_frequency	"[{""path"": ""associativvordes/family-index-v5/members/en/40.json.gz"", ""family_id"": ""family:regul"", ""record_sha256"": ""4b8cdd1c4fcfe7b6826754f6a9b9285eb523f03ec05c83c7a9dc826bd9a884ad""}, {""path"": ""associativvordes/family-index-v5/members/en/a2.json.gz"", ""family_id"": ""surface:en:regulations"", ""record_sha256"": ""9154a81b7fbbcc42b669d6bfcfc0cb77b309e1fccd2574acceaecb1f240d7b8b""}, {""path"": ""associativvordes/family-index-v5/members/en/e8.json.gz"", ""family_id"": ""surface:en:perregulation"", ""record_sha256"": ""6b8588f4c3fc23f39be6619bcd409e843b036cbab1898714a23a1f3843ccee7e""}]"	"{""lemma_id"": ""lemma:70e55d307c23285fb424"", ""word"": ""perregulations"", ""normalized"": ""perregulations"", ""search_form"": ""perregulations"", ""rank"": 460316, ""frequency_score"": 0.05065291230704117, ""category_breakdown"": {""subtitles"": {""ipm_values"": [0.002895], ""category_ipm"": 0.002895, ""category_score"": 0.05065291230704117}}, ""sources"": [{""id"": ""subtitles/hermit_2018_en_full_lemmatized_ipm6_spacy_lookup_cleaned_v8.json"", ""file"": ""hermit_2018_en_full_lemmatized_ipm6_spacy_lookup_cleaned_v8.json"", ""category"": ""subtitles"", ""ipm"": 0.002895}], ""corpus_quality"": {""status"": ""accepted"", ""reasons"": []}, ""components"": [{""surface"": ""regul"", ""canonical_candidate"": ""regul"", ""confidence"": 1, ""evidence"": [{""type"": ""compound_morphology"", ""source"": ""manually_verified"", ""path"": [""perregulations"", ""regul"", ""regul""], ""confidence"": 1}, {""type"": ""verified_seed_alias"", ""source"": ""methodology_control_seed"", ""path"": [""en"", ""regul"", ""family:regul""], ""confidence"": 1}]}]}"
en	lemma:73c50867fe5d0dd6e8a4	regulated	accepted	accepted	regulate	aggregate_only_not_sense_frequency	"[{""path"": ""associativvordes/family-index-v5/members/en/40.json.gz"", ""family_id"": ""family:regul"", ""record_sha256"": ""39e88e5b4aa3351ba89ebcfbf34a2889d0cdc622b2947ee341a7171eaa3189a8""}, {""path"": ""associativvordes/family-index-v5/members/en/dd.json.gz"", ""family_id"": ""surface:en:regulat"", ""record_sha256"": ""0d34495b756c88220f974e660205ea1b37866add1a73f45361bb8a7fbef9adb9""}]"	"{""lemma_id"": ""lemma:73c50867fe5d0dd6e8a4"", ""word"": ""regulated"", ""normalized"": ""regulated"", ""search_form"": ""regulated"", ""rank"": 10988, ""frequency_score"": 28.04910685610123, ""category_breakdown"": {""web"": {""ipm_values"": [3.956964], ""category_ipm"": 3.956964, ""category_score"": 28.04910685610123}}, ""sources"": [{""id"": ""web/sorted.uk.lemma.unigrams.cleaned_recommended_min100_ipm6.json"", ""file"": ""sorted.uk.lemma.unigrams.cleaned_recommended_min100_ipm6.json"", ""category"": ""web"", ""ipm"": 3.956964}], ""corpus_quality"": {""status"": ""accepted"", ""reasons"": []}, ""components"": [{""surface"": ""regul"", ""canonical_candidate"": ""regul"", ""confidence"": 0.97, ""evidence"": [{""type"": ""compound_morphology"", ""source"": ""manually_verified"", ""path"": [""regulated"", ""regul"", ""regul""], ""confidence"": 0.97}, {""type"": ""verified_seed_alias"", ""source"": ""methodology_control_seed"", ""path"": [""en"", ""regul"", ""family:regul""], ""confidence"": 1}]}]}"
en	lemma:74258a9ca9d55cf0c06c	regulationly	uncertain	withheld_historical_uncertain		aggregate_only_not_sense_frequency	"[{""path"": ""associativvordes/family-index-v5/members/en/40.json.gz"", ""family_id"": ""family:regul"", ""record_sha256"": ""67930a33e855e36de65380cd615ba9a63f21b2c57111547c6c25bf769ebd80d8""}, {""path"": ""associativvordes/family-index-v5/members/en/65.json.gz"", ""family_id"": ""surface:en:regulation"", ""record_sha256"": ""051532dfe205a5e864f7ec5d4981435ac152a2e31b0aae2eb4fadc8e0aa504c9""}, {""path"": ""associativvordes/family-index-v5/members/en/7b.json.gz"", ""family_id"": ""surface:en:only"", ""record_sha256"": ""5ea834616fa842516377363082af00d0ab13590635169b917177633b2841ec28""}]"	"{""lemma_id"": ""lemma:74258a9ca9d55cf0c06c"", ""word"": ""regulationly"", ""normalized"": ""regulationly"", ""search_form"": ""regulationly"", ""rank"": 749010, ""frequency_score"": 0.032735546362605054, ""category_breakdown"": {""subtitles"": {""ipm_values"": [0.00187], ""category_ipm"": 0.00187, ""category_score"": 0.032735546362605054}}, ""sources"": [{""id"": ""subtitles/hermit_2016_en_full_lemmatized_ipm6_spacy_lookup_cleaned_v8.json"", ""file"": ""hermit_2016_en_full_lemmatized_ipm6_spacy_lookup_cleaned_v8.json"", ""category"": ""subtitles"", ""ipm"": 0.00187}], ""corpus_quality"": {""status"": ""accepted"", ""reasons"": []}, ""components"": [{""surface"": ""regul"", ""canonical_candidate"": ""regul"", ""confidence"": 1, ""evidence"": [{""type"": ""compound_morphology"", ""source"": ""manually_verified"", ""path"": [""regulationly"", ""regul"", ""regul""], ""confidence"": 1}, {""type"": ""verified_seed_alias"", ""source"": ""methodology_control_seed"", ""path"": [""en"", ""regul"", ""family:regul""], ""confidence"": 1}]}]}"
en	lemma:74b345f9ca4b61824d2f	co-regulatory	accepted	accepted	regulate	aggregate_only_not_sense_frequency	"[{""path"": ""associativvordes/family-index-v5/members/en/0b.json.gz"", ""family_id"": ""surface:en:coregulat"", ""record_sha256"": ""8f01600ddfcd5a0db2d6abdab1044a9ee0082695f3b187f079de3214515c75b7""}, {""path"": ""associativvordes/family-index-v5/members/en/40.json.gz"", ""family_id"": ""family:regul"", ""record_sha256"": ""8c61e8cca10b8c9ce5efb6f496e234012c51a25dd004c678d54454be4d4716f9""}, {""path"": ""associativvordes/family-index-v5/members/en/bd.json.gz"", ""family_id"": ""surface:en:tory"", ""record_sha256"": ""89467a29ba3c370e8c578acf8e79a1601f2c2ad8fd3218a6306ea8871c9968f8""}]"	"{""lemma_id"": ""lemma:74b345f9ca4b61824d2f"", ""word"": ""co-regulatory"", ""normalized"": ""co-regulatory"", ""search_form"": ""co-regulatory"", ""rank"": 127798, ""frequency_score"": 1.0167061078869573, ""category_breakdown"": {""web"": {""ipm_values"": [0.059741], ""category_ipm"": 0.059741, ""category_score"": 1.0167061078869573}}, ""sources"": [{""id"": ""web/sorted.uk.lemma.unigrams.cleaned_recommended_min100_ipm6.json"", ""file"": ""sorted.uk.lemma.unigrams.cleaned_recommended_min100_ipm6.json"", ""category"": ""web"", ""ipm"": 0.059741}], ""corpus_quality"": {""status"": ""accepted"", ""reasons"": []}, ""components"": [{""surface"": ""co-regulat"", ""canonical_candidate"": ""coregulat"", ""confidence"": 0.81, ""evidence"": [{""type"": ""compound_morphology"", ""source"": ""candidate_index"", ""path"": [""co-regulatory"", ""co-regulat"", ""co-regulat""], ""confidence"": 0.81}]}]}"
en	lemma:74b64b1757006f0acc92	desregulacin	uncertain	withheld_historical_uncertain		aggregate_only_not_sense_frequency	"[{""path"": ""associativvordes/family-index-v5/members/en/40.json.gz"", ""family_id"": ""family:regul"", ""record_sha256"": ""006311453e8efa2e15124aaaed6ae9f52bbe799133d179ed4586ff17207b176a""}, {""path"": ""associativvordes/family-index-v5/members/en/bb.json.gz"", ""family_id"": ""surface:en:regula"", ""record_sha256"": ""dd21641f778b9a8820abb4967791a9263f8e7e9b67c5e1487c6044ce99403300""}, {""path"": ""associativvordes/family-index-v5/members/en/e0.json.gz"", ""family_id"": ""surface:en:lacin"", ""record_sha256"": ""e432a7df826fa03a41a9ca67215fc6e03fd6ce5e6950d7c0a0fbceef10987897""}, {""path"": ""associativvordes/family-index-v5/members/en/fe.json.gz"", ""family_id"": ""surface:en:desre"", ""record_sha256"": ""b9512f87405ee978b3a19520477f71eb16fc62545a89c66e29599339e2333e4a""}]"	"{""lemma_id"": ""lemma:74b64b1757006f0acc92"", ""word"": ""desregulacin"", ""normalized"": ""desregulacin"", ""search_form"": ""desregulacin"", ""rank"": 609137, ""frequency_score"": 0.025336011347990555, ""category_breakdown"": {""subtitles"": {""ipm_values"": [0.001447], ""category_ipm"": 0.001447, ""category_score"": 0.025336011347990555}}, ""sources"": [{""id"": ""subtitles/hermit_2018_en_full_lemmatized_ipm6_spacy_lookup_cleaned_v8.json"", ""file"": ""hermit_2018_en_full_lemmatized_ipm6_spacy_lookup_cleaned_v8.json"", ""category"": ""subtitles"", ""ipm"": 0.001447}], ""corpus_quality"": {""status"": ""accepted"", ""reasons"": []}, ""components"": [{""surface"": ""regul"", ""canonical_candidate"": ""regul"", ""confidence"": 0.97, ""evidence"": [{""type"": ""compound_morphology"", ""source"": ""manually_verified"", ""path"": [""desregulacin"", ""regul"", ""regul""], ""confidence"": 0.97}, {""type"": ""verified_seed_alias"", ""source"": ""methodology_control_seed"", ""path"": [""en"", ""regul"", ""family:regul""], ""confidence"": 1}]}]}"
en	lemma:755d398ca4a1dfbdc0f2	mountainirregulars	uncertain	withheld_historical_uncertain		aggregate_only_not_sense_frequency	"[{""path"": ""associativvordes/family-index-v5/members/en/0a.json.gz"", ""family_id"": ""ety:4243ad460a1e"", ""record_sha256"": ""2878c99fd279c8352c5bff3bbf22a2a39b419c399e1bfdc1474fd1d4d0c001d4""}, {""path"": ""associativvordes/family-index-v5/members/en/27.json.gz"", ""family_id"": ""surface:en:mountainirregular"", ""record_sha256"": ""ef282c89823c5c3ce3423778240beac499d3783f51d0ca94b2f054035b89ddd9""}, {""path"": ""associativvordes/family-index-v5/members/en/40.json.gz"", ""family_id"": ""family:regul"", ""record_sha256"": ""0944b60599f471bc7ec329ba0c037310a2e392458bcb6548bb6430c12ce3cb24""}, {""path"": ""associativvordes/family-index-v5/members/en/6e.json.gz"", ""family_id"": ""ety:f30985b5ddb7"", ""record_sha256"": ""2878c99fd279c8352c5bff3bbf22a2a39b419c399e1bfdc1474fd1d4d0c001d4""}]"	"{""lemma_id"": ""lemma:755d398ca4a1dfbdc0f2"", ""word"": ""mountainirregulars"", ""normalized"": ""mountainirregulars"", ""search_form"": ""mountainirregulars"", ""rank"": 682648, ""frequency_score"": 0.029036169457900194, ""category_breakdown"": {""subtitles"": {""ipm_values"": [0.00187, 0.001447], ""category_ipm"": 0.0016584999999999998, ""category_score"": 0.029036169457900194}}, ""sources"": [{""id"": ""subtitles/hermit_2016_en_full_lemmatized_ipm6_spacy_lookup_cleaned_v8.json"", ""file"": ""hermit_2016_en_full_lemmatized_ipm6_spacy_lookup_cleaned_v8.json"", ""category"": ""subtitles"", ""ipm"": 0.00187}, {""id"": ""subtitles/hermit_2018_en_full_lemmatized_ipm6_spacy_lookup_cleaned_v8.json"", ""file"": ""hermit_2018_en_full_lemmatized_ipm6_spacy_lookup_cleaned_v8.json"", ""category"": ""subtitles"", ""ipm"": 0.001447}], ""corpus_quality"": {""status"": ""accepted"", ""reasons"": []}, ""components"": [{""surface"": ""lars"", ""canonical_candidate"": ""lars"", ""confidence"": 0.89, ""evidence"": [{""type"": ""compound_morphology"", ""source"": ""candidate_index"", ""path"": [""mountainirregulars"", ""lars"", ""lars""], ""confidence"": 0.89}]}]}"
en	lemma:7591b373bf7a079d7b59	regul	uncertain	withheld_historical_uncertain		aggregate_only_not_sense_frequency	"[{""path"": ""associativvordes/family-index-v5/members/en/40.json.gz"", ""family_id"": ""family:regul"", ""record_sha256"": ""8292dcbe313b0721222f0147d8cf3ae481c6a51d2993de49cbd8785bb0c86950""}]"	"{""lemma_id"": ""lemma:7591b373bf7a079d7b59"", ""word"": ""regul"", ""normalized"": ""regul"", ""search_form"": ""regul"", ""rank"": 408922, ""frequency_score"": 0.045384486408519484, ""category_breakdown"": {""subtitles"": {""ipm_values"": [0.00374, 0.001447], ""category_ipm"": 0.0025935, ""category_score"": 0.045384486408519484}}, ""sources"": [{""id"": ""subtitles/hermit_2016_en_full_lemmatized_ipm6_spacy_lookup_cleaned_v8.json"", ""file"": ""hermit_2016_en_full_lemmatized_ipm6_spacy_lookup_cleaned_v8.json"", ""category"": ""subtitles"", ""ipm"": 0.00374}, {""id"": ""subtitles/hermit_2018_en_full_lemmatized_ipm6_spacy_lookup_cleaned_v8.json"", ""file"": ""hermit_2018_en_full_lemmatized_ipm6_spacy_lookup_cleaned_v8.json"", ""category"": ""subtitles"", ""ipm"": 0.001447}], ""corpus_quality"": {""status"": ""accepted"", ""reasons"": []}, ""components"": [{""surface"": ""regul"", ""canonical_candidate"": ""regul"", ""confidence"": 1, ""evidence"": [{""type"": ""morphological_parse"", ""source"": ""manually_verified"", ""path"": [""regul"", ""regul"", ""regul""], ""confidence"": 1}, {""type"": ""verified_seed_alias"", ""source"": ""methodology_control_seed"", ""path"": [""en"", ""regul"", ""family:regul""], ""confidence"": 1}]}]}"
en	lemma:760076539b2c52d02d45	self-regulation	accepted	accepted	regulate	aggregate_only_not_sense_frequency	"[{""path"": ""associativvordes/family-index-v5/members/en/3b.json.gz"", ""family_id"": ""surface:en:selfregulat"", ""record_sha256"": ""0e801f955621e5c05c3c2d698d1cb72dc35a17c585df4389eda8fad238fe7572""}, {""path"": ""associativvordes/family-index-v5/members/en/bd.json.gz"", ""family_id"": ""surface:en:ulation"", ""record_sha256"": ""49e92ff8399a938b4813fa6e01846bf80bae3214169e97084070375d27464be4""}]"	"{""lemma_id"": ""lemma:760076539b2c52d02d45"", ""word"": ""self-regulation"", ""normalized"": ""self-regulation"", ""search_form"": ""self-regulation"", ""rank"": 19086, ""frequency_score"": 16.79199110688057, ""category_breakdown"": {""web"": {""ipm_values"": [1.607358], ""category_ipm"": 1.607358, ""category_score"": 16.79199110688057}}, ""sources"": [{""id"": ""web/sorted.uk.lemma.unigrams.cleaned_recommended_min100_ipm6.json"", ""file"": ""sorted.uk.lemma.unigrams.cleaned_recommended_min100_ipm6.json"", ""category"": ""web"", ""ipm"": 1.607358}], ""corpus_quality"": {""status"": ""accepted"", ""reasons"": []}, ""components"": [{""surface"": ""self-regulat"", ""canonical_candidate"": ""selfregulat"", ""confidence"": 0.89, ""evidence"": [{""type"": ""compound_morphology"", ""source"": ""candidate_index"", ""path"": [""self-regulation"", ""self-regulat"", ""self-regulat""], ""confidence"": 0.89}]}]}"
en	lemma:774ae8d07a3900dd6997	oltregolfo	uncertain	not_admitted_candidate		aggregate_only_not_sense_frequency	"[{""path"": ""associativvordes/family-index-v5/members/en/20.json.gz"", ""family_id"": ""surface:en:oltr"", ""record_sha256"": ""6b452afef0fbd7cce35efa6fc18c78516b04eb64f7774bf6ad4b931d60a66e2b""}, {""path"": ""associativvordes/family-index-v5/members/en/e2.json.gz"", ""family_id"": ""surface:en:rego"", ""record_sha256"": ""01c3078d618d76152f7713d1796a1fcb4bf28e47ab51fa2b2d1129c57d8179a5""}]"	"{""lemma_id"": ""lemma:774ae8d07a3900dd6997"", ""word"": ""oltregolfo"", ""normalized"": ""oltregolfo"", ""search_form"": ""oltregolfo"", ""rank"": 806920, ""frequency_score"": 0.025336011347990555, ""category_breakdown"": {""subtitles"": {""ipm_values"": [0.001447], ""category_ipm"": 0.001447, ""category_score"": 0.025336011347990555}}, ""sources"": [{""id"": ""subtitles/hermit_2018_en_full_lemmatized_ipm6_spacy_lookup_cleaned_v8.json"", ""file"": ""hermit_2018_en_full_lemmatized_ipm6_spacy_lookup_cleaned_v8.json"", ""category"": ""subtitles"", ""ipm"": 0.001447}], ""corpus_quality"": {""status"": ""accepted"", ""reasons"": []}, ""components"": [{""surface"": ""oltr"", ""canonical_candidate"": ""oltr"", ""confidence"": 0.81, ""evidence"": [{""type"": ""compound_morphology"", ""source"": ""candidate_index"", ""path"": [""oltregolfo"", ""oltr"", ""oltr""], ""confidence"": 0.81}]}]}"
en	lemma:774f81fcd8de2bdf10c1	regularclub	uncertain	withheld_historical_uncertain		aggregate_only_not_sense_frequency	"[{""path"": ""associativvordes/family-index-v5/members/en/13.json.gz"", ""family_id"": ""ety:9e89ff59ac27"", ""record_sha256"": ""df53796cb73fbf2d54e1b081f6f5305d625cc2ea5ff5b45bb055bd7a0dd1f7bf""}, {""path"": ""associativvordes/family-index-v5/members/en/40.json.gz"", ""family_id"": ""family:regul"", ""record_sha256"": ""2ec50e5815dfdb358e4dfeac9d651d0878f1e98931182c220e3c41c6678a8eca""}, {""path"": ""associativvordes/family-index-v5/members/en/49.json.gz"", ""family_id"": ""surface:en:club"", ""record_sha256"": ""f80a1c25e54fe4526c0fc2279d4f777e05a8acc762302bb2ce4eb4d8a889c46a""}, {""path"": ""associativvordes/family-index-v5/members/en/5b.json.gz"", ""family_id"": ""ety:7eb55cb05961"", ""record_sha256"": ""52911e379c21bda08180873683f20cab016e9b8c71d2a5e18c39a5717f5bd127""}]"	"{""lemma_id"": ""lemma:774f81fcd8de2bdf10c1"", ""word"": ""regularclub"", ""normalized"": ""regularclub"", ""search_form"": ""regularclub"", ""rank"": 748990, ""frequency_score"": 0.029036169457900194, ""category_breakdown"": {""subtitles"": {""ipm_values"": [0.00187, 0.001447], ""category_ipm"": 0.0016584999999999998, ""category_score"": 0.029036169457900194}}, ""sources"": [{""id"": ""subtitles/hermit_2016_en_full_lemmatized_ipm6_spacy_lookup_cleaned_v8.json"", ""file"": ""hermit_2016_en_full_lemmatized_ipm6_spacy_lookup_cleaned_v8.json"", ""category"": ""subtitles"", ""ipm"": 0.00187}, {""id"": ""subtitles/hermit_2018_en_full_lemmatized_ipm6_spacy_lookup_cleaned_v8.json"", ""file"": ""hermit_2018_en_full_lemmatized_ipm6_spacy_lookup_cleaned_v8.json"", ""category"": ""subtitles"", ""ipm"": 0.001447}], ""corpus_quality"": {""status"": ""accepted"", ""reasons"": []}, ""components"": [{""surface"": ""arc"", ""canonical_candidate"": ""arc"", ""confidence"": 0.81, ""evidence"": [{""type"": ""compound_morphology"", ""source"": ""candidate_index"", ""path"": [""regularclub"", ""arc"", ""arc""], ""confidence"": 0.81}]}]}"
en	lemma:77625cc45bde300e481e	regulal	uncertain	withheld_historical_uncertain		aggregate_only_not_sense_frequency	"[{""path"": ""associativvordes/family-index-v5/members/en/40.json.gz"", ""family_id"": ""family:regul"", ""record_sha256"": ""f46453ff1a675b16a639e833cdd3e49710b3876f6369d612f8f42f8a2b61fed5""}, {""path"": ""associativvordes/family-index-v5/members/en/4a.json.gz"", ""family_id"": ""surface:en:lal"", ""record_sha256"": ""a62f6ab026c66d2da3b79eed9a96cd47004734b7d7b7b275d3985cfc40820d45""}]"	"{""lemma_id"": ""lemma:77625cc45bde300e481e"", ""word"": ""regulal"", ""normalized"": ""regulal"", ""search_form"": ""regulal"", ""rank"": 748984, ""frequency_score"": 0.032735546362605054, ""category_breakdown"": {""subtitles"": {""ipm_values"": [0.00187], ""category_ipm"": 0.00187, ""category_score"": 0.032735546362605054}}, ""sources"": [{""id"": ""subtitles/hermit_2016_en_full_lemmatized_ipm6_spacy_lookup_cleaned_v8.json"", ""file"": ""hermit_2016_en_full_lemmatized_ipm6_spacy_lookup_cleaned_v8.json"", ""category"": ""subtitles"", ""ipm"": 0.00187}], ""corpus_quality"": {""status"": ""accepted"", ""reasons"": []}, ""components"": [{""surface"": ""regul"", ""canonical_candidate"": ""regul"", ""confidence"": 1, ""evidence"": [{""type"": ""morphological_parse"", ""source"": ""manually_verified"", ""path"": [""regulal"", ""regul"", ""regul""], ""confidence"": 1}, {""type"": ""verified_seed_alias"", ""source"": ""methodology_control_seed"", ""path"": [""en"", ""regul"", ""family:regul""], ""confidence"": 1}]}]}"
en	lemma:78bafba2c5c8b59f4c1f	dysregulation	accepted	accepted	regulate	aggregate_only_not_sense_frequency	"[{""path"": ""associativvordes/family-index-v5/members/en/40.json.gz"", ""family_id"": ""family:regul"", ""record_sha256"": ""c06854ed52dda2b9465000b57440b2cf6cb805a34f5dd6aa87b71829e8c8d44e""}, {""path"": ""associativvordes/family-index-v5/members/en/65.json.gz"", ""family_id"": ""surface:en:regulation"", ""record_sha256"": ""60e99d3463571ec81cace3b4ee251296460c245d71e46c7dc03222a45df42ff0""}, {""path"": ""associativvordes/family-index-v5/members/en/b3.json.gz"", ""family_id"": ""surface:en:dysregulat"", ""record_sha256"": ""0118c809f5e473839220a1ad304bb30e2b38b0bd0b8ca0524b6390bd24a0d2ff""}]"	"{""lemma_id"": ""lemma:78bafba2c5c8b59f4c1f"", ""word"": ""dysregulation"", ""normalized"": ""dysregulation"", ""search_form"": ""dysregulation"", ""rank"": 118932, ""frequency_score"": 0.7714044084966365, ""category_breakdown"": {""subtitles"": {""ipm_values"": [0.02618, 0.021712], ""category_ipm"": 0.023946, ""category_score"": 0.4146370011102507}, ""web"": {""ipm_values"": [0.066504], ""category_ipm"": 0.066504, ""category_score"": 1.1281718158830223}}, ""sources"": [{""id"": ""subtitles/hermit_2016_en_full_lemmatized_ipm6_spacy_lookup_cleaned_v8.json"", ""file"": ""hermit_2016_en_full_lemmatized_ipm6_spacy_lookup_cleaned_v8.json"", ""category"": ""subtitles"", ""ipm"": 0.02618}, {""id"": ""subtitles/hermit_2018_en_full_lemmatized_ipm6_spacy_lookup_cleaned_v8.json"", ""file"": ""hermit_2018_en_full_lemmatized_ipm6_spacy_lookup_cleaned_v8.json"", ""category"": ""subtitles"", ""ipm"": 0.021712}, {""id"": ""web/sorted.uk.lemma.unigrams.cleaned_recommended_min100_ipm6.json"", ""file"": ""sorted.uk.lemma.unigrams.cleaned_recommended_min100_ipm6.json"", ""category"": ""web"", ""ipm"": 0.066504}], ""corpus_quality"": {""status"": ""accepted"", ""reasons"": []}, ""components"": [{""surface"": ""regul"", ""canonical_candidate"": ""regul"", ""confidence"": 1, ""evidence"": [{""type"": ""compound_morphology"", ""source"": ""manually_verified"", ""path"": [""dysregulation"", ""regul"", ""regul""], ""confidence"": 1}, {""type"": ""verified_seed_alias"", ""source"": ""methodology_control_seed"", ""path"": [""en"", ""regul"", ""family:regul""], ""confidence"": 1}]}]}"
en	lemma:7b05f51e5e4265afd0cf	rule	uncertain	not_admitted_candidate		aggregate_only_not_sense_frequency	"[{""path"": ""associativvordes/family-index-v5/members/en/5b.json.gz"", ""family_id"": ""ety:7eb55cb05961"", ""record_sha256"": ""9a156d5db8d8787e2a2180931b9e0e36530c3ddf0ae7371d188c5fa975d87d30""}]"	"{""lemma_id"": ""lemma:7b05f51e5e4265afd0cf"", ""word"": ""rule"", ""normalized"": ""rule"", ""search_form"": ""rule"", ""rank"": 425, ""frequency_score"": 92.62897484554239, ""category_breakdown"": {""subtitles"": {""ipm_values"": [134.084663, 133.935168], ""category_ipm"": 134.0099155, ""category_score"": 85.95152356155221}, ""normative"": {""ipm_values"": [275.125957], ""category_ipm"": 275.125957, ""category_score"": 98.48867231940967}, ""web"": {""ipm_values"": [206.080549], ""category_ipm"": 206.080549, ""category_score"": 93.44672865566525}}, ""sources"": [{""id"": ""normative/bnc-clean2.lemmatized_spacy_ipm6.json"", ""file"": ""bnc-clean2.lemmatized_spacy_ipm6.json"", ""category"": ""normative"", ""ipm"": 275.125957}, {""id"": ""subtitles/hermit_2016_en_full_lemmatized_ipm6_spacy_lookup_cleaned_v8.json"", ""file"": ""hermit_2016_en_full_lemmatized_ipm6_spacy_lookup_cleaned_v8.json"", ""category"": ""subtitles"", ""ipm"": 134.084663}, {""id"": ""subtitles/hermit_2018_en_full_lemmatized_ipm6_spacy_lookup_cleaned_v8.json"", ""file"": ""hermit_2018_en_full_lemmatized_ipm6_spacy_lookup_cleaned_v8.json"", ""category"": ""subtitles"", ""ipm"": 133.935168}, {""id"": ""web/sorted.uk.lemma.unigrams.cleaned_recommended_min100_ipm6.json"", ""file"": ""sorted.uk.lemma.unigrams.cleaned_recommended_min100_ipm6.json"", ""category"": ""web"", ""ipm"": 206.080549}], ""corpus_quality"": {""status"": ""accepted"", ""reasons"": []}, ""components"": [{""surface"": ""rule"", ""canonical_candidate"": ""rule"", ""confidence"": 0.92, ""evidence"": [{""type"": ""morphological_parse"", ""source"": ""candidate_index"", ""path"": [""rule"", ""rule"", ""rule""], ""confidence"": 0.92}]}]}"
en	lemma:813f3a5402f41f52ab7c	regulatedthe	uncertain	withheld_historical_uncertain		aggregate_only_not_sense_frequency	"[{""path"": ""associativvordes/family-index-v5/members/en/40.json.gz"", ""family_id"": ""family:regul"", ""record_sha256"": ""55345dde547c2eb60c3f6ec1420e12d0f20773175871df7e15fdb74de29f6316""}, {""path"": ""associativvordes/family-index-v5/members/en/48.json.gz"", ""family_id"": ""surface:en:regulatedth"", ""record_sha256"": ""dc430eb8f1972dc8af83e9dfb794c8848446e4ee77d7ac8bab4d0477a9bc22c0""}, {""path"": ""associativvordes/family-index-v5/members/en/5a.json.gz"", ""family_id"": ""surface:en:dthe"", ""record_sha256"": ""48d2d7160e4b0d978f3ff107b002d9bf470e1aa640de84b6d2f1f753749fc5e7""}]"	"{""lemma_id"": ""lemma:813f3a5402f41f52ab7c"", ""word"": ""regulatedthe"", ""normalized"": ""regulatedthe"", ""search_form"": ""regulatedthe"", ""rank"": 855352, ""frequency_score"": 0.025336011347990555, ""category_breakdown"": {""subtitles"": {""ipm_values"": [0.001447], ""category_ipm"": 0.001447, ""category_score"": 0.025336011347990555}}, ""sources"": [{""id"": ""subtitles/hermit_2018_en_full_lemmatized_ipm6_spacy_lookup_cleaned_v8.json"", ""file"": ""hermit_2018_en_full_lemmatized_ipm6_spacy_lookup_cleaned_v8.json"", ""category"": ""subtitles"", ""ipm"": 0.001447}], ""corpus_quality"": {""status"": ""accepted"", ""reasons"": []}, ""components"": [{""surface"": ""regul"", ""canonical_candidate"": ""regul"", ""confidence"": 0.97, ""evidence"": [{""type"": ""compound_morphology"", ""source"": ""manually_verified"", ""path"": [""regulatedthe"", ""regul"", ""regul""], ""confidence"": 0.97}, {""type"": ""verified_seed_alias"", ""source"": ""methodology_control_seed"", ""path"": [""en"", ""regul"", ""family:regul""], ""confidence"": 1}]}]}"
en	lemma:815af56e5cc05aac60b1	over-ruled	uncertain	not_admitted_candidate		aggregate_only_not_sense_frequency	"[{""path"": ""associativvordes/family-index-v5/members/en/aa.json.gz"", ""family_id"": ""surface:en:overrul"", ""record_sha256"": ""92e726f0628ca69f1ef43dbdf968f0fafed59c97d9b050d2e02e757430f8ad8c""}]"	"{""lemma_id"": ""lemma:815af56e5cc05aac60b1"", ""word"": ""over-ruled"", ""normalized"": ""over-ruled"", ""search_form"": ""over-ruled"", ""rank"": 85923, ""frequency_score"": 1.9334613922382349, ""category_breakdown"": {""web"": {""ipm_values"": [0.116663], ""category_ipm"": 0.116663, ""category_score"": 1.9334613922382349}}, ""sources"": [{""id"": ""web/sorted.uk.lemma.unigrams.cleaned_recommended_min100_ipm6.json"", ""file"": ""sorted.uk.lemma.unigrams.cleaned_recommended_min100_ipm6.json"", ""category"": ""web"", ""ipm"": 0.116663}], ""corpus_quality"": {""status"": ""accepted"", ""reasons"": []}, ""components"": [{""surface"": ""over-rul"", ""canonical_candidate"": ""overrul"", ""confidence"": 0.92, ""evidence"": [{""type"": ""morphological_parse"", ""source"": ""candidate_index"", ""path"": [""over-ruled"", ""over-rul"", ""over-rul""], ""confidence"": 0.92}]}]}"
en	lemma:8392c5edb432dca1fed3	irregularbreathing	uncertain	not_admitted_candidate		aggregate_only_not_sense_frequency	"[{""path"": ""associativvordes/family-index-v5/members/en/2c.json.gz"", ""family_id"": ""surface:en:irregularbreath"", ""record_sha256"": ""b1376c4808264d27a06ebbec84566f4e46ea28b7bb5aadff35819f269e34c7a8""}, {""path"": ""associativvordes/family-index-v5/members/en/dc.json.gz"", ""family_id"": ""surface:en:athing"", ""record_sha256"": ""b12fe22316492397d976757d06b39ae59abaae7d63f55a87dbbca06ccb5ca4a1""}]"	"{""lemma_id"": ""lemma:8392c5edb432dca1fed3"", ""word"": ""irregularbreathing"", ""normalized"": ""irregularbreathing"", ""search_form"": ""irregularbreathing"", ""rank"": 619415, ""frequency_score"": 0.029036169457900194, ""category_breakdown"": {""subtitles"": {""ipm_values"": [0.00187, 0.001447], ""category_ipm"": 0.0016584999999999998, ""category_score"": 0.029036169457900194}}, ""sources"": [{""id"": ""subtitles/hermit_2016_en_full_lemmatized_ipm6_spacy_lookup_cleaned_v8.json"", ""file"": ""hermit_2016_en_full_lemmatized_ipm6_spacy_lookup_cleaned_v8.json"", ""category"": ""subtitles"", ""ipm"": 0.00187}, {""id"": ""subtitles/hermit_2018_en_full_lemmatized_ipm6_spacy_lookup_cleaned_v8.json"", ""file"": ""hermit_2018_en_full_lemmatized_ipm6_spacy_lookup_cleaned_v8.json"", ""category"": ""subtitles"", ""ipm"": 0.001447}], ""corpus_quality"": {""status"": ""accepted"", ""reasons"": []}, ""components"": [{""surface"": ""irregularbreath"", ""canonical_candidate"": ""irregularbreath"", ""confidence"": 0.89, ""evidence"": [{""type"": ""compound_morphology"", ""source"": ""candidate_index"", ""path"": [""irregularbreathing"", ""irregularbreath"", ""irregularbreath""], ""confidence"": 0.89}]}]}"
en	lemma:84e16516bb89ba3af7fd	overregulation	accepted	accepted	regulate	aggregate_only_not_sense_frequency	"[{""path"": ""associativvordes/family-index-v5/members/en/23.json.gz"", ""family_id"": ""surface:en:overregulat"", ""record_sha256"": ""95a0a7f132f3add9e0836f2bdc10f96dced98f036ad0b9cf30549a5bbd9f0ec3""}, {""path"": ""associativvordes/family-index-v5/members/en/40.json.gz"", ""family_id"": ""family:regul"", ""record_sha256"": ""e7f8d1c083ca04b9f362b24548c212c093ee9e6a2a9009841a2e98f399056e19""}, {""path"": ""associativvordes/family-index-v5/members/en/65.json.gz"", ""family_id"": ""surface:en:regulation"", ""record_sha256"": ""b30d8f8dbb8482fd3d5e7a6c4d82974efd31886783c2d9b541bea776a2218212""}]"	"{""lemma_id"": ""lemma:84e16516bb89ba3af7fd"", ""word"": ""overregulation"", ""normalized"": ""overregulation"", ""search_form"": ""overregulation"", ""rank"": 193933, ""frequency_score"": 0.19862082801802086, ""category_breakdown"": {""subtitles"": {""ipm_values"": [0.01122, 0.01158], ""category_ipm"": 0.0114, ""category_score"": 0.19862082801802086}}, ""sources"": [{""id"": ""subtitles/hermit_2016_en_full_lemmatized_ipm6_spacy_lookup_cleaned_v8.json"", ""file"": ""hermit_2016_en_full_lemmatized_ipm6_spacy_lookup_cleaned_v8.json"", ""category"": ""subtitles"", ""ipm"": 0.01122}, {""id"": ""subtitles/hermit_2018_en_full_lemmatized_ipm6_spacy_lookup_cleaned_v8.json"", ""file"": ""hermit_2018_en_full_lemmatized_ipm6_spacy_lookup_cleaned_v8.json"", ""category"": ""subtitles"", ""ipm"": 0.01158}], ""corpus_quality"": {""status"": ""accepted"", ""reasons"": []}, ""components"": [{""surface"": ""overregulat"", ""canonical_candidate"": ""overregulat"", ""confidence"": 0.89, ""evidence"": [{""type"": ""compound_morphology"", ""source"": ""candidate_index"", ""path"": [""overregulation"", ""overregulat"", ""overregulat""], ""confidence"": 0.89}]}]}"
en	lemma:857c491d0aa4faa5de69	autoregulation	accepted	accepted	regulate	aggregate_only_not_sense_frequency	"[{""path"": ""associativvordes/family-index-v5/members/en/04.json.gz"", ""family_id"": ""surface:en:autoregulat"", ""record_sha256"": ""444bd38cafa310953c7aeadc9ada61e290f7eeb11a926b052c3393f198aa73cb""}, {""path"": ""associativvordes/family-index-v5/members/en/40.json.gz"", ""family_id"": ""family:regul"", ""record_sha256"": ""4efa492ea6730c5e044ca77512a5518afc79a29256e157e6cb41200ecd2c81dd""}, {""path"": ""associativvordes/family-index-v5/members/en/65.json.gz"", ""family_id"": ""surface:en:regulation"", ""record_sha256"": ""1a18f177f8f2f56caffff47556d45c2632fb92eac2513808740775897fa10540""}]"	"{""lemma_id"": ""lemma:857c491d0aa4faa5de69"", ""word"": ""autoregulation"", ""normalized"": ""autoregulation"", ""search_form"": ""autoregulation"", ""rank"": 270261, ""frequency_score"": 0.08697327366420972, ""category_breakdown"": {""subtitles"": {""ipm_values"": [0.00561, 0.004342], ""category_ipm"": 0.004976, ""category_score"": 0.08697327366420972}}, ""sources"": [{""id"": ""subtitles/hermit_2016_en_full_lemmatized_ipm6_spacy_lookup_cleaned_v8.json"", ""file"": ""hermit_2016_en_full_lemmatized_ipm6_spacy_lookup_cleaned_v8.json"", ""category"": ""subtitles"", ""ipm"": 0.00561}, {""id"": ""subtitles/hermit_2018_en_full_lemmatized_ipm6_spacy_lookup_cleaned_v8.json"", ""file"": ""hermit_2018_en_full_lemmatized_ipm6_spacy_lookup_cleaned_v8.json"", ""category"": ""subtitles"", ""ipm"": 0.004342}], ""corpus_quality"": {""status"": ""accepted"", ""reasons"": []}, ""components"": [{""surface"": ""autoregulat"", ""canonical_candidate"": ""autoregulat"", ""confidence"": 0.89, ""evidence"": [{""type"": ""compound_morphology"", ""source"": ""candidate_index"", ""path"": [""autoregulation"", ""autoregulat"", ""autoregulat""], ""confidence"": 0.89}]}]}"
en	lemma:85ceaa7e2a6c87f21c7d	rules-based	uncertain	not_admitted_candidate		aggregate_only_not_sense_frequency	"[{""path"": ""associativvordes/family-index-v5/members/en/86.json.gz"", ""family_id"": ""surface:en:rulesbas"", ""record_sha256"": ""bb1628e4b933d02410c6eec4097e9d345bdd40983990188ab54aa0dd96e13e07""}, {""path"": ""associativvordes/family-index-v5/members/en/d7.json.gz"", ""family_id"": ""surface:en:sed"", ""record_sha256"": ""87c7c1e7f0b8b41a33dd8b669c71dcd5f0731b6419337f0352a7301e65aa4c72""}]"	"{""lemma_id"": ""lemma:85ceaa7e2a6c87f21c7d"", ""word"": ""rules-based"", ""normalized"": ""rules-based"", ""search_form"": ""rules-based"", ""rank"": 73560, ""frequency_score"": 2.4905011128058088, ""category_breakdown"": {""web"": {""ipm_values"": [0.152733], ""category_ipm"": 0.152733, ""category_score"": 2.4905011128058088}}, ""sources"": [{""id"": ""web/sorted.uk.lemma.unigrams.cleaned_recommended_min100_ipm6.json"", ""file"": ""sorted.uk.lemma.unigrams.cleaned_recommended_min100_ipm6.json"", ""category"": ""web"", ""ipm"": 0.152733}], ""corpus_quality"": {""status"": ""accepted"", ""reasons"": []}, ""components"": [{""surface"": ""rules-bas"", ""canonical_candidate"": ""rulesbas"", ""confidence"": 0.92, ""evidence"": [{""type"": ""morphological_parse"", ""source"": ""candidate_index"", ""path"": [""rules-based"", ""rules-bas"", ""rules-bas""], ""confidence"": 0.92}]}]}"
en	lemma:868e8f3a72d0e50e9a26	regules	uncertain	withheld_historical_uncertain		aggregate_only_not_sense_frequency	"[{""path"": ""associativvordes/family-index-v5/members/en/40.json.gz"", ""family_id"": ""family:regul"", ""record_sha256"": ""43caef09e6383c6a6fb41860e1f1f7fc10447472a72e2cf65eb3160c3359d1c9""}, {""path"": ""associativvordes/family-index-v5/members/en/f4.json.gz"", ""family_id"": ""surface:en:ules"", ""record_sha256"": ""f9f9a494c9cdeb3fd53d58db663c414de2f166fa4c2427f9e1c825ae2196ff10""}]"	"{""lemma_id"": ""lemma:868e8f3a72d0e50e9a26"", ""word"": ""regules"", ""normalized"": ""regules"", ""search_form"": ""regules"", ""rank"": 749015, ""frequency_score"": 0.029036169457900194, ""category_breakdown"": {""subtitles"": {""ipm_values"": [0.00187, 0.001447], ""category_ipm"": 0.0016584999999999998, ""category_score"": 0.029036169457900194}}, ""sources"": [{""id"": ""subtitles/hermit_2016_en_full_lemmatized_ipm6_spacy_lookup_cleaned_v8.json"", ""file"": ""hermit_2016_en_full_lemmatized_ipm6_spacy_lookup_cleaned_v8.json"", ""category"": ""subtitles"", ""ipm"": 0.00187}, {""id"": ""subtitles/hermit_2018_en_full_lemmatized_ipm6_spacy_lookup_cleaned_v8.json"", ""file"": ""hermit_2018_en_full_lemmatized_ipm6_spacy_lookup_cleaned_v8.json"", ""category"": ""subtitles"", ""ipm"": 0.001447}], ""corpus_quality"": {""status"": ""accepted"", ""reasons"": []}, ""components"": [{""surface"": ""regul"", ""canonical_candidate"": ""regul"", ""confidence"": 1, ""evidence"": [{""type"": ""morphological_parse"", ""source"": ""manually_verified"", ""path"": [""regules"", ""regul"", ""regul""], ""confidence"": 1}, {""type"": ""verified_seed_alias"", ""source"": ""methodology_control_seed"", ""path"": [""en"", ""regul"", ""family:regul""], ""confidence"": 1}]}, {""surface"": ""regule"", ""canonical_candidate"": ""regule"", ""confidence"": 0.92, ""evidence"": [{""type"": ""morphological_parse"", ""source"": ""candidate_index"", ""path"": [""regules"", ""regule"", ""regule""], ""confidence"": 0.92}, {""type"": ""verified_seed_alias"", ""source"": ""methodology_control_seed"", ""path"": [""en"", ""regule"", ""family:regul""], ""confidence"": 1}]}]}"
en	lemma:87cbdf34e1327c05ad16	regole	uncertain	withheld_historical_uncertain		aggregate_only_not_sense_frequency	"[{""path"": ""associativvordes/family-index-v5/members/en/1c.json.gz"", ""family_id"": ""surface:en:gole"", ""record_sha256"": ""daba292c16c555ed49c80434a7cfe76ba3ba531459e3e406f8c2049c67937c07""}, {""path"": ""associativvordes/family-index-v5/members/en/40.json.gz"", ""family_id"": ""family:regul"", ""record_sha256"": ""5d1141bbd99fd2fee685a293a1c346db45b191b185162635dc8a2a5ec0453c88""}]"	"{""lemma_id"": ""lemma:87cbdf34e1327c05ad16"", ""word"": ""regole"", ""normalized"": ""regole"", ""search_form"": ""regole"", ""rank"": 748906, ""frequency_score"": 0.032735546362605054, ""category_breakdown"": {""subtitles"": {""ipm_values"": [0.00187], ""category_ipm"": 0.00187, ""category_score"": 0.032735546362605054}}, ""sources"": [{""id"": ""subtitles/hermit_2016_en_full_lemmatized_ipm6_spacy_lookup_cleaned_v8.json"", ""file"": ""hermit_2016_en_full_lemmatized_ipm6_spacy_lookup_cleaned_v8.json"", ""category"": ""subtitles"", ""ipm"": 0.00187}], ""corpus_quality"": {""status"": ""accepted"", ""reasons"": []}, ""components"": [{""surface"": ""gole"", ""canonical_candidate"": ""gole"", ""confidence"": 0.92, ""evidence"": [{""type"": ""morphological_parse"", ""source"": ""candidate_index"", ""path"": [""regole"", ""gole"", ""gole""], ""confidence"": 0.92}]}]}"
en	lemma:87f2522377749fa4730d	ruling	uncertain	not_admitted_candidate		aggregate_only_not_sense_frequency	"[{""path"": ""associativvordes/family-index-v5/members/en/60.json.gz"", ""family_id"": ""surface:en:ruling"", ""record_sha256"": ""560053da03faf7679899bed6e3fc718f9f1f7319bff10ac36f2cc6da7a8d6804""}]"	"{""lemma_id"": ""lemma:87f2522377749fa4730d"", ""word"": ""ruling"", ""normalized"": ""ruling"", ""search_form"": ""ruling"", ""rank"": 4611, ""frequency_score"": 22.542693705086474, ""category_breakdown"": {""subtitles"": {""ipm_values"": [0.187003, 0.214222], ""category_ipm"": 0.2006125, ""category_score"": 3.203580003905672}, ""normative"": {""ipm_values"": [1.34661], ""category_ipm"": 1.34661, ""category_score"": 14.945772797689937}, ""web"": {""ipm_values"": [15.840818], ""category_ipm"": 15.840818, ""category_score"": 49.47872831366381}}, ""sources"": [{""id"": ""normative/bnc-clean2.lemmatized_spacy_ipm6.json"", ""file"": ""bnc-clean2.lemmatized_spacy_ipm6.json"", ""category"": ""normative"", ""ipm"": 1.34661}, {""id"": ""subtitles/hermit_2016_en_full_lemmatized_ipm6_spacy_lookup_cleaned_v8.json"", ""file"": ""hermit_2016_en_full_lemmatized_ipm6_spacy_lookup_cleaned_v8.json"", ""category"": ""subtitles"", ""ipm"": 0.187003}, {""id"": ""subtitles/hermit_2018_en_full_lemmatized_ipm6_spacy_lookup_cleaned_v8.json"", ""file"": ""hermit_2018_en_full_lemmatized_ipm6_spacy_lookup_cleaned_v8.json"", ""category"": ""subtitles"", ""ipm"": 0.214222}, {""id"": ""web/sorted.uk.lemma.unigrams.cleaned_recommended_min100_ipm6.json"", ""file"": ""sorted.uk.lemma.unigrams.cleaned_recommended_min100_ipm6.json"", ""category"": ""web"", ""ipm"": 15.840818}], ""corpus_quality"": {""status"": ""accepted"", ""reasons"": []}, ""components"": [{""surface"": ""ruling"", ""canonical_candidate"": ""ruling"", ""confidence"": 0.92, ""evidence"": [{""type"": ""morphological_parse"", ""source"": ""candidate_index"", ""path"": [""ruling"", ""ruling"", ""ruling""], ""confidence"": 0.92}]}]}"
en	lemma:8b20e79e4be1193499fe	de-regulation	accepted	accepted	regulate	aggregate_only_not_sense_frequency	"[{""path"": ""associativvordes/family-index-v5/members/en/40.json.gz"", ""family_id"": ""family:regul"", ""record_sha256"": ""b4be084847b220836d1f80780bc7ad976e6caeffe239fff08d039fb63e052268""}, {""path"": ""associativvordes/family-index-v5/members/en/65.json.gz"", ""family_id"": ""surface:en:regulation"", ""record_sha256"": ""50c31b5b6cd0cb9edf1e685b0f059a002d6336fb33f44234eedcce6471dbc0ce""}, {""path"": ""associativvordes/family-index-v5/members/en/f8.json.gz"", ""family_id"": ""surface:en:deregulat"", ""record_sha256"": ""88f7a2860273b3fcb759a10f0c74dfc9afd198f91798fdb49161b028da0a1bf6""}]"	"{""lemma_id"": ""lemma:8b20e79e4be1193499fe"", ""word"": ""de-regulation"", ""normalized"": ""de-regulation"", ""search_form"": ""de-regulation"", ""rank"": 63553, ""frequency_score"": 3.1545259047241885, ""category_breakdown"": {""web"": {""ipm_values"": [0.197256], ""category_ipm"": 0.197256, ""category_score"": 3.1545259047241885}}, ""sources"": [{""id"": ""web/sorted.uk.lemma.unigrams.cleaned_recommended_min100_ipm6.json"", ""file"": ""sorted.uk.lemma.unigrams.cleaned_recommended_min100_ipm6.json"", ""category"": ""web"", ""ipm"": 0.197256}], ""corpus_quality"": {""status"": ""accepted"", ""reasons"": []}, ""components"": [{""surface"": ""regul"", ""canonical_candidate"": ""regul"", ""confidence"": 1, ""evidence"": [{""type"": ""compound_morphology"", ""source"": ""manually_verified"", ""path"": [""de-regulation"", ""regul"", ""regul""], ""confidence"": 1}, {""type"": ""verified_seed_alias"", ""source"": ""methodology_control_seed"", ""path"": [""en"", ""regul"", ""family:regul""], ""confidence"": 1}]}]}"
en	lemma:8b7efec591bef7347a55	fregula	uncertain	not_admitted_candidate		aggregate_only_not_sense_frequency	"[{""path"": ""associativvordes/family-index-v5/members/en/26.json.gz"", ""family_id"": ""ety:bd9c2de0fadc"", ""record_sha256"": ""a5203abbafd37d67f1d53d2ffdd01b8dfbbf090fb002eeaeb0577c6a215dea9c""}, {""path"": ""associativvordes/family-index-v5/members/en/d5.json.gz"", ""family_id"": ""surface:en:freg"", ""record_sha256"": ""9dce8515b9ec52a5f1ac8abcd133512e311b35586f177adeb3b8c96b596593f1""}]"	"{""lemma_id"": ""lemma:8b7efec591bef7347a55"", ""word"": ""fregula"", ""normalized"": ""fregula"", ""search_form"": ""fregula"", ""rank"": 571999, ""frequency_score"": 0.029036169457900194, ""category_breakdown"": {""subtitles"": {""ipm_values"": [0.00187, 0.001447], ""category_ipm"": 0.0016584999999999998, ""category_score"": 0.029036169457900194}}, ""sources"": [{""id"": ""subtitles/hermit_2016_en_full_lemmatized_ipm6_spacy_lookup_cleaned_v8.json"", ""file"": ""hermit_2016_en_full_lemmatized_ipm6_spacy_lookup_cleaned_v8.json"", ""category"": ""subtitles"", ""ipm"": 0.00187}, {""id"": ""subtitles/hermit_2018_en_full_lemmatized_ipm6_spacy_lookup_cleaned_v8.json"", ""file"": ""hermit_2018_en_full_lemmatized_ipm6_spacy_lookup_cleaned_v8.json"", ""category"": ""subtitles"", ""ipm"": 0.001447}], ""corpus_quality"": {""status"": ""accepted"", ""reasons"": []}, ""components"": [{""surface"": ""gula"", ""canonical_candidate"": ""gula"", ""confidence"": 0.89, ""evidence"": [{""type"": ""compound_morphology"", ""source"": ""candidate_index"", ""path"": [""fregula"", ""gula"", ""gula""], ""confidence"": 0.89}]}]}"
en	lemma:8da0786325b9a1b8bf4f	lrregular	uncertain	not_admitted_candidate		aggregate_only_not_sense_frequency	"[{""path"": ""associativvordes/family-index-v5/members/en/57.json.gz"", ""family_id"": ""surface:en:lrr"", ""record_sha256"": ""14b364495bdf897674806731845d5f02f4a7d1f676561d93eeb2fa1211226555""}, {""path"": ""associativvordes/family-index-v5/members/en/8c.json.gz"", ""family_id"": ""surface:en:egu"", ""record_sha256"": ""8d0f707fd5ed55558ebdadd2c97cd74859854095676e3b70e1f1112b4e0f42e2""}, {""path"": ""associativvordes/family-index-v5/members/en/ef.json.gz"", ""family_id"": ""ety:44b79d609762"", ""record_sha256"": ""3a56513c002a4bc2363d281b3ab52ec4d340f3efbb93f4d88682f0bea6dddc9a""}]"	"{""lemma_id"": ""lemma:8da0786325b9a1b8bf4f"", ""word"": ""lrregular"", ""normalized"": ""lrregular"", ""search_form"": ""lrregular"", ""rank"": 196992, ""frequency_score"": 0.14839447400123373, ""category_breakdown"": {""subtitles"": {""ipm_values"": [0.01122, 0.00579], ""category_ipm"": 0.008505, ""category_score"": 0.14839447400123373}}, ""sources"": [{""id"": ""subtitles/hermit_2016_en_full_lemmatized_ipm6_spacy_lookup_cleaned_v8.json"", ""file"": ""hermit_2016_en_full_lemmatized_ipm6_spacy_lookup_cleaned_v8.json"", ""category"": ""subtitles"", ""ipm"": 0.01122}, {""id"": ""subtitles/hermit_2018_en_full_lemmatized_ipm6_spacy_lookup_cleaned_v8.json"", ""file"": ""hermit_2018_en_full_lemmatized_ipm6_spacy_lookup_cleaned_v8.json"", ""category"": ""subtitles"", ""ipm"": 0.00579}], ""corpus_quality"": {""status"": ""accepted"", ""reasons"": []}, ""components"": [{""surface"": ""lrr"", ""canonical_candidate"": ""lrr"", ""confidence"": 0.81, ""evidence"": [{""type"": ""compound_morphology"", ""source"": ""candidate_index"", ""path"": [""lrregular"", ""lrr"", ""lrr""], ""confidence"": 0.81}]}]}"
en	lemma:8e3d06dd2e19d7c75b28	irregullarities	uncertain	not_admitted_candidate		aggregate_only_not_sense_frequency	"[{""path"": ""associativvordes/family-index-v5/members/en/52.json.gz"", ""family_id"": ""surface:en:ties"", ""record_sha256"": ""15f2a8980d07015bffb0e7198c630f1762157f55db7b62c56b1e0fe4523dba42""}, {""path"": ""associativvordes/family-index-v5/members/en/ef.json.gz"", ""family_id"": ""surface:en:irregullaritie"", ""record_sha256"": ""7e8c42679c29f54732307e8bdd6a502e44fc964783e4a8b1569e1e0ba12756e3""}]"	"{""lemma_id"": ""lemma:8e3d06dd2e19d7c75b28"", ""word"": ""irregullarities"", ""normalized"": ""irregullarities"", ""search_form"": ""irregullarities"", ""rank"": 619421, ""frequency_score"": 0.029036169457900194, ""category_breakdown"": {""subtitles"": {""ipm_values"": [0.00187, 0.001447], ""category_ipm"": 0.0016584999999999998, ""category_score"": 0.029036169457900194}}, ""sources"": [{""id"": ""subtitles/hermit_2016_en_full_lemmatized_ipm6_spacy_lookup_cleaned_v8.json"", ""file"": ""hermit_2016_en_full_lemmatized_ipm6_spacy_lookup_cleaned_v8.json"", ""category"": ""subtitles"", ""ipm"": 0.00187}, {""id"": ""subtitles/hermit_2018_en_full_lemmatized_ipm6_spacy_lookup_cleaned_v8.json"", ""file"": ""hermit_2018_en_full_lemmatized_ipm6_spacy_lookup_cleaned_v8.json"", ""category"": ""subtitles"", ""ipm"": 0.001447}], ""corpus_quality"": {""status"": ""accepted"", ""reasons"": []}, ""components"": [{""surface"": ""ties"", ""canonical_candidate"": ""ties"", ""confidence"": 0.89, ""evidence"": [{""type"": ""compound_morphology"", ""source"": ""candidate_index"", ""path"": [""irregullarities"", ""ties"", ""ties""], ""confidence"": 0.89}]}]}"
en	lemma:912f5b7c18bf65eaa65f	up-regulated	accepted	accepted	regulate	aggregate_only_not_sense_frequency	"[{""path"": ""associativvordes/family-index-v5/members/en/4a.json.gz"", ""family_id"": ""surface:en:upregulat"", ""record_sha256"": ""d118871c74dbb4cf4266a4ad415b5151bd0496bb8720571b8b6e51eecdad45f4""}]"	"{""lemma_id"": ""lemma:912f5b7c18bf65eaa65f"", ""word"": ""up-regulated"", ""normalized"": ""up-regulated"", ""search_form"": ""up-regulated"", ""rank"": 110823, ""frequency_score"": 1.2848788879200872, ""category_breakdown"": {""web"": {""ipm_values"": [0.076085], ""category_ipm"": 0.076085, ""category_score"": 1.2848788879200872}}, ""sources"": [{""id"": ""web/sorted.uk.lemma.unigrams.cleaned_recommended_min100_ipm6.json"", ""file"": ""sorted.uk.lemma.unigrams.cleaned_recommended_min100_ipm6.json"", ""category"": ""web"", ""ipm"": 0.076085}], ""corpus_quality"": {""status"": ""accepted"", ""reasons"": []}, ""components"": [{""surface"": ""up-regulat"", ""canonical_candidate"": ""upregulat"", ""confidence"": 0.92, ""evidence"": [{""type"": ""morphological_parse"", ""source"": ""candidate_index"", ""path"": [""up-regulated"", ""up-regulat"", ""up-regulat""], ""confidence"": 0.92}]}]}"
en	lemma:93b055dabe1d0f9bfd9e	rule-of-thumb	uncertain	not_admitted_candidate		aggregate_only_not_sense_frequency	"[{""path"": ""associativvordes/family-index-v5/members/en/1a.json.gz"", ""family_id"": ""surface:en:ruleofthumb"", ""record_sha256"": ""b1ea1463b874d7d5f06109139096fa943fb876201ad0e58b8cdfcf27fa0f16b9""}]"	"{""lemma_id"": ""lemma:93b055dabe1d0f9bfd9e"", ""word"": ""rule-of-thumb"", ""normalized"": ""rule-of-thumb"", ""search_form"": ""rule-of-thumb"", ""rank"": 103962, ""frequency_score"": 1.421982160757693, ""category_breakdown"": {""web"": {""ipm_values"": [0.084538], ""category_ipm"": 0.084538, ""category_score"": 1.421982160757693}}, ""sources"": [{""id"": ""web/sorted.uk.lemma.unigrams.cleaned_recommended_min100_ipm6.json"", ""file"": ""sorted.uk.lemma.unigrams.cleaned_recommended_min100_ipm6.json"", ""category"": ""web"", ""ipm"": 0.084538}], ""corpus_quality"": {""status"": ""accepted"", ""reasons"": []}, ""components"": [{""surface"": ""rule-of-thumb"", ""canonical_candidate"": ""ruleofthumb"", ""confidence"": 0.8, ""evidence"": [{""type"": ""morphological_parse"", ""source"": ""candidate_index"", ""path"": [""rule-of-thumb"", ""rule-of-thumb"", ""rule-of-thumb""], ""confidence"": 0.8}]}]}"
en	lemma:946a50a94d3f09d0771d	passedsomewhatregularly	uncertain	withheld_historical_uncertain		aggregate_only_not_sense_frequency	"[{""path"": ""associativvordes/family-index-v5/members/en/40.json.gz"", ""family_id"": ""family:regul"", ""record_sha256"": ""958ee88f63eb9f98d1edf1a0be9cf2db13ac4874258bba4f07d035c49a19061e""}, {""path"": ""associativvordes/family-index-v5/members/en/dd.json.gz"", ""family_id"": ""surface:en:passedsomewhatregular"", ""record_sha256"": ""7d123adb244be1b38b9a0f61eb8a76a0ada35a9554ff38b427e9a48c2aa01b98""}]"	"{""lemma_id"": ""lemma:946a50a94d3f09d0771d"", ""word"": ""passedsomewhatregularly"", ""normalized"": ""passedsomewhatregularly"", ""search_form"": ""passedsomewhatregularly"", ""rank"": 718606, ""frequency_score"": 0.032735546362605054, ""category_breakdown"": {""subtitles"": {""ipm_values"": [0.00187], ""category_ipm"": 0.00187, ""category_score"": 0.032735546362605054}}, ""sources"": [{""id"": ""subtitles/hermit_2016_en_full_lemmatized_ipm6_spacy_lookup_cleaned_v8.json"", ""file"": ""hermit_2016_en_full_lemmatized_ipm6_spacy_lookup_cleaned_v8.json"", ""category"": ""subtitles"", ""ipm"": 0.00187}], ""corpus_quality"": {""status"": ""accepted"", ""reasons"": []}, ""components"": [{""surface"": ""regul"", ""canonical_candidate"": ""regul"", ""confidence"": 0.97, ""evidence"": [{""type"": ""compound_morphology"", ""source"": ""manually_verified"", ""path"": [""passedsomewhatregularly"", ""regul"", ""regul""], ""confidence"": 0.97}, {""type"": ""verified_seed_alias"", ""source"": ""methodology_control_seed"", ""path"": [""en"", ""regul"", ""family:regul""], ""confidence"": 1}]}]}"
en	lemma:94eaa85435a26b5e758e	osmoregulaiton	uncertain	withheld_historical_uncertain		aggregate_only_not_sense_frequency	"[{""path"": ""associativvordes/family-index-v5/members/en/19.json.gz"", ""family_id"": ""surface:en:osmoregula"", ""record_sha256"": ""36e98921a7f5f36d9c83a759a3889de1132320cbea9aa2c30628832e0d09a33f""}, {""path"": ""associativvordes/family-index-v5/members/en/1a.json.gz"", ""family_id"": ""ety:8f7397492512"", ""record_sha256"": ""745cc0ece8ddcafa0465bb18f19c352c2a54465abf34547b0a0db80622f6b8cb""}, {""path"": ""associativvordes/family-index-v5/members/en/40.json.gz"", ""family_id"": ""family:regul"", ""record_sha256"": ""db9185de07375b235cb463d1a798e647bb1f36b61fcb3072434cefd36e2e372c""}, {""path"": ""associativvordes/family-index-v5/members/en/4d.json.gz"", ""family_id"": ""surface:en:iton"", ""record_sha256"": ""a72cc25266865d848df88feb494f96f09e249366a87fc1ee49b127d6801d508a""}]"	"{""lemma_id"": ""lemma:94eaa85435a26b5e758e"", ""word"": ""osmoregulaiton"", ""normalized"": ""osmoregulaiton"", ""search_form"": ""osmoregulaiton"", ""rank"": 811879, ""frequency_score"": 0.025336011347990555, ""category_breakdown"": {""subtitles"": {""ipm_values"": [0.001447], ""category_ipm"": 0.001447, ""category_score"": 0.025336011347990555}}, ""sources"": [{""id"": ""subtitles/hermit_2018_en_full_lemmatized_ipm6_spacy_lookup_cleaned_v8.json"", ""file"": ""hermit_2018_en_full_lemmatized_ipm6_spacy_lookup_cleaned_v8.json"", ""category"": ""subtitles"", ""ipm"": 0.001447}], ""corpus_quality"": {""status"": ""accepted"", ""reasons"": []}, ""components"": [{""surface"": ""osmoregula"", ""canonical_candidate"": ""osmoregula"", ""confidence"": 0.81, ""evidence"": [{""type"": ""compound_morphology"", ""source"": ""candidate_index"", ""path"": [""osmoregulaiton"", ""osmoregula"", ""osmoregula""], ""confidence"": 0.81}]}]}"
en	lemma:95be9aa0ebecd68d10a7	regularity	accepted	accepted	regular	aggregate_only_not_sense_frequency	"[{""path"": ""associativvordes/family-index-v5/members/en/06.json.gz"", ""family_id"": ""ety:f0df407f8682"", ""record_sha256"": ""b464ad64b0307bdb644959c22eb80716229a65b957aaf100e8715bec230adf11""}, {""path"": ""associativvordes/family-index-v5/members/en/0b.json.gz"", ""family_id"": ""ety:78d70a1e3eaf"", ""record_sha256"": ""b464ad64b0307bdb644959c22eb80716229a65b957aaf100e8715bec230adf11""}, {""path"": ""associativvordes/family-index-v5/members/en/2c.json.gz"", ""family_id"": ""ety:4fea5df26862"", ""record_sha256"": ""b464ad64b0307bdb644959c22eb80716229a65b957aaf100e8715bec230adf11""}, {""path"": ""associativvordes/family-index-v5/members/en/40.json.gz"", ""family_id"": ""family:regul"", ""record_sha256"": ""02451e345ff07aa3c7de97656cdc02fcdc9ed3598da1982a26600b1b42dbf270""}, {""path"": ""associativvordes/family-index-v5/members/en/5b.json.gz"", ""family_id"": ""ety:7eb55cb05961"", ""record_sha256"": ""73d261496e66ddeb9aa61b2ca6d6cfe07bab08b0eff4eb352b2021bd3802120f""}, {""path"": ""associativvordes/family-index-v5/members/en/6a.json.gz"", ""family_id"": ""ety:ff3077e4a20b"", ""record_sha256"": ""b464ad64b0307bdb644959c22eb80716229a65b957aaf100e8715bec230adf11""}, {""path"": ""associativvordes/family-index-v5/members/en/96.json.gz"", ""family_id"": ""ety:fdb4fb63c102"", ""record_sha256"": ""b464ad64b0307bdb644959c22eb80716229a65b957aaf100e8715bec230adf11""}, {""path"": ""associativvordes/family-index-v5/members/en/f6.json.gz"", ""family_id"": ""ety:2bd62d3fe41d"", ""record_sha256"": ""b464ad64b0307bdb644959c22eb80716229a65b957aaf100e8715bec230adf11""}]"	"{""lemma_id"": ""lemma:95be9aa0ebecd68d10a7"", ""word"": ""regularity"", ""normalized"": ""regularity"", ""search_form"": ""regularity"", ""rank"": 9913, ""frequency_score"": 18.89677716438795, ""category_breakdown"": {""subtitles"": {""ipm_values"": [0.379615, 0.371994], ""category_ipm"": 0.3758045, ""category_score"": 5.590196020905401}, ""normative"": {""ipm_values"": [4.342556], ""category_ipm"": 4.342556, ""category_score"": 29.36169291297291}, ""web"": {""ipm_values"": [2.457815], ""category_ipm"": 2.457815, ""category_score"": 21.73844255928553}}, ""sources"": [{""id"": ""normative/bnc-clean2.lemmatized_spacy_ipm6.json"", ""file"": ""bnc-clean2.lemmatized_spacy_ipm6.json"", ""category"": ""normative"", ""ipm"": 4.342556}, {""id"": ""subtitles/hermit_2016_en_full_lemmatized_ipm6_spacy_lookup_cleaned_v8.json"", ""file"": ""hermit_2016_en_full_lemmatized_ipm6_spacy_lookup_cleaned_v8.json"", ""category"": ""subtitles"", ""ipm"": 0.379615}, {""id"": ""subtitles/hermit_2018_en_full_lemmatized_ipm6_spacy_lookup_cleaned_v8.json"", ""file"": ""hermit_2018_en_full_lemmatized_ipm6_spacy_lookup_cleaned_v8.json"", ""category"": ""subtitles"", ""ipm"": 0.371994}, {""id"": ""web/sorted.uk.lemma.unigrams.cleaned_recommended_min100_ipm6.json"", ""file"": ""sorted.uk.lemma.unigrams.cleaned_recommended_min100_ipm6.json"", ""category"": ""web"", ""ipm"": 2.457815}], ""corpus_quality"": {""status"": ""accepted"", ""reasons"": []}, ""components"": [{""surface"": ""ity"", ""canonical_candidate"": ""ity"", ""confidence"": 0.89, ""evidence"": [{""type"": ""compound_morphology"", ""source"": ""candidate_index"", ""path"": [""regularity"", ""ity"", ""ity""], ""confidence"": 0.89}]}]}"
en	lemma:95cb98c652d6328986be	regularlegs	uncertain	withheld_historical_uncertain		aggregate_only_not_sense_frequency	"[{""path"": ""associativvordes/family-index-v5/members/en/40.json.gz"", ""family_id"": ""family:regul"", ""record_sha256"": ""61c62e8318abdb37a5bff5e645b8993bc35b1014a4fe7b1d5cd418d94796f317""}, {""path"": ""associativvordes/family-index-v5/members/en/c5.json.gz"", ""family_id"": ""surface:en:regularleg"", ""record_sha256"": ""f15ddf8c35fdbd66ddb779cef5cd9c4a270ccf06d72b3e425ffc9ceb7452c6b1""}, {""path"": ""associativvordes/family-index-v5/members/en/f0.json.gz"", ""family_id"": ""surface:en:legs"", ""record_sha256"": ""824c4540be27876c9bce70429c7ba249cb8873b19bbb9654143e8227d8371d36""}]"	"{""lemma_id"": ""lemma:95cb98c652d6328986be"", ""word"": ""regularlegs"", ""normalized"": ""regularlegs"", ""search_form"": ""regularlegs"", ""rank"": 307571, ""frequency_score"": 0.09802373349721757, ""category_breakdown"": {""subtitles"": {""ipm_values"": [0.00561], ""category_ipm"": 0.00561, ""category_score"": 0.09802373349721757}}, ""sources"": [{""id"": ""subtitles/hermit_2016_en_full_lemmatized_ipm6_spacy_lookup_cleaned_v8.json"", ""file"": ""hermit_2016_en_full_lemmatized_ipm6_spacy_lookup_cleaned_v8.json"", ""category"": ""subtitles"", ""ipm"": 0.00561}], ""corpus_quality"": {""status"": ""accepted"", ""reasons"": []}, ""components"": [{""surface"": ""regul"", ""canonical_candidate"": ""regul"", ""confidence"": 0.97, ""evidence"": [{""type"": ""compound_morphology"", ""source"": ""manually_verified"", ""path"": [""regularlegs"", ""regul"", ""regul""], ""confidence"": 0.97}, {""type"": ""verified_seed_alias"", ""source"": ""methodology_control_seed"", ""path"": [""en"", ""regul"", ""family:regul""], ""confidence"": 1}]}]}"
en	lemma:961d4af76463fe0c3318	classregularly	uncertain	withheld_historical_uncertain		aggregate_only_not_sense_frequency	"[{""path"": ""associativvordes/family-index-v5/members/en/40.json.gz"", ""family_id"": ""family:regul"", ""record_sha256"": ""8592bd20fa10461e74ed5738c43f1f2f4f7051e6cc229d3cebbaaa2cd7a11d82""}, {""path"": ""associativvordes/family-index-v5/members/en/5d.json.gz"", ""family_id"": ""surface:en:classregular"", ""record_sha256"": ""c52a3cd66c6d6965469e7cf8afa7e74f923c236f7f49030dce56bb332ab93a54""}]"	"{""lemma_id"": ""lemma:961d4af76463fe0c3318"", ""word"": ""classregularly"", ""normalized"": ""classregularly"", ""search_form"": ""classregularly"", ""rank"": 584443, ""frequency_score"": 0.025336011347990555, ""category_breakdown"": {""subtitles"": {""ipm_values"": [0.001447], ""category_ipm"": 0.001447, ""category_score"": 0.025336011347990555}}, ""sources"": [{""id"": ""subtitles/hermit_2018_en_full_lemmatized_ipm6_spacy_lookup_cleaned_v8.json"", ""file"": ""hermit_2018_en_full_lemmatized_ipm6_spacy_lookup_cleaned_v8.json"", ""category"": ""subtitles"", ""ipm"": 0.001447}], ""corpus_quality"": {""status"": ""accepted"", ""reasons"": []}, ""components"": [{""surface"": ""regul"", ""canonical_candidate"": ""regul"", ""confidence"": 0.97, ""evidence"": [{""type"": ""compound_morphology"", ""source"": ""manually_verified"", ""path"": [""classregularly"", ""regul"", ""regul""], ""confidence"": 0.97}, {""type"": ""verified_seed_alias"", ""source"": ""methodology_control_seed"", ""path"": [""en"", ""regul"", ""family:regul""], ""confidence"": 1}]}]}"
en	lemma:96e412ca87d0364bb2ea	regulartrial	uncertain	withheld_historical_uncertain		aggregate_only_not_sense_frequency	"[{""path"": ""associativvordes/family-index-v5/members/en/40.json.gz"", ""family_id"": ""family:regul"", ""record_sha256"": ""f0690d0f7dc7b8ec116f9dff7862313559b4b7538d5d41371f538dd7c3c7b604""}, {""path"": ""associativvordes/family-index-v5/members/en/87.json.gz"", ""family_id"": ""surface:en:trial"", ""record_sha256"": ""0553e3a872593313320d3c57e7e1c8d169db1e54de98496a9d6a8480de599f35""}, {""path"": ""associativvordes/family-index-v5/members/en/8c.json.gz"", ""family_id"": ""surface:en:regulartri"", ""record_sha256"": ""94d612f5d9510a2d934590a0df6aaeab176bb065e68c60e519ee0fb39219583f""}]"	"{""lemma_id"": ""lemma:96e412ca87d0364bb2ea"", ""word"": ""regulartrial"", ""normalized"": ""regulartrial"", ""search_form"": ""regulartrial"", ""rank"": 749005, ""frequency_score"": 0.029036169457900194, ""category_breakdown"": {""subtitles"": {""ipm_values"": [0.00187, 0.001447], ""category_ipm"": 0.0016584999999999998, ""category_score"": 0.029036169457900194}}, ""sources"": [{""id"": ""subtitles/hermit_2016_en_full_lemmatized_ipm6_spacy_lookup_cleaned_v8.json"", ""file"": ""hermit_2016_en_full_lemmatized_ipm6_spacy_lookup_cleaned_v8.json"", ""category"": ""subtitles"", ""ipm"": 0.00187}, {""id"": ""subtitles/hermit_2018_en_full_lemmatized_ipm6_spacy_lookup_cleaned_v8.json"", ""file"": ""hermit_2018_en_full_lemmatized_ipm6_spacy_lookup_cleaned_v8.json"", ""category"": ""subtitles"", ""ipm"": 0.001447}], ""corpus_quality"": {""status"": ""accepted"", ""reasons"": []}, ""components"": [{""surface"": ""regul"", ""canonical_candidate"": ""regul"", ""confidence"": 0.97, ""evidence"": [{""type"": ""compound_morphology"", ""source"": ""manually_verified"", ""path"": [""regulartrial"", ""regul"", ""regul""], ""confidence"": 0.97}, {""type"": ""verified_seed_alias"", ""source"": ""methodology_control_seed"", ""path"": [""en"", ""regul"", ""family:regul""], ""confidence"": 1}]}]}"
en	lemma:979d41d903836a31490a	regolith	excluded	removed_historical_excluded		aggregate_only_not_sense_frequency	"[{""path"": ""associativvordes/family-index-v5/members/en/40.json.gz"", ""family_id"": ""family:regul"", ""record_sha256"": ""d4526e1f050714439229806153e89fdb4ecf8bf02efcbdca8c1c8d4d948f6cc2""}, {""path"": ""associativvordes/family-index-v5/members/en/87.json.gz"", ""family_id"": ""ety:4381d443ac0a"", ""record_sha256"": ""d56572aeaa4272bd8f5b2578cbdcf0e3b589bc7af27532be095ee8acd54f0969""}]"	"{""lemma_id"": ""lemma:979d41d903836a31490a"", ""word"": ""regolith"", ""normalized"": ""regolith"", ""search_form"": ""regolith"", ""rank"": 44996, ""frequency_score"": 2.068874339695196, ""category_breakdown"": {""subtitles"": {""ipm_values"": [0.063581, 0.146192], ""category_ipm"": 0.1048865, ""category_score"": 1.747690339507371}, ""normative"": {""ipm_values"": [0.146144], ""category_ipm"": 0.146144, ""category_score"": 2.390058339883021}}, ""sources"": [{""id"": ""normative/bnc-clean2.lemmatized_spacy_ipm6.json"", ""file"": ""bnc-clean2.lemmatized_spacy_ipm6.json"", ""category"": ""normative"", ""ipm"": 0.146144}, {""id"": ""subtitles/hermit_2016_en_full_lemmatized_ipm6_spacy_lookup_cleaned_v8.json"", ""file"": ""hermit_2016_en_full_lemmatized_ipm6_spacy_lookup_cleaned_v8.json"", ""category"": ""subtitles"", ""ipm"": 0.063581}, {""id"": ""subtitles/hermit_2018_en_full_lemmatized_ipm6_spacy_lookup_cleaned_v8.json"", ""file"": ""hermit_2018_en_full_lemmatized_ipm6_spacy_lookup_cleaned_v8.json"", ""category"": ""subtitles"", ""ipm"": 0.146192}], ""corpus_quality"": {""status"": ""accepted"", ""reasons"": []}, ""components"": [{""surface"": ""regol"", ""canonical_candidate"": ""regol"", ""confidence"": 0.81, ""evidence"": [{""type"": ""compound_morphology"", ""source"": ""candidate_index"", ""path"": [""regolith"", ""regol"", ""regol""], ""confidence"": 0.81}, {""type"": ""verified_seed_alias"", ""source"": ""methodology_control_seed"", ""path"": [""en"", ""regol"", ""family:regul""], ""confidence"": 1}]}]}"
en	lemma:9a1256d7e39b45859c2f	regulaion	uncertain	withheld_historical_uncertain		aggregate_only_not_sense_frequency	"[{""path"": ""associativvordes/family-index-v5/members/en/40.json.gz"", ""family_id"": ""family:regul"", ""record_sha256"": ""29c3b1203d3b9995e783d90469262c68dc83d6742bfc0d647f5875a14212740a""}]"	"{""lemma_id"": ""lemma:9a1256d7e39b45859c2f"", ""word"": ""regulaion"", ""normalized"": ""regulaion"", ""search_form"": ""regulaion"", ""rank"": 748982, ""frequency_score"": 0.029036169457900194, ""category_breakdown"": {""subtitles"": {""ipm_values"": [0.00187, 0.001447], ""category_ipm"": 0.0016584999999999998, ""category_score"": 0.029036169457900194}}, ""sources"": [{""id"": ""subtitles/hermit_2016_en_full_lemmatized_ipm6_spacy_lookup_cleaned_v8.json"", ""file"": ""hermit_2016_en_full_lemmatized_ipm6_spacy_lookup_cleaned_v8.json"", ""category"": ""subtitles"", ""ipm"": 0.00187}, {""id"": ""subtitles/hermit_2018_en_full_lemmatized_ipm6_spacy_lookup_cleaned_v8.json"", ""file"": ""hermit_2018_en_full_lemmatized_ipm6_spacy_lookup_cleaned_v8.json"", ""category"": ""subtitles"", ""ipm"": 0.001447}], ""corpus_quality"": {""status"": ""accepted"", ""reasons"": []}, ""components"": [{""surface"": ""regul"", ""canonical_candidate"": ""regul"", ""confidence"": 0.97, ""evidence"": [{""type"": ""compound_morphology"", ""source"": ""manually_verified"", ""path"": [""regulaion"", ""regul"", ""regul""], ""confidence"": 0.97}, {""type"": ""verified_seed_alias"", ""source"": ""methodology_control_seed"", ""path"": [""en"", ""regul"", ""family:regul""], ""confidence"": 1}]}]}"
en	lemma:9a75fb891be26ef06cff	regularjails	uncertain	withheld_historical_uncertain		aggregate_only_not_sense_frequency	"[{""path"": ""associativvordes/family-index-v5/members/en/40.json.gz"", ""family_id"": ""family:regul"", ""record_sha256"": ""f70faaecfd7d3ebc9d769cc93b4eee168a0a563813b9ea597474083e5dbfc1b4""}, {""path"": ""associativvordes/family-index-v5/members/en/a2.json.gz"", ""family_id"": ""surface:en:ails"", ""record_sha256"": ""f8cac76963954bc4bdfe55bb0f72cfe35930e08108b43c334bcba14fe748d110""}, {""path"": ""associativvordes/family-index-v5/members/en/f3.json.gz"", ""family_id"": ""surface:en:regularjail"", ""record_sha256"": ""e4426fdb7ef49ea74249210fe5b8a6836444142480c6332254bc4f139296cbfb""}]"	"{""lemma_id"": ""lemma:9a75fb891be26ef06cff"", ""word"": ""regularjails"", ""normalized"": ""regularjails"", ""search_form"": ""regularjails"", ""rank"": 855333, ""frequency_score"": 0.025336011347990555, ""category_breakdown"": {""subtitles"": {""ipm_values"": [0.001447], ""category_ipm"": 0.001447, ""category_score"": 0.025336011347990555}}, ""sources"": [{""id"": ""subtitles/hermit_2018_en_full_lemmatized_ipm6_spacy_lookup_cleaned_v8.json"", ""file"": ""hermit_2018_en_full_lemmatized_ipm6_spacy_lookup_cleaned_v8.json"", ""category"": ""subtitles"", ""ipm"": 0.001447}], ""corpus_quality"": {""status"": ""accepted"", ""reasons"": []}, ""components"": [{""surface"": ""regul"", ""canonical_candidate"": ""regul"", ""confidence"": 0.97, ""evidence"": [{""type"": ""compound_morphology"", ""source"": ""manually_verified"", ""path"": [""regularjails"", ""regul"", ""regul""], ""confidence"": 0.97}, {""type"": ""verified_seed_alias"", ""source"": ""methodology_control_seed"", ""path"": [""en"", ""regul"", ""family:regul""], ""confidence"": 1}]}]}"
en	lemma:9dc9d1bbe2e18300f98a	regularwith	uncertain	withheld_historical_uncertain		aggregate_only_not_sense_frequency	"[{""path"": ""associativvordes/family-index-v5/members/en/3e.json.gz"", ""family_id"": ""ety:b8b153b0f5a4"", ""record_sha256"": ""796f3bf4d64d42ba1e397d26b0d518a3872a60c72e0745f4cc4aa77ef9a5aba6""}, {""path"": ""associativvordes/family-index-v5/members/en/40.json.gz"", ""family_id"": ""family:regul"", ""record_sha256"": ""856bf1c65b9ed91c46d6795691180db5dd4da823b7a8e3ca339f5b5d513ac46e""}, {""path"": ""associativvordes/family-index-v5/members/en/5b.json.gz"", ""family_id"": ""ety:7eb55cb05961"", ""record_sha256"": ""ad43fda1c40b62ad2731883eb727f05c77801a24528296d1325bb5f67cf49577""}, {""path"": ""associativvordes/family-index-v5/members/en/76.json.gz"", ""family_id"": ""ety:256060d2b1a2"", ""record_sha256"": ""796f3bf4d64d42ba1e397d26b0d518a3872a60c72e0745f4cc4aa77ef9a5aba6""}, {""path"": ""associativvordes/family-index-v5/members/en/93.json.gz"", ""family_id"": ""surface:en:arw"", ""record_sha256"": ""10f7c8d7254085ee1d28c11c55ad14affa74c84a63b4a2d501f95e7c8bf4a22d""}]"	"{""lemma_id"": ""lemma:9dc9d1bbe2e18300f98a"", ""word"": ""regularwith"", ""normalized"": ""regularwith"", ""search_form"": ""regularwith"", ""rank"": 855350, ""frequency_score"": 0.025336011347990555, ""category_breakdown"": {""subtitles"": {""ipm_values"": [0.001447], ""category_ipm"": 0.001447, ""category_score"": 0.025336011347990555}}, ""sources"": [{""id"": ""subtitles/hermit_2018_en_full_lemmatized_ipm6_spacy_lookup_cleaned_v8.json"", ""file"": ""hermit_2018_en_full_lemmatized_ipm6_spacy_lookup_cleaned_v8.json"", ""category"": ""subtitles"", ""ipm"": 0.001447}], ""corpus_quality"": {""status"": ""accepted"", ""reasons"": []}, ""components"": [{""surface"": ""with"", ""canonical_candidate"": ""with"", ""confidence"": 0.89, ""evidence"": [{""type"": ""compound_morphology"", ""source"": ""candidate_index"", ""path"": [""regularwith"", ""with"", ""with""], ""confidence"": 0.89}]}]}"
en	lemma:a380c7dad972f03171b8	lregularize	uncertain	not_admitted_candidate		aggregate_only_not_sense_frequency	"[{""path"": ""associativvordes/family-index-v5/members/en/f1.json.gz"", ""family_id"": ""surface:en:rize"", ""record_sha256"": ""f664f187d49042fba293b0b6c3b1920fa1f90e1b2a2f1407d883aea935ff3b39""}, {""path"": ""associativvordes/family-index-v5/members/en/f6.json.gz"", ""family_id"": ""surface:en:lregulariz"", ""record_sha256"": ""c6069faec108fdd18acdbd99ac4a291822cd1f9ecc288be19e5aea3c83e3c00e""}]"	"{""lemma_id"": ""lemma:a380c7dad972f03171b8"", ""word"": ""lregularize"", ""normalized"": ""lregularize"", ""search_form"": ""lregularize"", ""rank"": 657242, ""frequency_score"": 0.029036169457900194, ""category_breakdown"": {""subtitles"": {""ipm_values"": [0.00187, 0.001447], ""category_ipm"": 0.0016584999999999998, ""category_score"": 0.029036169457900194}}, ""sources"": [{""id"": ""subtitles/hermit_2016_en_full_lemmatized_ipm6_spacy_lookup_cleaned_v8.json"", ""file"": ""hermit_2016_en_full_lemmatized_ipm6_spacy_lookup_cleaned_v8.json"", ""category"": ""subtitles"", ""ipm"": 0.00187}, {""id"": ""subtitles/hermit_2018_en_full_lemmatized_ipm6_spacy_lookup_cleaned_v8.json"", ""file"": ""hermit_2018_en_full_lemmatized_ipm6_spacy_lookup_cleaned_v8.json"", ""category"": ""subtitles"", ""ipm"": 0.001447}], ""corpus_quality"": {""status"": ""accepted"", ""reasons"": []}, ""components"": [{""surface"": ""rize"", ""canonical_candidate"": ""rize"", ""confidence"": 0.89, ""evidence"": [{""type"": ""compound_morphology"", ""source"": ""candidate_index"", ""path"": [""lregularize"", ""rize"", ""rize""], ""confidence"": 0.89}]}]}"
en	lemma:a47b75300b43ae961be2	regulationpenis	uncertain	withheld_historical_uncertain		aggregate_only_not_sense_frequency	"[{""path"": ""associativvordes/family-index-v5/members/en/40.json.gz"", ""family_id"": ""family:regul"", ""record_sha256"": ""9f1b6a0862a0f74d39f3837db34d5820c669f214ebcf89f4a0ea5ec2ff3daa9e""}, {""path"": ""associativvordes/family-index-v5/members/en/7b.json.gz"", ""family_id"": ""surface:en:regulationpeni"", ""record_sha256"": ""29a64830b67f48819e8f3274c53c148399f99167850e8a996cd81430d9c2a0e4""}, {""path"": ""associativvordes/family-index-v5/members/en/bc.json.gz"", ""family_id"": ""surface:en:penis"", ""record_sha256"": ""8052b6272bf59c5cbb888344cb9d7ef2dbf2b0f060d00a333b10392fe6b5f2db""}]"	"{""lemma_id"": ""lemma:a47b75300b43ae961be2"", ""word"": ""regulationpenis"", ""normalized"": ""regulationpenis"", ""search_form"": ""regulationpenis"", ""rank"": 749011, ""frequency_score"": 0.029036169457900194, ""category_breakdown"": {""subtitles"": {""ipm_values"": [0.00187, 0.001447], ""category_ipm"": 0.0016584999999999998, ""category_score"": 0.029036169457900194}}, ""sources"": [{""id"": ""subtitles/hermit_2016_en_full_lemmatized_ipm6_spacy_lookup_cleaned_v8.json"", ""file"": ""hermit_2016_en_full_lemmatized_ipm6_spacy_lookup_cleaned_v8.json"", ""category"": ""subtitles"", ""ipm"": 0.00187}, {""id"": ""subtitles/hermit_2018_en_full_lemmatized_ipm6_spacy_lookup_cleaned_v8.json"", ""file"": ""hermit_2018_en_full_lemmatized_ipm6_spacy_lookup_cleaned_v8.json"", ""category"": ""subtitles"", ""ipm"": 0.001447}], ""corpus_quality"": {""status"": ""accepted"", ""reasons"": []}, ""components"": [{""surface"": ""regul"", ""canonical_candidate"": ""regul"", ""confidence"": 0.97, ""evidence"": [{""type"": ""compound_morphology"", ""source"": ""manually_verified"", ""path"": [""regulationpenis"", ""regul"", ""regul""], ""confidence"": 0.97}, {""type"": ""verified_seed_alias"", ""source"": ""methodology_control_seed"", ""path"": [""en"", ""regul"", ""family:regul""], ""confidence"": 1}]}]}"
en	lemma:a511e359a6e96bc2bda5	oregol	uncertain	not_admitted_candidate		aggregate_only_not_sense_frequency	"[{""path"": ""associativvordes/family-index-v5/members/en/40.json.gz"", ""family_id"": ""ety:f8e0aa8ed667"", ""record_sha256"": ""fa76a1d84866c2927294815d8c83a88d1c8caaa1f7f989cde5cb405b8c1ff227""}, {""path"": ""associativvordes/family-index-v5/members/en/e9.json.gz"", ""family_id"": ""ety:a99176b74f51"", ""record_sha256"": ""182290bd86341f9044d1b9ddfb244fc330befd9feaea388cd6b9855e71ba364d""}, {""path"": ""associativvordes/family-index-v5/members/en/fd.json.gz"", ""family_id"": ""ety:60fc7eb24d81"", ""record_sha256"": ""fa76a1d84866c2927294815d8c83a88d1c8caaa1f7f989cde5cb405b8c1ff227""}]"	"{""lemma_id"": ""lemma:a511e359a6e96bc2bda5"", ""word"": ""oregol"", ""normalized"": ""oregol"", ""search_form"": ""oregol"", ""rank"": 709524, ""frequency_score"": 0.029036169457900194, ""category_breakdown"": {""subtitles"": {""ipm_values"": [0.00187, 0.001447], ""category_ipm"": 0.0016584999999999998, ""category_score"": 0.029036169457900194}}, ""sources"": [{""id"": ""subtitles/hermit_2016_en_full_lemmatized_ipm6_spacy_lookup_cleaned_v8.json"", ""file"": ""hermit_2016_en_full_lemmatized_ipm6_spacy_lookup_cleaned_v8.json"", ""category"": ""subtitles"", ""ipm"": 0.00187}, {""id"": ""subtitles/hermit_2018_en_full_lemmatized_ipm6_spacy_lookup_cleaned_v8.json"", ""file"": ""hermit_2018_en_full_lemmatized_ipm6_spacy_lookup_cleaned_v8.json"", ""category"": ""subtitles"", ""ipm"": 0.001447}], ""corpus_quality"": {""status"": ""accepted"", ""reasons"": []}, ""components"": [{""surface"": ""ore"", ""canonical_candidate"": ""ore"", ""confidence"": 0.81, ""evidence"": [{""type"": ""compound_morphology"", ""source"": ""candidate_index"", ""path"": [""oregol"", ""ore"", ""ore""], ""confidence"": 0.81}]}]}"
en	lemma:a57cac3cf43c5cedc27f	reguliersgracht	uncertain	withheld_historical_uncertain		aggregate_only_not_sense_frequency	"[{""path"": ""associativvordes/family-index-v5/members/en/1b.json.gz"", ""family_id"": ""surface:en:uli"", ""record_sha256"": ""bd658367385ff0de9a503cc5c85ea2135ddcb3d1c1f991df0e48a9e761c87981""}, {""path"": ""associativvordes/family-index-v5/members/en/3a.json.gz"", ""family_id"": ""surface:en:liers"", ""record_sha256"": ""240f52fcf4e40ead0971390c03707f0e69da39130629c73a241d57e889d0f67d""}, {""path"": ""associativvordes/family-index-v5/members/en/40.json.gz"", ""family_id"": ""family:regul"", ""record_sha256"": ""ad450ac1f5354617698035704e3bbeb7b6270365f589e37f2ba2d6c72c30e39a""}, {""path"": ""associativvordes/family-index-v5/members/en/75.json.gz"", ""family_id"": ""surface:en:acht"", ""record_sha256"": ""54363f7a36e4557b104b6c2b3923fcc3db3fed8f67e9f17f0707978236b6380d""}, {""path"": ""associativvordes/family-index-v5/members/en/83.json.gz"", ""family_id"": ""surface:en:sgr"", ""record_sha256"": ""0f2b97093089763ee8ffde3136cc7bcb99e90f9d1675adae1e6d7b46037b9173""}, {""path"": ""associativvordes/family-index-v5/members/en/b3.json.gz"", ""family_id"": ""surface:en:gra"", ""record_sha256"": ""f47be6a2a2cbdd66d1240d765ec2cfa38c2332bf219c1da412c6f770f4706049""}]"	"{""lemma_id"": ""lemma:a57cac3cf43c5cedc27f"", ""word"": ""reguliersgracht"", ""normalized"": ""reguliersgracht"", ""search_form"": ""reguliersgracht"", ""rank"": 224087, ""frequency_score"": 0.14471943801699594, ""category_breakdown"": {""subtitles"": {""ipm_values"": [0.00935, 0.007237], ""category_ipm"": 0.0082935, ""category_score"": 0.14471943801699594}}, ""sources"": [{""id"": ""subtitles/hermit_2016_en_full_lemmatized_ipm6_spacy_lookup_cleaned_v8.json"", ""file"": ""hermit_2016_en_full_lemmatized_ipm6_spacy_lookup_cleaned_v8.json"", ""category"": ""subtitles"", ""ipm"": 0.00935}, {""id"": ""subtitles/hermit_2018_en_full_lemmatized_ipm6_spacy_lookup_cleaned_v8.json"", ""file"": ""hermit_2018_en_full_lemmatized_ipm6_spacy_lookup_cleaned_v8.json"", ""category"": ""subtitles"", ""ipm"": 0.007237}], ""corpus_quality"": {""status"": ""accepted"", ""reasons"": []}, ""components"": [{""surface"": ""uli"", ""canonical_candidate"": ""uli"", ""confidence"": 0.81, ""evidence"": [{""type"": ""compound_morphology"", ""source"": ""candidate_index"", ""path"": [""reguliersgracht"", ""uli"", ""uli""], ""confidence"": 0.81}]}]}"
en	lemma:a704e4e1daee6bea1dbd	deregulators	accepted	accepted	regulate	aggregate_only_not_sense_frequency	"[{""path"": ""associativvordes/family-index-v5/members/en/07.json.gz"", ""family_id"": ""ety:0d56d58cbc15"", ""record_sha256"": ""a63c78a6fabbe19c85ce078d6b982002f2e8ceccf228574931aaff0fdde893a7""}, {""path"": ""associativvordes/family-index-v5/members/en/3b.json.gz"", ""family_id"": ""ety:d73b49f89fe1"", ""record_sha256"": ""a63c78a6fabbe19c85ce078d6b982002f2e8ceccf228574931aaff0fdde893a7""}, {""path"": ""associativvordes/family-index-v5/members/en/40.json.gz"", ""family_id"": ""family:regul"", ""record_sha256"": ""54584b64c23b6f213c7aa7a7727be62cb372d2a86ed4e5b2b9927df15fc58e3b""}, {""path"": ""associativvordes/family-index-v5/members/en/45.json.gz"", ""family_id"": ""surface:en:deregulator"", ""record_sha256"": ""a0e6f4b8f2842f96c97340983ee279caa989193827fb8fda53ede830971245c1""}, {""path"": ""associativvordes/family-index-v5/members/en/a7.json.gz"", ""family_id"": ""ety:398c0df9ebc4"", ""record_sha256"": ""a63c78a6fabbe19c85ce078d6b982002f2e8ceccf228574931aaff0fdde893a7""}, {""path"": ""associativvordes/family-index-v5/members/en/b7.json.gz"", ""family_id"": ""ety:f5b4af69158a"", ""record_sha256"": ""a63c78a6fabbe19c85ce078d6b982002f2e8ceccf228574931aaff0fdde893a7""}, {""path"": ""associativvordes/family-index-v5/members/en/e1.json.gz"", ""family_id"": ""ety:b0f745b8546c"", ""record_sha256"": ""a63c78a6fabbe19c85ce078d6b982002f2e8ceccf228574931aaff0fdde893a7""}]"	"{""lemma_id"": ""lemma:a704e4e1daee6bea1dbd"", ""word"": ""deregulators"", ""normalized"": ""deregulators"", ""search_form"": ""deregulators"", ""rank"": 531705, ""frequency_score"": 0.029036169457900194, ""category_breakdown"": {""subtitles"": {""ipm_values"": [0.00187, 0.001447], ""category_ipm"": 0.0016584999999999998, ""category_score"": 0.029036169457900194}}, ""sources"": [{""id"": ""subtitles/hermit_2016_en_full_lemmatized_ipm6_spacy_lookup_cleaned_v8.json"", ""file"": ""hermit_2016_en_full_lemmatized_ipm6_spacy_lookup_cleaned_v8.json"", ""category"": ""subtitles"", ""ipm"": 0.00187}, {""id"": ""subtitles/hermit_2018_en_full_lemmatized_ipm6_spacy_lookup_cleaned_v8.json"", ""file"": ""hermit_2018_en_full_lemmatized_ipm6_spacy_lookup_cleaned_v8.json"", ""category"": ""subtitles"", ""ipm"": 0.001447}], ""corpus_quality"": {""status"": ""accepted"", ""reasons"": []}, ""components"": [{""surface"": ""tors"", ""canonical_candidate"": ""tors"", ""confidence"": 0.89, ""evidence"": [{""type"": ""compound_morphology"", ""source"": ""candidate_index"", ""path"": [""deregulators"", ""tors"", ""tors""], ""confidence"": 0.89}]}]}"
en	lemma:aac4fe6884cca7d89b65	regularafterlife	uncertain	withheld_historical_uncertain		aggregate_only_not_sense_frequency	"[{""path"": ""associativvordes/family-index-v5/members/en/0e.json.gz"", ""family_id"": ""surface:en:regularafterlif"", ""record_sha256"": ""3f0bf1eb442c90dc5853220c1519ebf1bcd9db97773ed640a44d658e9e0d610b""}, {""path"": ""associativvordes/family-index-v5/members/en/40.json.gz"", ""family_id"": ""family:regul"", ""record_sha256"": ""3454918e38d29324469a29debda709c92141a3f362c77ae924d1825ab8b9660f""}, {""path"": ""associativvordes/family-index-v5/members/en/a3.json.gz"", ""family_id"": ""surface:en:life"", ""record_sha256"": ""e0a59234e1d771220891bb4439c70f0fd501ad0793d612e0c5674c16e4fc01b8""}]"	"{""lemma_id"": ""lemma:aac4fe6884cca7d89b65"", ""word"": ""regularafterlife"", ""normalized"": ""regularafterlife"", ""search_form"": ""regularafterlife"", ""rank"": 855324, ""frequency_score"": 0.025336011347990555, ""category_breakdown"": {""subtitles"": {""ipm_values"": [0.001447], ""category_ipm"": 0.001447, ""category_score"": 0.025336011347990555}}, ""sources"": [{""id"": ""subtitles/hermit_2018_en_full_lemmatized_ipm6_spacy_lookup_cleaned_v8.json"", ""file"": ""hermit_2018_en_full_lemmatized_ipm6_spacy_lookup_cleaned_v8.json"", ""category"": ""subtitles"", ""ipm"": 0.001447}], ""corpus_quality"": {""status"": ""accepted"", ""reasons"": []}, ""components"": [{""surface"": ""regularafterlif"", ""canonical_candidate"": ""regularafterlif"", ""confidence"": 0.92, ""evidence"": [{""type"": ""morphological_parse"", ""source"": ""candidate_index"", ""path"": [""regularafterlife"", ""regularafterlif"", ""regularafterlif""], ""confidence"": 0.92}]}]}"
en	lemma:aee83e996466adb21daf	irregular	accepted	accepted	regular	aggregate_only_not_sense_frequency	"[{""path"": ""associativvordes/family-index-v5/members/en/89.json.gz"", ""family_id"": ""ety:497370be6193"", ""record_sha256"": ""bfc1cac1136f41080bb6f1c9b27cdad9989cff16cf89e6f4699a1d9bad538a8c""}, {""path"": ""associativvordes/family-index-v5/members/en/f6.json.gz"", ""family_id"": ""ety:2d5b2d125fa9"", ""record_sha256"": ""bfc1cac1136f41080bb6f1c9b27cdad9989cff16cf89e6f4699a1d9bad538a8c""}]"	"{""lemma_id"": ""lemma:aee83e996466adb21daf"", ""word"": ""irregular"", ""normalized"": ""irregular"", ""search_form"": ""irregular"", ""rank"": 6813, ""frequency_score"": 31.949358254533927, ""category_breakdown"": {""subtitles"": {""ipm_values"": [2.442255, 2.498294], ""category_ipm"": 2.4702745, ""category_score"": 21.801465886221045}, ""normative"": {""ipm_values"": [8.027464], ""category_ipm"": 8.027464, ""category_score"": 38.553162358487064}, ""web"": {""ipm_values"": [6.581038], ""category_ipm"": 6.581038, ""category_score"": 35.49344651889366}}, ""sources"": [{""id"": ""normative/bnc-clean2.lemmatized_spacy_ipm6.json"", ""file"": ""bnc-clean2.lemmatized_spacy_ipm6.json"", ""category"": ""normative"", ""ipm"": 8.027464}, {""id"": ""subtitles/hermit_2016_en_full_lemmatized_ipm6_spacy_lookup_cleaned_v8.json"", ""file"": ""hermit_2016_en_full_lemmatized_ipm6_spacy_lookup_cleaned_v8.json"", ""category"": ""subtitles"", ""ipm"": 2.442255}, {""id"": ""subtitles/hermit_2018_en_full_lemmatized_ipm6_spacy_lookup_cleaned_v8.json"", ""file"": ""hermit_2018_en_full_lemmatized_ipm6_spacy_lookup_cleaned_v8.json"", ""category"": ""subtitles"", ""ipm"": 2.498294}, {""id"": ""web/sorted.uk.lemma.unigrams.cleaned_recommended_min100_ipm6.json"", ""file"": ""sorted.uk.lemma.unigrams.cleaned_recommended_min100_ipm6.json"", ""category"": ""web"", ""ipm"": 6.581038}], ""corpus_quality"": {""status"": ""accepted"", ""reasons"": []}, ""components"": [{""surface"": ""irregular"", ""canonical_candidate"": ""irregular"", ""confidence"": 0.92, ""evidence"": [{""type"": ""morphological_parse"", ""source"": ""candidate_index"", ""path"": [""irregular"", ""irregular"", ""irregular""], ""confidence"": 0.92}]}]}"
en	lemma:af430fd8d32b7fae1b3a	regularwhole	uncertain	withheld_historical_uncertain		aggregate_only_not_sense_frequency	"[{""path"": ""associativvordes/family-index-v5/members/en/15.json.gz"", ""family_id"": ""ety:7c2fbdc9869c"", ""record_sha256"": ""aa520c3d89015edcfaee3c71f22f0f769697e0205346b33e690eddc76806b7b4""}, {""path"": ""associativvordes/family-index-v5/members/en/40.json.gz"", ""family_id"": ""family:regul"", ""record_sha256"": ""a8ebdb8ba526735685906fabf6f5680ff4c5d431f463896d481db63d826f8923""}, {""path"": ""associativvordes/family-index-v5/members/en/d7.json.gz"", ""family_id"": ""surface:en:regularwhol"", ""record_sha256"": ""170fcc8225b7070d361956f4ce92dfc59c4b3e88808839f0e1fe331eb2a18660""}]"	"{""lemma_id"": ""lemma:af430fd8d32b7fae1b3a"", ""word"": ""regularwhole"", ""normalized"": ""regularwhole"", ""search_form"": ""regularwhole"", ""rank"": 749007, ""frequency_score"": 0.029036169457900194, ""category_breakdown"": {""subtitles"": {""ipm_values"": [0.00187, 0.001447], ""category_ipm"": 0.0016584999999999998, ""category_score"": 0.029036169457900194}}, ""sources"": [{""id"": ""subtitles/hermit_2016_en_full_lemmatized_ipm6_spacy_lookup_cleaned_v8.json"", ""file"": ""hermit_2016_en_full_lemmatized_ipm6_spacy_lookup_cleaned_v8.json"", ""category"": ""subtitles"", ""ipm"": 0.00187}, {""id"": ""subtitles/hermit_2018_en_full_lemmatized_ipm6_spacy_lookup_cleaned_v8.json"", ""file"": ""hermit_2018_en_full_lemmatized_ipm6_spacy_lookup_cleaned_v8.json"", ""category"": ""subtitles"", ""ipm"": 0.001447}], ""corpus_quality"": {""status"": ""accepted"", ""reasons"": []}, ""components"": [{""surface"": ""whole"", ""canonical_candidate"": ""whole"", ""confidence"": 0.89, ""evidence"": [{""type"": ""compound_morphology"", ""source"": ""candidate_index"", ""path"": [""regularwhole"", ""whole"", ""whole""], ""confidence"": 0.89}]}]}"
en	lemma:afcc13247d5f059f07ca	regularlittle	uncertain	withheld_historical_uncertain		aggregate_only_not_sense_frequency	"[{""path"": ""associativvordes/family-index-v5/members/en/40.json.gz"", ""family_id"": ""family:regul"", ""record_sha256"": ""f59e582ec51f106b7f9a0562835693ead74e0e911c0bffe0ac13f675a04bd1ce""}, {""path"": ""associativvordes/family-index-v5/members/en/40.json.gz"", ""family_id"": ""surface:en:regularlittl"", ""record_sha256"": ""9c34a55a00e73eccafc76e8b831d288469bcb7eb46f9d4d270f79d9cee7e1652""}, {""path"": ""associativvordes/family-index-v5/members/en/b7.json.gz"", ""family_id"": ""ety:37aa3673a1a4"", ""record_sha256"": ""37a2338a37ca2f6061b119aed86bab8a4ec85ecb9f0e534cf2aec23efc17fb88""}]"	"{""lemma_id"": ""lemma:afcc13247d5f059f07ca"", ""word"": ""regularlittle"", ""normalized"": ""regularlittle"", ""search_form"": ""regularlittle"", ""rank"": 855338, ""frequency_score"": 0.025336011347990555, ""category_breakdown"": {""subtitles"": {""ipm_values"": [0.001447], ""category_ipm"": 0.001447, ""category_score"": 0.025336011347990555}}, ""sources"": [{""id"": ""subtitles/hermit_2018_en_full_lemmatized_ipm6_spacy_lookup_cleaned_v8.json"", ""file"": ""hermit_2018_en_full_lemmatized_ipm6_spacy_lookup_cleaned_v8.json"", ""category"": ""subtitles"", ""ipm"": 0.001447}], ""corpus_quality"": {""status"": ""accepted"", ""reasons"": []}, ""components"": [{""surface"": ""regul"", ""canonical_candidate"": ""regul"", ""confidence"": 0.97, ""evidence"": [{""type"": ""compound_morphology"", ""source"": ""manually_verified"", ""path"": [""regularlittle"", ""regul"", ""regul""], ""confidence"": 0.97}, {""type"": ""verified_seed_alias"", ""source"": ""methodology_control_seed"", ""path"": [""en"", ""regul"", ""family:regul""], ""confidence"": 1}]}]}"
en	lemma:b328e1b80abd997ed2c1	regulat	uncertain	not_admitted_candidate		aggregate_only_not_sense_frequency	"[{""path"": ""associativvordes/family-index-v5/members/en/dd.json.gz"", ""family_id"": ""surface:en:regulat"", ""record_sha256"": ""8c0d9de94ebfe588d0b1664a975c9a180560ece2c309ea058840954de0b0155e""}]"	"{""lemma_id"": ""lemma:b328e1b80abd997ed2c1"", ""word"": ""regulat"", ""normalized"": ""regulat"", ""search_form"": ""regulat"", ""rank"": 257214, ""frequency_score"": 0.1284635828802453, ""category_breakdown"": {""subtitles"": {""ipm_values"": [0.00748, 0.007237], ""category_ipm"": 0.0073585000000000005, ""category_score"": 0.1284635828802453}}, ""sources"": [{""id"": ""subtitles/hermit_2016_en_full_lemmatized_ipm6_spacy_lookup_cleaned_v8.json"", ""file"": ""hermit_2016_en_full_lemmatized_ipm6_spacy_lookup_cleaned_v8.json"", ""category"": ""subtitles"", ""ipm"": 0.00748}, {""id"": ""subtitles/hermit_2018_en_full_lemmatized_ipm6_spacy_lookup_cleaned_v8.json"", ""file"": ""hermit_2018_en_full_lemmatized_ipm6_spacy_lookup_cleaned_v8.json"", ""category"": ""subtitles"", ""ipm"": 0.007237}], ""corpus_quality"": {""status"": ""accepted"", ""reasons"": []}, ""components"": [{""surface"": ""regulat"", ""canonical_candidate"": ""regulat"", ""confidence"": 0.92, ""evidence"": [{""type"": ""morphological_parse"", ""source"": ""candidate_index"", ""path"": [""regulat"", ""regulat"", ""regulat""], ""confidence"": 0.92}]}]}"
en	lemma:b37fbcabc8e0b87e6e85	regulaions	uncertain	withheld_historical_uncertain		aggregate_only_not_sense_frequency	"[{""path"": ""associativvordes/family-index-v5/members/en/40.json.gz"", ""family_id"": ""family:regul"", ""record_sha256"": ""1458c9fe38ea741bd44cfa7ed757da964fb03ab2f9a4b62e1aef40bf1b191d46""}, {""path"": ""associativvordes/family-index-v5/members/en/8f.json.gz"", ""family_id"": ""surface:en:regulaion"", ""record_sha256"": ""f77f10b5235fddb3d1efd7296f0c777cfd2ea767629f1921d9f776eec1e66086""}]"	"{""lemma_id"": ""lemma:b37fbcabc8e0b87e6e85"", ""word"": ""regulaions"", ""normalized"": ""regulaions"", ""search_form"": ""regulaions"", ""rank"": 408924, ""frequency_score"": 0.05803303394570798, ""category_breakdown"": {""subtitles"": {""ipm_values"": [0.00374, 0.002895], ""category_ipm"": 0.0033175, ""category_score"": 0.05803303394570798}}, ""sources"": [{""id"": ""subtitles/hermit_2016_en_full_lemmatized_ipm6_spacy_lookup_cleaned_v8.json"", ""file"": ""hermit_2016_en_full_lemmatized_ipm6_spacy_lookup_cleaned_v8.json"", ""category"": ""subtitles"", ""ipm"": 0.00374}, {""id"": ""subtitles/hermit_2018_en_full_lemmatized_ipm6_spacy_lookup_cleaned_v8.json"", ""file"": ""hermit_2018_en_full_lemmatized_ipm6_spacy_lookup_cleaned_v8.json"", ""category"": ""subtitles"", ""ipm"": 0.002895}], ""corpus_quality"": {""status"": ""accepted"", ""reasons"": []}, ""components"": [{""surface"": ""regul"", ""canonical_candidate"": ""regul"", ""confidence"": 0.97, ""evidence"": [{""type"": ""compound_morphology"", ""source"": ""manually_verified"", ""path"": [""regulaions"", ""regul"", ""regul""], ""confidence"": 0.97}, {""type"": ""verified_seed_alias"", ""source"": ""methodology_control_seed"", ""path"": [""en"", ""regul"", ""family:regul""], ""confidence"": 1}]}]}"
en	lemma:b4593d86cd3afd264467	downregulation	accepted	accepted	regulate	aggregate_only_not_sense_frequency	"[{""path"": ""associativvordes/family-index-v5/members/en/0d.json.gz"", ""family_id"": ""surface:en:downregulat"", ""record_sha256"": ""3b40fb083660df0b4ad5dfb99361722d5ab03d02ec7064649b936317b2691f18""}, {""path"": ""associativvordes/family-index-v5/members/en/40.json.gz"", ""family_id"": ""family:regul"", ""record_sha256"": ""e473196732f8077bf9bd587ab774bb9f03dc204b75f9e685cdd3d4ad5329934a""}, {""path"": ""associativvordes/family-index-v5/members/en/65.json.gz"", ""family_id"": ""surface:en:regulation"", ""record_sha256"": ""a5c6d11635385c4f7624860e51ad055e385cc6ba57e4d38fefc747fed3e212dc""}]"	"{""lemma_id"": ""lemma:b4593d86cd3afd264467"", ""word"": ""downregulation"", ""normalized"": ""downregulation"", ""search_form"": ""downregulation"", ""rank"": 58263, ""frequency_score"": 1.493220409278142, ""category_breakdown"": {""normative"": {""ipm_values"": [0.114827], ""category_ipm"": 0.114827, ""category_score"": 1.9046282773740584}, ""web"": {""ipm_values"": [0.063686], ""category_ipm"": 0.063686, ""category_score"": 1.0818125411822257}}, ""sources"": [{""id"": ""normative/bnc-clean2.lemmatized_spacy_ipm6.json"", ""file"": ""bnc-clean2.lemmatized_spacy_ipm6.json"", ""category"": ""normative"", ""ipm"": 0.114827}, {""id"": ""web/sorted.uk.lemma.unigrams.cleaned_recommended_min100_ipm6.json"", ""file"": ""sorted.uk.lemma.unigrams.cleaned_recommended_min100_ipm6.json"", ""category"": ""web"", ""ipm"": 0.063686}], ""corpus_quality"": {""status"": ""accepted"", ""reasons"": []}, ""components"": [{""surface"": ""downregulat"", ""canonical_candidate"": ""downregulat"", ""confidence"": 0.89, ""evidence"": [{""type"": ""compound_morphology"", ""source"": ""candidate_index"", ""path"": [""downregulation"", ""downregulat"", ""downregulat""], ""confidence"": 0.89}]}]}"
en	lemma:b47e8099671ea1bc5713	reguler	uncertain	withheld_historical_uncertain		aggregate_only_not_sense_frequency	"[{""path"": ""associativvordes/family-index-v5/members/en/40.json.gz"", ""family_id"": ""family:regul"", ""record_sha256"": ""674cba4cf865f7a4c3bb396a3650c6a7c5f72da2af06da2a30d678a91533c12a""}, {""path"": ""associativvordes/family-index-v5/members/en/ac.json.gz"", ""family_id"": ""surface:en:ler"", ""record_sha256"": ""99b03d486d3a0f79cba571480ec1d446806b775820d294bdbaad162d0b3681d7""}]"	"{""lemma_id"": ""lemma:b47e8099671ea1bc5713"", ""word"": ""reguler"", ""normalized"": ""reguler"", ""search_form"": ""reguler"", ""rank"": 749014, ""frequency_score"": 0.029036169457900194, ""category_breakdown"": {""subtitles"": {""ipm_values"": [0.00187, 0.001447], ""category_ipm"": 0.0016584999999999998, ""category_score"": 0.029036169457900194}}, ""sources"": [{""id"": ""subtitles/hermit_2016_en_full_lemmatized_ipm6_spacy_lookup_cleaned_v8.json"", ""file"": ""hermit_2016_en_full_lemmatized_ipm6_spacy_lookup_cleaned_v8.json"", ""category"": ""subtitles"", ""ipm"": 0.00187}, {""id"": ""subtitles/hermit_2018_en_full_lemmatized_ipm6_spacy_lookup_cleaned_v8.json"", ""file"": ""hermit_2018_en_full_lemmatized_ipm6_spacy_lookup_cleaned_v8.json"", ""category"": ""subtitles"", ""ipm"": 0.001447}], ""corpus_quality"": {""status"": ""accepted"", ""reasons"": []}, ""components"": [{""surface"": ""regul"", ""canonical_candidate"": ""regul"", ""confidence"": 1, ""evidence"": [{""type"": ""morphological_parse"", ""source"": ""manually_verified"", ""path"": [""reguler"", ""regul"", ""regul""], ""confidence"": 1}, {""type"": ""verified_seed_alias"", ""source"": ""methodology_control_seed"", ""path"": [""en"", ""regul"", ""family:regul""], ""confidence"": 1}]}]}"
en	lemma:b5ea03998d9a641296a6	well-regulated	accepted	accepted	regulate	aggregate_only_not_sense_frequency	"[{""path"": ""associativvordes/family-index-v5/members/en/51.json.gz"", ""family_id"": ""surface:en:wellregulat"", ""record_sha256"": ""f115e2783cbfbf7e0dbc924b322f21428324c09214866e434ef6b464abd3a8f9""}]"	"{""lemma_id"": ""lemma:b5ea03998d9a641296a6"", ""word"": ""well-regulated"", ""normalized"": ""well-regulated"", ""search_form"": ""well-regulated"", ""rank"": 86515, ""frequency_score"": 1.9157682578618722, ""category_breakdown"": {""web"": {""ipm_values"": [0.115536], ""category_ipm"": 0.115536, ""category_score"": 1.9157682578618722}}, ""sources"": [{""id"": ""web/sorted.uk.lemma.unigrams.cleaned_recommended_min100_ipm6.json"", ""file"": ""sorted.uk.lemma.unigrams.cleaned_recommended_min100_ipm6.json"", ""category"": ""web"", ""ipm"": 0.115536}], ""corpus_quality"": {""status"": ""accepted"", ""reasons"": []}, ""components"": [{""surface"": ""well-regulat"", ""canonical_candidate"": ""wellregulat"", ""confidence"": 0.92, ""evidence"": [{""type"": ""morphological_parse"", ""source"": ""candidate_index"", ""path"": [""well-regulated"", ""well-regulat"", ""well-regulat""], ""confidence"": 0.92}]}]}"
en	lemma:b92a01e419429531ba4f	regularsoldiers	uncertain	withheld_historical_uncertain		aggregate_only_not_sense_frequency	"[{""path"": ""associativvordes/family-index-v5/members/en/40.json.gz"", ""family_id"": ""family:regul"", ""record_sha256"": ""72235e1f652a8bc76be027a8ecc073eaedd3140b1535569ba58a72f75cfcdbea""}, {""path"": ""associativvordes/family-index-v5/members/en/6b.json.gz"", ""family_id"": ""surface:en:regularsoldier"", ""record_sha256"": ""826c5352008318c56b044bb9c3fec58d85f285796fc5412797bbcbcc8ff276d6""}, {""path"": ""associativvordes/family-index-v5/members/en/72.json.gz"", ""family_id"": ""surface:en:diers"", ""record_sha256"": ""0ab08ddeddd56367ca39a7b1d7ff140b524f24e97d2f33431fc202bf64ccb49d""}]"	"{""lemma_id"": ""lemma:b92a01e419429531ba4f"", ""word"": ""regularsoldiers"", ""normalized"": ""regularsoldiers"", ""search_form"": ""regularsoldiers"", ""rank"": 855343, ""frequency_score"": 0.025336011347990555, ""category_breakdown"": {""subtitles"": {""ipm_values"": [0.001447], ""category_ipm"": 0.001447, ""category_score"": 0.025336011347990555}}, ""sources"": [{""id"": ""subtitles/hermit_2018_en_full_lemmatized_ipm6_spacy_lookup_cleaned_v8.json"", ""file"": ""hermit_2018_en_full_lemmatized_ipm6_spacy_lookup_cleaned_v8.json"", ""category"": ""subtitles"", ""ipm"": 0.001447}], ""corpus_quality"": {""status"": ""accepted"", ""reasons"": []}, ""components"": [{""surface"": ""regul"", ""canonical_candidate"": ""regul"", ""confidence"": 0.97, ""evidence"": [{""type"": ""compound_morphology"", ""source"": ""manually_verified"", ""path"": [""regularsoldiers"", ""regul"", ""regul""], ""confidence"": 0.97}, {""type"": ""verified_seed_alias"", ""source"": ""methodology_control_seed"", ""path"": [""en"", ""regul"", ""family:regul""], ""confidence"": 1}]}]}"
en	lemma:b92b2e88d5ed8210c5db	over-regulation	accepted	accepted	regulate	aggregate_only_not_sense_frequency	"[{""path"": ""associativvordes/family-index-v5/members/en/23.json.gz"", ""family_id"": ""surface:en:overregulat"", ""record_sha256"": ""894477658665221ef4a6e8355740009b4a702e8759b7692ee124a5c0baf8c9ea""}, {""path"": ""associativvordes/family-index-v5/members/en/bd.json.gz"", ""family_id"": ""surface:en:ulation"", ""record_sha256"": ""40a43af0bb5dc372e5daa44c1f25f4e4439caada3b5dad786c01fc50e1e89384""}]"	"{""lemma_id"": ""lemma:b92b2e88d5ed8210c5db"", ""word"": ""over-regulation"", ""normalized"": ""over-regulation"", ""search_form"": ""over-regulation"", ""rank"": 66913, ""frequency_score"": 2.9053259840523706, ""category_breakdown"": {""web"": {""ipm_values"": [0.180349], ""category_ipm"": 0.180349, ""category_score"": 2.9053259840523706}}, ""sources"": [{""id"": ""web/sorted.uk.lemma.unigrams.cleaned_recommended_min100_ipm6.json"", ""file"": ""sorted.uk.lemma.unigrams.cleaned_recommended_min100_ipm6.json"", ""category"": ""web"", ""ipm"": 0.180349}], ""corpus_quality"": {""status"": ""accepted"", ""reasons"": []}, ""components"": [{""surface"": ""over-regulat"", ""canonical_candidate"": ""overregulat"", ""confidence"": 0.89, ""evidence"": [{""type"": ""compound_morphology"", ""source"": ""candidate_index"", ""path"": [""over-regulation"", ""over-regulat"", ""over-regulat""], ""confidence"": 0.89}]}]}"
en	lemma:b94a9d35166d9ee3afe9	regulatoty	uncertain	withheld_historical_uncertain		aggregate_only_not_sense_frequency	"[{""path"": ""associativvordes/family-index-v5/members/en/40.json.gz"", ""family_id"": ""family:regul"", ""record_sha256"": ""65ad878e2f5fb1f2be22f6adfca4adc5116ecc16c8241c5e2c743edc165b2cef""}, {""path"": ""associativvordes/family-index-v5/members/en/dd.json.gz"", ""family_id"": ""surface:en:regulat"", ""record_sha256"": ""70729b9c39cd9d9036f34a47939fdc9d1f6cc3c08ea2e2555d59d68648f69b28""}]"	"{""lemma_id"": ""lemma:b94a9d35166d9ee3afe9"", ""word"": ""regulatoty"", ""normalized"": ""regulatoty"", ""search_form"": ""regulatoty"", ""rank"": 855357, ""frequency_score"": 0.025336011347990555, ""category_breakdown"": {""subtitles"": {""ipm_values"": [0.001447], ""category_ipm"": 0.001447, ""category_score"": 0.025336011347990555}}, ""sources"": [{""id"": ""subtitles/hermit_2018_en_full_lemmatized_ipm6_spacy_lookup_cleaned_v8.json"", ""file"": ""hermit_2018_en_full_lemmatized_ipm6_spacy_lookup_cleaned_v8.json"", ""category"": ""subtitles"", ""ipm"": 0.001447}], ""corpus_quality"": {""status"": ""accepted"", ""reasons"": []}, ""components"": [{""surface"": ""regul"", ""canonical_candidate"": ""regul"", ""confidence"": 0.97, ""evidence"": [{""type"": ""compound_morphology"", ""source"": ""manually_verified"", ""path"": [""regulatoty"", ""regul"", ""regul""], ""confidence"": 0.97}, {""type"": ""verified_seed_alias"", ""source"": ""methodology_control_seed"", ""path"": [""en"", ""regul"", ""family:regul""], ""confidence"": 1}]}]}"
en	lemma:bcd0fd01b6c4ab1f2224	regularjackoffs	uncertain	withheld_historical_uncertain		aggregate_only_not_sense_frequency	"[{""path"": ""associativvordes/family-index-v5/members/en/40.json.gz"", ""family_id"": ""family:regul"", ""record_sha256"": ""5c1cadd8e25f27f7424fd9225e9ffdbc0d2ddb7f662da0dd355b146355246ce6""}, {""path"": ""associativvordes/family-index-v5/members/en/6f.json.gz"", ""family_id"": ""surface:en:offs"", ""record_sha256"": ""7f96c1d75192f17804ba06ffbc604a615c0f9e7bdab18a29c7a94180f18be7ed""}, {""path"": ""associativvordes/family-index-v5/members/en/f1.json.gz"", ""family_id"": ""surface:en:regularjackoff"", ""record_sha256"": ""6f6e60caffcaee2f06991c231677430c1a3922a1416441ce7023fbf1908f987b""}]"	"{""lemma_id"": ""lemma:bcd0fd01b6c4ab1f2224"", ""word"": ""regularjackoffs"", ""normalized"": ""regularjackoffs"", ""search_form"": ""regularjackoffs"", ""rank"": 855332, ""frequency_score"": 0.025336011347990555, ""category_breakdown"": {""subtitles"": {""ipm_values"": [0.001447], ""category_ipm"": 0.001447, ""category_score"": 0.025336011347990555}}, ""sources"": [{""id"": ""subtitles/hermit_2018_en_full_lemmatized_ipm6_spacy_lookup_cleaned_v8.json"", ""file"": ""hermit_2018_en_full_lemmatized_ipm6_spacy_lookup_cleaned_v8.json"", ""category"": ""subtitles"", ""ipm"": 0.001447}], ""corpus_quality"": {""status"": ""accepted"", ""reasons"": []}, ""components"": [{""surface"": ""regul"", ""canonical_candidate"": ""regul"", ""confidence"": 0.97, ""evidence"": [{""type"": ""compound_morphology"", ""source"": ""manually_verified"", ""path"": [""regularjackoffs"", ""regul"", ""regul""], ""confidence"": 0.97}, {""type"": ""verified_seed_alias"", ""source"": ""methodology_control_seed"", ""path"": [""en"", ""regul"", ""family:regul""], ""confidence"": 1}]}]}"
en	lemma:bddb4bd951ed762c8cb8	regularjob	uncertain	withheld_historical_uncertain		aggregate_only_not_sense_frequency	"[{""path"": ""associativvordes/family-index-v5/members/en/40.json.gz"", ""family_id"": ""family:regul"", ""record_sha256"": ""743178c6b1ce6d676bdbe00e1d397e09d5466b63c4eb6cfb0b4abbf91e7f4a55""}]"	"{""lemma_id"": ""lemma:bddb4bd951ed762c8cb8"", ""word"": ""regularjob"", ""normalized"": ""regularjob"", ""search_form"": ""regularjob"", ""rank"": 181681, ""frequency_score"": 0.2273299841231974, ""category_breakdown"": {""subtitles"": {""ipm_values"": [0.01309, 0.013027], ""category_ipm"": 0.0130585, ""category_score"": 0.2273299841231974}}, ""sources"": [{""id"": ""subtitles/hermit_2016_en_full_lemmatized_ipm6_spacy_lookup_cleaned_v8.json"", ""file"": ""hermit_2016_en_full_lemmatized_ipm6_spacy_lookup_cleaned_v8.json"", ""category"": ""subtitles"", ""ipm"": 0.01309}, {""id"": ""subtitles/hermit_2018_en_full_lemmatized_ipm6_spacy_lookup_cleaned_v8.json"", ""file"": ""hermit_2018_en_full_lemmatized_ipm6_spacy_lookup_cleaned_v8.json"", ""category"": ""subtitles"", ""ipm"": 0.013027}], ""corpus_quality"": {""status"": ""accepted"", ""reasons"": []}, ""components"": [{""surface"": ""regul"", ""canonical_candidate"": ""regul"", ""confidence"": 0.97, ""evidence"": [{""type"": ""compound_morphology"", ""source"": ""manually_verified"", ""path"": [""regularjob"", ""regul"", ""regul""], ""confidence"": 0.97}, {""type"": ""verified_seed_alias"", ""source"": ""methodology_control_seed"", ""path"": [""en"", ""regul"", ""family:regul""], ""confidence"": 1}]}]}"
en	lemma:be48bc50916994f070a2	regulaire	uncertain	withheld_historical_uncertain		aggregate_only_not_sense_frequency	"[{""path"": ""associativvordes/family-index-v5/members/en/40.json.gz"", ""family_id"": ""family:regul"", ""record_sha256"": ""cb2831c336f1ec153e1997bce36da36221706b67206b14558d6660f4f4e94ce1""}, {""path"": ""associativvordes/family-index-v5/members/en/74.json.gz"", ""family_id"": ""surface:en:laire"", ""record_sha256"": ""d38f39d08d75a911b01ae3ba1fc7e29d83aaa95bcfcb91fcee0b6d599be4f2e5""}, {""path"": ""associativvordes/family-index-v5/members/en/ec.json.gz"", ""family_id"": ""surface:en:regulair"", ""record_sha256"": ""d8b912b101c9e8bef73b153b76fc5fd4ddc7a7a985bd0a20bbb8547157ec7a65""}]"	"{""lemma_id"": ""lemma:be48bc50916994f070a2"", ""word"": ""regulaire"", ""normalized"": ""regulaire"", ""search_form"": ""regulaire"", ""rank"": 855320, ""frequency_score"": 0.025336011347990555, ""category_breakdown"": {""subtitles"": {""ipm_values"": [0.001447], ""category_ipm"": 0.001447, ""category_score"": 0.025336011347990555}}, ""sources"": [{""id"": ""subtitles/hermit_2018_en_full_lemmatized_ipm6_spacy_lookup_cleaned_v8.json"", ""file"": ""hermit_2018_en_full_lemmatized_ipm6_spacy_lookup_cleaned_v8.json"", ""category"": ""subtitles"", ""ipm"": 0.001447}], ""corpus_quality"": {""status"": ""accepted"", ""reasons"": []}, ""components"": [{""surface"": ""regul"", ""canonical_candidate"": ""regul"", ""confidence"": 0.97, ""evidence"": [{""type"": ""compound_morphology"", ""source"": ""manually_verified"", ""path"": [""regulaire"", ""regul"", ""regul""], ""confidence"": 0.97}, {""type"": ""verified_seed_alias"", ""source"": ""methodology_control_seed"", ""path"": [""en"", ""regul"", ""family:regul""], ""confidence"": 1}]}]}"
en	lemma:bffdcbc12503fb7a637e	regularjunkie	uncertain	withheld_historical_uncertain		aggregate_only_not_sense_frequency	"[{""path"": ""associativvordes/family-index-v5/members/en/40.json.gz"", ""family_id"": ""family:regul"", ""record_sha256"": ""47f58e35af468156c24026b2550e72fd7a07b8e56e56a0c0f07a8523f0382b3f""}, {""path"": ""associativvordes/family-index-v5/members/en/8d.json.gz"", ""family_id"": ""surface:en:junkie"", ""record_sha256"": ""05668462374e68b6cfd5dc3f52a71a5856f65d23bcb9277ab6e9625251f9efb5""}, {""path"": ""associativvordes/family-index-v5/members/en/ec.json.gz"", ""family_id"": ""surface:en:regularjunki"", ""record_sha256"": ""4f705ea0699969ab931e4fffd62e3128f130a0f8b738e337f5861a211c04db77""}]"	"{""lemma_id"": ""lemma:bffdcbc12503fb7a637e"", ""word"": ""regularjunkie"", ""normalized"": ""regularjunkie"", ""search_form"": ""regularjunkie"", ""rank"": 748998, ""frequency_score"": 0.032735546362605054, ""category_breakdown"": {""subtitles"": {""ipm_values"": [0.00187], ""category_ipm"": 0.00187, ""category_score"": 0.032735546362605054}}, ""sources"": [{""id"": ""subtitles/hermit_2016_en_full_lemmatized_ipm6_spacy_lookup_cleaned_v8.json"", ""file"": ""hermit_2016_en_full_lemmatized_ipm6_spacy_lookup_cleaned_v8.json"", ""category"": ""subtitles"", ""ipm"": 0.00187}], ""corpus_quality"": {""status"": ""accepted"", ""reasons"": []}, ""components"": [{""surface"": ""regul"", ""canonical_candidate"": ""regul"", ""confidence"": 0.97, ""evidence"": [{""type"": ""compound_morphology"", ""source"": ""manually_verified"", ""path"": [""regularjunkie"", ""regul"", ""regul""], ""confidence"": 0.97}, {""type"": ""verified_seed_alias"", ""source"": ""methodology_control_seed"", ""path"": [""en"", ""regul"", ""family:regul""], ""confidence"": 1}]}]}"
en	lemma:c111fde29b3701b61ad9	regulartests	uncertain	withheld_historical_uncertain		aggregate_only_not_sense_frequency	"[{""path"": ""associativvordes/family-index-v5/members/en/3f.json.gz"", ""family_id"": ""surface:en:regulartest"", ""record_sha256"": ""95535f16b06229de2aaea3654f238be19ca145d183b52ffcf8d6a1a660b19d07""}, {""path"": ""associativvordes/family-index-v5/members/en/40.json.gz"", ""family_id"": ""family:regul"", ""record_sha256"": ""5cdd29013754102f034ce50dd0f8fe036edd96d4e5f330238c27c46422764765""}, {""path"": ""associativvordes/family-index-v5/members/en/af.json.gz"", ""family_id"": ""surface:en:sts"", ""record_sha256"": ""727cc1bfe6041d0657633c0e3a9b35293ed39cd2bec0d06a7968f62f475ec00a""}]"	"{""lemma_id"": ""lemma:c111fde29b3701b61ad9"", ""word"": ""regulartests"", ""normalized"": ""regulartests"", ""search_form"": ""regulartests"", ""rank"": 749004, ""frequency_score"": 0.032735546362605054, ""category_breakdown"": {""subtitles"": {""ipm_values"": [0.00187], ""category_ipm"": 0.00187, ""category_score"": 0.032735546362605054}}, ""sources"": [{""id"": ""subtitles/hermit_2016_en_full_lemmatized_ipm6_spacy_lookup_cleaned_v8.json"", ""file"": ""hermit_2016_en_full_lemmatized_ipm6_spacy_lookup_cleaned_v8.json"", ""category"": ""subtitles"", ""ipm"": 0.00187}], ""corpus_quality"": {""status"": ""accepted"", ""reasons"": []}, ""components"": [{""surface"": ""regulartest"", ""canonical_candidate"": ""regulartest"", ""confidence"": 0.92, ""evidence"": [{""type"": ""morphological_parse"", ""source"": ""candidate_index"", ""path"": [""regulartests"", ""regulartest"", ""regulartest""], ""confidence"": 0.92}]}]}"
en	lemma:c156009cd202af0f17ae	regularweapons	uncertain	withheld_historical_uncertain		aggregate_only_not_sense_frequency	"[{""path"": ""associativvordes/family-index-v5/members/en/2a.json.gz"", ""family_id"": ""surface:en:weapons"", ""record_sha256"": ""c4849dce728d9bc7fc00a402b60aa9d80a79aed185d4d881783d043a341df1bb""}, {""path"": ""associativvordes/family-index-v5/members/en/40.json.gz"", ""family_id"": ""family:regul"", ""record_sha256"": ""dadea645f295082c2f3d6fb0c3e838d4bafa438c3b1c5a597c1965ddfa400c1b""}, {""path"": ""associativvordes/family-index-v5/members/en/db.json.gz"", ""family_id"": ""surface:en:regularweapon"", ""record_sha256"": ""8fed7004cdb331a03215a3192379690324089a6ae7ecb736d3cec1660b451f28""}]"	"{""lemma_id"": ""lemma:c156009cd202af0f17ae"", ""word"": ""regularweapons"", ""normalized"": ""regularweapons"", ""search_form"": ""regularweapons"", ""rank"": 749006, ""frequency_score"": 0.029036169457900194, ""category_breakdown"": {""subtitles"": {""ipm_values"": [0.00187, 0.001447], ""category_ipm"": 0.0016584999999999998, ""category_score"": 0.029036169457900194}}, ""sources"": [{""id"": ""subtitles/hermit_2016_en_full_lemmatized_ipm6_spacy_lookup_cleaned_v8.json"", ""file"": ""hermit_2016_en_full_lemmatized_ipm6_spacy_lookup_cleaned_v8.json"", ""category"": ""subtitles"", ""ipm"": 0.00187}, {""id"": ""subtitles/hermit_2018_en_full_lemmatized_ipm6_spacy_lookup_cleaned_v8.json"", ""file"": ""hermit_2018_en_full_lemmatized_ipm6_spacy_lookup_cleaned_v8.json"", ""category"": ""subtitles"", ""ipm"": 0.001447}], ""corpus_quality"": {""status"": ""accepted"", ""reasons"": []}, ""components"": [{""surface"": ""weapons"", ""canonical_candidate"": ""weapons"", ""confidence"": 0.89, ""evidence"": [{""type"": ""compound_morphology"", ""source"": ""candidate_index"", ""path"": [""regularweapons"", ""weapons"", ""weapons""], ""confidence"": 0.89}]}]}"
en	lemma:c15e6b6c6afaf515733c	irregulation	uncertain	not_admitted_candidate		aggregate_only_not_sense_frequency	"[{""path"": ""associativvordes/family-index-v5/members/en/08.json.gz"", ""family_id"": ""surface:en:irregulat"", ""record_sha256"": ""c52558826ea3fe4a815ad92e31f8510b557ff2c5c0588b53b7d501c9be01ee6b""}, {""path"": ""associativvordes/family-index-v5/members/en/2d.json.gz"", ""family_id"": ""surface:en:egulation"", ""record_sha256"": ""be14184dce820724df5e139be01fb485bf7987d5a3345607a6ca0c6c47ee3dab""}]"	"{""lemma_id"": ""lemma:c15e6b6c6afaf515733c"", ""word"": ""irregulation"", ""normalized"": ""irregulation"", ""search_form"": ""irregulation"", ""rank"": 619420, ""frequency_score"": 0.029036169457900194, ""category_breakdown"": {""subtitles"": {""ipm_values"": [0.00187, 0.001447], ""category_ipm"": 0.0016584999999999998, ""category_score"": 0.029036169457900194}}, ""sources"": [{""id"": ""subtitles/hermit_2016_en_full_lemmatized_ipm6_spacy_lookup_cleaned_v8.json"", ""file"": ""hermit_2016_en_full_lemmatized_ipm6_spacy_lookup_cleaned_v8.json"", ""category"": ""subtitles"", ""ipm"": 0.00187}, {""id"": ""subtitles/hermit_2018_en_full_lemmatized_ipm6_spacy_lookup_cleaned_v8.json"", ""file"": ""hermit_2018_en_full_lemmatized_ipm6_spacy_lookup_cleaned_v8.json"", ""category"": ""subtitles"", ""ipm"": 0.001447}], ""corpus_quality"": {""status"": ""accepted"", ""reasons"": []}, ""components"": [{""surface"": ""irregulat"", ""canonical_candidate"": ""irregulat"", ""confidence"": 0.89, ""evidence"": [{""type"": ""compound_morphology"", ""source"": ""candidate_index"", ""path"": [""irregulation"", ""irregulat"", ""irregulat""], ""confidence"": 0.89}]}]}"
en	lemma:c3d1af9c48e10ed1b383	up-regulation	accepted	accepted	regulate	aggregate_only_not_sense_frequency	"[{""path"": ""associativvordes/family-index-v5/members/en/4a.json.gz"", ""family_id"": ""surface:en:upregulat"", ""record_sha256"": ""857fe335374592b66472f73d22494c21697b9c0ce6fc2104800b3481b487a41a""}, {""path"": ""associativvordes/family-index-v5/members/en/bd.json.gz"", ""family_id"": ""surface:en:ulation"", ""record_sha256"": ""8387b4e660e42911e7d558c5898b371531c10723f716a19ee0feaf62df09ba4c""}]"	"{""lemma_id"": ""lemma:c3d1af9c48e10ed1b383"", ""word"": ""up-regulation"", ""normalized"": ""up-regulation"", ""search_form"": ""up-regulation"", ""rank"": 109875, ""frequency_score"": 1.3032203415663923, ""category_breakdown"": {""web"": {""ipm_values"": [0.077212], ""category_ipm"": 0.077212, ""category_score"": 1.3032203415663923}}, ""sources"": [{""id"": ""web/sorted.uk.lemma.unigrams.cleaned_recommended_min100_ipm6.json"", ""file"": ""sorted.uk.lemma.unigrams.cleaned_recommended_min100_ipm6.json"", ""category"": ""web"", ""ipm"": 0.077212}], ""corpus_quality"": {""status"": ""accepted"", ""reasons"": []}, ""components"": [{""surface"": ""up-regulat"", ""canonical_candidate"": ""upregulat"", ""confidence"": 0.89, ""evidence"": [{""type"": ""compound_morphology"", ""source"": ""candidate_index"", ""path"": [""up-regulation"", ""up-regulat"", ""up-regulat""], ""confidence"": 0.89}]}]}"
en	lemma:c5953894c6ae37741e42	irregularcuts	uncertain	not_admitted_candidate		aggregate_only_not_sense_frequency	"[{""path"": ""associativvordes/family-index-v5/members/en/3a.json.gz"", ""family_id"": ""surface:en:irregularcut"", ""record_sha256"": ""0cf4a65de812e0f6410167a69818ccd24d6f7c3ae304010e4e7e62b4ba662ff6""}, {""path"": ""associativvordes/family-index-v5/members/en/fc.json.gz"", ""family_id"": ""surface:en:cuts"", ""record_sha256"": ""9e76a47025c763ea7b34f0f07e7523c8de7bd471fa23dedab2ca87ae9cde073e""}]"	"{""lemma_id"": ""lemma:c5953894c6ae37741e42"", ""word"": ""irregularcuts"", ""normalized"": ""irregularcuts"", ""search_form"": ""irregularcuts"", ""rank"": 619416, ""frequency_score"": 0.032735546362605054, ""category_breakdown"": {""subtitles"": {""ipm_values"": [0.00187], ""category_ipm"": 0.00187, ""category_score"": 0.032735546362605054}}, ""sources"": [{""id"": ""subtitles/hermit_2016_en_full_lemmatized_ipm6_spacy_lookup_cleaned_v8.json"", ""file"": ""hermit_2016_en_full_lemmatized_ipm6_spacy_lookup_cleaned_v8.json"", ""category"": ""subtitles"", ""ipm"": 0.00187}], ""corpus_quality"": {""status"": ""accepted"", ""reasons"": []}, ""components"": [{""surface"": ""irregularcut"", ""canonical_candidate"": ""irregularcut"", ""confidence"": 0.92, ""evidence"": [{""type"": ""morphological_parse"", ""source"": ""candidate_index"", ""path"": [""irregularcuts"", ""irregularcut"", ""irregularcut""], ""confidence"": 0.92}]}]}"
en	lemma:c63ce872bc44649c483f	regulam	uncertain	not_admitted_candidate		aggregate_only_not_sense_frequency	"[{""path"": ""associativvordes/family-index-v5/members/en/0d.json.gz"", ""family_id"": ""ety:90313c538818"", ""record_sha256"": ""16c39fd6074f6aebf12bdfe346678d5a24a369fb227614bbae63e2952f3ee519""}, {""path"": ""associativvordes/family-index-v5/members/en/24.json.gz"", ""family_id"": ""surface:en:regu"", ""record_sha256"": ""e387459b3085dc0824cc6b3e5d12815c01916ac9ff8a223a6bece3f65860688b""}, {""path"": ""associativvordes/family-index-v5/members/en/f8.json.gz"", ""family_id"": ""ety:262f0c3dd3c9"", ""record_sha256"": ""16c39fd6074f6aebf12bdfe346678d5a24a369fb227614bbae63e2952f3ee519""}]"	"{""lemma_id"": ""lemma:c63ce872bc44649c483f"", ""word"": ""regulam"", ""normalized"": ""regulam"", ""search_form"": ""regulam"", ""rank"": 408925, ""frequency_score"": 0.05803303394570798, ""category_breakdown"": {""subtitles"": {""ipm_values"": [0.00374, 0.002895], ""category_ipm"": 0.0033175, ""category_score"": 0.05803303394570798}}, ""sources"": [{""id"": ""subtitles/hermit_2016_en_full_lemmatized_ipm6_spacy_lookup_cleaned_v8.json"", ""file"": ""hermit_2016_en_full_lemmatized_ipm6_spacy_lookup_cleaned_v8.json"", ""category"": ""subtitles"", ""ipm"": 0.00374}, {""id"": ""subtitles/hermit_2018_en_full_lemmatized_ipm6_spacy_lookup_cleaned_v8.json"", ""file"": ""hermit_2018_en_full_lemmatized_ipm6_spacy_lookup_cleaned_v8.json"", ""category"": ""subtitles"", ""ipm"": 0.002895}], ""corpus_quality"": {""status"": ""accepted"", ""reasons"": []}, ""components"": [{""surface"": ""lam"", ""canonical_candidate"": ""lam"", ""confidence"": 0.89, ""evidence"": [{""type"": ""compound_morphology"", ""source"": ""candidate_index"", ""path"": [""regulam"", ""lam"", ""lam""], ""confidence"": 0.89}]}]}"
en	lemma:c69d7eb703f16113d467	semiregular	accepted	accepted	regular	aggregate_only_not_sense_frequency	"[{""path"": ""associativvordes/family-index-v5/members/en/43.json.gz"", ""family_id"": ""surface:en:semireg"", ""record_sha256"": ""6103289d78e98095f6a1e0dc501a0533af570a3c76582280c9ca7c9373de88da""}, {""path"": ""associativvordes/family-index-v5/members/en/5b.json.gz"", ""family_id"": ""ety:7eb55cb05961"", ""record_sha256"": ""892e30cf0db1f3e8baed47dc4529a27b114b462af3fa497d5e884e731d4aa282""}]"	"{""lemma_id"": ""lemma:c69d7eb703f16113d467"", ""word"": ""semiregular"", ""normalized"": ""semiregular"", ""search_form"": ""semiregular"", ""rank"": 770418, ""frequency_score"": 0.029036169457900194, ""category_breakdown"": {""subtitles"": {""ipm_values"": [0.00187, 0.001447], ""category_ipm"": 0.0016584999999999998, ""category_score"": 0.029036169457900194}}, ""sources"": [{""id"": ""subtitles/hermit_2016_en_full_lemmatized_ipm6_spacy_lookup_cleaned_v8.json"", ""file"": ""hermit_2016_en_full_lemmatized_ipm6_spacy_lookup_cleaned_v8.json"", ""category"": ""subtitles"", ""ipm"": 0.00187}, {""id"": ""subtitles/hermit_2018_en_full_lemmatized_ipm6_spacy_lookup_cleaned_v8.json"", ""file"": ""hermit_2018_en_full_lemmatized_ipm6_spacy_lookup_cleaned_v8.json"", ""category"": ""subtitles"", ""ipm"": 0.001447}], ""corpus_quality"": {""status"": ""accepted"", ""reasons"": []}, ""components"": [{""surface"": ""semireg"", ""canonical_candidate"": ""semireg"", ""confidence"": 0.81, ""evidence"": [{""type"": ""compound_morphology"", ""source"": ""candidate_index"", ""path"": [""semiregular"", ""semireg"", ""semireg""], ""confidence"": 0.81}]}]}"
en	lemma:c72ac959a176af7f4b3d	down-regulation	accepted	accepted	regulate	aggregate_only_not_sense_frequency	"[{""path"": ""associativvordes/family-index-v5/members/en/0d.json.gz"", ""family_id"": ""surface:en:downregulat"", ""record_sha256"": ""7fadefb4325fa1f5415c6e85092ef759ff6c66ceec59c4dc62c0d7ea318c47a4""}, {""path"": ""associativvordes/family-index-v5/members/en/bd.json.gz"", ""family_id"": ""surface:en:ulation"", ""record_sha256"": ""12d5a01a008548812dcd384deaf1b8e82a90f8d9453a71d3ca29eccf9b474060""}]"	"{""lemma_id"": ""lemma:c72ac959a176af7f4b3d"", ""word"": ""down-regulation"", ""normalized"": ""down-regulation"", ""search_form"": ""down-regulation"", ""rank"": 93834, ""frequency_score"": 1.67510584740138, ""category_breakdown"": {""web"": {""ipm_values"": [0.100319], ""category_ipm"": 0.100319, ""category_score"": 1.67510584740138}}, ""sources"": [{""id"": ""web/sorted.uk.lemma.unigrams.cleaned_recommended_min100_ipm6.json"", ""file"": ""sorted.uk.lemma.unigrams.cleaned_recommended_min100_ipm6.json"", ""category"": ""web"", ""ipm"": 0.100319}], ""corpus_quality"": {""status"": ""accepted"", ""reasons"": []}, ""components"": [{""surface"": ""down-regulat"", ""canonical_candidate"": ""downregulat"", ""confidence"": 0.89, ""evidence"": [{""type"": ""compound_morphology"", ""source"": ""candidate_index"", ""path"": [""down-regulation"", ""down-regulat"", ""down-regulat""], ""confidence"": 0.89}]}]}"
en	lemma:c8b2aca7f2fa94dfd75e	regularjerk	uncertain	withheld_historical_uncertain		aggregate_only_not_sense_frequency	"[{""path"": ""associativvordes/family-index-v5/members/en/14.json.gz"", ""family_id"": ""surface:en:arj"", ""record_sha256"": ""4129df810355eb00cb59c12f0aabb0d56f405b8014f3eadcb1974b71cdc73a6e""}, {""path"": ""associativvordes/family-index-v5/members/en/40.json.gz"", ""family_id"": ""family:regul"", ""record_sha256"": ""8c6ea1e13585f18560be0483b553d0bc0f0b1a28bc4e78547ff53c46ed4736d3""}, {""path"": ""associativvordes/family-index-v5/members/en/4c.json.gz"", ""family_id"": ""ety:3eb3dcc5f03d"", ""record_sha256"": ""cd1fe2ec191fb6aad64e143bac2d549f0035eb2faaa43475e68817d06cb2db7c""}, {""path"": ""associativvordes/family-index-v5/members/en/5b.json.gz"", ""family_id"": ""ety:7eb55cb05961"", ""record_sha256"": ""318c164f60bf50895e6438ff8f111ff69d527dfe92b4a617d59133f00605a207""}, {""path"": ""associativvordes/family-index-v5/members/en/5f.json.gz"", ""family_id"": ""ety:5e4778287aa1"", ""record_sha256"": ""cd1fe2ec191fb6aad64e143bac2d549f0035eb2faaa43475e68817d06cb2db7c""}, {""path"": ""associativvordes/family-index-v5/members/en/da.json.gz"", ""family_id"": ""ety:16e52d9bdfd5"", ""record_sha256"": ""cd1fe2ec191fb6aad64e143bac2d549f0035eb2faaa43475e68817d06cb2db7c""}]"	"{""lemma_id"": ""lemma:c8b2aca7f2fa94dfd75e"", ""word"": ""regularjerk"", ""normalized"": ""regularjerk"", ""search_form"": ""regularjerk"", ""rank"": 855335, ""frequency_score"": 0.025336011347990555, ""category_breakdown"": {""subtitles"": {""ipm_values"": [0.001447], ""category_ipm"": 0.001447, ""category_score"": 0.025336011347990555}}, ""sources"": [{""id"": ""subtitles/hermit_2018_en_full_lemmatized_ipm6_spacy_lookup_cleaned_v8.json"", ""file"": ""hermit_2018_en_full_lemmatized_ipm6_spacy_lookup_cleaned_v8.json"", ""category"": ""subtitles"", ""ipm"": 0.001447}], ""corpus_quality"": {""status"": ""accepted"", ""reasons"": []}, ""components"": [{""surface"": ""arj"", ""canonical_candidate"": ""arj"", ""confidence"": 0.81, ""evidence"": [{""type"": ""compound_morphology"", ""source"": ""candidate_index"", ""path"": [""regularjerk"", ""arj"", ""arj""], ""confidence"": 0.81}]}]}"
en	lemma:cd1e5c328a6ae3b82e9e	homeregularly	uncertain	withheld_historical_uncertain		aggregate_only_not_sense_frequency	"[{""path"": ""associativvordes/family-index-v5/members/en/16.json.gz"", ""family_id"": ""surface:en:homeregular"", ""record_sha256"": ""9ff5a4f136828a43e1bb460300f3d14b6aaa66300ce1f422dc0636019198f89b""}, {""path"": ""associativvordes/family-index-v5/members/en/40.json.gz"", ""family_id"": ""family:regul"", ""record_sha256"": ""df2f569a47bac59eafdc83c8f46d3e0afc37c1e9e89600eff61dce16b8916497""}]"	"{""lemma_id"": ""lemma:cd1e5c328a6ae3b82e9e"", ""word"": ""homeregularly"", ""normalized"": ""homeregularly"", ""search_form"": ""homeregularly"", ""rank"": 690574, ""frequency_score"": 0.025336011347990555, ""category_breakdown"": {""subtitles"": {""ipm_values"": [0.001447], ""category_ipm"": 0.001447, ""category_score"": 0.025336011347990555}}, ""sources"": [{""id"": ""subtitles/hermit_2018_en_full_lemmatized_ipm6_spacy_lookup_cleaned_v8.json"", ""file"": ""hermit_2018_en_full_lemmatized_ipm6_spacy_lookup_cleaned_v8.json"", ""category"": ""subtitles"", ""ipm"": 0.001447}], ""corpus_quality"": {""status"": ""accepted"", ""reasons"": []}, ""components"": [{""surface"": ""homeregular"", ""canonical_candidate"": ""homeregular"", ""confidence"": 0.92, ""evidence"": [{""type"": ""morphological_parse"", ""source"": ""candidate_index"", ""path"": [""homeregularly"", ""homeregular"", ""homeregular""], ""confidence"": 0.92}]}]}"
en	lemma:cda487dd74b6adbe1aa6	regularily	uncertain	withheld_historical_uncertain		aggregate_only_not_sense_frequency	"[{""path"": ""associativvordes/family-index-v5/members/en/26.json.gz"", ""family_id"": ""surface:en:regulari"", ""record_sha256"": ""8a099b7cceb7ba94f35cf3a4b5c6c08f4b55ef149cbdf313366861fbd67efa1d""}, {""path"": ""associativvordes/family-index-v5/members/en/40.json.gz"", ""family_id"": ""family:regul"", ""record_sha256"": ""4698190ff51e0903d4be2dfcdde1935d154bb796da9861afe303fcb7eb59f3ef""}, {""path"": ""associativvordes/family-index-v5/members/en/ff.json.gz"", ""family_id"": ""surface:en:ily"", ""record_sha256"": ""d5c561439f4b57c169a2846c0389940f56b10c06572129368a05a78c076b5d9c""}]"	"{""lemma_id"": ""lemma:cda487dd74b6adbe1aa6"", ""word"": ""regularily"", ""normalized"": ""regularily"", ""search_form"": ""regularily"", ""rank"": 131286, ""frequency_score"": 0.9793816920836468, ""category_breakdown"": {""web"": {""ipm_values"": [0.057486], ""category_ipm"": 0.057486, ""category_score"": 0.9793816920836468}}, ""sources"": [{""id"": ""web/sorted.uk.lemma.unigrams.cleaned_recommended_min100_ipm6.json"", ""file"": ""sorted.uk.lemma.unigrams.cleaned_recommended_min100_ipm6.json"", ""category"": ""web"", ""ipm"": 0.057486}], ""corpus_quality"": {""status"": ""accepted"", ""reasons"": []}, ""components"": [{""surface"": ""regulari"", ""canonical_candidate"": ""regulari"", ""confidence"": 0.92, ""evidence"": [{""type"": ""morphological_parse"", ""source"": ""candidate_index"", ""path"": [""regularily"", ""regulari"", ""regulari""], ""confidence"": 0.92}]}]}"
en	lemma:d29c301e2d72b7a50d11	irregularitirregulari	uncertain	withheld_historical_uncertain		aggregate_only_not_sense_frequency	"[{""path"": ""associativvordes/family-index-v5/members/en/26.json.gz"", ""family_id"": ""surface:en:regulari"", ""record_sha256"": ""7bed38157317358ff147cf3690009100a0f5c74bb401942e0af19bbbe792668d""}, {""path"": ""associativvordes/family-index-v5/members/en/2f.json.gz"", ""family_id"": ""surface:en:riti"", ""record_sha256"": ""6e2dc7e28539a522957a7d28b4315f634050bfd3e9566c42ccf830431624db97""}, {""path"": ""associativvordes/family-index-v5/members/en/40.json.gz"", ""family_id"": ""family:regul"", ""record_sha256"": ""04c5815f7b1d02ed41b32fe5d19c107e99b8629b8bc71d81303798c4ddfd6629""}, {""path"": ""associativvordes/family-index-v5/members/en/45.json.gz"", ""family_id"": ""surface:en:irregul"", ""record_sha256"": ""55c86cc88d61779c0a39dedde9f99d75a2a7da4bdf120c9756495fc8e66da684""}, {""path"": ""associativvordes/family-index-v5/members/en/89.json.gz"", ""family_id"": ""ety:497370be6193"", ""record_sha256"": ""7fa3d5c42a5eee2f33744b4974d23027ef87665cef140fbbf0108d9e29c163eb""}, {""path"": ""associativvordes/family-index-v5/members/en/96.json.gz"", ""family_id"": ""surface:en:tirr"", ""record_sha256"": ""c98e8fc1697fae3e5c6f1db12a1228dc29366f0ea3495fea296699b8578b2912""}, {""path"": ""associativvordes/family-index-v5/members/en/97.json.gz"", ""family_id"": ""surface:en:gulari"", ""record_sha256"": ""41d36ec52c2e22806aa09f2c7203c6d5d7046052c40a3dbfaf3449fe0f055ab7""}, {""path"": ""associativvordes/family-index-v5/members/en/f6.json.gz"", ""family_id"": ""ety:2d5b2d125fa9"", ""record_sha256"": ""7fa3d5c42a5eee2f33744b4974d23027ef87665cef140fbbf0108d9e29c163eb""}, {""path"": ""associativvordes/family-index-v5/members/en/fd.json.gz"", ""family_id"": ""surface:en:larit"", ""record_sha256"": ""a88ebe47e9c19ec0e70606793f4b69c2b3f7197249d7a079444047e6ba7663ff""}]"	"{""lemma_id"": ""lemma:d29c301e2d72b7a50d11"", ""word"": ""irregularitirregulari"", ""normalized"": ""irregularitirregulari"", ""search_form"": ""irregularitirregulari"", ""rank"": 333059, ""frequency_score"": 0.0759158403287469, ""category_breakdown"": {""subtitles"": {""ipm_values"": [0.004342], ""category_ipm"": 0.004342, ""category_score"": 0.0759158403287469}}, ""sources"": [{""id"": ""subtitles/hermit_2018_en_full_lemmatized_ipm6_spacy_lookup_cleaned_v8.json"", ""file"": ""hermit_2018_en_full_lemmatized_ipm6_spacy_lookup_cleaned_v8.json"", ""category"": ""subtitles"", ""ipm"": 0.004342}], ""corpus_quality"": {""status"": ""accepted"", ""reasons"": []}, ""components"": [{""surface"": ""regulari"", ""canonical_candidate"": ""regulari"", ""confidence"": 0.89, ""evidence"": [{""type"": ""compound_morphology"", ""source"": ""candidate_index"", ""path"": [""irregularitirregulari"", ""regulari"", ""regulari""], ""confidence"": 0.89}]}]}"
en	lemma:d3b707bbccace80de2a5	irregularfashion	uncertain	not_admitted_candidate		aggregate_only_not_sense_frequency	"[{""path"": ""associativvordes/family-index-v5/members/en/19.json.gz"", ""family_id"": ""ety:06d6e5a99188"", ""record_sha256"": ""3a70cfe7cf75a11e35b8f0638ef5b8ac1891c08a4e7a219cf2de5f12849a30e8""}, {""path"": ""associativvordes/family-index-v5/members/en/6b.json.gz"", ""family_id"": ""ety:b434fbecc0f8"", ""record_sha256"": ""3a70cfe7cf75a11e35b8f0638ef5b8ac1891c08a4e7a219cf2de5f12849a30e8""}, {""path"": ""associativvordes/family-index-v5/members/en/f4.json.gz"", ""family_id"": ""surface:en:irregularfash"", ""record_sha256"": ""82d0e284e3144bf04bb099b1ef576e3cc0c71cd6e807a97b3574fb20a1267090""}]"	"{""lemma_id"": ""lemma:d3b707bbccace80de2a5"", ""word"": ""irregularfashion"", ""normalized"": ""irregularfashion"", ""search_form"": ""irregularfashion"", ""rank"": 707753, ""frequency_score"": 0.025336011347990555, ""category_breakdown"": {""subtitles"": {""ipm_values"": [0.001447], ""category_ipm"": 0.001447, ""category_score"": 0.025336011347990555}}, ""sources"": [{""id"": ""subtitles/hermit_2018_en_full_lemmatized_ipm6_spacy_lookup_cleaned_v8.json"", ""file"": ""hermit_2018_en_full_lemmatized_ipm6_spacy_lookup_cleaned_v8.json"", ""category"": ""subtitles"", ""ipm"": 0.001447}], ""corpus_quality"": {""status"": ""accepted"", ""reasons"": []}, ""components"": [{""surface"": ""fashion"", ""canonical_candidate"": ""fashion"", ""confidence"": 0.89, ""evidence"": [{""type"": ""compound_morphology"", ""source"": ""candidate_index"", ""path"": [""irregularfashion"", ""fashion"", ""fashion""], ""confidence"": 0.89}]}]}"
en	lemma:d58e6e30009eee290e48	over-regulated	accepted	accepted	regulate	aggregate_only_not_sense_frequency	"[{""path"": ""associativvordes/family-index-v5/members/en/23.json.gz"", ""family_id"": ""surface:en:overregulat"", ""record_sha256"": ""6079d5510d0d9d2128bb20bc5ae43daf6c22c9a4f6454cbec6c509a4ba77827a""}]"	"{""lemma_id"": ""lemma:d58e6e30009eee290e48"", ""word"": ""over-regulated"", ""normalized"": ""over-regulated"", ""search_form"": ""over-regulated"", ""rank"": 122659, ""frequency_score"": 1.0910843352976045, ""category_breakdown"": {""web"": {""ipm_values"": [0.064249], ""category_ipm"": 0.064249, ""category_score"": 1.0910843352976045}}, ""sources"": [{""id"": ""web/sorted.uk.lemma.unigrams.cleaned_recommended_min100_ipm6.json"", ""file"": ""sorted.uk.lemma.unigrams.cleaned_recommended_min100_ipm6.json"", ""category"": ""web"", ""ipm"": 0.064249}], ""corpus_quality"": {""status"": ""accepted"", ""reasons"": []}, ""components"": [{""surface"": ""over-regulat"", ""canonical_candidate"": ""overregulat"", ""confidence"": 0.92, ""evidence"": [{""type"": ""morphological_parse"", ""source"": ""candidate_index"", ""path"": [""over-regulated"", ""over-regulat"", ""over-regulat""], ""confidence"": 0.92}]}]}"
en	lemma:d58f7d4f5ffb943188a8	caferegularly	uncertain	withheld_historical_uncertain		aggregate_only_not_sense_frequency	"[{""path"": ""associativvordes/family-index-v5/members/en/40.json.gz"", ""family_id"": ""family:regul"", ""record_sha256"": ""8a06190538bbf24c67304cfab152b5fcbee028c3e6be737edae3ba255950a6df""}, {""path"": ""associativvordes/family-index-v5/members/en/a8.json.gz"", ""family_id"": ""surface:en:caferegular"", ""record_sha256"": ""fb59ad1e443eb7b4e9d196f70de8395a0b74bb24386eda92300eff45c82712da""}]"	"{""lemma_id"": ""lemma:d58f7d4f5ffb943188a8"", ""word"": ""caferegularly"", ""normalized"": ""caferegularly"", ""search_form"": ""caferegularly"", ""rank"": 496523, ""frequency_score"": 0.029036169457900194, ""category_breakdown"": {""subtitles"": {""ipm_values"": [0.00187, 0.001447], ""category_ipm"": 0.0016584999999999998, ""category_score"": 0.029036169457900194}}, ""sources"": [{""id"": ""subtitles/hermit_2016_en_full_lemmatized_ipm6_spacy_lookup_cleaned_v8.json"", ""file"": ""hermit_2016_en_full_lemmatized_ipm6_spacy_lookup_cleaned_v8.json"", ""category"": ""subtitles"", ""ipm"": 0.00187}, {""id"": ""subtitles/hermit_2018_en_full_lemmatized_ipm6_spacy_lookup_cleaned_v8.json"", ""file"": ""hermit_2018_en_full_lemmatized_ipm6_spacy_lookup_cleaned_v8.json"", ""category"": ""subtitles"", ""ipm"": 0.001447}], ""corpus_quality"": {""status"": ""accepted"", ""reasons"": []}, ""components"": [{""surface"": ""regul"", ""canonical_candidate"": ""regul"", ""confidence"": 0.97, ""evidence"": [{""type"": ""compound_morphology"", ""source"": ""manually_verified"", ""path"": [""caferegularly"", ""regul"", ""regul""], ""confidence"": 0.97}, {""type"": ""verified_seed_alias"", ""source"": ""methodology_control_seed"", ""path"": [""en"", ""regul"", ""family:regul""], ""confidence"": 1}]}]}"
en	lemma:d69042269dd5e7cea5a6	regule	uncertain	withheld_historical_uncertain		aggregate_only_not_sense_frequency	"[{""path"": ""associativvordes/family-index-v5/members/en/40.json.gz"", ""family_id"": ""family:regul"", ""record_sha256"": ""42bfe6a4e96ad79fa77f2389a2883c64ae0a4fe3788f74f0e5bcc6c618db4d89""}]"	"{""lemma_id"": ""lemma:d69042269dd5e7cea5a6"", ""word"": ""regule"", ""normalized"": ""regule"", ""search_form"": ""regule"", ""rank"": 855358, ""frequency_score"": 0.025336011347990555, ""category_breakdown"": {""subtitles"": {""ipm_values"": [0.001447], ""category_ipm"": 0.001447, ""category_score"": 0.025336011347990555}}, ""sources"": [{""id"": ""subtitles/hermit_2018_en_full_lemmatized_ipm6_spacy_lookup_cleaned_v8.json"", ""file"": ""hermit_2018_en_full_lemmatized_ipm6_spacy_lookup_cleaned_v8.json"", ""category"": ""subtitles"", ""ipm"": 0.001447}], ""corpus_quality"": {""status"": ""accepted"", ""reasons"": []}, ""components"": [{""surface"": ""regul"", ""canonical_candidate"": ""regul"", ""confidence"": 1, ""evidence"": [{""type"": ""morphological_parse"", ""source"": ""manually_verified"", ""path"": [""regule"", ""regul"", ""regul""], ""confidence"": 1}, {""type"": ""verified_seed_alias"", ""source"": ""methodology_control_seed"", ""path"": [""en"", ""regul"", ""family:regul""], ""confidence"": 1}]}]}"
en	lemma:d6b7f5dbd5cbd39072f5	arregul	uncertain	not_admitted_candidate		aggregate_only_not_sense_frequency	"[{""path"": ""associativvordes/family-index-v5/members/en/8b.json.gz"", ""family_id"": ""surface:en:arre"", ""record_sha256"": ""fcc993ae943bc683f7dc1c98cac72ee3376da9efac10fcc9d802e06c0397e29d""}, {""path"": ""associativvordes/family-index-v5/members/en/a0.json.gz"", ""family_id"": ""surface:en:egul"", ""record_sha256"": ""e2e7db801080b17f018e2c88ebf0fefcc0c0c60dd522fea395e226e501dd4830""}]"	"{""lemma_id"": ""lemma:d6b7f5dbd5cbd39072f5"", ""word"": ""arregul"", ""normalized"": ""arregul"", ""search_form"": ""arregul"", ""rank"": 238632, ""frequency_score"": 0.12635008337190456, ""category_breakdown"": {""subtitles"": {""ipm_values"": [0.007237], ""category_ipm"": 0.007237, ""category_score"": 0.12635008337190456}}, ""sources"": [{""id"": ""subtitles/hermit_2018_en_full_lemmatized_ipm6_spacy_lookup_cleaned_v8.json"", ""file"": ""hermit_2018_en_full_lemmatized_ipm6_spacy_lookup_cleaned_v8.json"", ""category"": ""subtitles"", ""ipm"": 0.007237}], ""corpus_quality"": {""status"": ""accepted"", ""reasons"": []}, ""components"": [{""surface"": ""arre"", ""canonical_candidate"": ""arre"", ""confidence"": 0.81, ""evidence"": [{""type"": ""compound_morphology"", ""source"": ""candidate_index"", ""path"": [""arregul"", ""arre"", ""arre""], ""confidence"": 0.81}]}]}"
en	lemma:d7c79745cdd00aeb35b9	regularguy	uncertain	withheld_historical_uncertain		aggregate_only_not_sense_frequency	"[{""path"": ""associativvordes/family-index-v5/members/en/21.json.gz"", ""family_id"": ""surface:en:arguy"", ""record_sha256"": ""6b819a70ad294299aea2dd5a3a8289cabb132d7ded0f33e85eb89cfab6fd9c6d""}, {""path"": ""associativvordes/family-index-v5/members/en/40.json.gz"", ""family_id"": ""family:regul"", ""record_sha256"": ""204762074468ab54e99c959cbe042cd4ea2eacc40228d84990c084c95e215e27""}, {""path"": ""associativvordes/family-index-v5/members/en/5b.json.gz"", ""family_id"": ""ety:7eb55cb05961"", ""record_sha256"": ""1eec4c7597d5644b5551ea152837b95f17bff37218967fe5206549cabfc0711e""}]"	"{""lemma_id"": ""lemma:d7c79745cdd00aeb35b9"", ""word"": ""regularguy"", ""normalized"": ""regularguy"", ""search_form"": ""regularguy"", ""rank"": 855329, ""frequency_score"": 0.025336011347990555, ""category_breakdown"": {""subtitles"": {""ipm_values"": [0.001447], ""category_ipm"": 0.001447, ""category_score"": 0.025336011347990555}}, ""sources"": [{""id"": ""subtitles/hermit_2018_en_full_lemmatized_ipm6_spacy_lookup_cleaned_v8.json"", ""file"": ""hermit_2018_en_full_lemmatized_ipm6_spacy_lookup_cleaned_v8.json"", ""category"": ""subtitles"", ""ipm"": 0.001447}], ""corpus_quality"": {""status"": ""accepted"", ""reasons"": []}, ""components"": [{""surface"": ""arguy"", ""canonical_candidate"": ""arguy"", ""confidence"": 0.89, ""evidence"": [{""type"": ""compound_morphology"", ""source"": ""candidate_index"", ""path"": [""regularguy"", ""arguy"", ""arguy""], ""confidence"": 0.89}]}]}"
en	lemma:d87122f415010ccb733d	irregul	uncertain	not_admitted_candidate		aggregate_only_not_sense_frequency	"[{""path"": ""associativvordes/family-index-v5/members/en/45.json.gz"", ""family_id"": ""surface:en:irregul"", ""record_sha256"": ""7ccc8834b216dd2a0b608b229c020624b99ec86263f215623fcc7267b60fecb9""}]"	"{""lemma_id"": ""lemma:d87122f415010ccb733d"", ""word"": ""irregul"", ""normalized"": ""irregul"", ""search_form"": ""irregul"", ""rank"": 619414, ""frequency_score"": 0.029036169457900194, ""category_breakdown"": {""subtitles"": {""ipm_values"": [0.00187, 0.001447], ""category_ipm"": 0.0016584999999999998, ""category_score"": 0.029036169457900194}}, ""sources"": [{""id"": ""subtitles/hermit_2016_en_full_lemmatized_ipm6_spacy_lookup_cleaned_v8.json"", ""file"": ""hermit_2016_en_full_lemmatized_ipm6_spacy_lookup_cleaned_v8.json"", ""category"": ""subtitles"", ""ipm"": 0.00187}, {""id"": ""subtitles/hermit_2018_en_full_lemmatized_ipm6_spacy_lookup_cleaned_v8.json"", ""file"": ""hermit_2018_en_full_lemmatized_ipm6_spacy_lookup_cleaned_v8.json"", ""category"": ""subtitles"", ""ipm"": 0.001447}], ""corpus_quality"": {""status"": ""accepted"", ""reasons"": []}, ""components"": [{""surface"": ""irregul"", ""canonical_candidate"": ""irregul"", ""confidence"": 0.92, ""evidence"": [{""type"": ""morphological_parse"", ""source"": ""candidate_index"", ""path"": [""irregul"", ""irregul"", ""irregul""], ""confidence"": 0.92}]}]}"
en	lemma:d873ffae879737bf40b8	rozregulowa	uncertain	withheld_historical_uncertain		aggregate_only_not_sense_frequency	"[{""path"": ""associativvordes/family-index-v5/members/en/18.json.gz"", ""family_id"": ""surface:en:roz"", ""record_sha256"": ""84c794993b521b9d310579a06fe635ad2f9f56e5d19549260faf3dbd394dd05f""}, {""path"": ""associativvordes/family-index-v5/members/en/24.json.gz"", ""family_id"": ""surface:en:lowa"", ""record_sha256"": ""426ae206e106d7af7bd9df02b9d30aae657bfa09e72e43588bcd827366af3752""}, {""path"": ""associativvordes/family-index-v5/members/en/40.json.gz"", ""family_id"": ""family:regul"", ""record_sha256"": ""38d99d0774fec3eab8e5ddc94218caa85b8246ed689742f2a28d588f2d5877fa""}]"	"{""lemma_id"": ""lemma:d873ffae879737bf40b8"", ""word"": ""rozregulowa"", ""normalized"": ""rozregulowa"", ""search_form"": ""rozregulowa"", ""rank"": 757841, ""frequency_score"": 0.029036169457900194, ""category_breakdown"": {""subtitles"": {""ipm_values"": [0.00187, 0.001447], ""category_ipm"": 0.0016584999999999998, ""category_score"": 0.029036169457900194}}, ""sources"": [{""id"": ""subtitles/hermit_2016_en_full_lemmatized_ipm6_spacy_lookup_cleaned_v8.json"", ""file"": ""hermit_2016_en_full_lemmatized_ipm6_spacy_lookup_cleaned_v8.json"", ""category"": ""subtitles"", ""ipm"": 0.00187}, {""id"": ""subtitles/hermit_2018_en_full_lemmatized_ipm6_spacy_lookup_cleaned_v8.json"", ""file"": ""hermit_2018_en_full_lemmatized_ipm6_spacy_lookup_cleaned_v8.json"", ""category"": ""subtitles"", ""ipm"": 0.001447}], ""corpus_quality"": {""status"": ""accepted"", ""reasons"": []}, ""components"": [{""surface"": ""roz"", ""canonical_candidate"": ""roz"", ""confidence"": 0.81, ""evidence"": [{""type"": ""compound_morphology"", ""source"": ""candidate_index"", ""path"": [""rozregulowa"", ""roz"", ""roz""], ""confidence"": 0.81}]}]}"
en	lemma:d8cae547d96e7630c516	disregulation	accepted	accepted	regulate	aggregate_only_not_sense_frequency	"[{""path"": ""associativvordes/family-index-v5/members/en/23.json.gz"", ""family_id"": ""surface:en:disregulat"", ""record_sha256"": ""0ddd38701ba46343493b2eec2249b1e604181e16bc141ad825175edb60e99b17""}, {""path"": ""associativvordes/family-index-v5/members/en/40.json.gz"", ""family_id"": ""family:regul"", ""record_sha256"": ""9c89bb25279c77606058b44a2c001a6c24c3ce2c3c02bafc145795b494969d36""}, {""path"": ""associativvordes/family-index-v5/members/en/65.json.gz"", ""family_id"": ""surface:en:regulation"", ""record_sha256"": ""3c27ab82f59464d69394e6d20f78b98682c80e0ac06caa4703f4457475d630f3""}]"	"{""lemma_id"": ""lemma:d8cae547d96e7630c516"", ""word"": ""disregulation"", ""normalized"": ""disregulation"", ""search_form"": ""disregulation"", ""rank"": 401000, ""frequency_score"": 0.05065291230704117, ""category_breakdown"": {""subtitles"": {""ipm_values"": [0.002895], ""category_ipm"": 0.002895, ""category_score"": 0.05065291230704117}}, ""sources"": [{""id"": ""subtitles/hermit_2018_en_full_lemmatized_ipm6_spacy_lookup_cleaned_v8.json"", ""file"": ""hermit_2018_en_full_lemmatized_ipm6_spacy_lookup_cleaned_v8.json"", ""category"": ""subtitles"", ""ipm"": 0.002895}], ""corpus_quality"": {""status"": ""accepted"", ""reasons"": []}, ""components"": [{""surface"": ""disregulat"", ""canonical_candidate"": ""disregulat"", ""confidence"": 0.89, ""evidence"": [{""type"": ""compound_morphology"", ""source"": ""candidate_index"", ""path"": [""disregulation"", ""disregulat"", ""disregulat""], ""confidence"": 0.89}]}]}"
en	lemma:d990351fd42e2c2d6c1b	regulan	uncertain	not_admitted_candidate		aggregate_only_not_sense_frequency	"[{""path"": ""associativvordes/family-index-v5/members/en/24.json.gz"", ""family_id"": ""surface:en:regu"", ""record_sha256"": ""869d26d40d0d5e5203c0ab183a33dd42721dc2b10db81e9f6866db06cee5f47b""}, {""path"": ""associativvordes/family-index-v5/members/en/50.json.gz"", ""family_id"": ""surface:en:gulan"", ""record_sha256"": ""63cc650e8922ae55d160f3e295fb2be7fa3958c50d5f83c5edbacc38e09e4a7f""}]"	"{""lemma_id"": ""lemma:d990351fd42e2c2d6c1b"", ""word"": ""regulan"", ""normalized"": ""regulan"", ""search_form"": ""regulan"", ""rank"": 170522, ""frequency_score"": 0.23983927560989599, ""category_breakdown"": {""subtitles"": {""ipm_values"": [0.01309, 0.014474], ""category_ipm"": 0.013781999999999999, ""category_score"": 0.23983927560989599}}, ""sources"": [{""id"": ""subtitles/hermit_2016_en_full_lemmatized_ipm6_spacy_lookup_cleaned_v8.json"", ""file"": ""hermit_2016_en_full_lemmatized_ipm6_spacy_lookup_cleaned_v8.json"", ""category"": ""subtitles"", ""ipm"": 0.01309}, {""id"": ""subtitles/hermit_2018_en_full_lemmatized_ipm6_spacy_lookup_cleaned_v8.json"", ""file"": ""hermit_2018_en_full_lemmatized_ipm6_spacy_lookup_cleaned_v8.json"", ""category"": ""subtitles"", ""ipm"": 0.014474}], ""corpus_quality"": {""status"": ""accepted"", ""reasons"": []}, ""components"": [{""surface"": ""regu"", ""canonical_candidate"": ""regu"", ""confidence"": 0.81, ""evidence"": [{""type"": ""compound_morphology"", ""source"": ""candidate_index"", ""path"": [""regulan"", ""regu"", ""regu""], ""confidence"": 0.81}]}]}"
en	lemma:daa5e38cba52a13ac4c0	regulalrly	uncertain	withheld_historical_uncertain		aggregate_only_not_sense_frequency	"[{""path"": ""associativvordes/family-index-v5/members/en/05.json.gz"", ""family_id"": ""surface:en:regulalr"", ""record_sha256"": ""ae550209b726756cdf7a5f432079dd50943655c750a85f48356c25d800ca139e""}, {""path"": ""associativvordes/family-index-v5/members/en/40.json.gz"", ""family_id"": ""family:regul"", ""record_sha256"": ""bb90cca85c17a8421838e9b23c95f6607f883add05e1c4902dd94097a29c619b""}]"	"{""lemma_id"": ""lemma:daa5e38cba52a13ac4c0"", ""word"": ""regulalrly"", ""normalized"": ""regulalrly"", ""search_form"": ""regulalrly"", ""rank"": 748985, ""frequency_score"": 0.029036169457900194, ""category_breakdown"": {""subtitles"": {""ipm_values"": [0.00187, 0.001447], ""category_ipm"": 0.0016584999999999998, ""category_score"": 0.029036169457900194}}, ""sources"": [{""id"": ""subtitles/hermit_2016_en_full_lemmatized_ipm6_spacy_lookup_cleaned_v8.json"", ""file"": ""hermit_2016_en_full_lemmatized_ipm6_spacy_lookup_cleaned_v8.json"", ""category"": ""subtitles"", ""ipm"": 0.00187}, {""id"": ""subtitles/hermit_2018_en_full_lemmatized_ipm6_spacy_lookup_cleaned_v8.json"", ""file"": ""hermit_2018_en_full_lemmatized_ipm6_spacy_lookup_cleaned_v8.json"", ""category"": ""subtitles"", ""ipm"": 0.001447}], ""corpus_quality"": {""status"": ""accepted"", ""reasons"": []}, ""components"": [{""surface"": ""regulalr"", ""canonical_candidate"": ""regulalr"", ""confidence"": 0.92, ""evidence"": [{""type"": ""morphological_parse"", ""source"": ""candidate_index"", ""path"": [""regulalrly"", ""regulalr"", ""regulalr""], ""confidence"": 0.92}]}]}"
en	lemma:dc36cdd71419a2bc7379	regolare	uncertain	not_admitted_candidate		aggregate_only_not_sense_frequency	"[{""path"": ""associativvordes/family-index-v5/members/en/0f.json.gz"", ""family_id"": ""surface:en:lare"", ""record_sha256"": ""deb3d701f587132b7538d019e5ae8d3d4b251455ed798900b8283fc4b47857d7""}, {""path"": ""associativvordes/family-index-v5/members/en/39.json.gz"", ""family_id"": ""surface:en:regolar"", ""record_sha256"": ""fd5478150623f8c38fe29b5f7ad8cf6eb9d74224c0312478de08fc08b8b43dde""}]"	"{""lemma_id"": ""lemma:dc36cdd71419a2bc7379"", ""word"": ""regolare"", ""normalized"": ""regolare"", ""search_form"": ""regolare"", ""rank"": 408902, ""frequency_score"": 0.06541004844720061, ""category_breakdown"": {""subtitles"": {""ipm_values"": [0.00374], ""category_ipm"": 0.00374, ""category_score"": 0.06541004844720061}}, ""sources"": [{""id"": ""subtitles/hermit_2016_en_full_lemmatized_ipm6_spacy_lookup_cleaned_v8.json"", ""file"": ""hermit_2016_en_full_lemmatized_ipm6_spacy_lookup_cleaned_v8.json"", ""category"": ""subtitles"", ""ipm"": 0.00374}], ""corpus_quality"": {""status"": ""accepted"", ""reasons"": []}, ""components"": [{""surface"": ""lare"", ""canonical_candidate"": ""lare"", ""confidence"": 0.89, ""evidence"": [{""type"": ""compound_morphology"", ""source"": ""candidate_index"", ""path"": [""regolare"", ""lare"", ""lare""], ""confidence"": 0.89}]}]}"
en	lemma:dd2ba7a0432b48c30558	regularness	accepted	accepted	regular	aggregate_only_not_sense_frequency	"[{""path"": ""associativvordes/family-index-v5/members/en/40.json.gz"", ""family_id"": ""family:regul"", ""record_sha256"": ""17fba56e1bbd77a1633977e4f3ca7157cd75e32637636fb1d42f27941c6450f6""}, {""path"": ""associativvordes/family-index-v5/members/en/82.json.gz"", ""family_id"": ""ety:ea110be147c1"", ""record_sha256"": ""baadb335297db0813d2b2cab6316c6b13bba55685967ab400e8334a833e40063""}, {""path"": ""associativvordes/family-index-v5/members/en/87.json.gz"", ""family_id"": ""surface:en:regularnes"", ""record_sha256"": ""535e5a665b7f82a5ac07303e8ed66709942dcc77f5220dd72beda5d612c97a42""}]"	"{""lemma_id"": ""lemma:dd2ba7a0432b48c30558"", ""word"": ""regularness"", ""normalized"": ""regularness"", ""search_form"": ""regularness"", ""rank"": 855341, ""frequency_score"": 0.025336011347990555, ""category_breakdown"": {""subtitles"": {""ipm_values"": [0.001447], ""category_ipm"": 0.001447, ""category_score"": 0.025336011347990555}}, ""sources"": [{""id"": ""subtitles/hermit_2018_en_full_lemmatized_ipm6_spacy_lookup_cleaned_v8.json"", ""file"": ""hermit_2018_en_full_lemmatized_ipm6_spacy_lookup_cleaned_v8.json"", ""category"": ""subtitles"", ""ipm"": 0.001447}], ""corpus_quality"": {""status"": ""accepted"", ""reasons"": []}, ""components"": [{""surface"": ""regul"", ""canonical_candidate"": ""regul"", ""confidence"": 0.97, ""evidence"": [{""type"": ""compound_morphology"", ""source"": ""manually_verified"", ""path"": [""regularness"", ""regul"", ""regul""], ""confidence"": 0.97}, {""type"": ""verified_seed_alias"", ""source"": ""methodology_control_seed"", ""path"": [""en"", ""regul"", ""family:regul""], ""confidence"": 1}]}]}"
en	lemma:def62109d3431809a259	osmoregulatory	accepted	accepted	regulate	aggregate_only_not_sense_frequency	"[{""path"": ""associativvordes/family-index-v5/members/en/40.json.gz"", ""family_id"": ""family:regul"", ""record_sha256"": ""bdcf8d571b5a9532e1280f17a48f5400ad9faf78807f971b0391bb4bd7ceb0de""}, {""path"": ""associativvordes/family-index-v5/members/en/97.json.gz"", ""family_id"": ""surface:en:osmoregulat"", ""record_sha256"": ""c928642bad03ec05e4cdf337ef6912e6d503a9f49c1e6e241d992c70cd5ecaac""}, {""path"": ""associativvordes/family-index-v5/members/en/bd.json.gz"", ""family_id"": ""surface:en:tory"", ""record_sha256"": ""f520accdd6069755020407cc5fba141f2d9950a9a6465d144e2d882c21f2b3af""}]"	"{""lemma_id"": ""lemma:def62109d3431809a259"", ""word"": ""osmoregulatory"", ""normalized"": ""osmoregulatory"", ""search_form"": ""osmoregulatory"", ""rank"": 710829, ""frequency_score"": 0.029036169457900194, ""category_breakdown"": {""subtitles"": {""ipm_values"": [0.00187, 0.001447], ""category_ipm"": 0.0016584999999999998, ""category_score"": 0.029036169457900194}}, ""sources"": [{""id"": ""subtitles/hermit_2016_en_full_lemmatized_ipm6_spacy_lookup_cleaned_v8.json"", ""file"": ""hermit_2016_en_full_lemmatized_ipm6_spacy_lookup_cleaned_v8.json"", ""category"": ""subtitles"", ""ipm"": 0.00187}, {""id"": ""subtitles/hermit_2018_en_full_lemmatized_ipm6_spacy_lookup_cleaned_v8.json"", ""file"": ""hermit_2018_en_full_lemmatized_ipm6_spacy_lookup_cleaned_v8.json"", ""category"": ""subtitles"", ""ipm"": 0.001447}], ""corpus_quality"": {""status"": ""accepted"", ""reasons"": []}, ""components"": [{""surface"": ""regul"", ""canonical_candidate"": ""regul"", ""confidence"": 0.97, ""evidence"": [{""type"": ""compound_morphology"", ""source"": ""manually_verified"", ""path"": [""osmoregulatory"", ""regul"", ""regul""], ""confidence"": 0.97}, {""type"": ""verified_seed_alias"", ""source"": ""methodology_control_seed"", ""path"": [""en"", ""regul"", ""family:regul""], ""confidence"": 1}]}]}"
en	lemma:df3489fdf0cce90f7a91	regulador	uncertain	withheld_historical_uncertain		aggregate_only_not_sense_frequency	"[{""path"": ""associativvordes/family-index-v5/members/en/40.json.gz"", ""family_id"": ""family:regul"", ""record_sha256"": ""d8493370e4e91352f27eb44f9ae6a83c4829b6f1015c735d3b65a566d47a9544""}, {""path"": ""associativvordes/family-index-v5/members/en/91.json.gz"", ""family_id"": ""surface:en:ador"", ""record_sha256"": ""b2c1a175681365b8867fc7796793a3071205f21f4408f9562919d760ec2666d8""}, {""path"": ""associativvordes/family-index-v5/members/en/bb.json.gz"", ""family_id"": ""surface:en:regula"", ""record_sha256"": ""020ad6be96de0c0405c62740409756174e268623a56d1cb3e8de83132dd3f412""}]"	"{""lemma_id"": ""lemma:df3489fdf0cce90f7a91"", ""word"": ""regulador"", ""normalized"": ""regulador"", ""search_form"": ""regulador"", ""rank"": 408923, ""frequency_score"": 0.05803303394570798, ""category_breakdown"": {""subtitles"": {""ipm_values"": [0.00374, 0.002895], ""category_ipm"": 0.0033175, ""category_score"": 0.05803303394570798}}, ""sources"": [{""id"": ""subtitles/hermit_2016_en_full_lemmatized_ipm6_spacy_lookup_cleaned_v8.json"", ""file"": ""hermit_2016_en_full_lemmatized_ipm6_spacy_lookup_cleaned_v8.json"", ""category"": ""subtitles"", ""ipm"": 0.00374}, {""id"": ""subtitles/hermit_2018_en_full_lemmatized_ipm6_spacy_lookup_cleaned_v8.json"", ""file"": ""hermit_2018_en_full_lemmatized_ipm6_spacy_lookup_cleaned_v8.json"", ""category"": ""subtitles"", ""ipm"": 0.002895}], ""corpus_quality"": {""status"": ""accepted"", ""reasons"": []}, ""components"": [{""surface"": ""regul"", ""canonical_candidate"": ""regul"", ""confidence"": 0.97, ""evidence"": [{""type"": ""compound_morphology"", ""source"": ""manually_verified"", ""path"": [""regulador"", ""regul"", ""regul""], ""confidence"": 0.97}, {""type"": ""verified_seed_alias"", ""source"": ""methodology_control_seed"", ""path"": [""en"", ""regul"", ""family:regul""], ""confidence"": 1}]}]}"
en	lemma:e0563858014790749a2c	upregulated	accepted	accepted	regulate	aggregate_only_not_sense_frequency	"[{""path"": ""associativvordes/family-index-v5/members/en/4a.json.gz"", ""family_id"": ""surface:en:upregulat"", ""record_sha256"": ""5dbf9fc550986ebb696bb1f1a9ede881de62d29da4a40aaf1785e15288afae3f""}]"	"{""lemma_id"": ""lemma:e0563858014790749a2c"", ""word"": ""upregulated"", ""normalized"": ""upregulated"", ""search_form"": ""upregulated"", ""rank"": 101643, ""frequency_score"": 1.4765373789790341, ""category_breakdown"": {""web"": {""ipm_values"": [0.08792], ""category_ipm"": 0.08792, ""category_score"": 1.4765373789790341}}, ""sources"": [{""id"": ""web/sorted.uk.lemma.unigrams.cleaned_recommended_min100_ipm6.json"", ""file"": ""sorted.uk.lemma.unigrams.cleaned_recommended_min100_ipm6.json"", ""category"": ""web"", ""ipm"": 0.08792}], ""corpus_quality"": {""status"": ""accepted"", ""reasons"": []}, ""components"": [{""surface"": ""upregulat"", ""canonical_candidate"": ""upregulat"", ""confidence"": 0.92, ""evidence"": [{""type"": ""morphological_parse"", ""source"": ""candidate_index"", ""path"": [""upregulated"", ""upregulat"", ""upregulat""], ""confidence"": 0.92}]}]}"
en	lemma:e620bf4c94aa13c08f59	nonregulation	accepted	accepted	regulate	aggregate_only_not_sense_frequency	"[{""path"": ""associativvordes/family-index-v5/members/en/40.json.gz"", ""family_id"": ""family:regul"", ""record_sha256"": ""2c67db31d4e993d9ea59640aa189028d5217c85f201f62107bcc832c446a839c""}, {""path"": ""associativvordes/family-index-v5/members/en/65.json.gz"", ""family_id"": ""surface:en:regulation"", ""record_sha256"": ""486976f3b2d6e45a33112bc587b7b365a558e7183ed4be8f49dc217376e9deea""}, {""path"": ""associativvordes/family-index-v5/members/en/8e.json.gz"", ""family_id"": ""surface:en:nonregulat"", ""record_sha256"": ""201973e28e9576bf9b82f802e9a8fdd8ed99e360e2ee47046a6033671d85a51b""}]"	"{""lemma_id"": ""lemma:e620bf4c94aa13c08f59"", ""word"": ""nonregulation"", ""normalized"": ""nonregulation"", ""search_form"": ""nonregulation"", ""rank"": 228894, ""frequency_score"": 0.1247930626346462, ""category_breakdown"": {""subtitles"": {""ipm_values"": [0.00561, 0.008685], ""category_ipm"": 0.0071475, ""category_score"": 0.1247930626346462}}, ""sources"": [{""id"": ""subtitles/hermit_2016_en_full_lemmatized_ipm6_spacy_lookup_cleaned_v8.json"", ""file"": ""hermit_2016_en_full_lemmatized_ipm6_spacy_lookup_cleaned_v8.json"", ""category"": ""subtitles"", ""ipm"": 0.00561}, {""id"": ""subtitles/hermit_2018_en_full_lemmatized_ipm6_spacy_lookup_cleaned_v8.json"", ""file"": ""hermit_2018_en_full_lemmatized_ipm6_spacy_lookup_cleaned_v8.json"", ""category"": ""subtitles"", ""ipm"": 0.008685}], ""corpus_quality"": {""status"": ""accepted"", ""reasons"": []}, ""components"": [{""surface"": ""regul"", ""canonical_candidate"": ""regul"", ""confidence"": 1, ""evidence"": [{""type"": ""compound_morphology"", ""source"": ""manually_verified"", ""path"": [""nonregulation"", ""regul"", ""regul""], ""confidence"": 1}, {""type"": ""verified_seed_alias"", ""source"": ""methodology_control_seed"", ""path"": [""en"", ""regul"", ""family:regul""], ""confidence"": 1}]}]}"
en	lemma:e828a360673531b84cad	regulae	uncertain	not_admitted_candidate		aggregate_only_not_sense_frequency	"[{""path"": ""associativvordes/family-index-v5/members/en/45.json.gz"", ""family_id"": ""surface:en:lae"", ""record_sha256"": ""b125ee01e57ff141e6c82792c4296cdb09f755cebde34a9d7480c45179808e63""}, {""path"": ""associativvordes/family-index-v5/members/en/bb.json.gz"", ""family_id"": ""surface:en:regula"", ""record_sha256"": ""6d034f457c558334674463addcaba8c41d0f851ca045c67c80cada5e78e0fde6""}]"	"{""lemma_id"": ""lemma:e828a360673531b84cad"", ""word"": ""regulae"", ""normalized"": ""regulae"", ""search_form"": ""regulae"", ""rank"": 855318, ""frequency_score"": 0.025336011347990555, ""category_breakdown"": {""subtitles"": {""ipm_values"": [0.001447], ""category_ipm"": 0.001447, ""category_score"": 0.025336011347990555}}, ""sources"": [{""id"": ""subtitles/hermit_2018_en_full_lemmatized_ipm6_spacy_lookup_cleaned_v8.json"", ""file"": ""hermit_2018_en_full_lemmatized_ipm6_spacy_lookup_cleaned_v8.json"", ""category"": ""subtitles"", ""ipm"": 0.001447}], ""corpus_quality"": {""status"": ""accepted"", ""reasons"": []}, ""components"": [{""surface"": ""lae"", ""canonical_candidate"": ""lae"", ""confidence"": 0.89, ""evidence"": [{""type"": ""compound_morphology"", ""source"": ""candidate_index"", ""path"": [""regulae"", ""lae"", ""lae""], ""confidence"": 0.89}]}]}"
en	lemma:e8f12b1190e05d586c97	regulare	uncertain	withheld_historical_uncertain		aggregate_only_not_sense_frequency	"[{""path"": ""associativvordes/family-index-v5/members/en/40.json.gz"", ""family_id"": ""family:regul"", ""record_sha256"": ""dc78922c8518378d153a8614cfcd7131ff0261f1636d9006a3cd13955dbd974c""}]"	"{""lemma_id"": ""lemma:e8f12b1190e05d586c97"", ""word"": ""regulare"", ""normalized"": ""regulare"", ""search_form"": ""regulare"", ""rank"": 468520, ""frequency_score"": 0.041696519541016566, ""category_breakdown"": {""subtitles"": {""ipm_values"": [0.00187, 0.002895], ""category_ipm"": 0.0023825, ""category_score"": 0.041696519541016566}}, ""sources"": [{""id"": ""subtitles/hermit_2016_en_full_lemmatized_ipm6_spacy_lookup_cleaned_v8.json"", ""file"": ""hermit_2016_en_full_lemmatized_ipm6_spacy_lookup_cleaned_v8.json"", ""category"": ""subtitles"", ""ipm"": 0.00187}, {""id"": ""subtitles/hermit_2018_en_full_lemmatized_ipm6_spacy_lookup_cleaned_v8.json"", ""file"": ""hermit_2018_en_full_lemmatized_ipm6_spacy_lookup_cleaned_v8.json"", ""category"": ""subtitles"", ""ipm"": 0.002895}], ""corpus_quality"": {""status"": ""accepted"", ""reasons"": []}, ""components"": [{""surface"": ""regul"", ""canonical_candidate"": ""regul"", ""confidence"": 0.97, ""evidence"": [{""type"": ""compound_morphology"", ""source"": ""manually_verified"", ""path"": [""regulare"", ""regul"", ""regul""], ""confidence"": 0.97}, {""type"": ""verified_seed_alias"", ""source"": ""methodology_control_seed"", ""path"": [""en"", ""regul"", ""family:regul""], ""confidence"": 1}]}]}"
en	lemma:e9f43d7b303966a0bde3	derregulation	uncertain	withheld_historical_uncertain		aggregate_only_not_sense_frequency	"[{""path"": ""associativvordes/family-index-v5/members/en/40.json.gz"", ""family_id"": ""family:regul"", ""record_sha256"": ""2325fc4017a765bb4edaaf5f859028c68d2d33df6ee04148ce9a77d2e0d3741f""}, {""path"": ""associativvordes/family-index-v5/members/en/5a.json.gz"", ""family_id"": ""surface:en:derregulat"", ""record_sha256"": ""37cf1ed28a36edc2e21f075c169952fe723ed09b96064c05b266e05067e54f4d""}, {""path"": ""associativvordes/family-index-v5/members/en/65.json.gz"", ""family_id"": ""surface:en:regulation"", ""record_sha256"": ""c7169b381695c346e78db44d4639f3861fb2abcecbca3560017d04b3d21dfd02""}]"	"{""lemma_id"": ""lemma:e9f43d7b303966a0bde3"", ""word"": ""derregulation"", ""normalized"": ""derregulation"", ""search_form"": ""derregulation"", ""rank"": 531879, ""frequency_score"": 0.029036169457900194, ""category_breakdown"": {""subtitles"": {""ipm_values"": [0.00187, 0.001447], ""category_ipm"": 0.0016584999999999998, ""category_score"": 0.029036169457900194}}, ""sources"": [{""id"": ""subtitles/hermit_2016_en_full_lemmatized_ipm6_spacy_lookup_cleaned_v8.json"", ""file"": ""hermit_2016_en_full_lemmatized_ipm6_spacy_lookup_cleaned_v8.json"", ""category"": ""subtitles"", ""ipm"": 0.00187}, {""id"": ""subtitles/hermit_2018_en_full_lemmatized_ipm6_spacy_lookup_cleaned_v8.json"", ""file"": ""hermit_2018_en_full_lemmatized_ipm6_spacy_lookup_cleaned_v8.json"", ""category"": ""subtitles"", ""ipm"": 0.001447}], ""corpus_quality"": {""status"": ""accepted"", ""reasons"": []}, ""components"": [{""surface"": ""regul"", ""canonical_candidate"": ""regul"", ""confidence"": 1, ""evidence"": [{""type"": ""compound_morphology"", ""source"": ""manually_verified"", ""path"": [""derregulation"", ""regul"", ""regul""], ""confidence"": 1}, {""type"": ""verified_seed_alias"", ""source"": ""methodology_control_seed"", ""path"": [""en"", ""regul"", ""family:regul""], ""confidence"": 1}]}]}"
en	lemma:ea2d170ab5812d85af1d	regulationses	uncertain	withheld_historical_uncertain		aggregate_only_not_sense_frequency	"[{""path"": ""associativvordes/family-index-v5/members/en/40.json.gz"", ""family_id"": ""family:regul"", ""record_sha256"": ""4549eae94119233c443d04023532b929f744c21da040e77cdc09ad93bc17b7b6""}, {""path"": ""associativvordes/family-index-v5/members/en/45.json.gz"", ""family_id"": ""surface:en:regulationse"", ""record_sha256"": ""70ec65baa64a7a9debb7c7aec859813489adb49b023397ed35d4b56711106b31""}, {""path"": ""associativvordes/family-index-v5/members/en/ea.json.gz"", ""family_id"": ""surface:en:nses"", ""record_sha256"": ""d3215fc0f780b76276c18155c133d4cb949401e30e12c37e95fa20c6157a5902""}]"	"{""lemma_id"": ""lemma:ea2d170ab5812d85af1d"", ""word"": ""regulationses"", ""normalized"": ""regulationses"", ""search_form"": ""regulationses"", ""rank"": 749012, ""frequency_score"": 0.032735546362605054, ""category_breakdown"": {""subtitles"": {""ipm_values"": [0.00187], ""category_ipm"": 0.00187, ""category_score"": 0.032735546362605054}}, ""sources"": [{""id"": ""subtitles/hermit_2016_en_full_lemmatized_ipm6_spacy_lookup_cleaned_v8.json"", ""file"": ""hermit_2016_en_full_lemmatized_ipm6_spacy_lookup_cleaned_v8.json"", ""category"": ""subtitles"", ""ipm"": 0.00187}], ""corpus_quality"": {""status"": ""accepted"", ""reasons"": []}, ""components"": [{""surface"": ""regul"", ""canonical_candidate"": ""regul"", ""confidence"": 1, ""evidence"": [{""type"": ""compound_morphology"", ""source"": ""manually_verified"", ""path"": [""regulationses"", ""regul"", ""regul""], ""confidence"": 1}, {""type"": ""verified_seed_alias"", ""source"": ""methodology_control_seed"", ""path"": [""en"", ""regul"", ""family:regul""], ""confidence"": 1}]}]}"
en	lemma:ea64b3537f4b727d44f7	regulacin	uncertain	withheld_historical_uncertain		aggregate_only_not_sense_frequency	"[{""path"": ""associativvordes/family-index-v5/members/en/40.json.gz"", ""family_id"": ""family:regul"", ""record_sha256"": ""ca9c300b82a3c2900320f9b6e7f90b8fe2271fffb3f2b2442d07cfda7680945c""}, {""path"": ""associativvordes/family-index-v5/members/en/bb.json.gz"", ""family_id"": ""surface:en:regula"", ""record_sha256"": ""24edc4c1fd5c70f9085b0414c531e32e99d433135a6a164d1268cb341ec8d4ef""}, {""path"": ""associativvordes/family-index-v5/members/en/e0.json.gz"", ""family_id"": ""surface:en:lacin"", ""record_sha256"": ""8defa828deee9994d9278c233a6e201cd2a3f9542d7026856bd422e2e5cbf372""}]"	"{""lemma_id"": ""lemma:ea64b3537f4b727d44f7"", ""word"": ""regulacin"", ""normalized"": ""regulacin"", ""search_form"": ""regulacin"", ""rank"": 855317, ""frequency_score"": 0.025336011347990555, ""category_breakdown"": {""subtitles"": {""ipm_values"": [0.001447], ""category_ipm"": 0.001447, ""category_score"": 0.025336011347990555}}, ""sources"": [{""id"": ""subtitles/hermit_2018_en_full_lemmatized_ipm6_spacy_lookup_cleaned_v8.json"", ""file"": ""hermit_2018_en_full_lemmatized_ipm6_spacy_lookup_cleaned_v8.json"", ""category"": ""subtitles"", ""ipm"": 0.001447}], ""corpus_quality"": {""status"": ""accepted"", ""reasons"": []}, ""components"": [{""surface"": ""regul"", ""canonical_candidate"": ""regul"", ""confidence"": 0.97, ""evidence"": [{""type"": ""compound_morphology"", ""source"": ""manually_verified"", ""path"": [""regulacin"", ""regul"", ""regul""], ""confidence"": 0.97}, {""type"": ""verified_seed_alias"", ""source"": ""methodology_control_seed"", ""path"": [""en"", ""regul"", ""family:regul""], ""confidence"": 1}]}]}"
en	lemma:ecbe6e74d596f902d36c	reregulation	accepted	accepted	regulate	aggregate_only_not_sense_frequency	"[{""path"": ""associativvordes/family-index-v5/members/en/40.json.gz"", ""family_id"": ""family:regul"", ""record_sha256"": ""da362c02a8bd7b7171d0217cfc6b951d6933c5fe312eb2c9787a758d2b39a4ac""}, {""path"": ""associativvordes/family-index-v5/members/en/65.json.gz"", ""family_id"": ""surface:en:regulation"", ""record_sha256"": ""337cccb9d38122c3d6ab35d737312ef9f8e22089a53a37ab472a9b2130793ee3""}, {""path"": ""associativvordes/family-index-v5/members/en/ca.json.gz"", ""family_id"": ""surface:en:reregulat"", ""record_sha256"": ""d06c014b425770a0eb8ee8348c15c5940192afe0322b18466444e52835680d09""}]"	"{""lemma_id"": ""lemma:ecbe6e74d596f902d36c"", ""word"": ""reregulation"", ""normalized"": ""reregulation"", ""search_form"": ""reregulation"", ""rank"": 751211, ""frequency_score"": 0.029036169457900194, ""category_breakdown"": {""subtitles"": {""ipm_values"": [0.00187, 0.001447], ""category_ipm"": 0.0016584999999999998, ""category_score"": 0.029036169457900194}}, ""sources"": [{""id"": ""subtitles/hermit_2016_en_full_lemmatized_ipm6_spacy_lookup_cleaned_v8.json"", ""file"": ""hermit_2016_en_full_lemmatized_ipm6_spacy_lookup_cleaned_v8.json"", ""category"": ""subtitles"", ""ipm"": 0.00187}, {""id"": ""subtitles/hermit_2018_en_full_lemmatized_ipm6_spacy_lookup_cleaned_v8.json"", ""file"": ""hermit_2018_en_full_lemmatized_ipm6_spacy_lookup_cleaned_v8.json"", ""category"": ""subtitles"", ""ipm"": 0.001447}], ""corpus_quality"": {""status"": ""accepted"", ""reasons"": []}, ""components"": [{""surface"": ""regul"", ""canonical_candidate"": ""regul"", ""confidence"": 1, ""evidence"": [{""type"": ""compound_morphology"", ""source"": ""manually_verified"", ""path"": [""reregulation"", ""regul"", ""regul""], ""confidence"": 1}, {""type"": ""verified_seed_alias"", ""source"": ""methodology_control_seed"", ""path"": [""en"", ""regul"", ""family:regul""], ""confidence"": 1}]}]}"
en	lemma:eceb29c5b171ce37679b	self-regulated	accepted	accepted	regulate	aggregate_only_not_sense_frequency	"[{""path"": ""associativvordes/family-index-v5/members/en/3b.json.gz"", ""family_id"": ""surface:en:selfregulat"", ""record_sha256"": ""f26c7c6fc6562695c13067bafe75335d16512606d2e8e7eb6c81f1ac1d593cc2""}]"	"{""lemma_id"": ""lemma:eceb29c5b171ce37679b"", ""word"": ""self-regulated"", ""normalized"": ""self-regulated"", ""search_form"": ""self-regulated"", ""rank"": 93375, ""frequency_score"": 1.6930435460000937, ""category_breakdown"": {""web"": {""ipm_values"": [0.101446], ""category_ipm"": 0.101446, ""category_score"": 1.6930435460000937}}, ""sources"": [{""id"": ""web/sorted.uk.lemma.unigrams.cleaned_recommended_min100_ipm6.json"", ""file"": ""sorted.uk.lemma.unigrams.cleaned_recommended_min100_ipm6.json"", ""category"": ""web"", ""ipm"": 0.101446}], ""corpus_quality"": {""status"": ""accepted"", ""reasons"": []}, ""components"": [{""surface"": ""self-regulat"", ""canonical_candidate"": ""selfregulat"", ""confidence"": 0.92, ""evidence"": [{""type"": ""morphological_parse"", ""source"": ""candidate_index"", ""path"": [""self-regulated"", ""self-regulat"", ""self-regulat""], ""confidence"": 0.92}]}]}"
en	lemma:ed064909dd620042ccf3	downregulated	accepted	accepted	regulate	aggregate_only_not_sense_frequency	"[{""path"": ""associativvordes/family-index-v5/members/en/0d.json.gz"", ""family_id"": ""surface:en:downregulat"", ""record_sha256"": ""22dedbefe72b270369166b0bdeeb2263ce0fcab21139ac839af77cc0a3fb54de""}, {""path"": ""associativvordes/family-index-v5/members/en/40.json.gz"", ""family_id"": ""family:regul"", ""record_sha256"": ""d9deaddb4f045d49600d5b0a4be0b6a70524dd58bcc5e1fa495f55751d3fdf82""}]"	"{""lemma_id"": ""lemma:ed064909dd620042ccf3"", ""word"": ""downregulated"", ""normalized"": ""downregulated"", ""search_form"": ""downregulated"", ""rank"": 541602, ""frequency_score"": 0.029036169457900194, ""category_breakdown"": {""subtitles"": {""ipm_values"": [0.00187, 0.001447], ""category_ipm"": 0.0016584999999999998, ""category_score"": 0.029036169457900194}}, ""sources"": [{""id"": ""subtitles/hermit_2016_en_full_lemmatized_ipm6_spacy_lookup_cleaned_v8.json"", ""file"": ""hermit_2016_en_full_lemmatized_ipm6_spacy_lookup_cleaned_v8.json"", ""category"": ""subtitles"", ""ipm"": 0.00187}, {""id"": ""subtitles/hermit_2018_en_full_lemmatized_ipm6_spacy_lookup_cleaned_v8.json"", ""file"": ""hermit_2018_en_full_lemmatized_ipm6_spacy_lookup_cleaned_v8.json"", ""category"": ""subtitles"", ""ipm"": 0.001447}], ""corpus_quality"": {""status"": ""accepted"", ""reasons"": []}, ""components"": [{""surface"": ""downregulat"", ""canonical_candidate"": ""downregulat"", ""confidence"": 0.92, ""evidence"": [{""type"": ""morphological_parse"", ""source"": ""candidate_index"", ""path"": [""downregulated"", ""downregulat"", ""downregulat""], ""confidence"": 0.92}]}]}"
en	lemma:ed307ddb10294af0416a	deregulatory	accepted	accepted	regulate	aggregate_only_not_sense_frequency	"[{""path"": ""associativvordes/family-index-v5/members/en/40.json.gz"", ""family_id"": ""family:regul"", ""record_sha256"": ""3149c41b50f7df0d7318698d4fdecc6d7b9cd7e9a1899396de9828cd2fd224af""}, {""path"": ""associativvordes/family-index-v5/members/en/bd.json.gz"", ""family_id"": ""surface:en:tory"", ""record_sha256"": ""676323d09b1db9ce0164d1031a0f51f27249b33af0d177279fa406f50d94b7c7""}, {""path"": ""associativvordes/family-index-v5/members/en/f8.json.gz"", ""family_id"": ""surface:en:deregulat"", ""record_sha256"": ""5835e2bd5c741300c531b3b1539991097c4a8aa10af5bc272d2c95baefff66f6""}]"	"{""lemma_id"": ""lemma:ed307ddb10294af0416a"", ""word"": ""deregulatory"", ""normalized"": ""deregulatory"", ""search_form"": ""deregulatory"", ""rank"": 48289, ""frequency_score"": 1.7895391758691108, ""category_breakdown"": {""subtitles"": {""ipm_values"": [0.00561, 0.010132], ""category_ipm"": 0.007871, ""category_score"": 0.13737574543593012}, ""normative"": {""ipm_values"": [0.187899], ""category_ipm"": 0.187899, ""category_score"": 3.0170470256172104}, ""web"": {""ipm_values"": [0.134698], ""category_ipm"": 0.134698, ""category_score"": 2.214194756554191}}, ""sources"": [{""id"": ""normative/bnc-clean2.lemmatized_spacy_ipm6.json"", ""file"": ""bnc-clean2.lemmatized_spacy_ipm6.json"", ""category"": ""normative"", ""ipm"": 0.187899}, {""id"": ""subtitles/hermit_2016_en_full_lemmatized_ipm6_spacy_lookup_cleaned_v8.json"", ""file"": ""hermit_2016_en_full_lemmatized_ipm6_spacy_lookup_cleaned_v8.json"", ""category"": ""subtitles"", ""ipm"": 0.00561}, {""id"": ""subtitles/hermit_2018_en_full_lemmatized_ipm6_spacy_lookup_cleaned_v8.json"", ""file"": ""hermit_2018_en_full_lemmatized_ipm6_spacy_lookup_cleaned_v8.json"", ""category"": ""subtitles"", ""ipm"": 0.010132}, {""id"": ""web/sorted.uk.lemma.unigrams.cleaned_recommended_min100_ipm6.json"", ""file"": ""sorted.uk.lemma.unigrams.cleaned_recommended_min100_ipm6.json"", ""category"": ""web"", ""ipm"": 0.134698}], ""corpus_quality"": {""status"": ""accepted"", ""reasons"": []}, ""components"": [{""surface"": ""regul"", ""canonical_candidate"": ""regul"", ""confidence"": 0.97, ""evidence"": [{""type"": ""compound_morphology"", ""source"": ""manually_verified"", ""path"": [""deregulatory"", ""regul"", ""regul""], ""confidence"": 0.97}, {""type"": ""verified_seed_alias"", ""source"": ""methodology_control_seed"", ""path"": [""en"", ""regul"", ""family:regul""], ""confidence"": 1}]}]}"
en	lemma:edaba13d8eb312ec1b40	non-regulated	accepted	accepted	regulate	aggregate_only_not_sense_frequency	"[{""path"": ""associativvordes/family-index-v5/members/en/40.json.gz"", ""family_id"": ""family:regul"", ""record_sha256"": ""53c01ce9b23e44c6b7c1f7d588cdd65523cbfe680878341f6f0d078ce0ab367a""}, {""path"": ""associativvordes/family-index-v5/members/en/8e.json.gz"", ""family_id"": ""surface:en:nonregulat"", ""record_sha256"": ""9c6aa7d698955fd1e2291a84895a59432b8de09e80a10fef304b84dce133e5f6""}]"	"{""lemma_id"": ""lemma:edaba13d8eb312ec1b40"", ""word"": ""non-regulated"", ""normalized"": ""non-regulated"", ""search_form"": ""non-regulated"", ""rank"": 92117, ""frequency_score"": 1.7288798229298172, ""category_breakdown"": {""web"": {""ipm_values"": [0.103701], ""category_ipm"": 0.103701, ""category_score"": 1.7288798229298172}}, ""sources"": [{""id"": ""web/sorted.uk.lemma.unigrams.cleaned_recommended_min100_ipm6.json"", ""file"": ""sorted.uk.lemma.unigrams.cleaned_recommended_min100_ipm6.json"", ""category"": ""web"", ""ipm"": 0.103701}], ""corpus_quality"": {""status"": ""accepted"", ""reasons"": []}, ""components"": [{""surface"": ""regul"", ""canonical_candidate"": ""regul"", ""confidence"": 0.97, ""evidence"": [{""type"": ""compound_morphology"", ""source"": ""manually_verified"", ""path"": [""non-regulated"", ""regul"", ""regul""], ""confidence"": 0.97}, {""type"": ""verified_seed_alias"", ""source"": ""methodology_control_seed"", ""path"": [""en"", ""regul"", ""family:regul""], ""confidence"": 1}]}]}"
en	lemma:ee79a0a8788fc9cee252	regulatory	accepted	accepted	regulate	aggregate_only_not_sense_frequency	"[{""path"": ""associativvordes/family-index-v5/members/en/40.json.gz"", ""family_id"": ""family:regul"", ""record_sha256"": ""1c90ffc2f2116345b23d0b31cacefd20c078dec27ef41302a2822f6ace55a5d9""}, {""path"": ""associativvordes/family-index-v5/members/en/bd.json.gz"", ""family_id"": ""surface:en:tory"", ""record_sha256"": ""4b90df6ae12f7abc52d308e85e793cd5f5bff425222cade6681711d31370a4da""}, {""path"": ""associativvordes/family-index-v5/members/en/dd.json.gz"", ""family_id"": ""surface:en:regulat"", ""record_sha256"": ""7d232a57b07255dc95e059d9831fd01278ed32dfc63c65755b15c103bcc63e0c""}]"	"{""lemma_id"": ""lemma:ee79a0a8788fc9cee252"", ""word"": ""regulatory"", ""normalized"": ""regulatory"", ""search_form"": ""regulatory"", ""rank"": 2775, ""frequency_score"": 38.28991832818342, ""category_breakdown"": {""subtitles"": {""ipm_values"": [0.400186, 0.409628], ""category_ipm"": 0.404907, ""category_score"": 5.956974592272955}, ""normative"": {""ipm_values"": [13.372149], ""category_ipm"": 13.372149, ""category_score"": 46.70125707998439}, ""web"": {""ipm_values"": [33.83004], ""category_ipm"": 33.83004, ""category_score"": 62.2115233122929}}, ""sources"": [{""id"": ""normative/bnc-clean2.lemmatized_spacy_ipm6.json"", ""file"": ""bnc-clean2.lemmatized_spacy_ipm6.json"", ""category"": ""normative"", ""ipm"": 13.372149}, {""id"": ""subtitles/hermit_2016_en_full_lemmatized_ipm6_spacy_lookup_cleaned_v8.json"", ""file"": ""hermit_2016_en_full_lemmatized_ipm6_spacy_lookup_cleaned_v8.json"", ""category"": ""subtitles"", ""ipm"": 0.400186}, {""id"": ""subtitles/hermit_2018_en_full_lemmatized_ipm6_spacy_lookup_cleaned_v8.json"", ""file"": ""hermit_2018_en_full_lemmatized_ipm6_spacy_lookup_cleaned_v8.json"", ""category"": ""subtitles"", ""ipm"": 0.409628}, {""id"": ""web/sorted.uk.lemma.unigrams.cleaned_recommended_min100_ipm6.json"", ""file"": ""sorted.uk.lemma.unigrams.cleaned_recommended_min100_ipm6.json"", ""category"": ""web"", ""ipm"": 33.83004}], ""corpus_quality"": {""status"": ""accepted"", ""reasons"": []}, ""components"": [{""surface"": ""regul"", ""canonical_candidate"": ""regul"", ""confidence"": 0.97, ""evidence"": [{""type"": ""compound_morphology"", ""source"": ""manually_verified"", ""path"": [""regulatory"", ""regul"", ""regul""], ""confidence"": 0.97}, {""type"": ""verified_seed_alias"", ""source"": ""methodology_control_seed"", ""path"": [""en"", ""regul"", ""family:regul""], ""confidence"": 1}]}]}"
en	lemma:eed63e0a0ff4b86cc3e1	regulatiions	uncertain	withheld_historical_uncertain		aggregate_only_not_sense_frequency	"[{""path"": ""associativvordes/family-index-v5/members/en/2a.json.gz"", ""family_id"": ""surface:en:regulatiion"", ""record_sha256"": ""27f3c943f2c8f459b65b47d69b7ca890fe14499d72b5d7026c3431225789242b""}, {""path"": ""associativvordes/family-index-v5/members/en/40.json.gz"", ""family_id"": ""family:regul"", ""record_sha256"": ""651b87417426823052cdc07ff97623322fdadda1062e07fd8964555c15b2223f""}]"	"{""lemma_id"": ""lemma:eed63e0a0ff4b86cc3e1"", ""word"": ""regulatiions"", ""normalized"": ""regulatiions"", ""search_form"": ""regulatiions"", ""rank"": 855353, ""frequency_score"": 0.025336011347990555, ""category_breakdown"": {""subtitles"": {""ipm_values"": [0.001447], ""category_ipm"": 0.001447, ""category_score"": 0.025336011347990555}}, ""sources"": [{""id"": ""subtitles/hermit_2018_en_full_lemmatized_ipm6_spacy_lookup_cleaned_v8.json"", ""file"": ""hermit_2018_en_full_lemmatized_ipm6_spacy_lookup_cleaned_v8.json"", ""category"": ""subtitles"", ""ipm"": 0.001447}], ""corpus_quality"": {""status"": ""accepted"", ""reasons"": []}, ""components"": [{""surface"": ""regulatiion"", ""canonical_candidate"": ""regulatiion"", ""confidence"": 0.92, ""evidence"": [{""type"": ""morphological_parse"", ""source"": ""candidate_index"", ""path"": [""regulatiions"", ""regulatiion"", ""regulatiion""], ""confidence"": 0.92}]}]}"
en	lemma:f24d7f7e825861782fbf	regulares	uncertain	withheld_historical_uncertain		aggregate_only_not_sense_frequency	"[{""path"": ""associativvordes/family-index-v5/members/en/0a.json.gz"", ""family_id"": ""surface:en:regulare"", ""record_sha256"": ""f29c961e5524a616a79496030d090667afd34d84527b9a3104534905b363f0e3""}, {""path"": ""associativvordes/family-index-v5/members/en/40.json.gz"", ""family_id"": ""family:regul"", ""record_sha256"": ""98f7fb01dd05a22e4a67a4aff89e4637465ed427552c1f9cbca59dc8df4c28a0""}, {""path"": ""associativvordes/family-index-v5/members/en/77.json.gz"", ""family_id"": ""ety:7863b325abb9"", ""record_sha256"": ""691bbae1cbd8c6c8133a835b716166c344719452225f401ad04df25bdf595a69""}, {""path"": ""associativvordes/family-index-v5/members/en/f4.json.gz"", ""family_id"": ""ety:b3c4f41f9cf4"", ""record_sha256"": ""691bbae1cbd8c6c8133a835b716166c344719452225f401ad04df25bdf595a69""}]"	"{""lemma_id"": ""lemma:f24d7f7e825861782fbf"", ""word"": ""regulares"", ""normalized"": ""regulares"", ""search_form"": ""regulares"", ""rank"": 468521, ""frequency_score"": 0.041696519541016566, ""category_breakdown"": {""subtitles"": {""ipm_values"": [0.00187, 0.002895], ""category_ipm"": 0.0023825, ""category_score"": 0.041696519541016566}}, ""sources"": [{""id"": ""subtitles/hermit_2016_en_full_lemmatized_ipm6_spacy_lookup_cleaned_v8.json"", ""file"": ""hermit_2016_en_full_lemmatized_ipm6_spacy_lookup_cleaned_v8.json"", ""category"": ""subtitles"", ""ipm"": 0.00187}, {""id"": ""subtitles/hermit_2018_en_full_lemmatized_ipm6_spacy_lookup_cleaned_v8.json"", ""file"": ""hermit_2018_en_full_lemmatized_ipm6_spacy_lookup_cleaned_v8.json"", ""category"": ""subtitles"", ""ipm"": 0.002895}], ""corpus_quality"": {""status"": ""accepted"", ""reasons"": []}, ""components"": [{""surface"": ""regulare"", ""canonical_candidate"": ""regulare"", ""confidence"": 0.92, ""evidence"": [{""type"": ""morphological_parse"", ""source"": ""candidate_index"", ""path"": [""regulares"", ""regulare"", ""regulare""], ""confidence"": 0.92}]}]}"
en	lemma:f30a08a784447741f07e	regularations	uncertain	withheld_historical_uncertain		aggregate_only_not_sense_frequency	"[{""path"": ""associativvordes/family-index-v5/members/en/40.json.gz"", ""family_id"": ""family:regul"", ""record_sha256"": ""0fe69bc8897577ec6f690dc8d93d3fd96725ac75ad93149f4b913c9e325460a2""}, {""path"": ""associativvordes/family-index-v5/members/en/c0.json.gz"", ""family_id"": ""surface:en:regularation"", ""record_sha256"": ""eaf9d94c640ed9ffe786c28239c33e12e6fe7243454eb31757cbd1438877ecd2""}]"	"{""lemma_id"": ""lemma:f30a08a784447741f07e"", ""word"": ""regularations"", ""normalized"": ""regularations"", ""search_form"": ""regularations"", ""rank"": 748989, ""frequency_score"": 0.029036169457900194, ""category_breakdown"": {""subtitles"": {""ipm_values"": [0.00187, 0.001447], ""category_ipm"": 0.0016584999999999998, ""category_score"": 0.029036169457900194}}, ""sources"": [{""id"": ""subtitles/hermit_2016_en_full_lemmatized_ipm6_spacy_lookup_cleaned_v8.json"", ""file"": ""hermit_2016_en_full_lemmatized_ipm6_spacy_lookup_cleaned_v8.json"", ""category"": ""subtitles"", ""ipm"": 0.00187}, {""id"": ""subtitles/hermit_2018_en_full_lemmatized_ipm6_spacy_lookup_cleaned_v8.json"", ""file"": ""hermit_2018_en_full_lemmatized_ipm6_spacy_lookup_cleaned_v8.json"", ""category"": ""subtitles"", ""ipm"": 0.001447}], ""corpus_quality"": {""status"": ""accepted"", ""reasons"": []}, ""components"": [{""surface"": ""regul"", ""canonical_candidate"": ""regul"", ""confidence"": 0.97, ""evidence"": [{""type"": ""compound_morphology"", ""source"": ""manually_verified"", ""path"": [""regularations"", ""regul"", ""regul""], ""confidence"": 0.97}, {""type"": ""verified_seed_alias"", ""source"": ""methodology_control_seed"", ""path"": [""en"", ""regul"", ""family:regul""], ""confidence"": 1}]}]}"
en	lemma:f6df03756484ea1248b0	regulez	uncertain	not_admitted_candidate		aggregate_only_not_sense_frequency	"[{""path"": ""associativvordes/family-index-v5/members/en/24.json.gz"", ""family_id"": ""surface:en:regu"", ""record_sha256"": ""e83f956e46f429d23f9943bc1d03e6974b9fb49b3a9ec47f3c4748bca18aba06""}, {""path"": ""associativvordes/family-index-v5/members/en/44.json.gz"", ""family_id"": ""surface:en:lez"", ""record_sha256"": ""8407ea260051731915f405e4591bc9dccb36b9d4658e842b8a6fbe3e124b3392""}]"	"{""lemma_id"": ""lemma:f6df03756484ea1248b0"", ""word"": ""regulez"", ""normalized"": ""regulez"", ""search_form"": ""regulez"", ""rank"": 749016, ""frequency_score"": 0.029036169457900194, ""category_breakdown"": {""subtitles"": {""ipm_values"": [0.00187, 0.001447], ""category_ipm"": 0.0016584999999999998, ""category_score"": 0.029036169457900194}}, ""sources"": [{""id"": ""subtitles/hermit_2016_en_full_lemmatized_ipm6_spacy_lookup_cleaned_v8.json"", ""file"": ""hermit_2016_en_full_lemmatized_ipm6_spacy_lookup_cleaned_v8.json"", ""category"": ""subtitles"", ""ipm"": 0.00187}, {""id"": ""subtitles/hermit_2018_en_full_lemmatized_ipm6_spacy_lookup_cleaned_v8.json"", ""file"": ""hermit_2018_en_full_lemmatized_ipm6_spacy_lookup_cleaned_v8.json"", ""category"": ""subtitles"", ""ipm"": 0.001447}], ""corpus_quality"": {""status"": ""accepted"", ""reasons"": []}, ""components"": [{""surface"": ""regu"", ""canonical_candidate"": ""regu"", ""confidence"": 0.81, ""evidence"": [{""type"": ""compound_morphology"", ""source"": ""candidate_index"", ""path"": [""regulez"", ""regu"", ""regu""], ""confidence"": 0.81}]}]}"
en	lemma:f99f13e097c19d41ac13	regulament	uncertain	withheld_historical_uncertain		aggregate_only_not_sense_frequency	"[{""path"": ""associativvordes/family-index-v5/members/en/40.json.gz"", ""family_id"": ""family:regul"", ""record_sha256"": ""83958835afe4eedaa6900e99c1067cfc7388b4b2f45c1c97545da8f0aa82c2af""}, {""path"": ""associativvordes/family-index-v5/members/en/b2.json.gz"", ""family_id"": ""surface:en:lament"", ""record_sha256"": ""9e24a24c17452b30e19f1976ad74c7266e5714c227211bdc5031d8f3979d0153""}, {""path"": ""associativvordes/family-index-v5/members/en/bb.json.gz"", ""family_id"": ""surface:en:regula"", ""record_sha256"": ""8db5b8fd43238d198ca972d98f27458743c0c120f9a4a06d422deb0570927395""}]"	"{""lemma_id"": ""lemma:f99f13e097c19d41ac13"", ""word"": ""regulament"", ""normalized"": ""regulament"", ""search_form"": ""regulament"", ""rank"": 748987, ""frequency_score"": 0.032735546362605054, ""category_breakdown"": {""subtitles"": {""ipm_values"": [0.00187], ""category_ipm"": 0.00187, ""category_score"": 0.032735546362605054}}, ""sources"": [{""id"": ""subtitles/hermit_2016_en_full_lemmatized_ipm6_spacy_lookup_cleaned_v8.json"", ""file"": ""hermit_2016_en_full_lemmatized_ipm6_spacy_lookup_cleaned_v8.json"", ""category"": ""subtitles"", ""ipm"": 0.00187}], ""corpus_quality"": {""status"": ""accepted"", ""reasons"": []}, ""components"": [{""surface"": ""regul"", ""canonical_candidate"": ""regul"", ""confidence"": 0.97, ""evidence"": [{""type"": ""compound_morphology"", ""source"": ""manually_verified"", ""path"": [""regulament"", ""regul"", ""regul""], ""confidence"": 0.97}, {""type"": ""verified_seed_alias"", ""source"": ""methodology_control_seed"", ""path"": [""en"", ""regul"", ""family:regul""], ""confidence"": 1}]}]}"
en	lemma:f9a65ad8e82d73e42ead	regulations	accepted	accepted	regulate	aggregate_only_not_sense_frequency	"[{""path"": ""associativvordes/family-index-v5/members/en/40.json.gz"", ""family_id"": ""family:regul"", ""record_sha256"": ""a3e48ed7eb3f29fa8015f44281a0a4a54c388bfa05694a570edf7042b70d772e""}]"	"{""lemma_id"": ""lemma:f9a65ad8e82d73e42ead"", ""word"": ""regulations"", ""normalized"": ""regulations"", ""search_form"": ""regulations"", ""rank"": 2752, ""frequency_score"": 62.39821963748303, ""category_breakdown"": {""web"": {""ipm_values"": [34.203137], ""category_ipm"": 34.203137, ""category_score"": 62.39821963748303}}, ""sources"": [{""id"": ""web/sorted.uk.lemma.unigrams.cleaned_recommended_min100_ipm6.json"", ""file"": ""sorted.uk.lemma.unigrams.cleaned_recommended_min100_ipm6.json"", ""category"": ""web"", ""ipm"": 34.203137}], ""corpus_quality"": {""status"": ""accepted"", ""reasons"": []}, ""components"": [{""surface"": ""regul"", ""canonical_candidate"": ""regul"", ""confidence"": 1, ""evidence"": [{""type"": ""compound_morphology"", ""source"": ""manually_verified"", ""path"": [""regulations"", ""regul"", ""regul""], ""confidence"": 1}, {""type"": ""verified_seed_alias"", ""source"": ""methodology_control_seed"", ""path"": [""en"", ""regul"", ""family:regul""], ""confidence"": 1}]}]}"
en	lemma:fa299e82755b238bef8c	unregulatable	accepted	accepted	regulate	aggregate_only_not_sense_frequency	"[{""path"": ""associativvordes/family-index-v5/members/en/33.json.gz"", ""family_id"": ""ety:084a88d6b19c"", ""record_sha256"": ""2ee32108d38571880625899b0a4260d97fa318766828a0035c8db02e2441625c""}, {""path"": ""associativvordes/family-index-v5/members/en/40.json.gz"", ""family_id"": ""family:regul"", ""record_sha256"": ""cb9a3c9676707cc0833ce9e850a50c08f87e25fdcaa3a6a52c48cad9d7d60818""}, {""path"": ""associativvordes/family-index-v5/members/en/dd.json.gz"", ""family_id"": ""surface:en:unregulatabl"", ""record_sha256"": ""058942c9605e33724293d2af6226fa1e235f2ea787ea058660b2778cb24a80a0""}, {""path"": ""associativvordes/family-index-v5/members/en/f1.json.gz"", ""family_id"": ""ety:67b90eac56c9"", ""record_sha256"": ""2ee32108d38571880625899b0a4260d97fa318766828a0035c8db02e2441625c""}, {""path"": ""associativvordes/family-index-v5/members/en/fc.json.gz"", ""family_id"": ""ety:53051cc03659"", ""record_sha256"": ""2ee32108d38571880625899b0a4260d97fa318766828a0035c8db02e2441625c""}]"	"{""lemma_id"": ""lemma:fa299e82755b238bef8c"", ""word"": ""unregulatable"", ""normalized"": ""unregulatable"", ""search_form"": ""unregulatable"", ""rank"": 833870, ""frequency_score"": 0.029036169457900194, ""category_breakdown"": {""subtitles"": {""ipm_values"": [0.00187, 0.001447], ""category_ipm"": 0.0016584999999999998, ""category_score"": 0.029036169457900194}}, ""sources"": [{""id"": ""subtitles/hermit_2016_en_full_lemmatized_ipm6_spacy_lookup_cleaned_v8.json"", ""file"": ""hermit_2016_en_full_lemmatized_ipm6_spacy_lookup_cleaned_v8.json"", ""category"": ""subtitles"", ""ipm"": 0.00187}, {""id"": ""subtitles/hermit_2018_en_full_lemmatized_ipm6_spacy_lookup_cleaned_v8.json"", ""file"": ""hermit_2018_en_full_lemmatized_ipm6_spacy_lookup_cleaned_v8.json"", ""category"": ""subtitles"", ""ipm"": 0.001447}], ""corpus_quality"": {""status"": ""accepted"", ""reasons"": []}, ""components"": [{""surface"": ""table"", ""canonical_candidate"": ""table"", ""confidence"": 0.89, ""evidence"": [{""type"": ""compound_morphology"", ""source"": ""candidate_index"", ""path"": [""unregulatable"", ""table"", ""table""], ""confidence"": 0.89}]}]}"
en	lemma:fc1d604a6233bde3eae4	regulariting	uncertain	withheld_historical_uncertain		aggregate_only_not_sense_frequency	"[{""path"": ""associativvordes/family-index-v5/members/en/16.json.gz"", ""family_id"": ""surface:en:regularit"", ""record_sha256"": ""ea5911c4dd6379d832955d34c9531285692b1bb24a6d44ded9a9d32dd081dd6f""}, {""path"": ""associativvordes/family-index-v5/members/en/29.json.gz"", ""family_id"": ""surface:en:ting"", ""record_sha256"": ""5720bdde4fe35501822569588919dfedef9c9ad716540b77efcec2f526fecf58""}, {""path"": ""associativvordes/family-index-v5/members/en/40.json.gz"", ""family_id"": ""family:regul"", ""record_sha256"": ""17875c2d28510ad66a4d34d1a2681f5d6bd30145ddf3f670b1f9d625ee1c4fd9""}]"	"{""lemma_id"": ""lemma:fc1d604a6233bde3eae4"", ""word"": ""regulariting"", ""normalized"": ""regulariting"", ""search_form"": ""regulariting"", ""rank"": 748996, ""frequency_score"": 0.029036169457900194, ""category_breakdown"": {""subtitles"": {""ipm_values"": [0.00187, 0.001447], ""category_ipm"": 0.0016584999999999998, ""category_score"": 0.029036169457900194}}, ""sources"": [{""id"": ""subtitles/hermit_2016_en_full_lemmatized_ipm6_spacy_lookup_cleaned_v8.json"", ""file"": ""hermit_2016_en_full_lemmatized_ipm6_spacy_lookup_cleaned_v8.json"", ""category"": ""subtitles"", ""ipm"": 0.00187}, {""id"": ""subtitles/hermit_2018_en_full_lemmatized_ipm6_spacy_lookup_cleaned_v8.json"", ""file"": ""hermit_2018_en_full_lemmatized_ipm6_spacy_lookup_cleaned_v8.json"", ""category"": ""subtitles"", ""ipm"": 0.001447}], ""corpus_quality"": {""status"": ""accepted"", ""reasons"": []}, ""components"": [{""surface"": ""regularit"", ""canonical_candidate"": ""regularit"", ""confidence"": 0.89, ""evidence"": [{""type"": ""compound_morphology"", ""source"": ""candidate_index"", ""path"": [""regulariting"", ""regularit"", ""regularit""], ""confidence"": 0.89}]}]}"
