language	lemma_id	word	review_status	applied_state	head	frequency_status	source_locator	original_measurements
es	lemma:00eb028d2bcb4d61d1f3	reglori	uncertain	not_admitted_candidate		aggregate_only_not_sense_frequency	"[{""path"": ""associativvordes/family-index-v5/members/es/7a.json.gz"", ""family_id"": ""surface:es:regl"", ""record_sha256"": ""28123fad9c94c36c209bedbac8bd11c3dbaf18667706792c62fc4e8ae1aca1ce""}, {""path"": ""associativvordes/family-index-v5/members/es/81.json.gz"", ""family_id"": ""surface:es:glori"", ""record_sha256"": ""3574635e0a4b035c8ae4efff2000baebd0d9367e7cd7c1e3bf1d2a9b8898e616""}]"	"{""lemma_id"": ""lemma:00eb028d2bcb4d61d1f3"", ""word"": ""reglori"", ""normalized"": ""reglori"", ""search_form"": ""reglori"", ""rank"": 384522, ""frequency_score"": 0.090477407431868, ""category_breakdown"": {""subtitles"": {""ipm_values"": [0.005612, 0.004742], ""category_ipm"": 0.005176999999999999, ""category_score"": 0.090477407431868}}, ""sources"": [{""id"": ""subtitles/hermit_2016_es_full_lemmatized_ipm6_spacy_lookup_cleaned_v8.json"", ""file"": ""hermit_2016_es_full_lemmatized_ipm6_spacy_lookup_cleaned_v8.json"", ""category"": ""subtitles"", ""ipm"": 0.005612}, {""id"": ""subtitles/hermit_2018_es_full_lemmatized_ipm6_spacy_lookup_cleaned_v8.json"", ""file"": ""hermit_2018_es_full_lemmatized_ipm6_spacy_lookup_cleaned_v8.json"", ""category"": ""subtitles"", ""ipm"": 0.004742}], ""corpus_quality"": {""status"": ""accepted"", ""reasons"": []}, ""components"": [{""surface"": ""regl"", ""canonical_candidate"": ""regl"", ""confidence"": 0.81, ""evidence"": [{""type"": ""compound_morphology"", ""source"": ""candidate_index"", ""path"": [""reglori"", ""regl"", ""regl""], ""confidence"": 0.81}]}]}"
es	lemma:0159b475fab6f658de96	regularnos	accepted	accepted	regular	aggregate_only_not_sense_frequency	"[{""path"": ""associativvordes/family-index-v5/members/es/1e.json.gz"", ""family_id"": ""surface:es:regularn"", ""record_sha256"": ""e4de8b8e4692a649c48f28a89793b5856dc5604b404d8dcf147d64c14652b4aa""}, {""path"": ""associativvordes/family-index-v5/members/es/40.json.gz"", ""family_id"": ""family:regul"", ""record_sha256"": ""d9752c9ee66301daf69f4c3b6e79500ea6e1b2bc87be70df59f39e1651fe1fc7""}]"	"{""lemma_id"": ""lemma:0159b475fab6f658de96"", ""word"": ""regularnos"", ""normalized"": ""regularnos"", ""search_form"": ""regularnos"", ""rank"": 692063, ""frequency_score"": 0.04529710280721981, ""category_breakdown"": {""subtitles"": {""ipm_values"": [0.002806, 0.002371], ""category_ipm"": 0.0025884999999999997, ""category_score"": 0.04529710280721981}}, ""sources"": [{""id"": ""subtitles/hermit_2016_es_full_lemmatized_ipm6_spacy_lookup_cleaned_v8.json"", ""file"": ""hermit_2016_es_full_lemmatized_ipm6_spacy_lookup_cleaned_v8.json"", ""category"": ""subtitles"", ""ipm"": 0.002806}, {""id"": ""subtitles/hermit_2018_es_full_lemmatized_ipm6_spacy_lookup_cleaned_v8.json"", ""file"": ""hermit_2018_es_full_lemmatized_ipm6_spacy_lookup_cleaned_v8.json"", ""category"": ""subtitles"", ""ipm"": 0.002371}], ""corpus_quality"": {""status"": ""accepted"", ""reasons"": []}, ""components"": [{""surface"": ""regularn"", ""canonical_candidate"": ""regularn"", ""confidence"": 0.92, ""evidence"": [{""type"": ""morphological_parse"", ""source"": ""candidate_index"", ""path"": [""regularnos"", ""regularn"", ""regularn""], ""confidence"": 0.92}]}]}"
es	lemma:01a6dce2475dc11ba873	termoregulación	uncertain	withheld_historical_uncertain		aggregate_only_not_sense_frequency	"[{""path"": ""associativvordes/family-index-v5/members/es/40.json.gz"", ""family_id"": ""family:regul"", ""record_sha256"": ""45cc1bf1b1d310017af59e2f457db5c4b1b708b1819e1d87cbd3712aaee6a34e""}, {""path"": ""associativvordes/family-index-v5/members/es/63.json.gz"", ""family_id"": ""surface:es:regulacion"", ""record_sha256"": ""bd04ae890d88dc42b8ea0ad2f11ecdf8b9b2972ec0f2eec7cfc2be7c42f6ba72""}, {""path"": ""associativvordes/family-index-v5/members/es/a6.json.gz"", ""family_id"": ""surface:es:termoregulac"", ""record_sha256"": ""9f01a271ba4dedd70fa3573b38f8d351f8f13572ed7a1dec629b5f7d99a504fc""}]"	"{""lemma_id"": ""lemma:01a6dce2475dc11ba873"", ""word"": ""termoregulación"", ""normalized"": ""termoregulación"", ""search_form"": ""termoregulacion"", ""rank"": 807611, ""frequency_score"": 0.041495494299664135, ""category_breakdown"": {""subtitles"": {""ipm_values"": [0.002371], ""category_ipm"": 0.002371, ""category_score"": 0.041495494299664135}}, ""sources"": [{""id"": ""subtitles/hermit_2018_es_full_lemmatized_ipm6_spacy_lookup_cleaned_v8.json"", ""file"": ""hermit_2018_es_full_lemmatized_ipm6_spacy_lookup_cleaned_v8.json"", ""category"": ""subtitles"", ""ipm"": 0.002371}], ""corpus_quality"": {""status"": ""accepted"", ""reasons"": []}, ""components"": [{""surface"": ""regul"", ""canonical_candidate"": ""regul"", ""confidence"": 1, ""evidence"": [{""type"": ""compound_morphology"", ""source"": ""manually_verified"", ""path"": [""termoregulacion"", ""regul"", ""regul""], ""confidence"": 1}, {""type"": ""verified_seed_alias"", ""source"": ""methodology_control_seed"", ""path"": [""es"", ""regul"", ""family:regul""], ""confidence"": 1}]}]}"
es	lemma:01a8515b4a355867a2b1	regulates	uncertain	withheld_historical_uncertain		aggregate_only_not_sense_frequency	"[{""path"": ""associativvordes/family-index-v5/members/es/1e.json.gz"", ""family_id"": ""surface:es:regulat"", ""record_sha256"": ""ed2e1375603e462d4ca1f08bd81dfa2df0a24716e8ba604fe16d843401d930ed""}, {""path"": ""associativvordes/family-index-v5/members/es/40.json.gz"", ""family_id"": ""family:regul"", ""record_sha256"": ""7ca488c2c00d1f8b263ce04707381775aa998447df94e571f0410acfb565331d""}, {""path"": ""associativvordes/family-index-v5/members/es/d5.json.gz"", ""family_id"": ""surface:es:lates"", ""record_sha256"": ""6f6b2f4d2cdc9278607e63f8d6d1bc2265b8708613b3cf2568e13ff8be3ff06a""}]"	"{""lemma_id"": ""lemma:01a8515b4a355867a2b1"", ""word"": ""regulates"", ""normalized"": ""regulates"", ""search_form"": ""regulates"", ""rank"": 692067, ""frequency_score"": 0.04909788668913623, ""category_breakdown"": {""subtitles"": {""ipm_values"": [0.002806], ""category_ipm"": 0.002806, ""category_score"": 0.04909788668913623}}, ""sources"": [{""id"": ""subtitles/hermit_2016_es_full_lemmatized_ipm6_spacy_lookup_cleaned_v8.json"", ""file"": ""hermit_2016_es_full_lemmatized_ipm6_spacy_lookup_cleaned_v8.json"", ""category"": ""subtitles"", ""ipm"": 0.002806}], ""corpus_quality"": {""status"": ""accepted"", ""reasons"": []}, ""components"": [{""surface"": ""regulat"", ""canonical_candidate"": ""regulat"", ""confidence"": 0.92, ""evidence"": [{""type"": ""morphological_parse"", ""source"": ""candidate_index"", ""path"": [""regulates"", ""regulat"", ""regulat""], ""confidence"": 0.92}]}]}"
es	lemma:01fee41295c852f55ba7	rearreglaron	uncertain	not_admitted_candidate		aggregate_only_not_sense_frequency	"[{""path"": ""associativvordes/family-index-v5/members/es/70.json.gz"", ""family_id"": ""surface:es:arregla"", ""record_sha256"": ""ca78c9bd3a96daf32d61d63477e08228a578cc7c25847176c4d5526d243c055e""}, {""path"": ""associativvordes/family-index-v5/members/es/78.json.gz"", ""family_id"": ""surface:es:rearregl"", ""record_sha256"": ""6d684bea75da5ed5c98a044ef7d8dedd43702bbbe180ac58977f0ae4561fcfb9""}, {""path"": ""associativvordes/family-index-v5/members/es/86.json.gz"", ""family_id"": ""surface:es:aron"", ""record_sha256"": ""ae3fa150e1ec1ae7ad9c5ecfa4ee2f47f2541d03a9ebadecc8bd098c60c34ece""}]"	"{""lemma_id"": ""lemma:01fee41295c852f55ba7"", ""word"": ""rearreglaron"", ""normalized"": ""rearreglaron"", ""search_form"": ""rearreglaron"", ""rank"": 688040, ""frequency_score"": 0.04529710280721981, ""category_breakdown"": {""subtitles"": {""ipm_values"": [0.002806, 0.002371], ""category_ipm"": 0.0025884999999999997, ""category_score"": 0.04529710280721981}}, ""sources"": [{""id"": ""subtitles/hermit_2016_es_full_lemmatized_ipm6_spacy_lookup_cleaned_v8.json"", ""file"": ""hermit_2016_es_full_lemmatized_ipm6_spacy_lookup_cleaned_v8.json"", ""category"": ""subtitles"", ""ipm"": 0.002806}, {""id"": ""subtitles/hermit_2018_es_full_lemmatized_ipm6_spacy_lookup_cleaned_v8.json"", ""file"": ""hermit_2018_es_full_lemmatized_ipm6_spacy_lookup_cleaned_v8.json"", ""category"": ""subtitles"", ""ipm"": 0.002371}], ""corpus_quality"": {""status"": ""accepted"", ""reasons"": []}, ""components"": [{""surface"": ""arregla"", ""canonical_candidate"": ""arregla"", ""confidence"": 0.81, ""evidence"": [{""type"": ""compound_morphology"", ""source"": ""candidate_index"", ""path"": [""rearreglaron"", ""arregla"", ""arregla""], ""confidence"": 0.81}]}]}"
es	lemma:02b8f1e86eeab156b570	regularlo	accepted	accepted	regular	aggregate_only_not_sense_frequency	"[{""path"": ""associativvordes/family-index-v5/members/es/40.json.gz"", ""family_id"": ""family:regul"", ""record_sha256"": ""c8401e56d44688d9c6208caa5ff37e29e3eafe609b4db5d0cc99d086608236ee""}, {""path"": ""associativvordes/family-index-v5/members/es/f8.json.gz"", ""family_id"": ""surface:es:regularl"", ""record_sha256"": ""966f8839bf3e1700f0e8110d1b5474491ca5fa5112f6f1068d829ecf75137d62""}]"	"{""lemma_id"": ""lemma:02b8f1e86eeab156b570"", ""word"": ""regularlo"", ""normalized"": ""regularlo"", ""search_form"": ""regularlo"", ""rank"": 113768, ""frequency_score"": 0.7074062287037796, ""category_breakdown"": {""subtitles"": {""ipm_values"": [0.042094, 0.040303], ""category_ipm"": 0.0411985, ""category_score"": 0.7074062287037796}}, ""sources"": [{""id"": ""subtitles/hermit_2016_es_full_lemmatized_ipm6_spacy_lookup_cleaned_v8.json"", ""file"": ""hermit_2016_es_full_lemmatized_ipm6_spacy_lookup_cleaned_v8.json"", ""category"": ""subtitles"", ""ipm"": 0.042094}, {""id"": ""subtitles/hermit_2018_es_full_lemmatized_ipm6_spacy_lookup_cleaned_v8.json"", ""file"": ""hermit_2018_es_full_lemmatized_ipm6_spacy_lookup_cleaned_v8.json"", ""category"": ""subtitles"", ""ipm"": 0.040303}], ""corpus_quality"": {""status"": ""accepted"", ""reasons"": []}, ""components"": [{""surface"": ""regul"", ""canonical_candidate"": ""regul"", ""confidence"": 0.97, ""evidence"": [{""type"": ""compound_morphology"", ""source"": ""manually_verified"", ""path"": [""regularlo"", ""regul"", ""regul""], ""confidence"": 0.97}, {""type"": ""verified_seed_alias"", ""source"": ""methodology_control_seed"", ""path"": [""es"", ""regul"", ""family:regul""], ""confidence"": 1}]}]}"
es	lemma:0355bc7f9dab06cc9882	arreglaís	uncertain	not_admitted_candidate		aggregate_only_not_sense_frequency	"[{""path"": ""associativvordes/family-index-v5/members/es/7f.json.gz"", ""family_id"": ""surface:es:ais"", ""record_sha256"": ""6a26b5b11c4d175fb357aea7a1b9acfc4c569b21baf624229f50afaee95b1db4""}, {""path"": ""associativvordes/family-index-v5/members/es/b1.json.gz"", ""family_id"": ""surface:es:arregl"", ""record_sha256"": ""e87dc9e021d39cd43e097ef9c0f53d35f62f5b72ae7301b9caeda297a61361c2""}]"	"{""lemma_id"": ""lemma:0355bc7f9dab06cc9882"", ""word"": ""arreglaís"", ""normalized"": ""arreglaís"", ""search_form"": ""arreglais"", ""rank"": 431913, ""frequency_score"": 0.04529710280721981, ""category_breakdown"": {""subtitles"": {""ipm_values"": [0.002806, 0.002371], ""category_ipm"": 0.0025884999999999997, ""category_score"": 0.04529710280721981}}, ""sources"": [{""id"": ""subtitles/hermit_2016_es_full_lemmatized_ipm6_spacy_lookup_cleaned_v8.json"", ""file"": ""hermit_2016_es_full_lemmatized_ipm6_spacy_lookup_cleaned_v8.json"", ""category"": ""subtitles"", ""ipm"": 0.002806}, {""id"": ""subtitles/hermit_2018_es_full_lemmatized_ipm6_spacy_lookup_cleaned_v8.json"", ""file"": ""hermit_2018_es_full_lemmatized_ipm6_spacy_lookup_cleaned_v8.json"", ""category"": ""subtitles"", ""ipm"": 0.002371}], ""corpus_quality"": {""status"": ""accepted"", ""reasons"": []}, ""components"": [{""surface"": ""ais"", ""canonical_candidate"": ""ais"", ""confidence"": 0.89, ""evidence"": [{""type"": ""compound_morphology"", ""source"": ""candidate_index"", ""path"": [""arreglais"", ""ais"", ""ais""], ""confidence"": 0.89}]}]}"
es	lemma:03bc4312cc9be11b0932	prearreglado	uncertain	not_admitted_candidate		aggregate_only_not_sense_frequency	"[{""path"": ""associativvordes/family-index-v5/members/es/02.json.gz"", ""family_id"": ""surface:es:lado"", ""record_sha256"": ""0d9f741de5ba94b9310f90379a0461ac1481b54bd314b6cc53e08b6ae01afa8f""}, {""path"": ""associativvordes/family-index-v5/members/es/cd.json.gz"", ""family_id"": ""surface:es:prearreglad"", ""record_sha256"": ""612b36a7ad5f2dc1288d95a171d37b9c9429fc10496ff9642c7330df3a7be8f2""}]"	"{""lemma_id"": ""lemma:03bc4312cc9be11b0932"", ""word"": ""prearreglado"", ""normalized"": ""prearreglado"", ""search_form"": ""prearreglado"", ""rank"": 673801, ""frequency_score"": 0.04909788668913623, ""category_breakdown"": {""subtitles"": {""ipm_values"": [0.002806], ""category_ipm"": 0.002806, ""category_score"": 0.04909788668913623}}, ""sources"": [{""id"": ""subtitles/hermit_2016_es_full_lemmatized_ipm6_spacy_lookup_cleaned_v8.json"", ""file"": ""hermit_2016_es_full_lemmatized_ipm6_spacy_lookup_cleaned_v8.json"", ""category"": ""subtitles"", ""ipm"": 0.002806}], ""corpus_quality"": {""status"": ""accepted"", ""reasons"": []}, ""components"": [{""surface"": ""lado"", ""canonical_candidate"": ""lado"", ""confidence"": 0.89, ""evidence"": [{""type"": ""compound_morphology"", ""source"": ""candidate_index"", ""path"": [""prearreglado"", ""lado"", ""lado""], ""confidence"": 0.89}]}]}"
es	lemma:03f97aff314457e2fd80	neuroregulador	accepted	accepted	regular	aggregate_only_not_sense_frequency	"[{""path"": ""associativvordes/family-index-v5/members/es/40.json.gz"", ""family_id"": ""family:regul"", ""record_sha256"": ""6bf7f0e061d9909bc92fd6eceae1852bccda3e93e39e418fb3c4d36ad8902add""}, {""path"": ""associativvordes/family-index-v5/members/es/43.json.gz"", ""family_id"": ""surface:es:ror"", ""record_sha256"": ""177b668426d47e689e81f92fc0a098419af7ae9dcb1b60eaeb4f8d91857ef380""}, {""path"": ""associativvordes/family-index-v5/members/es/50.json.gz"", ""family_id"": ""surface:es:lador"", ""record_sha256"": ""f68a9510db243f903784682f37332d8806d974381b68e760009f1ec28d2abdbf""}, {""path"": ""associativvordes/family-index-v5/members/es/5e.json.gz"", ""family_id"": ""surface:es:regula"", ""record_sha256"": ""d63209ec23e21d65af929a03e5f4f99f0378b5650d7d80282b9823c72e58593b""}, {""path"": ""associativvordes/family-index-v5/members/es/65.json.gz"", ""family_id"": ""surface:es:oreg"", ""record_sha256"": ""1eb9f859163e2fe744c601ac085adcdb72b7b691e95f7aa54c00281d2ae57be2""}, {""path"": ""associativvordes/family-index-v5/members/es/a6.json.gz"", ""family_id"": ""surface:es:neur"", ""record_sha256"": ""74d4a7df8906203bf4ef7d05517d44ad8c007beec16558b09a28050de3aace30""}]"	"{""lemma_id"": ""lemma:03f97aff314457e2fd80"", ""word"": ""neuroregulador"", ""normalized"": ""neuroregulador"", ""search_form"": ""neuroregulador"", ""rank"": 642624, ""frequency_score"": 0.04529710280721981, ""category_breakdown"": {""subtitles"": {""ipm_values"": [0.002806, 0.002371], ""category_ipm"": 0.0025884999999999997, ""category_score"": 0.04529710280721981}}, ""sources"": [{""id"": ""subtitles/hermit_2016_es_full_lemmatized_ipm6_spacy_lookup_cleaned_v8.json"", ""file"": ""hermit_2016_es_full_lemmatized_ipm6_spacy_lookup_cleaned_v8.json"", ""category"": ""subtitles"", ""ipm"": 0.002806}, {""id"": ""subtitles/hermit_2018_es_full_lemmatized_ipm6_spacy_lookup_cleaned_v8.json"", ""file"": ""hermit_2018_es_full_lemmatized_ipm6_spacy_lookup_cleaned_v8.json"", ""category"": ""subtitles"", ""ipm"": 0.002371}], ""corpus_quality"": {""status"": ""accepted"", ""reasons"": []}, ""components"": [{""surface"": ""regul"", ""canonical_candidate"": ""regul"", ""confidence"": 0.97, ""evidence"": [{""type"": ""compound_morphology"", ""source"": ""manually_verified"", ""path"": [""neuroregulador"", ""regul"", ""regul""], ""confidence"": 0.97}, {""type"": ""verified_seed_alias"", ""source"": ""methodology_control_seed"", ""path"": [""es"", ""regul"", ""family:regul""], ""confidence"": 1}]}]}"
es	lemma:04b31cb2259d5fbaa1fa	réglas	uncertain	not_admitted_candidate		aggregate_only_not_sense_frequency	"[{""path"": ""associativvordes/family-index-v5/members/es/1f.json.gz"", ""family_id"": ""surface:es:glas"", ""record_sha256"": ""a38c3a9a335794ec9a9214cd7e371c9eaaabb5a36b365940d3cccbf3d4a0c59b""}, {""path"": ""associativvordes/family-index-v5/members/es/7a.json.gz"", ""family_id"": ""surface:es:regl"", ""record_sha256"": ""26b1495c77561f5287f1f313ea4c5d4a407c81e37125cbf29b818ca54eee352b""}]"	"{""lemma_id"": ""lemma:04b31cb2259d5fbaa1fa"", ""word"": ""réglas"", ""normalized"": ""réglas"", ""search_form"": ""reglas"", ""rank"": 320430, ""frequency_score"": 0.12417543507793512, ""category_breakdown"": {""subtitles"": {""ipm_values"": [0.007112], ""category_ipm"": 0.007112, ""category_score"": 0.12417543507793512}}, ""sources"": [{""id"": ""subtitles/hermit_2018_es_full_lemmatized_ipm6_spacy_lookup_cleaned_v8.json"", ""file"": ""hermit_2018_es_full_lemmatized_ipm6_spacy_lookup_cleaned_v8.json"", ""category"": ""subtitles"", ""ipm"": 0.007112}], ""corpus_quality"": {""status"": ""accepted"", ""reasons"": []}, ""components"": [{""surface"": ""glas"", ""canonical_candidate"": ""glas"", ""confidence"": 0.92, ""evidence"": [{""type"": ""morphological_parse"", ""source"": ""candidate_index"", ""path"": [""reglas"", ""glas"", ""glas""], ""confidence"": 0.92}]}]}"
es	lemma:05bb0f254bedaa766de9	arreglalla	uncertain	not_admitted_candidate		aggregate_only_not_sense_frequency	"[{""path"": ""associativvordes/family-index-v5/members/es/4e.json.gz"", ""family_id"": ""surface:es:alla"", ""record_sha256"": ""2f067f33e4d6550333880b0e4775fb4626050b645cdaf8601841134363fbaef1""}, {""path"": ""associativvordes/family-index-v5/members/es/e8.json.gz"", ""family_id"": ""surface:es:arreglall"", ""record_sha256"": ""c621f7cac51d1478e335728980ce21a6dba91b8e65ade489e749d73cd5a52a77""}]"	"{""lemma_id"": ""lemma:05bb0f254bedaa766de9"", ""word"": ""arreglalla"", ""normalized"": ""arreglalla"", ""search_form"": ""arreglalla"", ""rank"": 431884, ""frequency_score"": 0.04909788668913623, ""category_breakdown"": {""subtitles"": {""ipm_values"": [0.002806], ""category_ipm"": 0.002806, ""category_score"": 0.04909788668913623}}, ""sources"": [{""id"": ""subtitles/hermit_2016_es_full_lemmatized_ipm6_spacy_lookup_cleaned_v8.json"", ""file"": ""hermit_2016_es_full_lemmatized_ipm6_spacy_lookup_cleaned_v8.json"", ""category"": ""subtitles"", ""ipm"": 0.002806}], ""corpus_quality"": {""status"": ""accepted"", ""reasons"": []}, ""components"": [{""surface"": ""alla"", ""canonical_candidate"": ""alla"", ""confidence"": 0.89, ""evidence"": [{""type"": ""compound_morphology"", ""source"": ""candidate_index"", ""path"": [""arreglalla"", ""alla"", ""alla""], ""confidence"": 0.89}]}]}"
es	lemma:05f34c7a691ad16b1e7e	desregularizaciones	accepted	accepted	regularizar	aggregate_only_not_sense_frequency	"[{""path"": ""associativvordes/family-index-v5/members/es/40.json.gz"", ""family_id"": ""family:regul"", ""record_sha256"": ""ac0b0b00c09f7c93a80d770afbff8bd67c17d55414447d8da82ee0988bc74b30""}, {""path"": ""associativvordes/family-index-v5/members/es/9f.json.gz"", ""family_id"": ""surface:es:desregularizacion"", ""record_sha256"": ""66d1028d85bc3d299b32310f109f4f53d7ef160486bc2292ec0ba7d2b7033f77""}]"	"{""lemma_id"": ""lemma:05f34c7a691ad16b1e7e"", ""word"": ""desregularizaciones"", ""normalized"": ""desregularizaciones"", ""search_form"": ""desregularizaciones"", ""rank"": 329893, ""frequency_score"": 0.090477407431868, ""category_breakdown"": {""subtitles"": {""ipm_values"": [0.005612, 0.004742], ""category_ipm"": 0.005176999999999999, ""category_score"": 0.090477407431868}}, ""sources"": [{""id"": ""subtitles/hermit_2016_es_full_lemmatized_ipm6_spacy_lookup_cleaned_v8.json"", ""file"": ""hermit_2016_es_full_lemmatized_ipm6_spacy_lookup_cleaned_v8.json"", ""category"": ""subtitles"", ""ipm"": 0.005612}, {""id"": ""subtitles/hermit_2018_es_full_lemmatized_ipm6_spacy_lookup_cleaned_v8.json"", ""file"": ""hermit_2018_es_full_lemmatized_ipm6_spacy_lookup_cleaned_v8.json"", ""category"": ""subtitles"", ""ipm"": 0.004742}], ""corpus_quality"": {""status"": ""accepted"", ""reasons"": []}, ""components"": [{""surface"": ""regul"", ""canonical_candidate"": ""regul"", ""confidence"": 0.97, ""evidence"": [{""type"": ""compound_morphology"", ""source"": ""manually_verified"", ""path"": [""desregularizaciones"", ""regul"", ""regul""], ""confidence"": 0.97}, {""type"": ""verified_seed_alias"", ""source"": ""methodology_control_seed"", ""path"": [""es"", ""regul"", ""family:regul""], ""confidence"": 1}]}]}"
es	lemma:05f5b0d798930eeef158	arreglárselos	uncertain	not_admitted_candidate		aggregate_only_not_sense_frequency	"[{""path"": ""associativvordes/family-index-v5/members/es/1a.json.gz"", ""family_id"": ""surface:es:selos"", ""record_sha256"": ""e3d62fd51c771a61b2bbbe90d85c7ec142694bc0e4435a6b992952850c66e03f""}, {""path"": ""associativvordes/family-index-v5/members/es/f6.json.gz"", ""family_id"": ""surface:es:arreglarsel"", ""record_sha256"": ""e03c55bb8180d5a1c066a3d65dc2e8bf45860ad1b35f660d9771a275b466cd1d""}]"	"{""lemma_id"": ""lemma:05f5b0d798930eeef158"", ""word"": ""arreglárselos"", ""normalized"": ""arreglárselos"", ""search_form"": ""arreglarselos"", ""rank"": 242587, ""frequency_score"": 0.15614166969400384, ""category_breakdown"": {""subtitles"": {""ipm_values"": [0.008419, 0.009483], ""category_ipm"": 0.008951, ""category_score"": 0.15614166969400384}}, ""sources"": [{""id"": ""subtitles/hermit_2016_es_full_lemmatized_ipm6_spacy_lookup_cleaned_v8.json"", ""file"": ""hermit_2016_es_full_lemmatized_ipm6_spacy_lookup_cleaned_v8.json"", ""category"": ""subtitles"", ""ipm"": 0.008419}, {""id"": ""subtitles/hermit_2018_es_full_lemmatized_ipm6_spacy_lookup_cleaned_v8.json"", ""file"": ""hermit_2018_es_full_lemmatized_ipm6_spacy_lookup_cleaned_v8.json"", ""category"": ""subtitles"", ""ipm"": 0.009483}], ""corpus_quality"": {""status"": ""accepted"", ""reasons"": []}, ""components"": [{""surface"": ""selos"", ""canonical_candidate"": ""selos"", ""confidence"": 0.89, ""evidence"": [{""type"": ""compound_morphology"", ""source"": ""candidate_index"", ""path"": [""arreglarselos"", ""selos"", ""selos""], ""confidence"": 0.89}]}]}"
es	lemma:06c7e90061f36a903fc7	arreglándonos	uncertain	not_admitted_candidate		aggregate_only_not_sense_frequency	"[{""path"": ""associativvordes/family-index-v5/members/es/33.json.gz"", ""family_id"": ""surface:es:arreglandon"", ""record_sha256"": ""0f5fa53da936ac54b2c0f319a45d079856c89835df567ecc84c3addb3e28885c""}, {""path"": ""associativvordes/family-index-v5/members/es/ff.json.gz"", ""family_id"": ""surface:es:donos"", ""record_sha256"": ""14a012ae853e30ccc2899aae414fde6b8d56fcef3719c072a4f45755ded593df""}]"	"{""lemma_id"": ""lemma:06c7e90061f36a903fc7"", ""word"": ""arreglándonos"", ""normalized"": ""arreglándonos"", ""search_form"": ""arreglandonos"", ""rank"": 125895, ""frequency_score"": 0.5047148749035529, ""category_breakdown"": {""subtitles"": {""ipm_values"": [0.025256, 0.033191], ""category_ipm"": 0.0292235, ""category_score"": 0.5047148749035529}}, ""sources"": [{""id"": ""subtitles/hermit_2016_es_full_lemmatized_ipm6_spacy_lookup_cleaned_v8.json"", ""file"": ""hermit_2016_es_full_lemmatized_ipm6_spacy_lookup_cleaned_v8.json"", ""category"": ""subtitles"", ""ipm"": 0.025256}, {""id"": ""subtitles/hermit_2018_es_full_lemmatized_ipm6_spacy_lookup_cleaned_v8.json"", ""file"": ""hermit_2018_es_full_lemmatized_ipm6_spacy_lookup_cleaned_v8.json"", ""category"": ""subtitles"", ""ipm"": 0.033191}], ""corpus_quality"": {""status"": ""accepted"", ""reasons"": []}, ""components"": [{""surface"": ""arreglandon"", ""canonical_candidate"": ""arreglandon"", ""confidence"": 0.92, ""evidence"": [{""type"": ""morphological_parse"", ""source"": ""candidate_index"", ""path"": [""arreglandonos"", ""arreglandon"", ""arreglandon""], ""confidence"": 0.92}]}]}"
es	lemma:0722a0395ccddbb29574	reglaraon	uncertain	not_admitted_candidate		aggregate_only_not_sense_frequency	"[{""path"": ""associativvordes/family-index-v5/members/es/81.json.gz"", ""family_id"": ""surface:es:regla"", ""record_sha256"": ""9401c80cb36c586ecac310c2c4c6a60093deb1a013c87d422e435ee8e0d1e016""}, {""path"": ""associativvordes/family-index-v5/members/es/8c.json.gz"", ""family_id"": ""surface:es:glar"", ""record_sha256"": ""738144633ec8fd034a5811103d6a75e567f6964ca575cf1f64c30b2d9fbacf0d""}, {""path"": ""associativvordes/family-index-v5/members/es/96.json.gz"", ""family_id"": ""surface:es:aon"", ""record_sha256"": ""d636148f21493b9cf8cabb4ee17148aed84fbb9239284012889bae04b4b9aded""}]"	"{""lemma_id"": ""lemma:0722a0395ccddbb29574"", ""word"": ""reglaraon"", ""normalized"": ""reglaraon"", ""search_form"": ""reglaraon"", ""rank"": 691793, ""frequency_score"": 0.04529710280721981, ""category_breakdown"": {""subtitles"": {""ipm_values"": [0.002806, 0.002371], ""category_ipm"": 0.0025884999999999997, ""category_score"": 0.04529710280721981}}, ""sources"": [{""id"": ""subtitles/hermit_2016_es_full_lemmatized_ipm6_spacy_lookup_cleaned_v8.json"", ""file"": ""hermit_2016_es_full_lemmatized_ipm6_spacy_lookup_cleaned_v8.json"", ""category"": ""subtitles"", ""ipm"": 0.002806}, {""id"": ""subtitles/hermit_2018_es_full_lemmatized_ipm6_spacy_lookup_cleaned_v8.json"", ""file"": ""hermit_2018_es_full_lemmatized_ipm6_spacy_lookup_cleaned_v8.json"", ""category"": ""subtitles"", ""ipm"": 0.002371}], ""corpus_quality"": {""status"": ""accepted"", ""reasons"": []}, ""components"": [{""surface"": ""regla"", ""canonical_candidate"": ""regla"", ""confidence"": 0.81, ""evidence"": [{""type"": ""compound_morphology"", ""source"": ""candidate_index"", ""path"": [""reglaraon"", ""regla"", ""regla""], ""confidence"": 0.81}]}]}"
es	lemma:07839b1c2d03a0835827	hacerarreglos	uncertain	not_admitted_candidate		aggregate_only_not_sense_frequency	"[{""path"": ""associativvordes/family-index-v5/members/es/e2.json.gz"", ""family_id"": ""surface:es:hacerarregl"", ""record_sha256"": ""95e315eb7d3c66c1937b7351014518b01ef04bcea622332e2da4163bac21e700""}]"	"{""lemma_id"": ""lemma:07839b1c2d03a0835827"", ""word"": ""hacerarreglos"", ""normalized"": ""hacerarreglos"", ""search_form"": ""hacerarreglos"", ""rank"": 611711, ""frequency_score"": 0.041495494299664135, ""category_breakdown"": {""subtitles"": {""ipm_values"": [0.002371], ""category_ipm"": 0.002371, ""category_score"": 0.041495494299664135}}, ""sources"": [{""id"": ""subtitles/hermit_2018_es_full_lemmatized_ipm6_spacy_lookup_cleaned_v8.json"", ""file"": ""hermit_2018_es_full_lemmatized_ipm6_spacy_lookup_cleaned_v8.json"", ""category"": ""subtitles"", ""ipm"": 0.002371}], ""corpus_quality"": {""status"": ""accepted"", ""reasons"": []}, ""components"": [{""surface"": ""hacerarregl"", ""canonical_candidate"": ""hacerarregl"", ""confidence"": 0.92, ""evidence"": [{""type"": ""morphological_parse"", ""source"": ""candidate_index"", ""path"": [""hacerarreglos"", ""hacerarregl"", ""hacerarregl""], ""confidence"": 0.92}]}]}"
es	lemma:07b2276cba64ba5429bc	regularly	uncertain	withheld_historical_uncertain		aggregate_only_not_sense_frequency	"[{""path"": ""associativvordes/family-index-v5/members/es/40.json.gz"", ""family_id"": ""family:regul"", ""record_sha256"": ""9dca14ec8f919175d01646eaffb775799186a4a5374f3e4fa3d7541fe669d5ca""}, {""path"": ""associativvordes/family-index-v5/members/es/5e.json.gz"", ""family_id"": ""surface:es:regula"", ""record_sha256"": ""51f95edd22628a3cbd92a2f3f80de6a32a4d7f2a4ebe391e6053af18e5bec73f""}]"	"{""lemma_id"": ""lemma:07b2276cba64ba5429bc"", ""word"": ""regularly"", ""normalized"": ""regularly"", ""search_form"": ""regularly"", ""rank"": 291217, ""frequency_score"": 0.09427711870556565, ""category_breakdown"": {""subtitles"": {""ipm_values"": [0.008419, 0.002371], ""category_ipm"": 0.005395, ""category_score"": 0.09427711870556565}}, ""sources"": [{""id"": ""subtitles/hermit_2016_es_full_lemmatized_ipm6_spacy_lookup_cleaned_v8.json"", ""file"": ""hermit_2016_es_full_lemmatized_ipm6_spacy_lookup_cleaned_v8.json"", ""category"": ""subtitles"", ""ipm"": 0.008419}, {""id"": ""subtitles/hermit_2018_es_full_lemmatized_ipm6_spacy_lookup_cleaned_v8.json"", ""file"": ""hermit_2018_es_full_lemmatized_ipm6_spacy_lookup_cleaned_v8.json"", ""category"": ""subtitles"", ""ipm"": 0.002371}], ""corpus_quality"": {""status"": ""accepted"", ""reasons"": []}, ""components"": [{""surface"": ""regul"", ""canonical_candidate"": ""regul"", ""confidence"": 0.97, ""evidence"": [{""type"": ""compound_morphology"", ""source"": ""manually_verified"", ""path"": [""regularly"", ""regul"", ""regul""], ""confidence"": 0.97}, {""type"": ""verified_seed_alias"", ""source"": ""methodology_control_seed"", ""path"": [""es"", ""regul"", ""family:regul""], ""confidence"": 1}]}]}"
es	lemma:099e31630476a7155594	aregles	uncertain	not_admitted_candidate		aggregate_only_not_sense_frequency	"[{""path"": ""associativvordes/family-index-v5/members/es/21.json.gz"", ""family_id"": ""surface:es:aregl"", ""record_sha256"": ""0dc049b59a880507f28c9ccabef6c9ae8f3e44efdeed48a2964bbaff7cb59786""}]"	"{""lemma_id"": ""lemma:099e31630476a7155594"", ""word"": ""aregles"", ""normalized"": ""aregles"", ""search_form"": ""aregles"", ""rank"": 430698, ""frequency_score"": 0.04909788668913623, ""category_breakdown"": {""subtitles"": {""ipm_values"": [0.002806], ""category_ipm"": 0.002806, ""category_score"": 0.04909788668913623}}, ""sources"": [{""id"": ""subtitles/hermit_2016_es_full_lemmatized_ipm6_spacy_lookup_cleaned_v8.json"", ""file"": ""hermit_2016_es_full_lemmatized_ipm6_spacy_lookup_cleaned_v8.json"", ""category"": ""subtitles"", ""ipm"": 0.002806}], ""corpus_quality"": {""status"": ""accepted"", ""reasons"": []}, ""components"": [{""surface"": ""aregl"", ""canonical_candidate"": ""aregl"", ""confidence"": 0.92, ""evidence"": [{""type"": ""morphological_parse"", ""source"": ""candidate_index"", ""path"": [""aregles"", ""aregl"", ""aregl""], ""confidence"": 0.92}]}]}"
es	lemma:0a05eb1cc9054d0cbff3	arreglármelas	uncertain	not_admitted_candidate		aggregate_only_not_sense_frequency	"[{""path"": ""associativvordes/family-index-v5/members/es/52.json.gz"", ""family_id"": ""surface:es:melas"", ""record_sha256"": ""3bf022e4013439ed7574ae53f54bb8c5cda2dee144355ee3f97b868472206a93""}, {""path"": ""associativvordes/family-index-v5/members/es/d0.json.gz"", ""family_id"": ""surface:es:arreglarmel"", ""record_sha256"": ""18a47d26beec2c1b7e9daf4eaaa15b0a124a41c425be1742ab6c31c29b862ff2""}]"	"{""lemma_id"": ""lemma:0a05eb1cc9054d0cbff3"", ""word"": ""arreglármelas"", ""normalized"": ""arreglármelas"", ""search_form"": ""arreglarmelas"", ""rank"": 14474, ""frequency_score"": 16.81720735529051, ""category_breakdown"": {""subtitles"": {""ipm_values"": [1.591138, 1.631088], ""category_ipm"": 1.611113, ""category_score"": 16.81720735529051}}, ""sources"": [{""id"": ""subtitles/hermit_2016_es_full_lemmatized_ipm6_spacy_lookup_cleaned_v8.json"", ""file"": ""hermit_2016_es_full_lemmatized_ipm6_spacy_lookup_cleaned_v8.json"", ""category"": ""subtitles"", ""ipm"": 1.591138}, {""id"": ""subtitles/hermit_2018_es_full_lemmatized_ipm6_spacy_lookup_cleaned_v8.json"", ""file"": ""hermit_2018_es_full_lemmatized_ipm6_spacy_lookup_cleaned_v8.json"", ""category"": ""subtitles"", ""ipm"": 1.631088}], ""corpus_quality"": {""status"": ""accepted"", ""reasons"": []}, ""components"": [{""surface"": ""melas"", ""canonical_candidate"": ""melas"", ""confidence"": 0.89, ""evidence"": [{""type"": ""compound_morphology"", ""source"": ""candidate_index"", ""path"": [""arreglarmelas"", ""melas"", ""melas""], ""confidence"": 0.89}]}]}"
es	lemma:0a07f5e21a3b1f2974db	reglefant	uncertain	not_admitted_candidate		aggregate_only_not_sense_frequency	"[{""path"": ""associativvordes/family-index-v5/members/es/67.json.gz"", ""family_id"": ""surface:es:lef"", ""record_sha256"": ""4192987079f54d423bf63be6954ddc281029e894de825edde60ff2bfcb1152ab""}, {""path"": ""associativvordes/family-index-v5/members/es/7a.json.gz"", ""family_id"": ""surface:es:regl"", ""record_sha256"": ""45e695d76b8d25a378bebeeb5fc4b1e386dbaa2c404e844f13357b6271016cc0""}, {""path"": ""associativvordes/family-index-v5/members/es/8b.json.gz"", ""family_id"": ""surface:es:fant"", ""record_sha256"": ""61ba5a6c097cee23a1d43f567610a22b94de244a016f95a90bc426b92473e296""}]"	"{""lemma_id"": ""lemma:0a07f5e21a3b1f2974db"", ""word"": ""reglefant"", ""normalized"": ""reglefant"", ""search_form"": ""reglefant"", ""rank"": 691796, ""frequency_score"": 0.04529710280721981, ""category_breakdown"": {""subtitles"": {""ipm_values"": [0.002806, 0.002371], ""category_ipm"": 0.0025884999999999997, ""category_score"": 0.04529710280721981}}, ""sources"": [{""id"": ""subtitles/hermit_2016_es_full_lemmatized_ipm6_spacy_lookup_cleaned_v8.json"", ""file"": ""hermit_2016_es_full_lemmatized_ipm6_spacy_lookup_cleaned_v8.json"", ""category"": ""subtitles"", ""ipm"": 0.002806}, {""id"": ""subtitles/hermit_2018_es_full_lemmatized_ipm6_spacy_lookup_cleaned_v8.json"", ""file"": ""hermit_2018_es_full_lemmatized_ipm6_spacy_lookup_cleaned_v8.json"", ""category"": ""subtitles"", ""ipm"": 0.002371}], ""corpus_quality"": {""status"": ""accepted"", ""reasons"": []}, ""components"": [{""surface"": ""lef"", ""canonical_candidate"": ""lef"", ""confidence"": 0.81, ""evidence"": [{""type"": ""compound_morphology"", ""source"": ""candidate_index"", ""path"": [""reglefant"", ""lef"", ""lef""], ""confidence"": 0.81}]}]}"
es	lemma:0a5dff346887ad3c31cd	irregularrr	uncertain	not_admitted_candidate		aggregate_only_not_sense_frequency	"[{""path"": ""associativvordes/family-index-v5/members/es/26.json.gz"", ""family_id"": ""ety:bd9c2de0fadc"", ""record_sha256"": ""944cb9958aa5a097109c79dfb6a9f715488a66084d1a039e9e6d32fec0ee5000""}, {""path"": ""associativvordes/family-index-v5/members/es/46.json.gz"", ""family_id"": ""surface:es:irregul"", ""record_sha256"": ""d38855d1a601f5228edecadec280199398da0d74b604a1540099e7c2ca7db76d""}]"	"{""lemma_id"": ""lemma:0a5dff346887ad3c31cd"", ""word"": ""irregularrr"", ""normalized"": ""irregularrr"", ""search_form"": ""irregularrr"", ""rank"": 584658, ""frequency_score"": 0.04909788668913623, ""category_breakdown"": {""subtitles"": {""ipm_values"": [0.002806], ""category_ipm"": 0.002806, ""category_score"": 0.04909788668913623}}, ""sources"": [{""id"": ""subtitles/hermit_2016_es_full_lemmatized_ipm6_spacy_lookup_cleaned_v8.json"", ""file"": ""hermit_2016_es_full_lemmatized_ipm6_spacy_lookup_cleaned_v8.json"", ""category"": ""subtitles"", ""ipm"": 0.002806}], ""corpus_quality"": {""status"": ""accepted"", ""reasons"": []}, ""components"": [{""surface"": ""gula"", ""canonical_candidate"": ""gula"", ""confidence"": 0.81, ""evidence"": [{""type"": ""compound_morphology"", ""source"": ""candidate_index"", ""path"": [""irregularrr"", ""gula"", ""gula""], ""confidence"": 0.81}]}]}"
es	lemma:0bc60f5f121abacbae3f	arréglelo	uncertain	not_admitted_candidate		aggregate_only_not_sense_frequency	"[{""path"": ""associativvordes/family-index-v5/members/es/70.json.gz"", ""family_id"": ""surface:es:arreglel"", ""record_sha256"": ""f1eea3be3ded24531ac0be9125906e4aeb0b07b16f5a47a14014bdd564cf16a4""}]"	"{""lemma_id"": ""lemma:0bc60f5f121abacbae3f"", ""word"": ""arréglelo"", ""normalized"": ""arréglelo"", ""search_form"": ""arreglelo"", ""rank"": 34917, ""frequency_score"": 5.0877910088661045, ""category_breakdown"": {""subtitles"": {""ipm_values"": [0.339555, 0.334278], ""category_ipm"": 0.3369165, ""category_score"": 5.0877910088661045}}, ""sources"": [{""id"": ""subtitles/hermit_2016_es_full_lemmatized_ipm6_spacy_lookup_cleaned_v8.json"", ""file"": ""hermit_2016_es_full_lemmatized_ipm6_spacy_lookup_cleaned_v8.json"", ""category"": ""subtitles"", ""ipm"": 0.339555}, {""id"": ""subtitles/hermit_2018_es_full_lemmatized_ipm6_spacy_lookup_cleaned_v8.json"", ""file"": ""hermit_2018_es_full_lemmatized_ipm6_spacy_lookup_cleaned_v8.json"", ""category"": ""subtitles"", ""ipm"": 0.334278}], ""corpus_quality"": {""status"": ""accepted"", ""reasons"": []}, ""components"": [{""surface"": ""arreglel"", ""canonical_candidate"": ""arreglel"", ""confidence"": 0.92, ""evidence"": [{""type"": ""morphological_parse"", ""source"": ""candidate_index"", ""path"": [""arreglelo"", ""arreglel"", ""arreglel""], ""confidence"": 0.92}]}]}"
es	lemma:0cf5ab65c48188dd393c	regularte	accepted	accepted	regular	aggregate_only_not_sense_frequency	"[{""path"": ""associativvordes/family-index-v5/members/es/40.json.gz"", ""family_id"": ""family:regul"", ""record_sha256"": ""4cb68a670e75144ad65ac6809b63fa40878223aa4bb993425919ed1c09903949""}, {""path"": ""associativvordes/family-index-v5/members/es/5e.json.gz"", ""family_id"": ""surface:es:regula"", ""record_sha256"": ""b6b4471557d8d85f908289d338bf6fba87c12b8622dff65b9a0a0796394293a5""}]"	"{""lemma_id"": ""lemma:0cf5ab65c48188dd393c"", ""word"": ""regularte"", ""normalized"": ""regularte"", ""search_form"": ""regularte"", ""rank"": 384580, ""frequency_score"": 0.06979986216223158, ""category_breakdown"": {""subtitles"": {""ipm_values"": [0.005612, 0.002371], ""category_ipm"": 0.0039915, ""category_score"": 0.06979986216223158}}, ""sources"": [{""id"": ""subtitles/hermit_2016_es_full_lemmatized_ipm6_spacy_lookup_cleaned_v8.json"", ""file"": ""hermit_2016_es_full_lemmatized_ipm6_spacy_lookup_cleaned_v8.json"", ""category"": ""subtitles"", ""ipm"": 0.005612}, {""id"": ""subtitles/hermit_2018_es_full_lemmatized_ipm6_spacy_lookup_cleaned_v8.json"", ""file"": ""hermit_2018_es_full_lemmatized_ipm6_spacy_lookup_cleaned_v8.json"", ""category"": ""subtitles"", ""ipm"": 0.002371}], ""corpus_quality"": {""status"": ""accepted"", ""reasons"": []}, ""components"": [{""surface"": ""regul"", ""canonical_candidate"": ""regul"", ""confidence"": 0.97, ""evidence"": [{""type"": ""compound_morphology"", ""source"": ""manually_verified"", ""path"": [""regularte"", ""regul"", ""regul""], ""confidence"": 0.97}, {""type"": ""verified_seed_alias"", ""source"": ""methodology_control_seed"", ""path"": [""es"", ""regul"", ""family:regul""], ""confidence"": 1}]}]}"
es	lemma:0cfea91b73f9dffbf38c	desregularizar	accepted	accepted	regularizar	aggregate_only_not_sense_frequency	"[{""path"": ""associativvordes/family-index-v5/members/es/40.json.gz"", ""family_id"": ""family:regul"", ""record_sha256"": ""2482e8d81efea9d580d24e041ac16843ee8af87538304e42ac1b135446a17db0""}]"	"{""lemma_id"": ""lemma:0cfea91b73f9dffbf38c"", ""word"": ""desregularizar"", ""normalized"": ""desregularizar"", ""search_form"": ""desregularizar"", ""rank"": 329895, ""frequency_score"": 0.090477407431868, ""category_breakdown"": {""subtitles"": {""ipm_values"": [0.005612, 0.004742], ""category_ipm"": 0.005176999999999999, ""category_score"": 0.090477407431868}}, ""sources"": [{""id"": ""subtitles/hermit_2016_es_full_lemmatized_ipm6_spacy_lookup_cleaned_v8.json"", ""file"": ""hermit_2016_es_full_lemmatized_ipm6_spacy_lookup_cleaned_v8.json"", ""category"": ""subtitles"", ""ipm"": 0.005612}, {""id"": ""subtitles/hermit_2018_es_full_lemmatized_ipm6_spacy_lookup_cleaned_v8.json"", ""file"": ""hermit_2018_es_full_lemmatized_ipm6_spacy_lookup_cleaned_v8.json"", ""category"": ""subtitles"", ""ipm"": 0.004742}], ""corpus_quality"": {""status"": ""accepted"", ""reasons"": []}, ""components"": [{""surface"": ""regul"", ""canonical_candidate"": ""regul"", ""confidence"": 0.97, ""evidence"": [{""type"": ""compound_morphology"", ""source"": ""manually_verified"", ""path"": [""desregularizar"", ""regul"", ""regul""], ""confidence"": 0.97}, {""type"": ""verified_seed_alias"", ""source"": ""methodology_control_seed"", ""path"": [""es"", ""regul"", ""family:regul""], ""confidence"": 1}]}]}"
es	lemma:0d5790d81a5a68e9e524	reglr	uncertain	not_admitted_candidate		aggregate_only_not_sense_frequency	"[{""path"": ""associativvordes/family-index-v5/members/es/f3.json.gz"", ""family_id"": ""surface:es:glr"", ""record_sha256"": ""eede4326f3cb309a8c188094eb4cae094d5af884d2b7c548c3219bdb4eddf87d""}]"	"{""lemma_id"": ""lemma:0d5790d81a5a68e9e524"", ""word"": ""reglr"", ""normalized"": ""reglr"", ""search_form"": ""reglr"", ""rank"": 691802, ""frequency_score"": 0.04529710280721981, ""category_breakdown"": {""subtitles"": {""ipm_values"": [0.002806, 0.002371], ""category_ipm"": 0.0025884999999999997, ""category_score"": 0.04529710280721981}}, ""sources"": [{""id"": ""subtitles/hermit_2016_es_full_lemmatized_ipm6_spacy_lookup_cleaned_v8.json"", ""file"": ""hermit_2016_es_full_lemmatized_ipm6_spacy_lookup_cleaned_v8.json"", ""category"": ""subtitles"", ""ipm"": 0.002806}, {""id"": ""subtitles/hermit_2018_es_full_lemmatized_ipm6_spacy_lookup_cleaned_v8.json"", ""file"": ""hermit_2018_es_full_lemmatized_ipm6_spacy_lookup_cleaned_v8.json"", ""category"": ""subtitles"", ""ipm"": 0.002371}], ""corpus_quality"": {""status"": ""accepted"", ""reasons"": []}, ""components"": [{""surface"": ""glr"", ""canonical_candidate"": ""glr"", ""confidence"": 0.92, ""evidence"": [{""type"": ""morphological_parse"", ""source"": ""candidate_index"", ""path"": [""reglr"", ""glr"", ""glr""], ""confidence"": 0.92}]}]}"
es	lemma:0ddcac9a2d4eba024557	autorregulador	accepted	accepted	regular	aggregate_only_not_sense_frequency	"[{""path"": ""associativvordes/family-index-v5/members/es/40.json.gz"", ""family_id"": ""family:regul"", ""record_sha256"": ""dd03836276c6ef1dbbb62c39ebd802ecbc925fddf5e6ea43e434bde9738070b9""}, {""path"": ""associativvordes/family-index-v5/members/es/50.json.gz"", ""family_id"": ""surface:es:lador"", ""record_sha256"": ""13cbb732c3c58ed5d3b3db9a6a5d8d609551a60ee57804caf8a91a903dabc91d""}, {""path"": ""associativvordes/family-index-v5/members/es/c9.json.gz"", ""family_id"": ""surface:es:autorregula"", ""record_sha256"": ""5a9d363352c524b5d787ad58a55f9c33a5f486a04f11855baab56434dc05295f""}]"	"{""lemma_id"": ""lemma:0ddcac9a2d4eba024557"", ""word"": ""autorregulador"", ""normalized"": ""autorregulador"", ""search_form"": ""autorregulador"", ""rank"": 438113, ""frequency_score"": 0.04529710280721981, ""category_breakdown"": {""subtitles"": {""ipm_values"": [0.002806, 0.002371], ""category_ipm"": 0.0025884999999999997, ""category_score"": 0.04529710280721981}}, ""sources"": [{""id"": ""subtitles/hermit_2016_es_full_lemmatized_ipm6_spacy_lookup_cleaned_v8.json"", ""file"": ""hermit_2016_es_full_lemmatized_ipm6_spacy_lookup_cleaned_v8.json"", ""category"": ""subtitles"", ""ipm"": 0.002806}, {""id"": ""subtitles/hermit_2018_es_full_lemmatized_ipm6_spacy_lookup_cleaned_v8.json"", ""file"": ""hermit_2018_es_full_lemmatized_ipm6_spacy_lookup_cleaned_v8.json"", ""category"": ""subtitles"", ""ipm"": 0.002371}], ""corpus_quality"": {""status"": ""accepted"", ""reasons"": []}, ""components"": [{""surface"": ""regul"", ""canonical_candidate"": ""regul"", ""confidence"": 0.97, ""evidence"": [{""type"": ""compound_morphology"", ""source"": ""manually_verified"", ""path"": [""autorregulador"", ""regul"", ""regul""], ""confidence"": 0.97}, {""type"": ""verified_seed_alias"", ""source"": ""methodology_control_seed"", ""path"": [""es"", ""regul"", ""family:regul""], ""confidence"": 1}]}]}"
es	lemma:0eb79ac4e842d62e15d6	fibreglass	uncertain	not_admitted_candidate		aggregate_only_not_sense_frequency	"[{""path"": ""associativvordes/family-index-v5/members/es/04.json.gz"", ""family_id"": ""surface:es:glass"", ""record_sha256"": ""b4a9fc2dff44759af94fc3c205fa7b44484b4155c847223834ec00775de510f7""}, {""path"": ""associativvordes/family-index-v5/members/es/39.json.gz"", ""family_id"": ""surface:es:fibr"", ""record_sha256"": ""70c880b18737f7fc93b2921fca937221c0fe2e1895c2d615b6478e171fe77819""}, {""path"": ""associativvordes/family-index-v5/members/es/7a.json.gz"", ""family_id"": ""surface:es:regl"", ""record_sha256"": ""1527e6b7b6cf36e9bbac505ab4465602c2e292bdb8195041e1a5c43d9532aa52""}]"	"{""lemma_id"": ""lemma:0eb79ac4e842d62e15d6"", ""word"": ""fibreglass"", ""normalized"": ""fibreglass"", ""search_form"": ""fibreglass"", ""rank"": 540337, ""frequency_score"": 0.04529710280721981, ""category_breakdown"": {""subtitles"": {""ipm_values"": [0.002806, 0.002371], ""category_ipm"": 0.0025884999999999997, ""category_score"": 0.04529710280721981}}, ""sources"": [{""id"": ""subtitles/hermit_2016_es_full_lemmatized_ipm6_spacy_lookup_cleaned_v8.json"", ""file"": ""hermit_2016_es_full_lemmatized_ipm6_spacy_lookup_cleaned_v8.json"", ""category"": ""subtitles"", ""ipm"": 0.002806}, {""id"": ""subtitles/hermit_2018_es_full_lemmatized_ipm6_spacy_lookup_cleaned_v8.json"", ""file"": ""hermit_2018_es_full_lemmatized_ipm6_spacy_lookup_cleaned_v8.json"", ""category"": ""subtitles"", ""ipm"": 0.002371}], ""corpus_quality"": {""status"": ""accepted"", ""reasons"": []}, ""components"": [{""surface"": ""glass"", ""canonical_candidate"": ""glass"", ""confidence"": 0.89, ""evidence"": [{""type"": ""compound_morphology"", ""source"": ""candidate_index"", ""path"": [""fibreglass"", ""glass"", ""glass""], ""confidence"": 0.89}]}]}"
es	lemma:0ef5687758520b046b94	arreglándotela	uncertain	not_admitted_candidate		aggregate_only_not_sense_frequency	"[{""path"": ""associativvordes/family-index-v5/members/es/20.json.gz"", ""family_id"": ""surface:es:arreglandotel"", ""record_sha256"": ""814d25431682d734230fbca4ed86e2a14df1a2fe37becdca70e22bf6a9d64897""}]"	"{""lemma_id"": ""lemma:0ef5687758520b046b94"", ""word"": ""arreglándotela"", ""normalized"": ""arreglándotela"", ""search_form"": ""arreglandotela"", ""rank"": 309285, ""frequency_score"": 0.090477407431868, ""category_breakdown"": {""subtitles"": {""ipm_values"": [0.005612, 0.004742], ""category_ipm"": 0.005176999999999999, ""category_score"": 0.090477407431868}}, ""sources"": [{""id"": ""subtitles/hermit_2016_es_full_lemmatized_ipm6_spacy_lookup_cleaned_v8.json"", ""file"": ""hermit_2016_es_full_lemmatized_ipm6_spacy_lookup_cleaned_v8.json"", ""category"": ""subtitles"", ""ipm"": 0.005612}, {""id"": ""subtitles/hermit_2018_es_full_lemmatized_ipm6_spacy_lookup_cleaned_v8.json"", ""file"": ""hermit_2018_es_full_lemmatized_ipm6_spacy_lookup_cleaned_v8.json"", ""category"": ""subtitles"", ""ipm"": 0.004742}], ""corpus_quality"": {""status"": ""accepted"", ""reasons"": []}, ""components"": [{""surface"": ""arreglandotel"", ""canonical_candidate"": ""arreglandotel"", ""confidence"": 0.92, ""evidence"": [{""type"": ""morphological_parse"", ""source"": ""candidate_index"", ""path"": [""arreglandotela"", ""arreglandotel"", ""arreglandotel""], ""confidence"": 0.92}]}]}"
es	lemma:0fa9fc2ca9bc2caa380c	fregley	uncertain	not_admitted_candidate		aggregate_only_not_sense_frequency	"[{""path"": ""associativvordes/family-index-v5/members/es/00.json.gz"", ""family_id"": ""surface:es:freg"", ""record_sha256"": ""2bdcb6308cd5e70a48921f7bf97b1a69e1d1b49350338372659d9c916cd3f864""}, {""path"": ""associativvordes/family-index-v5/members/es/4e.json.gz"", ""family_id"": ""ety:e45b713df6a3"", ""record_sha256"": ""6be9bb1fdbb7f6e0f4040c7fc765b04fd222e74fa198ca42476a76555fcbd7a9""}]"	"{""lemma_id"": ""lemma:0fa9fc2ca9bc2caa380c"", ""word"": ""fregley"", ""normalized"": ""fregley"", ""search_form"": ""fregley"", ""rank"": 95210, ""frequency_score"": 0.9041523583072786, ""category_breakdown"": {""subtitles"": {""ipm_values"": [0.056125, 0.049786], ""category_ipm"": 0.0529555, ""category_score"": 0.9041523583072786}}, ""sources"": [{""id"": ""subtitles/hermit_2016_es_full_lemmatized_ipm6_spacy_lookup_cleaned_v8.json"", ""file"": ""hermit_2016_es_full_lemmatized_ipm6_spacy_lookup_cleaned_v8.json"", ""category"": ""subtitles"", ""ipm"": 0.056125}, {""id"": ""subtitles/hermit_2018_es_full_lemmatized_ipm6_spacy_lookup_cleaned_v8.json"", ""file"": ""hermit_2018_es_full_lemmatized_ipm6_spacy_lookup_cleaned_v8.json"", ""category"": ""subtitles"", ""ipm"": 0.049786}], ""corpus_quality"": {""status"": ""accepted"", ""reasons"": []}, ""components"": [{""surface"": ""freg"", ""canonical_candidate"": ""freg"", ""confidence"": 0.81, ""evidence"": [{""type"": ""compound_morphology"", ""source"": ""candidate_index"", ""path"": [""fregley"", ""freg"", ""freg""], ""confidence"": 0.81}]}]}"
es	lemma:11be5e519da4e0602e0c	arreglale	uncertain	not_admitted_candidate		aggregate_only_not_sense_frequency	"[{""path"": ""associativvordes/family-index-v5/members/es/30.json.gz"", ""family_id"": ""surface:es:ale"", ""record_sha256"": ""72343c1d41565d6d29c07337ab1016dcc4d61cbad7e130900d0e93ede7e90a12""}, {""path"": ""associativvordes/family-index-v5/members/es/b1.json.gz"", ""family_id"": ""surface:es:arregl"", ""record_sha256"": ""0397d56cf876a2cc8ad5ef17b7d653ae2615111c4aee8c0f13b51258fc36afd9""}]"	"{""lemma_id"": ""lemma:11be5e519da4e0602e0c"", ""word"": ""arreglale"", ""normalized"": ""arreglale"", ""search_form"": ""arreglale"", ""rank"": 279922, ""frequency_score"": 0.11112187447585387, ""category_breakdown"": {""subtitles"": {""ipm_values"": [0.005612, 0.007112], ""category_ipm"": 0.006362, ""category_score"": 0.11112187447585387}}, ""sources"": [{""id"": ""subtitles/hermit_2016_es_full_lemmatized_ipm6_spacy_lookup_cleaned_v8.json"", ""file"": ""hermit_2016_es_full_lemmatized_ipm6_spacy_lookup_cleaned_v8.json"", ""category"": ""subtitles"", ""ipm"": 0.005612}, {""id"": ""subtitles/hermit_2018_es_full_lemmatized_ipm6_spacy_lookup_cleaned_v8.json"", ""file"": ""hermit_2018_es_full_lemmatized_ipm6_spacy_lookup_cleaned_v8.json"", ""category"": ""subtitles"", ""ipm"": 0.007112}], ""corpus_quality"": {""status"": ""accepted"", ""reasons"": []}, ""components"": [{""surface"": ""ale"", ""canonical_candidate"": ""ale"", ""confidence"": 0.89, ""evidence"": [{""type"": ""compound_morphology"", ""source"": ""candidate_index"", ""path"": [""arreglale"", ""ale"", ""ale""], ""confidence"": 0.89}]}]}"
es	lemma:1230ec01b20ddadd86f9	reglamentarla	uncertain	not_admitted_candidate		aggregate_only_not_sense_frequency	"[{""path"": ""associativvordes/family-index-v5/members/es/36.json.gz"", ""family_id"": ""surface:es:reglamentarl"", ""record_sha256"": ""0df73e05736cbbe2867b8b3891922ba9ca1b1fc720de949825c09dce22e40388""}]"	"{""lemma_id"": ""lemma:1230ec01b20ddadd86f9"", ""word"": ""reglamentarla"", ""normalized"": ""reglamentarla"", ""search_form"": ""reglamentarla"", ""rank"": 384520, ""frequency_score"": 0.090477407431868, ""category_breakdown"": {""subtitles"": {""ipm_values"": [0.005612, 0.004742], ""category_ipm"": 0.005176999999999999, ""category_score"": 0.090477407431868}}, ""sources"": [{""id"": ""subtitles/hermit_2016_es_full_lemmatized_ipm6_spacy_lookup_cleaned_v8.json"", ""file"": ""hermit_2016_es_full_lemmatized_ipm6_spacy_lookup_cleaned_v8.json"", ""category"": ""subtitles"", ""ipm"": 0.005612}, {""id"": ""subtitles/hermit_2018_es_full_lemmatized_ipm6_spacy_lookup_cleaned_v8.json"", ""file"": ""hermit_2018_es_full_lemmatized_ipm6_spacy_lookup_cleaned_v8.json"", ""category"": ""subtitles"", ""ipm"": 0.004742}], ""corpus_quality"": {""status"": ""accepted"", ""reasons"": []}, ""components"": [{""surface"": ""reglamentarl"", ""canonical_candidate"": ""reglamentarl"", ""confidence"": 0.92, ""evidence"": [{""type"": ""morphological_parse"", ""source"": ""candidate_index"", ""path"": [""reglamentarla"", ""reglamentarl"", ""reglamentarl""], ""confidence"": 0.92}]}]}"
es	lemma:123aa38b95e3276bf574	arréglela	uncertain	not_admitted_candidate		aggregate_only_not_sense_frequency	"[{""path"": ""associativvordes/family-index-v5/members/es/70.json.gz"", ""family_id"": ""surface:es:arreglel"", ""record_sha256"": ""e1533f998b89dfb403a72924587661be671cd1a91d9752062839d6bc51fb4884""}]"	"{""lemma_id"": ""lemma:123aa38b95e3276bf574"", ""word"": ""arréglela"", ""normalized"": ""arréglela"", ""search_form"": ""arreglela"", ""rank"": 100044, ""frequency_score"": 0.817790553070108, ""category_breakdown"": {""subtitles"": {""ipm_values"": [0.050512, 0.045045], ""category_ipm"": 0.0477785, ""category_score"": 0.817790553070108}}, ""sources"": [{""id"": ""subtitles/hermit_2016_es_full_lemmatized_ipm6_spacy_lookup_cleaned_v8.json"", ""file"": ""hermit_2016_es_full_lemmatized_ipm6_spacy_lookup_cleaned_v8.json"", ""category"": ""subtitles"", ""ipm"": 0.050512}, {""id"": ""subtitles/hermit_2018_es_full_lemmatized_ipm6_spacy_lookup_cleaned_v8.json"", ""file"": ""hermit_2018_es_full_lemmatized_ipm6_spacy_lookup_cleaned_v8.json"", ""category"": ""subtitles"", ""ipm"": 0.045045}], ""corpus_quality"": {""status"": ""accepted"", ""reasons"": []}, ""components"": [{""surface"": ""arreglel"", ""canonical_candidate"": ""arreglel"", ""confidence"": 0.92, ""evidence"": [{""type"": ""morphological_parse"", ""source"": ""candidate_index"", ""path"": [""arreglela"", ""arreglel"", ""arreglel""], ""confidence"": 0.92}]}]}"
es	lemma:128360904d8a856dbe3f	desregularizada	accepted	accepted	regularizar	aggregate_only_not_sense_frequency	"[{""path"": ""associativvordes/family-index-v5/members/es/36.json.gz"", ""family_id"": ""surface:es:zada"", ""record_sha256"": ""4be8d0bfc73dd55200ad6c661b5c808b4ae37618f0aee7e114279efaddad6bb0""}, {""path"": ""associativvordes/family-index-v5/members/es/40.json.gz"", ""family_id"": ""family:regul"", ""record_sha256"": ""1ed6c37d90d273163937defd22d6482104606dcf5583c3c7dad2fee38904d162""}, {""path"": ""associativvordes/family-index-v5/members/es/8a.json.gz"", ""family_id"": ""surface:es:desregularizad"", ""record_sha256"": ""8c269b005586c8449435a029fe008cdc2d3e345c3d87cde70a4bca31d01ec5e3""}]"	"{""lemma_id"": ""lemma:128360904d8a856dbe3f"", ""word"": ""desregularizada"", ""normalized"": ""desregularizada"", ""search_form"": ""desregularizada"", ""rank"": 502147, ""frequency_score"": 0.04529710280721981, ""category_breakdown"": {""subtitles"": {""ipm_values"": [0.002806, 0.002371], ""category_ipm"": 0.0025884999999999997, ""category_score"": 0.04529710280721981}}, ""sources"": [{""id"": ""subtitles/hermit_2016_es_full_lemmatized_ipm6_spacy_lookup_cleaned_v8.json"", ""file"": ""hermit_2016_es_full_lemmatized_ipm6_spacy_lookup_cleaned_v8.json"", ""category"": ""subtitles"", ""ipm"": 0.002806}, {""id"": ""subtitles/hermit_2018_es_full_lemmatized_ipm6_spacy_lookup_cleaned_v8.json"", ""file"": ""hermit_2018_es_full_lemmatized_ipm6_spacy_lookup_cleaned_v8.json"", ""category"": ""subtitles"", ""ipm"": 0.002371}], ""corpus_quality"": {""status"": ""accepted"", ""reasons"": []}, ""components"": [{""surface"": ""zada"", ""canonical_candidate"": ""zada"", ""confidence"": 0.89, ""evidence"": [{""type"": ""compound_morphology"", ""source"": ""candidate_index"", ""path"": [""desregularizada"", ""zada"", ""zada""], ""confidence"": 0.89}]}]}"
es	lemma:12e80cc90ddf495d14ed	autoregularse	uncertain	withheld_historical_uncertain		aggregate_only_not_sense_frequency	"[{""path"": ""associativvordes/family-index-v5/members/es/21.json.gz"", ""family_id"": ""surface:es:autoregula"", ""record_sha256"": ""f74fda2ab9cadc7463895bace83580f987d9209f0db493954d84a7c843383118""}, {""path"": ""associativvordes/family-index-v5/members/es/40.json.gz"", ""family_id"": ""family:regul"", ""record_sha256"": ""baec8e352791dec9c52de5b5df837495d983190ab3496ef55db07f576ef4b2b8""}]"	"{""lemma_id"": ""lemma:12e80cc90ddf495d14ed"", ""word"": ""autoregularse"", ""normalized"": ""autoregularse"", ""search_form"": ""autoregularse"", ""rank"": 478037, ""frequency_score"": 0.041495494299664135, ""category_breakdown"": {""subtitles"": {""ipm_values"": [0.002371], ""category_ipm"": 0.002371, ""category_score"": 0.041495494299664135}}, ""sources"": [{""id"": ""subtitles/hermit_2018_es_full_lemmatized_ipm6_spacy_lookup_cleaned_v8.json"", ""file"": ""hermit_2018_es_full_lemmatized_ipm6_spacy_lookup_cleaned_v8.json"", ""category"": ""subtitles"", ""ipm"": 0.002371}], ""corpus_quality"": {""status"": ""accepted"", ""reasons"": []}, ""components"": [{""surface"": ""autoregula"", ""canonical_candidate"": ""autoregula"", ""confidence"": 0.81, ""evidence"": [{""type"": ""compound_morphology"", ""source"": ""candidate_index"", ""path"": [""autoregularse"", ""autoregula"", ""autoregula""], ""confidence"": 0.81}]}]}"
es	lemma:12f524c6de904a987c7f	arregladp	uncertain	not_admitted_candidate		aggregate_only_not_sense_frequency	"[{""path"": ""associativvordes/family-index-v5/members/es/b1.json.gz"", ""family_id"": ""surface:es:arregl"", ""record_sha256"": ""7bfdaa999f11022b0a1b2d0a8fa687f2a2f26b5f54f250ee244d619620861c4a""}, {""path"": ""associativvordes/family-index-v5/members/es/c7.json.gz"", ""family_id"": ""surface:es:adp"", ""record_sha256"": ""8becbb0a88b691086db7ba7ea8c6f5678550c93e60f7566e50ae8c06cf4d6982""}]"	"{""lemma_id"": ""lemma:12f524c6de904a987c7f"", ""word"": ""arregladp"", ""normalized"": ""arregladp"", ""search_form"": ""arregladp"", ""rank"": 431880, ""frequency_score"": 0.04529710280721981, ""category_breakdown"": {""subtitles"": {""ipm_values"": [0.002806, 0.002371], ""category_ipm"": 0.0025884999999999997, ""category_score"": 0.04529710280721981}}, ""sources"": [{""id"": ""subtitles/hermit_2016_es_full_lemmatized_ipm6_spacy_lookup_cleaned_v8.json"", ""file"": ""hermit_2016_es_full_lemmatized_ipm6_spacy_lookup_cleaned_v8.json"", ""category"": ""subtitles"", ""ipm"": 0.002806}, {""id"": ""subtitles/hermit_2018_es_full_lemmatized_ipm6_spacy_lookup_cleaned_v8.json"", ""file"": ""hermit_2018_es_full_lemmatized_ipm6_spacy_lookup_cleaned_v8.json"", ""category"": ""subtitles"", ""ipm"": 0.002371}], ""corpus_quality"": {""status"": ""accepted"", ""reasons"": []}, ""components"": [{""surface"": ""arregl"", ""canonical_candidate"": ""arregl"", ""confidence"": 0.81, ""evidence"": [{""type"": ""compound_morphology"", ""source"": ""candidate_index"", ""path"": [""arregladp"", ""arregl"", ""arregl""], ""confidence"": 0.81}]}]}"
es	lemma:132ce791463a96b6cca0	arréglaselo	uncertain	not_admitted_candidate		aggregate_only_not_sense_frequency	"[{""path"": ""associativvordes/family-index-v5/members/es/28.json.gz"", ""family_id"": ""surface:es:arreglasel"", ""record_sha256"": ""52dd4dbf6ba64bdc597e7c0bbb7abe174856e446760d21f4de45b0e977247615""}]"	"{""lemma_id"": ""lemma:132ce791463a96b6cca0"", ""word"": ""arréglaselo"", ""normalized"": ""arréglaselo"", ""search_form"": ""arreglaselo"", ""rank"": 432649, ""frequency_score"": 0.04529710280721981, ""category_breakdown"": {""subtitles"": {""ipm_values"": [0.002806, 0.002371], ""category_ipm"": 0.0025884999999999997, ""category_score"": 0.04529710280721981}}, ""sources"": [{""id"": ""subtitles/hermit_2016_es_full_lemmatized_ipm6_spacy_lookup_cleaned_v8.json"", ""file"": ""hermit_2016_es_full_lemmatized_ipm6_spacy_lookup_cleaned_v8.json"", ""category"": ""subtitles"", ""ipm"": 0.002806}, {""id"": ""subtitles/hermit_2018_es_full_lemmatized_ipm6_spacy_lookup_cleaned_v8.json"", ""file"": ""hermit_2018_es_full_lemmatized_ipm6_spacy_lookup_cleaned_v8.json"", ""category"": ""subtitles"", ""ipm"": 0.002371}], ""corpus_quality"": {""status"": ""accepted"", ""reasons"": []}, ""components"": [{""surface"": ""arreglasel"", ""canonical_candidate"": ""arreglasel"", ""confidence"": 0.92, ""evidence"": [{""type"": ""morphological_parse"", ""source"": ""candidate_index"", ""path"": [""arreglaselo"", ""arreglasel"", ""arreglasel""], ""confidence"": 0.92}]}]}"
es	lemma:13976ac125919fe6300f	arreglamono	uncertain	not_admitted_candidate		aggregate_only_not_sense_frequency	"[{""path"": ""associativvordes/family-index-v5/members/es/82.json.gz"", ""family_id"": ""surface:es:arreglamon"", ""record_sha256"": ""5b08b6e7ea18a301d076050ddf4775488eb221a0ed10b4f1a23bd7b598253c3f""}]"	"{""lemma_id"": ""lemma:13976ac125919fe6300f"", ""word"": ""arreglamono"", ""normalized"": ""arreglamono"", ""search_form"": ""arreglamono"", ""rank"": 431887, ""frequency_score"": 0.04529710280721981, ""category_breakdown"": {""subtitles"": {""ipm_values"": [0.002806, 0.002371], ""category_ipm"": 0.0025884999999999997, ""category_score"": 0.04529710280721981}}, ""sources"": [{""id"": ""subtitles/hermit_2016_es_full_lemmatized_ipm6_spacy_lookup_cleaned_v8.json"", ""file"": ""hermit_2016_es_full_lemmatized_ipm6_spacy_lookup_cleaned_v8.json"", ""category"": ""subtitles"", ""ipm"": 0.002806}, {""id"": ""subtitles/hermit_2018_es_full_lemmatized_ipm6_spacy_lookup_cleaned_v8.json"", ""file"": ""hermit_2018_es_full_lemmatized_ipm6_spacy_lookup_cleaned_v8.json"", ""category"": ""subtitles"", ""ipm"": 0.002371}], ""corpus_quality"": {""status"": ""accepted"", ""reasons"": []}, ""components"": [{""surface"": ""arreglamon"", ""canonical_candidate"": ""arreglamon"", ""confidence"": 0.92, ""evidence"": [{""type"": ""morphological_parse"", ""source"": ""candidate_index"", ""path"": [""arreglamono"", ""arreglamon"", ""arreglamon""], ""confidence"": 0.92}]}]}"
es	lemma:13b0291ac7085e61d786	gregolstrausser	uncertain	not_admitted_candidate		aggregate_only_not_sense_frequency	"[{""path"": ""associativvordes/family-index-v5/members/es/18.json.gz"", ""family_id"": ""surface:es:ols"", ""record_sha256"": ""4fe8e72e0118b81800afca2091a280a40dcad535be4e06c5d6dbb1e7ac7ea999""}, {""path"": ""associativvordes/family-index-v5/members/es/26.json.gz"", ""family_id"": ""ety:bd9c2de0fadc"", ""record_sha256"": ""85ac5fde277d206cfe09e0918a0cff1022217862fd344a4feeaa55c4616a1f37""}, {""path"": ""associativvordes/family-index-v5/members/es/2b.json.gz"", ""family_id"": ""surface:es:lst"", ""record_sha256"": ""0f00a37a0d2718e45686ba81eeb4201fe05731346b6bcf1aa7624c513f7c4f3c""}, {""path"": ""associativvordes/family-index-v5/members/es/42.json.gz"", ""family_id"": ""surface:es:stra"", ""record_sha256"": ""4c01a50e8b2ccf0ae94e795206761e51566636c8f475f7e9b958191d2995404c""}, {""path"": ""associativvordes/family-index-v5/members/es/8d.json.gz"", ""family_id"": ""surface:es:greg"", ""record_sha256"": ""d337ab98cf6b06117b3090aded9e768924441e3bc531ccf6378efd9821978e23""}, {""path"": ""associativvordes/family-index-v5/members/es/91.json.gz"", ""family_id"": ""surface:es:sser"", ""record_sha256"": ""9553fc0dfcde8fcc9ad81b2b421f2eb46c6ad3638265401465d589f2575a8692""}, {""path"": ""associativvordes/family-index-v5/members/es/bb.json.gz"", ""family_id"": ""surface:es:aus"", ""record_sha256"": ""668c522137372500ba06c79dce9ea3bbf51a0fc3246e177043a53edcedf599f2""}]"	"{""lemma_id"": ""lemma:13b0291ac7085e61d786"", ""word"": ""gregolstrausser"", ""normalized"": ""gregolstrausser"", ""search_form"": ""gregolstrausser"", ""rank"": 556832, ""frequency_score"": 0.04529710280721981, ""category_breakdown"": {""subtitles"": {""ipm_values"": [0.002806, 0.002371], ""category_ipm"": 0.0025884999999999997, ""category_score"": 0.04529710280721981}}, ""sources"": [{""id"": ""subtitles/hermit_2016_es_full_lemmatized_ipm6_spacy_lookup_cleaned_v8.json"", ""file"": ""hermit_2016_es_full_lemmatized_ipm6_spacy_lookup_cleaned_v8.json"", ""category"": ""subtitles"", ""ipm"": 0.002806}, {""id"": ""subtitles/hermit_2018_es_full_lemmatized_ipm6_spacy_lookup_cleaned_v8.json"", ""file"": ""hermit_2018_es_full_lemmatized_ipm6_spacy_lookup_cleaned_v8.json"", ""category"": ""subtitles"", ""ipm"": 0.002371}], ""corpus_quality"": {""status"": ""accepted"", ""reasons"": []}, ""components"": [{""surface"": ""ols"", ""canonical_candidate"": ""ols"", ""confidence"": 0.81, ""evidence"": [{""type"": ""compound_morphology"", ""source"": ""candidate_index"", ""path"": [""gregolstrausser"", ""ols"", ""ols""], ""confidence"": 0.81}]}]}"
es	lemma:13d77205c3011cb449f7	rearreglaste	uncertain	not_admitted_candidate		aggregate_only_not_sense_frequency	"[{""path"": ""associativvordes/family-index-v5/members/es/70.json.gz"", ""family_id"": ""surface:es:arregla"", ""record_sha256"": ""9cbe852f5df0b85ebe8e1a30244a2efae05a0a4054c633ebf1b19bfe472655b8""}, {""path"": ""associativvordes/family-index-v5/members/es/78.json.gz"", ""family_id"": ""surface:es:rearregl"", ""record_sha256"": ""c361e242eb8982799acad100e36ba942f0812813267ab60e56b6c4b251081933""}, {""path"": ""associativvordes/family-index-v5/members/es/e7.json.gz"", ""family_id"": ""surface:es:laste"", ""record_sha256"": ""f1da54636c5a6438dd029e2459ab36ab5c47c01049c7c423693fb236acaaf1e2""}]"	"{""lemma_id"": ""lemma:13d77205c3011cb449f7"", ""word"": ""rearreglaste"", ""normalized"": ""rearreglaste"", ""search_form"": ""rearreglaste"", ""rank"": 383459, ""frequency_score"": 0.06979986216223158, ""category_breakdown"": {""subtitles"": {""ipm_values"": [0.005612, 0.002371], ""category_ipm"": 0.0039915, ""category_score"": 0.06979986216223158}}, ""sources"": [{""id"": ""subtitles/hermit_2016_es_full_lemmatized_ipm6_spacy_lookup_cleaned_v8.json"", ""file"": ""hermit_2016_es_full_lemmatized_ipm6_spacy_lookup_cleaned_v8.json"", ""category"": ""subtitles"", ""ipm"": 0.005612}, {""id"": ""subtitles/hermit_2018_es_full_lemmatized_ipm6_spacy_lookup_cleaned_v8.json"", ""file"": ""hermit_2018_es_full_lemmatized_ipm6_spacy_lookup_cleaned_v8.json"", ""category"": ""subtitles"", ""ipm"": 0.002371}], ""corpus_quality"": {""status"": ""accepted"", ""reasons"": []}, ""components"": [{""surface"": ""arregla"", ""canonical_candidate"": ""arregla"", ""confidence"": 0.81, ""evidence"": [{""type"": ""compound_morphology"", ""source"": ""candidate_index"", ""path"": [""rearreglaste"", ""arregla"", ""arregla""], ""confidence"": 0.81}]}]}"
es	lemma:143c3d552e2e657c8d6e	regolo	uncertain	withheld_historical_uncertain		aggregate_only_not_sense_frequency	"[{""path"": ""associativvordes/family-index-v5/members/es/40.json.gz"", ""family_id"": ""family:regul"", ""record_sha256"": ""ff375e415bb0ee334dfcdfe9ba70e2ab3807eac3b27c28b6bce116a5f2467d7b""}]"	"{""lemma_id"": ""lemma:143c3d552e2e657c8d6e"", ""word"": ""regolo"", ""normalized"": ""regolo"", ""search_form"": ""regolo"", ""rank"": 384532, ""frequency_score"": 0.090477407431868, ""category_breakdown"": {""subtitles"": {""ipm_values"": [0.005612, 0.004742], ""category_ipm"": 0.005176999999999999, ""category_score"": 0.090477407431868}}, ""sources"": [{""id"": ""subtitles/hermit_2016_es_full_lemmatized_ipm6_spacy_lookup_cleaned_v8.json"", ""file"": ""hermit_2016_es_full_lemmatized_ipm6_spacy_lookup_cleaned_v8.json"", ""category"": ""subtitles"", ""ipm"": 0.005612}, {""id"": ""subtitles/hermit_2018_es_full_lemmatized_ipm6_spacy_lookup_cleaned_v8.json"", ""file"": ""hermit_2018_es_full_lemmatized_ipm6_spacy_lookup_cleaned_v8.json"", ""category"": ""subtitles"", ""ipm"": 0.004742}], ""corpus_quality"": {""status"": ""accepted"", ""reasons"": []}, ""components"": [{""surface"": ""regol"", ""canonical_candidate"": ""regol"", ""confidence"": 0.92, ""evidence"": [{""type"": ""morphological_parse"", ""source"": ""candidate_index"", ""path"": [""regolo"", ""regol"", ""regol""], ""confidence"": 0.92}, {""type"": ""verified_seed_alias"", ""source"": ""methodology_control_seed"", ""path"": [""es"", ""regol"", ""family:regul""], ""confidence"": 1}]}]}"
es	lemma:1480a8230301e573412d	reglamentarista	uncertain	not_admitted_candidate		aggregate_only_not_sense_frequency	"[{""path"": ""associativvordes/family-index-v5/members/es/12.json.gz"", ""family_id"": ""surface:es:reglamentarist"", ""record_sha256"": ""c92333b2a50dc89a49a54b15fd7c3f3dc10c385c15f1fb145827c42098328979""}, {""path"": ""associativvordes/family-index-v5/members/es/57.json.gz"", ""family_id"": ""surface:es:ista"", ""record_sha256"": ""560b89cc78d3780edfcb6ca138e39aaaee0bde826c01af67b3e68a64129dba02""}]"	"{""lemma_id"": ""lemma:1480a8230301e573412d"", ""word"": ""reglamentarista"", ""normalized"": ""reglamentarista"", ""search_form"": ""reglamentarista"", ""rank"": 691786, ""frequency_score"": 0.04529710280721981, ""category_breakdown"": {""subtitles"": {""ipm_values"": [0.002806, 0.002371], ""category_ipm"": 0.0025884999999999997, ""category_score"": 0.04529710280721981}}, ""sources"": [{""id"": ""subtitles/hermit_2016_es_full_lemmatized_ipm6_spacy_lookup_cleaned_v8.json"", ""file"": ""hermit_2016_es_full_lemmatized_ipm6_spacy_lookup_cleaned_v8.json"", ""category"": ""subtitles"", ""ipm"": 0.002806}, {""id"": ""subtitles/hermit_2018_es_full_lemmatized_ipm6_spacy_lookup_cleaned_v8.json"", ""file"": ""hermit_2018_es_full_lemmatized_ipm6_spacy_lookup_cleaned_v8.json"", ""category"": ""subtitles"", ""ipm"": 0.002371}], ""corpus_quality"": {""status"": ""accepted"", ""reasons"": []}, ""components"": [{""surface"": ""reglamentarist"", ""canonical_candidate"": ""reglamentarist"", ""confidence"": 0.92, ""evidence"": [{""type"": ""morphological_parse"", ""source"": ""candidate_index"", ""path"": [""reglamentarista"", ""reglamentarist"", ""reglamentarist""], ""confidence"": 0.92}]}]}"
es	lemma:14b6d27022c8ebd24670	regulae	uncertain	not_admitted_candidate		aggregate_only_not_sense_frequency	"[{""path"": ""associativvordes/family-index-v5/members/es/b2.json.gz"", ""family_id"": ""surface:es:reg"", ""record_sha256"": ""a347de6c86b8454cb10430d07bb77d99da8d3371795fd413082ece17d5e84ee4""}]"	"{""lemma_id"": ""lemma:14b6d27022c8ebd24670"", ""word"": ""regulae"", ""normalized"": ""regulae"", ""search_form"": ""regulae"", ""rank"": 692050, ""frequency_score"": 0.04529710280721981, ""category_breakdown"": {""subtitles"": {""ipm_values"": [0.002806, 0.002371], ""category_ipm"": 0.0025884999999999997, ""category_score"": 0.04529710280721981}}, ""sources"": [{""id"": ""subtitles/hermit_2016_es_full_lemmatized_ipm6_spacy_lookup_cleaned_v8.json"", ""file"": ""hermit_2016_es_full_lemmatized_ipm6_spacy_lookup_cleaned_v8.json"", ""category"": ""subtitles"", ""ipm"": 0.002806}, {""id"": ""subtitles/hermit_2018_es_full_lemmatized_ipm6_spacy_lookup_cleaned_v8.json"", ""file"": ""hermit_2018_es_full_lemmatized_ipm6_spacy_lookup_cleaned_v8.json"", ""category"": ""subtitles"", ""ipm"": 0.002371}], ""corpus_quality"": {""status"": ""accepted"", ""reasons"": []}, ""components"": [{""surface"": ""reg"", ""canonical_candidate"": ""reg"", ""confidence"": 0.81, ""evidence"": [{""type"": ""compound_morphology"", ""source"": ""candidate_index"", ""path"": [""regulae"", ""reg"", ""reg""], ""confidence"": 0.81}]}]}"
es	lemma:151ef57e21551e722d63	rreglarlo	uncertain	not_admitted_candidate		aggregate_only_not_sense_frequency	"[{""path"": ""associativvordes/family-index-v5/members/es/dd.json.gz"", ""family_id"": ""surface:es:rreglarl"", ""record_sha256"": ""afa31282fb33626b873994ecd5571d14d3b2777e2515062c0507436c9e36ed91""}]"	"{""lemma_id"": ""lemma:151ef57e21551e722d63"", ""word"": ""rreglarlo"", ""normalized"": ""rreglarlo"", ""search_form"": ""rreglarlo"", ""rank"": 702211, ""frequency_score"": 0.04529710280721981, ""category_breakdown"": {""subtitles"": {""ipm_values"": [0.002806, 0.002371], ""category_ipm"": 0.0025884999999999997, ""category_score"": 0.04529710280721981}}, ""sources"": [{""id"": ""subtitles/hermit_2016_es_full_lemmatized_ipm6_spacy_lookup_cleaned_v8.json"", ""file"": ""hermit_2016_es_full_lemmatized_ipm6_spacy_lookup_cleaned_v8.json"", ""category"": ""subtitles"", ""ipm"": 0.002806}, {""id"": ""subtitles/hermit_2018_es_full_lemmatized_ipm6_spacy_lookup_cleaned_v8.json"", ""file"": ""hermit_2018_es_full_lemmatized_ipm6_spacy_lookup_cleaned_v8.json"", ""category"": ""subtitles"", ""ipm"": 0.002371}], ""corpus_quality"": {""status"": ""accepted"", ""reasons"": []}, ""components"": [{""surface"": ""rreglarl"", ""canonical_candidate"": ""rreglarl"", ""confidence"": 0.92, ""evidence"": [{""type"": ""morphological_parse"", ""source"": ""candidate_index"", ""path"": [""rreglarlo"", ""rreglarl"", ""rreglarl""], ""confidence"": 0.92}]}]}"
es	lemma:15283392ab5037c2c8d0	arreglándoles	uncertain	not_admitted_candidate		aggregate_only_not_sense_frequency	"[{""path"": ""associativvordes/family-index-v5/members/es/59.json.gz"", ""family_id"": ""surface:es:arreglandol"", ""record_sha256"": ""0fca89ecbb0a06eaa0ce1ce5485edc1567c2aab1af47fdafafc975b5510b10b6""}]"	"{""lemma_id"": ""lemma:15283392ab5037c2c8d0"", ""word"": ""arreglándoles"", ""normalized"": ""arreglándoles"", ""search_form"": ""arreglandoles"", ""rank"": 255644, ""frequency_score"": 0.13554151465136516, ""category_breakdown"": {""subtitles"": {""ipm_values"": [0.008419, 0.007112], ""category_ipm"": 0.0077655, ""category_score"": 0.13554151465136516}}, ""sources"": [{""id"": ""subtitles/hermit_2016_es_full_lemmatized_ipm6_spacy_lookup_cleaned_v8.json"", ""file"": ""hermit_2016_es_full_lemmatized_ipm6_spacy_lookup_cleaned_v8.json"", ""category"": ""subtitles"", ""ipm"": 0.008419}, {""id"": ""subtitles/hermit_2018_es_full_lemmatized_ipm6_spacy_lookup_cleaned_v8.json"", ""file"": ""hermit_2018_es_full_lemmatized_ipm6_spacy_lookup_cleaned_v8.json"", ""category"": ""subtitles"", ""ipm"": 0.007112}], ""corpus_quality"": {""status"": ""accepted"", ""reasons"": []}, ""components"": [{""surface"": ""arreglandol"", ""canonical_candidate"": ""arreglandol"", ""confidence"": 0.92, ""evidence"": [{""type"": ""morphological_parse"", ""source"": ""candidate_index"", ""path"": [""arreglandoles"", ""arreglandol"", ""arreglandol""], ""confidence"": 0.92}]}]}"
es	lemma:15834c26a68b52cc877b	arréglatelas	uncertain	not_admitted_candidate		aggregate_only_not_sense_frequency	"[{""path"": ""associativvordes/family-index-v5/members/es/a5.json.gz"", ""family_id"": ""surface:es:arreglatel"", ""record_sha256"": ""2b1cb90a4893dba62f60a42963b5a061cafb7bb7d3dbbca1c55e4080bf1b52cb""}]"	"{""lemma_id"": ""lemma:15834c26a68b52cc877b"", ""word"": ""arréglatelas"", ""normalized"": ""arréglatelas"", ""search_form"": ""arreglatelas"", ""rank"": 25234, ""frequency_score"": 7.9878191133249175, ""category_breakdown"": {""subtitles"": {""ipm_values"": [0.614567, 0.540535], ""category_ipm"": 0.5775509999999999, ""category_score"": 7.9878191133249175}}, ""sources"": [{""id"": ""subtitles/hermit_2016_es_full_lemmatized_ipm6_spacy_lookup_cleaned_v8.json"", ""file"": ""hermit_2016_es_full_lemmatized_ipm6_spacy_lookup_cleaned_v8.json"", ""category"": ""subtitles"", ""ipm"": 0.614567}, {""id"": ""subtitles/hermit_2018_es_full_lemmatized_ipm6_spacy_lookup_cleaned_v8.json"", ""file"": ""hermit_2018_es_full_lemmatized_ipm6_spacy_lookup_cleaned_v8.json"", ""category"": ""subtitles"", ""ipm"": 0.540535}], ""corpus_quality"": {""status"": ""accepted"", ""reasons"": []}, ""components"": [{""surface"": ""arreglatel"", ""canonical_candidate"": ""arreglatel"", ""confidence"": 0.92, ""evidence"": [{""type"": ""morphological_parse"", ""source"": ""candidate_index"", ""path"": [""arreglatelas"", ""arreglatel"", ""arreglatel""], ""confidence"": 0.92}]}]}"
es	lemma:15bec38d5773f30a0fac	regulatorias	accepted	accepted	regular	aggregate_only_not_sense_frequency	"[{""path"": ""associativvordes/family-index-v5/members/es/1e.json.gz"", ""family_id"": ""surface:es:regulatori"", ""record_sha256"": ""2a4e1486ad3c2d230ad6173bf84d28b30c4394351fdf5f3574729a4b32b95784""}, {""path"": ""associativvordes/family-index-v5/members/es/40.json.gz"", ""family_id"": ""family:regul"", ""record_sha256"": ""638cbc45ec42ca90026d1c828fc64f1c6d5d94aa4c19502db9a6474d267f86eb""}]"	"{""lemma_id"": ""lemma:15bec38d5773f30a0fac"", ""word"": ""regulatorias"", ""normalized"": ""regulatorias"", ""search_form"": ""regulatorias"", ""rank"": 176279, ""frequency_score"": 0.3350386030823529, ""category_breakdown"": {""subtitles"": {""ipm_values"": [0.019644, 0.018966], ""category_ipm"": 0.019305, ""category_score"": 0.3350386030823529}}, ""sources"": [{""id"": ""subtitles/hermit_2016_es_full_lemmatized_ipm6_spacy_lookup_cleaned_v8.json"", ""file"": ""hermit_2016_es_full_lemmatized_ipm6_spacy_lookup_cleaned_v8.json"", ""category"": ""subtitles"", ""ipm"": 0.019644}, {""id"": ""subtitles/hermit_2018_es_full_lemmatized_ipm6_spacy_lookup_cleaned_v8.json"", ""file"": ""hermit_2018_es_full_lemmatized_ipm6_spacy_lookup_cleaned_v8.json"", ""category"": ""subtitles"", ""ipm"": 0.018966}], ""corpus_quality"": {""status"": ""accepted"", ""reasons"": []}, ""components"": [{""surface"": ""regulatori"", ""canonical_candidate"": ""regulatori"", ""confidence"": 0.92, ""evidence"": [{""type"": ""morphological_parse"", ""source"": ""candidate_index"", ""path"": [""regulatorias"", ""regulatori"", ""regulatori""], ""confidence"": 0.92}]}]}"
es	lemma:15d25d64a0ee46482452	arreglandoselas	uncertain	not_admitted_candidate		aggregate_only_not_sense_frequency	"[{""path"": ""associativvordes/family-index-v5/members/es/bd.json.gz"", ""family_id"": ""surface:es:arreglandosel"", ""record_sha256"": ""e01205bebc9a6d457e109fb24378fbc947a20395905a960d47fbc46402179724""}]"	"{""lemma_id"": ""lemma:15d25d64a0ee46482452"", ""word"": ""arreglandoselas"", ""normalized"": ""arreglandoselas"", ""search_form"": ""arreglandoselas"", ""rank"": 338684, ""frequency_score"": 0.06600356668229963, ""category_breakdown"": {""subtitles"": {""ipm_values"": [0.002806, 0.004742], ""category_ipm"": 0.0037739999999999996, ""category_score"": 0.06600356668229963}}, ""sources"": [{""id"": ""subtitles/hermit_2016_es_full_lemmatized_ipm6_spacy_lookup_cleaned_v8.json"", ""file"": ""hermit_2016_es_full_lemmatized_ipm6_spacy_lookup_cleaned_v8.json"", ""category"": ""subtitles"", ""ipm"": 0.002806}, {""id"": ""subtitles/hermit_2018_es_full_lemmatized_ipm6_spacy_lookup_cleaned_v8.json"", ""file"": ""hermit_2018_es_full_lemmatized_ipm6_spacy_lookup_cleaned_v8.json"", ""category"": ""subtitles"", ""ipm"": 0.004742}], ""corpus_quality"": {""status"": ""accepted"", ""reasons"": []}, ""components"": [{""surface"": ""arreglandosel"", ""canonical_candidate"": ""arreglandosel"", ""confidence"": 0.92, ""evidence"": [{""type"": ""morphological_parse"", ""source"": ""candidate_index"", ""path"": [""arreglandoselas"", ""arreglandosel"", ""arreglandosel""], ""confidence"": 0.92}]}]}"
es	lemma:1714aab3411f75084b7a	arreglaproblemas	uncertain	not_admitted_candidate		aggregate_only_not_sense_frequency	"[{""path"": ""associativvordes/family-index-v5/members/es/67.json.gz"", ""family_id"": ""surface:es:arreglaproblem"", ""record_sha256"": ""39d91218ebf9901d34658f8c992f4bbaf74675ae8002a1d50aab7c99c923ddc2""}, {""path"": ""associativvordes/family-index-v5/members/es/db.json.gz"", ""family_id"": ""surface:es:problemas"", ""record_sha256"": ""7921bb1f6032c4782893d36ca0d3d8dd90bc63948b270ee795c14523aa97f541""}]"	"{""lemma_id"": ""lemma:1714aab3411f75084b7a"", ""word"": ""arreglaproblemas"", ""normalized"": ""arreglaproblemas"", ""search_form"": ""arreglaproblemas"", ""rank"": 338685, ""frequency_score"": 0.08289295136015089, ""category_breakdown"": {""subtitles"": {""ipm_values"": [0.004742], ""category_ipm"": 0.004742, ""category_score"": 0.08289295136015089}}, ""sources"": [{""id"": ""subtitles/hermit_2018_es_full_lemmatized_ipm6_spacy_lookup_cleaned_v8.json"", ""file"": ""hermit_2018_es_full_lemmatized_ipm6_spacy_lookup_cleaned_v8.json"", ""category"": ""subtitles"", ""ipm"": 0.004742}], ""corpus_quality"": {""status"": ""accepted"", ""reasons"": []}, ""components"": [{""surface"": ""arreglaproblem"", ""canonical_candidate"": ""arreglaproblem"", ""confidence"": 0.92, ""evidence"": [{""type"": ""morphological_parse"", ""source"": ""candidate_index"", ""path"": [""arreglaproblemas"", ""arreglaproblem"", ""arreglaproblem""], ""confidence"": 0.92}]}]}"
es	lemma:174e278c0e42d0c0ac35	breglio	uncertain	not_admitted_candidate		aggregate_only_not_sense_frequency	"[{""path"": ""associativvordes/family-index-v5/members/es/0b.json.gz"", ""family_id"": ""surface:es:bregli"", ""record_sha256"": ""6a3a498956e51cdf0f4bc2b515e829e90c22e602711f1b988937cdbc65f5472a""}]"	"{""lemma_id"": ""lemma:174e278c0e42d0c0ac35"", ""word"": ""breglio"", ""normalized"": ""breglio"", ""search_form"": ""breglio"", ""rank"": 453627, ""frequency_score"": 0.04529710280721981, ""category_breakdown"": {""subtitles"": {""ipm_values"": [0.002806, 0.002371], ""category_ipm"": 0.0025884999999999997, ""category_score"": 0.04529710280721981}}, ""sources"": [{""id"": ""subtitles/hermit_2016_es_full_lemmatized_ipm6_spacy_lookup_cleaned_v8.json"", ""file"": ""hermit_2016_es_full_lemmatized_ipm6_spacy_lookup_cleaned_v8.json"", ""category"": ""subtitles"", ""ipm"": 0.002806}, {""id"": ""subtitles/hermit_2018_es_full_lemmatized_ipm6_spacy_lookup_cleaned_v8.json"", ""file"": ""hermit_2018_es_full_lemmatized_ipm6_spacy_lookup_cleaned_v8.json"", ""category"": ""subtitles"", ""ipm"": 0.002371}], ""corpus_quality"": {""status"": ""accepted"", ""reasons"": []}, ""components"": [{""surface"": ""bregli"", ""canonical_candidate"": ""bregli"", ""confidence"": 0.92, ""evidence"": [{""type"": ""morphological_parse"", ""source"": ""candidate_index"", ""path"": [""breglio"", ""bregli"", ""bregli""], ""confidence"": 0.92}]}]}"
es	lemma:175aadb1225bab3203ed	arreglarel	uncertain	not_admitted_candidate		aggregate_only_not_sense_frequency	"[{""path"": ""associativvordes/family-index-v5/members/es/0f.json.gz"", ""family_id"": ""surface:es:arreglarel"", ""record_sha256"": ""e16ba38026280311e43a852708836876640c4ca813d915f82a0523fce3c28709""}]"	"{""lemma_id"": ""lemma:175aadb1225bab3203ed"", ""word"": ""arreglarel"", ""normalized"": ""arreglarel"", ""search_form"": ""arreglarel"", ""rank"": 338686, ""frequency_score"": 0.08289295136015089, ""category_breakdown"": {""subtitles"": {""ipm_values"": [0.004742], ""category_ipm"": 0.004742, ""category_score"": 0.08289295136015089}}, ""sources"": [{""id"": ""subtitles/hermit_2018_es_full_lemmatized_ipm6_spacy_lookup_cleaned_v8.json"", ""file"": ""hermit_2018_es_full_lemmatized_ipm6_spacy_lookup_cleaned_v8.json"", ""category"": ""subtitles"", ""ipm"": 0.004742}], ""corpus_quality"": {""status"": ""accepted"", ""reasons"": []}, ""components"": [{""surface"": ""arreglarel"", ""canonical_candidate"": ""arreglarel"", ""confidence"": 0.92, ""evidence"": [{""type"": ""morphological_parse"", ""source"": ""candidate_index"", ""path"": [""arreglarel"", ""arreglarel"", ""arreglarel""], ""confidence"": 0.92}]}]}"
es	lemma:18efd9448dbdbecf385b	regulating	uncertain	withheld_historical_uncertain		aggregate_only_not_sense_frequency	"[{""path"": ""associativvordes/family-index-v5/members/es/03.json.gz"", ""family_id"": ""surface:es:ating"", ""record_sha256"": ""d3c5fd9c63f1339e3fde1e60f156cfbd1128f495f4bb9c419d31a2f6d8074cd8""}, {""path"": ""associativvordes/family-index-v5/members/es/1e.json.gz"", ""family_id"": ""surface:es:regulat"", ""record_sha256"": ""431baea95b70cf85e0675beee8f81f10965ec08fb76e8cdb3c87aaa5540b77bc""}, {""path"": ""associativvordes/family-index-v5/members/es/40.json.gz"", ""family_id"": ""family:regul"", ""record_sha256"": ""a224beffea5d0ea9a25e0625138cc6a10224764fd89d10b94497e09d53116e73""}]"	"{""lemma_id"": ""lemma:18efd9448dbdbecf385b"", ""word"": ""regulating"", ""normalized"": ""regulating"", ""search_form"": ""regulating"", ""rank"": 692068, ""frequency_score"": 0.04909788668913623, ""category_breakdown"": {""subtitles"": {""ipm_values"": [0.002806], ""category_ipm"": 0.002806, ""category_score"": 0.04909788668913623}}, ""sources"": [{""id"": ""subtitles/hermit_2016_es_full_lemmatized_ipm6_spacy_lookup_cleaned_v8.json"", ""file"": ""hermit_2016_es_full_lemmatized_ipm6_spacy_lookup_cleaned_v8.json"", ""category"": ""subtitles"", ""ipm"": 0.002806}], ""corpus_quality"": {""status"": ""accepted"", ""reasons"": []}, ""components"": [{""surface"": ""ating"", ""canonical_candidate"": ""ating"", ""confidence"": 0.89, ""evidence"": [{""type"": ""compound_morphology"", ""source"": ""candidate_index"", ""path"": [""regulating"", ""ating"", ""ating""], ""confidence"": 0.89}]}]}"
es	lemma:190f8243bbb86331dbdc	preglacial	uncertain	not_admitted_candidate		aggregate_only_not_sense_frequency	"[{""path"": ""associativvordes/family-index-v5/members/es/9d.json.gz"", ""family_id"": ""surface:es:preglaci"", ""record_sha256"": ""3816fa6d0669f036115c896394181f0e246de9dd2ca97a8f63da70a557461604""}, {""path"": ""associativvordes/family-index-v5/members/es/bf.json.gz"", ""family_id"": ""surface:es:glacial"", ""record_sha256"": ""aaa7e13ef1a7ac04ad5013fde363b49a9e447044464a60929dcb081a64482abc""}]"	"{""lemma_id"": ""lemma:190f8243bbb86331dbdc"", ""word"": ""preglacial"", ""normalized"": ""preglacial"", ""search_form"": ""preglacial"", ""rank"": 674412, ""frequency_score"": 0.04529710280721981, ""category_breakdown"": {""subtitles"": {""ipm_values"": [0.002806, 0.002371], ""category_ipm"": 0.0025884999999999997, ""category_score"": 0.04529710280721981}}, ""sources"": [{""id"": ""subtitles/hermit_2016_es_full_lemmatized_ipm6_spacy_lookup_cleaned_v8.json"", ""file"": ""hermit_2016_es_full_lemmatized_ipm6_spacy_lookup_cleaned_v8.json"", ""category"": ""subtitles"", ""ipm"": 0.002806}, {""id"": ""subtitles/hermit_2018_es_full_lemmatized_ipm6_spacy_lookup_cleaned_v8.json"", ""file"": ""hermit_2018_es_full_lemmatized_ipm6_spacy_lookup_cleaned_v8.json"", ""category"": ""subtitles"", ""ipm"": 0.002371}], ""corpus_quality"": {""status"": ""accepted"", ""reasons"": []}, ""components"": [{""surface"": ""preglaci"", ""canonical_candidate"": ""preglaci"", ""confidence"": 0.92, ""evidence"": [{""type"": ""morphological_parse"", ""source"": ""candidate_index"", ""path"": [""preglacial"", ""preglaci"", ""preglaci""], ""confidence"": 0.92}]}]}"
es	lemma:1914e03207fa285a7b9d	prearreglar	uncertain	not_admitted_candidate		aggregate_only_not_sense_frequency	"[{""path"": ""associativvordes/family-index-v5/members/es/26.json.gz"", ""family_id"": ""surface:es:arreglar"", ""record_sha256"": ""a0633ffd905a14307731f3db1f5ef2aca2f4fe06ef8226da8e56568e54aacd45""}, {""path"": ""associativvordes/family-index-v5/members/es/56.json.gz"", ""family_id"": ""surface:es:prear"", ""record_sha256"": ""dbeb0295764dbe9cc347d106ff1157c85f3fde2627e3f12da32880ba38048cb7""}]"	"{""lemma_id"": ""lemma:1914e03207fa285a7b9d"", ""word"": ""prearreglar"", ""normalized"": ""prearreglar"", ""search_form"": ""prearreglar"", ""rank"": 673802, ""frequency_score"": 0.04529710280721981, ""category_breakdown"": {""subtitles"": {""ipm_values"": [0.002806, 0.002371], ""category_ipm"": 0.0025884999999999997, ""category_score"": 0.04529710280721981}}, ""sources"": [{""id"": ""subtitles/hermit_2016_es_full_lemmatized_ipm6_spacy_lookup_cleaned_v8.json"", ""file"": ""hermit_2016_es_full_lemmatized_ipm6_spacy_lookup_cleaned_v8.json"", ""category"": ""subtitles"", ""ipm"": 0.002806}, {""id"": ""subtitles/hermit_2018_es_full_lemmatized_ipm6_spacy_lookup_cleaned_v8.json"", ""file"": ""hermit_2018_es_full_lemmatized_ipm6_spacy_lookup_cleaned_v8.json"", ""category"": ""subtitles"", ""ipm"": 0.002371}], ""corpus_quality"": {""status"": ""accepted"", ""reasons"": []}, ""components"": [{""surface"": ""arreglar"", ""canonical_candidate"": ""arreglar"", ""confidence"": 0.89, ""evidence"": [{""type"": ""compound_morphology"", ""source"": ""candidate_index"", ""path"": [""prearreglar"", ""arreglar"", ""arreglar""], ""confidence"": 0.89}]}]}"
es	lemma:193e033b5f23d9e5f324	arreglandote	uncertain	not_admitted_candidate		aggregate_only_not_sense_frequency	"[{""path"": ""associativvordes/family-index-v5/members/es/fa.json.gz"", ""family_id"": ""surface:es:arregland"", ""record_sha256"": ""5d2947e94f2ca664d9e5f2b24601c63190fa6ea46ecdbdae6af53c03bd86a422""}]"	"{""lemma_id"": ""lemma:193e033b5f23d9e5f324"", ""word"": ""arreglandote"", ""normalized"": ""arreglandote"", ""search_form"": ""arreglandote"", ""rank"": 242581, ""frequency_score"": 0.13175074215357438, ""category_breakdown"": {""subtitles"": {""ipm_values"": [0.005612, 0.009483], ""category_ipm"": 0.0075475, ""category_score"": 0.13175074215357438}}, ""sources"": [{""id"": ""subtitles/hermit_2016_es_full_lemmatized_ipm6_spacy_lookup_cleaned_v8.json"", ""file"": ""hermit_2016_es_full_lemmatized_ipm6_spacy_lookup_cleaned_v8.json"", ""category"": ""subtitles"", ""ipm"": 0.005612}, {""id"": ""subtitles/hermit_2018_es_full_lemmatized_ipm6_spacy_lookup_cleaned_v8.json"", ""file"": ""hermit_2018_es_full_lemmatized_ipm6_spacy_lookup_cleaned_v8.json"", ""category"": ""subtitles"", ""ipm"": 0.009483}], ""corpus_quality"": {""status"": ""accepted"", ""reasons"": []}, ""components"": [{""surface"": ""arregland"", ""canonical_candidate"": ""arregland"", ""confidence"": 0.81, ""evidence"": [{""type"": ""compound_morphology"", ""source"": ""candidate_index"", ""path"": [""arreglandote"", ""arregland"", ""arregland""], ""confidence"": 0.81}]}]}"
es	lemma:19729f93e10324b6986c	arréglele	uncertain	not_admitted_candidate		aggregate_only_not_sense_frequency	"[{""path"": ""associativvordes/family-index-v5/members/es/7c.json.gz"", ""family_id"": ""surface:es:ele"", ""record_sha256"": ""10cd632cb9235fba28118f907092714cf6512167c916754974155181119f07c4""}, {""path"": ""associativvordes/family-index-v5/members/es/b1.json.gz"", ""family_id"": ""surface:es:arregl"", ""record_sha256"": ""6c89a9ac16d3aade6d413330c5e384665898858d3658869631ac017b06dd0b2f""}]"	"{""lemma_id"": ""lemma:19729f93e10324b6986c"", ""word"": ""arréglele"", ""normalized"": ""arréglele"", ""search_form"": ""arreglele"", ""rank"": 242632, ""frequency_score"": 0.15614166969400384, ""category_breakdown"": {""subtitles"": {""ipm_values"": [0.008419, 0.009483], ""category_ipm"": 0.008951, ""category_score"": 0.15614166969400384}}, ""sources"": [{""id"": ""subtitles/hermit_2016_es_full_lemmatized_ipm6_spacy_lookup_cleaned_v8.json"", ""file"": ""hermit_2016_es_full_lemmatized_ipm6_spacy_lookup_cleaned_v8.json"", ""category"": ""subtitles"", ""ipm"": 0.008419}, {""id"": ""subtitles/hermit_2018_es_full_lemmatized_ipm6_spacy_lookup_cleaned_v8.json"", ""file"": ""hermit_2018_es_full_lemmatized_ipm6_spacy_lookup_cleaned_v8.json"", ""category"": ""subtitles"", ""ipm"": 0.009483}], ""corpus_quality"": {""status"": ""accepted"", ""reasons"": []}, ""components"": [{""surface"": ""ele"", ""canonical_candidate"": ""ele"", ""confidence"": 0.89, ""evidence"": [{""type"": ""compound_morphology"", ""source"": ""candidate_index"", ""path"": [""arreglele"", ""ele"", ""ele""], ""confidence"": 0.89}]}]}"
es	lemma:1a3805f30d95311ba763	erreglando	uncertain	not_admitted_candidate		aggregate_only_not_sense_frequency	"[{""path"": ""associativvordes/family-index-v5/members/es/6e.json.gz"", ""family_id"": ""surface:es:erregland"", ""record_sha256"": ""e5f6014373846bdbb972c092557e4377f4d2c92380e4e52b24b0a0bd83a92093""}]"	"{""lemma_id"": ""lemma:1a3805f30d95311ba763"", ""word"": ""erreglando"", ""normalized"": ""erreglando"", ""search_form"": ""erreglando"", ""rank"": 526659, ""frequency_score"": 0.04909788668913623, ""category_breakdown"": {""subtitles"": {""ipm_values"": [0.002806], ""category_ipm"": 0.002806, ""category_score"": 0.04909788668913623}}, ""sources"": [{""id"": ""subtitles/hermit_2016_es_full_lemmatized_ipm6_spacy_lookup_cleaned_v8.json"", ""file"": ""hermit_2016_es_full_lemmatized_ipm6_spacy_lookup_cleaned_v8.json"", ""category"": ""subtitles"", ""ipm"": 0.002806}], ""corpus_quality"": {""status"": ""accepted"", ""reasons"": []}, ""components"": [{""surface"": ""erregland"", ""canonical_candidate"": ""erregland"", ""confidence"": 0.92, ""evidence"": [{""type"": ""morphological_parse"", ""source"": ""candidate_index"", ""path"": [""erreglando"", ""erregland"", ""erregland""], ""confidence"": 0.92}]}]}"
es	lemma:1c3a6817500fb6b08d7f	arreglárseñas	uncertain	not_admitted_candidate		aggregate_only_not_sense_frequency	"[{""path"": ""associativvordes/family-index-v5/members/es/52.json.gz"", ""family_id"": ""surface:es:senas"", ""record_sha256"": ""54da66a021165d7f0837aedf28c3d2416e97d511bad874c88d973b714c03f4f6""}, {""path"": ""associativvordes/family-index-v5/members/es/d0.json.gz"", ""family_id"": ""surface:es:arreglarsen"", ""record_sha256"": ""44341e16eba58129ad09903361ece995c4c0d1c5a9cde063619701b71296c68e""}]"	"{""lemma_id"": ""lemma:1c3a6817500fb6b08d7f"", ""word"": ""arreglárseñas"", ""normalized"": ""arreglárseñas"", ""search_form"": ""arreglarsenas"", ""rank"": 431937, ""frequency_score"": 0.04529710280721981, ""category_breakdown"": {""subtitles"": {""ipm_values"": [0.002806, 0.002371], ""category_ipm"": 0.0025884999999999997, ""category_score"": 0.04529710280721981}}, ""sources"": [{""id"": ""subtitles/hermit_2016_es_full_lemmatized_ipm6_spacy_lookup_cleaned_v8.json"", ""file"": ""hermit_2016_es_full_lemmatized_ipm6_spacy_lookup_cleaned_v8.json"", ""category"": ""subtitles"", ""ipm"": 0.002806}, {""id"": ""subtitles/hermit_2018_es_full_lemmatized_ipm6_spacy_lookup_cleaned_v8.json"", ""file"": ""hermit_2018_es_full_lemmatized_ipm6_spacy_lookup_cleaned_v8.json"", ""category"": ""subtitles"", ""ipm"": 0.002371}], ""corpus_quality"": {""status"": ""accepted"", ""reasons"": []}, ""components"": [{""surface"": ""senas"", ""canonical_candidate"": ""senas"", ""confidence"": 0.89, ""evidence"": [{""type"": ""compound_morphology"", ""source"": ""candidate_index"", ""path"": [""arreglarsenas"", ""senas"", ""senas""], ""confidence"": 0.89}]}]}"
es	lemma:1d26411d8c0f8f4eadc1	arreglemonos	uncertain	not_admitted_candidate		aggregate_only_not_sense_frequency	"[{""path"": ""associativvordes/family-index-v5/members/es/de.json.gz"", ""family_id"": ""surface:es:arreglemon"", ""record_sha256"": ""c80c200f505101ccaba2db045b2e87e1be9dc00fc5bb53f871917852a84eacd4""}]"	"{""lemma_id"": ""lemma:1d26411d8c0f8f4eadc1"", ""word"": ""arreglemonos"", ""normalized"": ""arreglemonos"", ""search_form"": ""arreglemonos"", ""rank"": 471505, ""frequency_score"": 0.041495494299664135, ""category_breakdown"": {""subtitles"": {""ipm_values"": [0.002371], ""category_ipm"": 0.002371, ""category_score"": 0.041495494299664135}}, ""sources"": [{""id"": ""subtitles/hermit_2018_es_full_lemmatized_ipm6_spacy_lookup_cleaned_v8.json"", ""file"": ""hermit_2018_es_full_lemmatized_ipm6_spacy_lookup_cleaned_v8.json"", ""category"": ""subtitles"", ""ipm"": 0.002371}], ""corpus_quality"": {""status"": ""accepted"", ""reasons"": []}, ""components"": [{""surface"": ""arreglemon"", ""canonical_candidate"": ""arreglemon"", ""confidence"": 0.92, ""evidence"": [{""type"": ""morphological_parse"", ""source"": ""candidate_index"", ""path"": [""arreglemonos"", ""arreglemon"", ""arreglemon""], ""confidence"": 0.92}]}]}"
es	lemma:1dcc5ac5c8698315ed01	regular	accepted	accepted	regular	aggregate_only_not_sense_frequency	"[{""path"": ""associativvordes/family-index-v5/members/es/40.json.gz"", ""family_id"": ""family:regul"", ""record_sha256"": ""8218e6c7646f4c911703eb8611411e12828370690e0e8559a248da6f736d85ef""}]"	"{""lemma_id"": ""lemma:1dcc5ac5c8698315ed01"", ""word"": ""regular"", ""normalized"": ""regular"", ""search_form"": ""regular"", ""rank"": 1961, ""frequency_score"": 52.530537308230436, ""category_breakdown"": {""subtitles"": {""ipm_values"": [13.514853, 13.451735], ""category_ipm"": 13.483294, ""category_score"": 46.83623976541434}, ""mixed"": {""ipm_values"": [52.139217], ""category_ipm"": 52.139217, ""category_score"": 69.61342993667871}}, ""sources"": [{""id"": ""mixed/es_wordlist.lemmatized_stanza_ipm6.json"", ""file"": ""es_wordlist.lemmatized_stanza_ipm6.json"", ""category"": ""mixed"", ""ipm"": 52.139217}, {""id"": ""subtitles/hermit_2016_es_full_lemmatized_ipm6_spacy_lookup_cleaned_v8.json"", ""file"": ""hermit_2016_es_full_lemmatized_ipm6_spacy_lookup_cleaned_v8.json"", ""category"": ""subtitles"", ""ipm"": 13.514853}, {""id"": ""subtitles/hermit_2018_es_full_lemmatized_ipm6_spacy_lookup_cleaned_v8.json"", ""file"": ""hermit_2018_es_full_lemmatized_ipm6_spacy_lookup_cleaned_v8.json"", ""category"": ""subtitles"", ""ipm"": 13.451735}], ""corpus_quality"": {""status"": ""accepted"", ""reasons"": []}, ""components"": [{""surface"": ""regular"", ""canonical_candidate"": ""regul"", ""confidence"": 1, ""evidence"": [{""type"": ""manual_override"", ""source"": ""methodology_control_word"", ""path"": [""es"", ""regular"", ""family:regul""], ""confidence"": 1}]}]}"
es	lemma:1e2d4367938edab17c50	miofiicinasupervisayregula	uncertain	withheld_historical_uncertain		aggregate_only_not_sense_frequency	"[{""path"": ""associativvordes/family-index-v5/members/es/40.json.gz"", ""family_id"": ""family:regul"", ""record_sha256"": ""8285dfa742872592cd111823e0eaa9bbacbb4841a3d5817c5b7f81e4d874e4a6""}, {""path"": ""associativvordes/family-index-v5/members/es/5e.json.gz"", ""family_id"": ""surface:es:regula"", ""record_sha256"": ""c82f43d6e134e05d1eeb026d55b80f4c87d1353fbbee978bb8886378c866b904""}, {""path"": ""associativvordes/family-index-v5/members/es/c8.json.gz"", ""family_id"": ""surface:es:miofiicinasupervisayregul"", ""record_sha256"": ""d27e9a17f22277862c34e40dd0507cb8f378f6816b3049937f635ef529a0e30b""}]"	"{""lemma_id"": ""lemma:1e2d4367938edab17c50"", ""word"": ""miofiicinasupervisayregula"", ""normalized"": ""miofiicinasupervisayregula"", ""search_form"": ""miofiicinasupervisayregula"", ""rank"": 630127, ""frequency_score"": 0.04529710280721981, ""category_breakdown"": {""subtitles"": {""ipm_values"": [0.002806, 0.002371], ""category_ipm"": 0.0025884999999999997, ""category_score"": 0.04529710280721981}}, ""sources"": [{""id"": ""subtitles/hermit_2016_es_full_lemmatized_ipm6_spacy_lookup_cleaned_v8.json"", ""file"": ""hermit_2016_es_full_lemmatized_ipm6_spacy_lookup_cleaned_v8.json"", ""category"": ""subtitles"", ""ipm"": 0.002806}, {""id"": ""subtitles/hermit_2018_es_full_lemmatized_ipm6_spacy_lookup_cleaned_v8.json"", ""file"": ""hermit_2018_es_full_lemmatized_ipm6_spacy_lookup_cleaned_v8.json"", ""category"": ""subtitles"", ""ipm"": 0.002371}], ""corpus_quality"": {""status"": ""accepted"", ""reasons"": []}, ""components"": [{""surface"": ""regul"", ""canonical_candidate"": ""regul"", ""confidence"": 1, ""evidence"": [{""type"": ""compound_morphology"", ""source"": ""manually_verified"", ""path"": [""miofiicinasupervisayregula"", ""regul"", ""regul""], ""confidence"": 1}, {""type"": ""verified_seed_alias"", ""source"": ""methodology_control_seed"", ""path"": [""es"", ""regul"", ""family:regul""], ""confidence"": 1}]}]}"
es	lemma:1ed84128b496c43446c3	irregularidadades	uncertain	not_admitted_candidate		aggregate_only_not_sense_frequency	"[{""path"": ""associativvordes/family-index-v5/members/es/18.json.gz"", ""family_id"": ""surface:es:irregularidadad"", ""record_sha256"": ""767c84d1c25b9f6ff8f10570bed52cdb31818717415bc0e3b51c1a64a3291d7c""}, {""path"": ""associativvordes/family-index-v5/members/es/91.json.gz"", ""family_id"": ""surface:es:ades"", ""record_sha256"": ""031d5fc994e2b3bf2445efd4244758a4e1c31dad6f6586b0d1c78965bfaa3cda""}]"	"{""lemma_id"": ""lemma:1ed84128b496c43446c3"", ""word"": ""irregularidadades"", ""normalized"": ""irregularidadades"", ""search_form"": ""irregularidadades"", ""rank"": 584655, ""frequency_score"": 0.04529710280721981, ""category_breakdown"": {""subtitles"": {""ipm_values"": [0.002806, 0.002371], ""category_ipm"": 0.0025884999999999997, ""category_score"": 0.04529710280721981}}, ""sources"": [{""id"": ""subtitles/hermit_2016_es_full_lemmatized_ipm6_spacy_lookup_cleaned_v8.json"", ""file"": ""hermit_2016_es_full_lemmatized_ipm6_spacy_lookup_cleaned_v8.json"", ""category"": ""subtitles"", ""ipm"": 0.002806}, {""id"": ""subtitles/hermit_2018_es_full_lemmatized_ipm6_spacy_lookup_cleaned_v8.json"", ""file"": ""hermit_2018_es_full_lemmatized_ipm6_spacy_lookup_cleaned_v8.json"", ""category"": ""subtitles"", ""ipm"": 0.002371}], ""corpus_quality"": {""status"": ""accepted"", ""reasons"": []}, ""components"": [{""surface"": ""irregularidadad"", ""canonical_candidate"": ""irregularidadad"", ""confidence"": 0.92, ""evidence"": [{""type"": ""morphological_parse"", ""source"": ""candidate_index"", ""path"": [""irregularidadades"", ""irregularidadad"", ""irregularidadad""], ""confidence"": 0.92}]}]}"
es	lemma:1f60698ae432714412c7	arregladita	uncertain	not_admitted_candidate		aggregate_only_not_sense_frequency	"[{""path"": ""associativvordes/family-index-v5/members/es/a1.json.gz"", ""family_id"": ""surface:es:arregladit"", ""record_sha256"": ""e6487764771f73fe892b07f24a9ca1971ea66ab4a2c6d40dec7cc6005bf02a20""}]"	"{""lemma_id"": ""lemma:1f60698ae432714412c7"", ""word"": ""arregladita"", ""normalized"": ""arregladita"", ""search_form"": ""arregladita"", ""rank"": 125894, ""frequency_score"": 0.5524290742905883, ""category_breakdown"": {""subtitles"": {""ipm_values"": [0.030869, 0.033191], ""category_ipm"": 0.03203, ""category_score"": 0.5524290742905883}}, ""sources"": [{""id"": ""subtitles/hermit_2016_es_full_lemmatized_ipm6_spacy_lookup_cleaned_v8.json"", ""file"": ""hermit_2016_es_full_lemmatized_ipm6_spacy_lookup_cleaned_v8.json"", ""category"": ""subtitles"", ""ipm"": 0.030869}, {""id"": ""subtitles/hermit_2018_es_full_lemmatized_ipm6_spacy_lookup_cleaned_v8.json"", ""file"": ""hermit_2018_es_full_lemmatized_ipm6_spacy_lookup_cleaned_v8.json"", ""category"": ""subtitles"", ""ipm"": 0.033191}], ""corpus_quality"": {""status"": ""accepted"", ""reasons"": []}, ""components"": [{""surface"": ""arregladit"", ""canonical_candidate"": ""arregladit"", ""confidence"": 0.92, ""evidence"": [{""type"": ""morphological_parse"", ""source"": ""candidate_index"", ""path"": [""arregladita"", ""arregladit"", ""arregladit""], ""confidence"": 0.92}]}]}"
es	lemma:2026c6ab14f837e9653d	osmorregulación	accepted	accepted	regular	aggregate_only_not_sense_frequency	"[{""path"": ""associativvordes/family-index-v5/members/es/40.json.gz"", ""family_id"": ""family:regul"", ""record_sha256"": ""4e2b1c2b7274b46bf8ae21a7a1bca557369046efc9cf342bbbb33332ac1f67ab""}, {""path"": ""associativvordes/family-index-v5/members/es/63.json.gz"", ""family_id"": ""surface:es:regulacion"", ""record_sha256"": ""9ad0ac0c88442536d44366e4364fc7c7261d52affc7f1f2f14d5860bd9395603""}, {""path"": ""associativvordes/family-index-v5/members/es/73.json.gz"", ""family_id"": ""surface:es:osmorregulac"", ""record_sha256"": ""fb43a70239bab7a75746b09fcd160f23b18c7c254964586ea152e00018ba28e4""}]"	"{""lemma_id"": ""lemma:2026c6ab14f837e9653d"", ""word"": ""osmorregulación"", ""normalized"": ""osmorregulación"", ""search_form"": ""osmorregulacion"", ""rank"": 713429, ""frequency_score"": 0.041495494299664135, ""category_breakdown"": {""subtitles"": {""ipm_values"": [0.002371], ""category_ipm"": 0.002371, ""category_score"": 0.041495494299664135}}, ""sources"": [{""id"": ""subtitles/hermit_2018_es_full_lemmatized_ipm6_spacy_lookup_cleaned_v8.json"", ""file"": ""hermit_2018_es_full_lemmatized_ipm6_spacy_lookup_cleaned_v8.json"", ""category"": ""subtitles"", ""ipm"": 0.002371}], ""corpus_quality"": {""status"": ""accepted"", ""reasons"": []}, ""components"": [{""surface"": ""regul"", ""canonical_candidate"": ""regul"", ""confidence"": 1, ""evidence"": [{""type"": ""compound_morphology"", ""source"": ""manually_verified"", ""path"": [""osmorregulacion"", ""regul"", ""regul""], ""confidence"": 1}, {""type"": ""verified_seed_alias"", ""source"": ""methodology_control_seed"", ""path"": [""es"", ""regul"", ""family:regul""], ""confidence"": 1}]}]}"
es	lemma:20b7a54628f03e1169c1	areglate	uncertain	not_admitted_candidate		aggregate_only_not_sense_frequency	"[{""path"": ""associativvordes/family-index-v5/members/es/21.json.gz"", ""family_id"": ""surface:es:aregl"", ""record_sha256"": ""cd49c9154bb9ecb4289d09152c28b29be45b3720675a445689bd0cd2e18eba70""}, {""path"": ""associativvordes/family-index-v5/members/es/84.json.gz"", ""family_id"": ""surface:es:late"", ""record_sha256"": ""63abae3c06ce60e1adf25586b85da7744413ab4cb92c6d93a1a9702225ae1da5""}]"	"{""lemma_id"": ""lemma:20b7a54628f03e1169c1"", ""word"": ""areglate"", ""normalized"": ""areglate"", ""search_form"": ""areglate"", ""rank"": 470134, ""frequency_score"": 0.041495494299664135, ""category_breakdown"": {""subtitles"": {""ipm_values"": [0.002371], ""category_ipm"": 0.002371, ""category_score"": 0.041495494299664135}}, ""sources"": [{""id"": ""subtitles/hermit_2018_es_full_lemmatized_ipm6_spacy_lookup_cleaned_v8.json"", ""file"": ""hermit_2018_es_full_lemmatized_ipm6_spacy_lookup_cleaned_v8.json"", ""category"": ""subtitles"", ""ipm"": 0.002371}], ""corpus_quality"": {""status"": ""accepted"", ""reasons"": []}, ""components"": [{""surface"": ""aregl"", ""canonical_candidate"": ""aregl"", ""confidence"": 0.81, ""evidence"": [{""type"": ""compound_morphology"", ""source"": ""candidate_index"", ""path"": [""areglate"", ""aregl"", ""aregl""], ""confidence"": 0.81}]}]}"
es	lemma:20cbc81af6b633918e0a	regularizacion	uncertain	withheld_historical_uncertain		aggregate_only_not_sense_frequency	"[{""path"": ""associativvordes/family-index-v5/members/es/40.json.gz"", ""family_id"": ""family:regul"", ""record_sha256"": ""30569d654c1137e6ddd899db9ddf37ddc500ad6b3ae04e386d0b5285db636f88""}, {""path"": ""associativvordes/family-index-v5/members/es/b3.json.gz"", ""family_id"": ""surface:es:regularizac"", ""record_sha256"": ""93c9765a3972578473590e8650dd80b4761fdbc5214d44eb3b154e0d840da053""}, {""path"": ""associativvordes/family-index-v5/members/es/cc.json.gz"", ""family_id"": ""surface:es:zacion"", ""record_sha256"": ""120070323b92cdeaac466a2b1055fc8a5d76b11877d6c2a23f36c7adee3d6e4a""}]"	"{""lemma_id"": ""lemma:20cbc81af6b633918e0a"", ""word"": ""regularizacion"", ""normalized"": ""regularizacion"", ""search_form"": ""regularizacion"", ""rank"": 420263, ""frequency_score"": 0.06600356668229963, ""category_breakdown"": {""subtitles"": {""ipm_values"": [0.002806, 0.004742], ""category_ipm"": 0.0037739999999999996, ""category_score"": 0.06600356668229963}}, ""sources"": [{""id"": ""subtitles/hermit_2016_es_full_lemmatized_ipm6_spacy_lookup_cleaned_v8.json"", ""file"": ""hermit_2016_es_full_lemmatized_ipm6_spacy_lookup_cleaned_v8.json"", ""category"": ""subtitles"", ""ipm"": 0.002806}, {""id"": ""subtitles/hermit_2018_es_full_lemmatized_ipm6_spacy_lookup_cleaned_v8.json"", ""file"": ""hermit_2018_es_full_lemmatized_ipm6_spacy_lookup_cleaned_v8.json"", ""category"": ""subtitles"", ""ipm"": 0.004742}], ""corpus_quality"": {""status"": ""accepted"", ""reasons"": []}, ""components"": [{""surface"": ""regul"", ""canonical_candidate"": ""regul"", ""confidence"": 0.97, ""evidence"": [{""type"": ""compound_morphology"", ""source"": ""manually_verified"", ""path"": [""regularizacion"", ""regul"", ""regul""], ""confidence"": 0.97}, {""type"": ""verified_seed_alias"", ""source"": ""methodology_control_seed"", ""path"": [""es"", ""regul"", ""family:regul""], ""confidence"": 1}]}]}"
es	lemma:2262d51362fe6f3275e5	regulándolo	accepted	accepted	regular	aggregate_only_not_sense_frequency	"[{""path"": ""associativvordes/family-index-v5/members/es/40.json.gz"", ""family_id"": ""family:regul"", ""record_sha256"": ""4711d55b0935e0b10b30f75d515a491371dd307541128362642173b55cf092e8""}, {""path"": ""associativvordes/family-index-v5/members/es/ff.json.gz"", ""family_id"": ""surface:es:regulandol"", ""record_sha256"": ""19d7eab64f75a90b15bf113db29b47297a937583c5bdd932b047e7bb2c4e5f18""}]"	"{""lemma_id"": ""lemma:2262d51362fe6f3275e5"", ""word"": ""regulándolo"", ""normalized"": ""regulándolo"", ""search_form"": ""regulandolo"", ""rank"": 755352, ""frequency_score"": 0.041495494299664135, ""category_breakdown"": {""subtitles"": {""ipm_values"": [0.002371], ""category_ipm"": 0.002371, ""category_score"": 0.041495494299664135}}, ""sources"": [{""id"": ""subtitles/hermit_2018_es_full_lemmatized_ipm6_spacy_lookup_cleaned_v8.json"", ""file"": ""hermit_2018_es_full_lemmatized_ipm6_spacy_lookup_cleaned_v8.json"", ""category"": ""subtitles"", ""ipm"": 0.002371}], ""corpus_quality"": {""status"": ""accepted"", ""reasons"": []}, ""components"": [{""surface"": ""regul"", ""canonical_candidate"": ""regul"", ""confidence"": 0.97, ""evidence"": [{""type"": ""compound_morphology"", ""source"": ""manually_verified"", ""path"": [""regulandolo"", ""regul"", ""regul""], ""confidence"": 0.97}, {""type"": ""verified_seed_alias"", ""source"": ""methodology_control_seed"", ""path"": [""es"", ""regul"", ""family:regul""], ""confidence"": 1}]}]}"
es	lemma:22be668142ca028502a7	deasarreglado	uncertain	not_admitted_candidate		aggregate_only_not_sense_frequency	"[{""path"": ""associativvordes/family-index-v5/members/es/02.json.gz"", ""family_id"": ""surface:es:lado"", ""record_sha256"": ""358858ab38435293145f3af405ecbd534ca6eb872bd8b7cbb526a98aa359b35b""}, {""path"": ""associativvordes/family-index-v5/members/es/ef.json.gz"", ""family_id"": ""surface:es:deasarreglad"", ""record_sha256"": ""2d60a6e915b1cd82698b29f1ad464afa7192a7300b50be6f6543a9345136c67d""}]"	"{""lemma_id"": ""lemma:22be668142ca028502a7"", ""word"": ""deasarreglado"", ""normalized"": ""deasarreglado"", ""search_form"": ""deasarreglado"", ""rank"": 491906, ""frequency_score"": 0.04909788668913623, ""category_breakdown"": {""subtitles"": {""ipm_values"": [0.002806], ""category_ipm"": 0.002806, ""category_score"": 0.04909788668913623}}, ""sources"": [{""id"": ""subtitles/hermit_2016_es_full_lemmatized_ipm6_spacy_lookup_cleaned_v8.json"", ""file"": ""hermit_2016_es_full_lemmatized_ipm6_spacy_lookup_cleaned_v8.json"", ""category"": ""subtitles"", ""ipm"": 0.002806}], ""corpus_quality"": {""status"": ""accepted"", ""reasons"": []}, ""components"": [{""surface"": ""lado"", ""canonical_candidate"": ""lado"", ""confidence"": 0.89, ""evidence"": [{""type"": ""compound_morphology"", ""source"": ""candidate_index"", ""path"": [""deasarreglado"", ""lado"", ""lado""], ""confidence"": 0.89}]}]}"
es	lemma:22eabb6c4e4d97390751	arréglelos	uncertain	not_admitted_candidate		aggregate_only_not_sense_frequency	"[{""path"": ""associativvordes/family-index-v5/members/es/70.json.gz"", ""family_id"": ""surface:es:arreglel"", ""record_sha256"": ""05cd23d8e2a0c8ac9c3e7284112560f3535df2a9495087e706c871a52fd031fc""}]"	"{""lemma_id"": ""lemma:22eabb6c4e4d97390751"", ""word"": ""arréglelos"", ""normalized"": ""arréglelos"", ""search_form"": ""arreglelos"", ""rank"": 180546, ""frequency_score"": 0.2700425905844662, ""category_breakdown"": {""subtitles"": {""ipm_values"": [0.016837, 0.014225], ""category_ipm"": 0.015531, ""category_score"": 0.2700425905844662}}, ""sources"": [{""id"": ""subtitles/hermit_2016_es_full_lemmatized_ipm6_spacy_lookup_cleaned_v8.json"", ""file"": ""hermit_2016_es_full_lemmatized_ipm6_spacy_lookup_cleaned_v8.json"", ""category"": ""subtitles"", ""ipm"": 0.016837}, {""id"": ""subtitles/hermit_2018_es_full_lemmatized_ipm6_spacy_lookup_cleaned_v8.json"", ""file"": ""hermit_2018_es_full_lemmatized_ipm6_spacy_lookup_cleaned_v8.json"", ""category"": ""subtitles"", ""ipm"": 0.014225}], ""corpus_quality"": {""status"": ""accepted"", ""reasons"": []}, ""components"": [{""surface"": ""arreglel"", ""canonical_candidate"": ""arreglel"", ""confidence"": 0.92, ""evidence"": [{""type"": ""morphological_parse"", ""source"": ""candidate_index"", ""path"": [""arreglelos"", ""arreglel"", ""arreglel""], ""confidence"": 0.92}]}]}"
es	lemma:23101a76186bc2e7242d	arreglarte	uncertain	not_admitted_candidate		aggregate_only_not_sense_frequency	"[{""path"": ""associativvordes/family-index-v5/members/es/70.json.gz"", ""family_id"": ""surface:es:arregla"", ""record_sha256"": ""acee7dad8d94f4dfe11626fa588da9ac2762ddedf6e7df7ec9c2eda1cc02b406""}]"	"{""lemma_id"": ""lemma:23101a76186bc2e7242d"", ""word"": ""arreglarte"", ""normalized"": ""arreglarte"", ""search_form"": ""arreglarte"", ""rank"": 12336, ""frequency_score"": 19.74824795741494, ""category_breakdown"": {""subtitles"": {""ipm_values"": [2.12713, 2.045972], ""category_ipm"": 2.086551, ""category_score"": 19.74824795741494}}, ""sources"": [{""id"": ""subtitles/hermit_2016_es_full_lemmatized_ipm6_spacy_lookup_cleaned_v8.json"", ""file"": ""hermit_2016_es_full_lemmatized_ipm6_spacy_lookup_cleaned_v8.json"", ""category"": ""subtitles"", ""ipm"": 2.12713}, {""id"": ""subtitles/hermit_2018_es_full_lemmatized_ipm6_spacy_lookup_cleaned_v8.json"", ""file"": ""hermit_2018_es_full_lemmatized_ipm6_spacy_lookup_cleaned_v8.json"", ""category"": ""subtitles"", ""ipm"": 2.045972}], ""corpus_quality"": {""status"": ""accepted"", ""reasons"": []}, ""components"": [{""surface"": ""arregla"", ""canonical_candidate"": ""arregla"", ""confidence"": 0.81, ""evidence"": [{""type"": ""compound_morphology"", ""source"": ""candidate_index"", ""path"": [""arreglarte"", ""arregla"", ""arregla""], ""confidence"": 0.81}]}]}"
es	lemma:23441ba24720c892e337	subregla	uncertain	not_admitted_candidate		aggregate_only_not_sense_frequency	"[{""path"": ""associativvordes/family-index-v5/members/es/81.json.gz"", ""family_id"": ""surface:es:regla"", ""record_sha256"": ""80d787de49116e7bd4ed28b844d26603e3ee33e8b87f7fea37b3f4c14295f854""}, {""path"": ""associativvordes/family-index-v5/members/es/f4.json.gz"", ""family_id"": ""surface:es:subregl"", ""record_sha256"": ""c642f4fe9d6dafa3bcce2e33d9e48b1cdcce9218d3009890df2a57608932519b""}]"	"{""lemma_id"": ""lemma:23441ba24720c892e337"", ""word"": ""subregla"", ""normalized"": ""subregla"", ""search_form"": ""subregla"", ""rank"": 795579, ""frequency_score"": 0.041495494299664135, ""category_breakdown"": {""subtitles"": {""ipm_values"": [0.002371], ""category_ipm"": 0.002371, ""category_score"": 0.041495494299664135}}, ""sources"": [{""id"": ""subtitles/hermit_2018_es_full_lemmatized_ipm6_spacy_lookup_cleaned_v8.json"", ""file"": ""hermit_2018_es_full_lemmatized_ipm6_spacy_lookup_cleaned_v8.json"", ""category"": ""subtitles"", ""ipm"": 0.002371}], ""corpus_quality"": {""status"": ""accepted"", ""reasons"": []}, ""components"": [{""surface"": ""regla"", ""canonical_candidate"": ""regla"", ""confidence"": 0.89, ""evidence"": [{""type"": ""compound_morphology"", ""source"": ""candidate_index"", ""path"": [""subregla"", ""regla"", ""regla""], ""confidence"": 0.89}]}]}"
es	lemma:23491b970d120228b3d5	arreglarenos	uncertain	not_admitted_candidate		aggregate_only_not_sense_frequency	"[{""path"": ""associativvordes/family-index-v5/members/es/35.json.gz"", ""family_id"": ""surface:es:arreglaren"", ""record_sha256"": ""373bb761d82269b47b9e6c9224ff68d84267fafd1f1621966e32ed88b7e0c080""}, {""path"": ""associativvordes/family-index-v5/members/es/fe.json.gz"", ""family_id"": ""surface:es:arenos"", ""record_sha256"": ""c829bde9fe5abe03a4fdf3ba3c293ac93926a9ed6b455abc3111410fcbc3b425""}]"	"{""lemma_id"": ""lemma:23491b970d120228b3d5"", ""word"": ""arreglarenos"", ""normalized"": ""arreglarenos"", ""search_form"": ""arreglarenos"", ""rank"": 431903, ""frequency_score"": 0.04529710280721981, ""category_breakdown"": {""subtitles"": {""ipm_values"": [0.002806, 0.002371], ""category_ipm"": 0.0025884999999999997, ""category_score"": 0.04529710280721981}}, ""sources"": [{""id"": ""subtitles/hermit_2016_es_full_lemmatized_ipm6_spacy_lookup_cleaned_v8.json"", ""file"": ""hermit_2016_es_full_lemmatized_ipm6_spacy_lookup_cleaned_v8.json"", ""category"": ""subtitles"", ""ipm"": 0.002806}, {""id"": ""subtitles/hermit_2018_es_full_lemmatized_ipm6_spacy_lookup_cleaned_v8.json"", ""file"": ""hermit_2018_es_full_lemmatized_ipm6_spacy_lookup_cleaned_v8.json"", ""category"": ""subtitles"", ""ipm"": 0.002371}], ""corpus_quality"": {""status"": ""accepted"", ""reasons"": []}, ""components"": [{""surface"": ""arreglaren"", ""canonical_candidate"": ""arreglaren"", ""confidence"": 0.92, ""evidence"": [{""type"": ""morphological_parse"", ""source"": ""candidate_index"", ""path"": [""arreglarenos"", ""arreglaren"", ""arreglaren""], ""confidence"": 0.92}]}]}"
es	lemma:23d5cba9cd79dd87032f	regularizemos	uncertain	withheld_historical_uncertain		aggregate_only_not_sense_frequency	"[{""path"": ""associativvordes/family-index-v5/members/es/40.json.gz"", ""family_id"": ""family:regul"", ""record_sha256"": ""b0d18a279239fc99fbfe84de60abc7aa97ef6d84b97a1356a0dd8449a38cfa19""}, {""path"": ""associativvordes/family-index-v5/members/es/70.json.gz"", ""family_id"": ""surface:es:emos"", ""record_sha256"": ""4b7582e9b6978ccd2fcde90c73dfd1b9c689238e7a4af17f0a9f46ee072922ec""}, {""path"": ""associativvordes/family-index-v5/members/es/c1.json.gz"", ""family_id"": ""surface:es:regularizem"", ""record_sha256"": ""ef1a1ca802aae5b7336ef61fd0267aacbc562010036000c86ec413925c2f0714""}]"	"{""lemma_id"": ""lemma:23d5cba9cd79dd87032f"", ""word"": ""regularizemos"", ""normalized"": ""regularizemos"", ""search_form"": ""regularizemos"", ""rank"": 692062, ""frequency_score"": 0.04529710280721981, ""category_breakdown"": {""subtitles"": {""ipm_values"": [0.002806, 0.002371], ""category_ipm"": 0.0025884999999999997, ""category_score"": 0.04529710280721981}}, ""sources"": [{""id"": ""subtitles/hermit_2016_es_full_lemmatized_ipm6_spacy_lookup_cleaned_v8.json"", ""file"": ""hermit_2016_es_full_lemmatized_ipm6_spacy_lookup_cleaned_v8.json"", ""category"": ""subtitles"", ""ipm"": 0.002806}, {""id"": ""subtitles/hermit_2018_es_full_lemmatized_ipm6_spacy_lookup_cleaned_v8.json"", ""file"": ""hermit_2018_es_full_lemmatized_ipm6_spacy_lookup_cleaned_v8.json"", ""category"": ""subtitles"", ""ipm"": 0.002371}], ""corpus_quality"": {""status"": ""accepted"", ""reasons"": []}, ""components"": [{""surface"": ""regul"", ""canonical_candidate"": ""regul"", ""confidence"": 0.97, ""evidence"": [{""type"": ""compound_morphology"", ""source"": ""manually_verified"", ""path"": [""regularizemos"", ""regul"", ""regul""], ""confidence"": 0.97}, {""type"": ""verified_seed_alias"", ""source"": ""methodology_control_seed"", ""path"": [""es"", ""regul"", ""family:regul""], ""confidence"": 1}]}]}"
es	lemma:241c422bc31b7b7dc9f5	arréglenselo	uncertain	not_admitted_candidate		aggregate_only_not_sense_frequency	"[{""path"": ""associativvordes/family-index-v5/members/es/a6.json.gz"", ""family_id"": ""surface:es:arreglensel"", ""record_sha256"": ""639b23fa6ac0cf6ee823bcc1f7da132b80e1499ea60dacafc0ea751c8c5937fc""}]"	"{""lemma_id"": ""lemma:241c422bc31b7b7dc9f5"", ""word"": ""arréglenselo"", ""normalized"": ""arréglenselo"", ""search_form"": ""arreglenselo"", ""rank"": 432655, ""frequency_score"": 0.04529710280721981, ""category_breakdown"": {""subtitles"": {""ipm_values"": [0.002806, 0.002371], ""category_ipm"": 0.0025884999999999997, ""category_score"": 0.04529710280721981}}, ""sources"": [{""id"": ""subtitles/hermit_2016_es_full_lemmatized_ipm6_spacy_lookup_cleaned_v8.json"", ""file"": ""hermit_2016_es_full_lemmatized_ipm6_spacy_lookup_cleaned_v8.json"", ""category"": ""subtitles"", ""ipm"": 0.002806}, {""id"": ""subtitles/hermit_2018_es_full_lemmatized_ipm6_spacy_lookup_cleaned_v8.json"", ""file"": ""hermit_2018_es_full_lemmatized_ipm6_spacy_lookup_cleaned_v8.json"", ""category"": ""subtitles"", ""ipm"": 0.002371}], ""corpus_quality"": {""status"": ""accepted"", ""reasons"": []}, ""components"": [{""surface"": ""arreglensel"", ""canonical_candidate"": ""arreglensel"", ""confidence"": 0.92, ""evidence"": [{""type"": ""morphological_parse"", ""source"": ""candidate_index"", ""path"": [""arreglenselo"", ""arreglensel"", ""arreglensel""], ""confidence"": 0.92}]}]}"
es	lemma:25833dd0a69deb6fe24c	regularizarse	accepted	accepted	regularizar	aggregate_only_not_sense_frequency	"[{""path"": ""associativvordes/family-index-v5/members/es/02.json.gz"", ""family_id"": ""surface:es:regulariza"", ""record_sha256"": ""af2e8b518d7b7051362aac12290956aa1a44fb4720dd4656e1cf11c408c71b11""}, {""path"": ""associativvordes/family-index-v5/members/es/40.json.gz"", ""family_id"": ""family:regul"", ""record_sha256"": ""6e03802b8d062bb749858247b43088c4d5a6eaa0c4799269bccd34cd65e9402c""}]"	"{""lemma_id"": ""lemma:25833dd0a69deb6fe24c"", ""word"": ""regularizarse"", ""normalized"": ""regularizarse"", ""search_form"": ""regularizarse"", ""rank"": 692061, ""frequency_score"": 0.04529710280721981, ""category_breakdown"": {""subtitles"": {""ipm_values"": [0.002806, 0.002371], ""category_ipm"": 0.0025884999999999997, ""category_score"": 0.04529710280721981}}, ""sources"": [{""id"": ""subtitles/hermit_2016_es_full_lemmatized_ipm6_spacy_lookup_cleaned_v8.json"", ""file"": ""hermit_2016_es_full_lemmatized_ipm6_spacy_lookup_cleaned_v8.json"", ""category"": ""subtitles"", ""ipm"": 0.002806}, {""id"": ""subtitles/hermit_2018_es_full_lemmatized_ipm6_spacy_lookup_cleaned_v8.json"", ""file"": ""hermit_2018_es_full_lemmatized_ipm6_spacy_lookup_cleaned_v8.json"", ""category"": ""subtitles"", ""ipm"": 0.002371}], ""corpus_quality"": {""status"": ""accepted"", ""reasons"": []}, ""components"": [{""surface"": ""regulariza"", ""canonical_candidate"": ""regulariza"", ""confidence"": 0.81, ""evidence"": [{""type"": ""compound_morphology"", ""source"": ""candidate_index"", ""path"": [""regularizarse"", ""regulariza"", ""regulariza""], ""confidence"": 0.81}]}]}"
es	lemma:25e405f53f0b81668c2f	irregularities	uncertain	not_admitted_candidate		aggregate_only_not_sense_frequency	"[{""path"": ""associativvordes/family-index-v5/members/es/78.json.gz"", ""family_id"": ""ety:c6f4c030e722"", ""record_sha256"": ""0f20375d4e416b92d8ff87ffb2d07f455a2e1803e9b0f41f8980b41fb3f91e2b""}, {""path"": ""associativvordes/family-index-v5/members/es/ab.json.gz"", ""family_id"": ""surface:es:irregulariti"", ""record_sha256"": ""e5e805b0dc8a637f20db4855dafb694f70bc53750bb60aaf1550e23b8a7bb306""}, {""path"": ""associativvordes/family-index-v5/members/es/c2.json.gz"", ""family_id"": ""ety:2c76c78d9516"", ""record_sha256"": ""0f20375d4e416b92d8ff87ffb2d07f455a2e1803e9b0f41f8980b41fb3f91e2b""}]"	"{""lemma_id"": ""lemma:25e405f53f0b81668c2f"", ""word"": ""irregularities"", ""normalized"": ""irregularities"", ""search_form"": ""irregularities"", ""rank"": 584657, ""frequency_score"": 0.04909788668913623, ""category_breakdown"": {""subtitles"": {""ipm_values"": [0.002806], ""category_ipm"": 0.002806, ""category_score"": 0.04909788668913623}}, ""sources"": [{""id"": ""subtitles/hermit_2016_es_full_lemmatized_ipm6_spacy_lookup_cleaned_v8.json"", ""file"": ""hermit_2016_es_full_lemmatized_ipm6_spacy_lookup_cleaned_v8.json"", ""category"": ""subtitles"", ""ipm"": 0.002806}], ""corpus_quality"": {""status"": ""accepted"", ""reasons"": []}, ""components"": [{""surface"": ""ties"", ""canonical_candidate"": ""ties"", ""confidence"": 0.89, ""evidence"": [{""type"": ""compound_morphology"", ""source"": ""candidate_index"", ""path"": [""irregularities"", ""ties"", ""ties""], ""confidence"": 0.89}]}]}"
es	lemma:267f0f807cfd96116e4d	termorregulación	accepted	accepted	regular	aggregate_only_not_sense_frequency	"[{""path"": ""associativvordes/family-index-v5/members/es/40.json.gz"", ""family_id"": ""family:regul"", ""record_sha256"": ""eab0318c4a0178f3015c69fa93ef355ff7260f991d49f7deebccf82e0ca3d34a""}, {""path"": ""associativvordes/family-index-v5/members/es/5e.json.gz"", ""family_id"": ""surface:es:termorregulac"", ""record_sha256"": ""99b579458ceaaf8ec1a266a4a86cd1dd415e298a23ec5dd882a15fd4b4d6a0b3""}, {""path"": ""associativvordes/family-index-v5/members/es/63.json.gz"", ""family_id"": ""surface:es:regulacion"", ""record_sha256"": ""1897e3a0053dce90600a7729f8f2073b2e55c26ff87bfa0b17f1d35228255ee5""}]"	"{""lemma_id"": ""lemma:267f0f807cfd96116e4d"", ""word"": ""termorregulación"", ""normalized"": ""termorregulación"", ""search_form"": ""termorregulacion"", ""rank"": 435391, ""frequency_score"": 0.06600356668229963, ""category_breakdown"": {""subtitles"": {""ipm_values"": [0.002806, 0.004742], ""category_ipm"": 0.0037739999999999996, ""category_score"": 0.06600356668229963}}, ""sources"": [{""id"": ""subtitles/hermit_2016_es_full_lemmatized_ipm6_spacy_lookup_cleaned_v8.json"", ""file"": ""hermit_2016_es_full_lemmatized_ipm6_spacy_lookup_cleaned_v8.json"", ""category"": ""subtitles"", ""ipm"": 0.002806}, {""id"": ""subtitles/hermit_2018_es_full_lemmatized_ipm6_spacy_lookup_cleaned_v8.json"", ""file"": ""hermit_2018_es_full_lemmatized_ipm6_spacy_lookup_cleaned_v8.json"", ""category"": ""subtitles"", ""ipm"": 0.004742}], ""corpus_quality"": {""status"": ""accepted"", ""reasons"": []}, ""components"": [{""surface"": ""regul"", ""canonical_candidate"": ""regul"", ""confidence"": 1, ""evidence"": [{""type"": ""compound_morphology"", ""source"": ""manually_verified"", ""path"": [""termorregulacion"", ""regul"", ""regul""], ""confidence"": 1}, {""type"": ""verified_seed_alias"", ""source"": ""methodology_control_seed"", ""path"": [""es"", ""regul"", ""family:regul""], ""confidence"": 1}]}]}"
es	lemma:27000a0b3dee1470d98c	arreglemoslo	uncertain	not_admitted_candidate		aggregate_only_not_sense_frequency	"[{""path"": ""associativvordes/family-index-v5/members/es/18.json.gz"", ""family_id"": ""surface:es:slo"", ""record_sha256"": ""2cdd7b041b3ac93ee2519900bcf7837c4830954c0b18aa82c969ede0bd134df5""}, {""path"": ""associativvordes/family-index-v5/members/es/bb.json.gz"", ""family_id"": ""surface:es:arreglemosl"", ""record_sha256"": ""dfca2b847f1a7ab2b31fe4f76186f8c72b3b65216741fb8369eb6264672f5d87""}]"	"{""lemma_id"": ""lemma:27000a0b3dee1470d98c"", ""word"": ""arreglemoslo"", ""normalized"": ""arreglemoslo"", ""search_form"": ""arreglemoslo"", ""rank"": 198442, ""frequency_score"": 0.22532351691456265, ""category_breakdown"": {""subtitles"": {""ipm_values"": [0.014031, 0.011854], ""category_ipm"": 0.0129425, ""category_score"": 0.22532351691456265}}, ""sources"": [{""id"": ""subtitles/hermit_2016_es_full_lemmatized_ipm6_spacy_lookup_cleaned_v8.json"", ""file"": ""hermit_2016_es_full_lemmatized_ipm6_spacy_lookup_cleaned_v8.json"", ""category"": ""subtitles"", ""ipm"": 0.014031}, {""id"": ""subtitles/hermit_2018_es_full_lemmatized_ipm6_spacy_lookup_cleaned_v8.json"", ""file"": ""hermit_2018_es_full_lemmatized_ipm6_spacy_lookup_cleaned_v8.json"", ""category"": ""subtitles"", ""ipm"": 0.011854}], ""corpus_quality"": {""status"": ""accepted"", ""reasons"": []}, ""components"": [{""surface"": ""slo"", ""canonical_candidate"": ""slo"", ""confidence"": 0.89, ""evidence"": [{""type"": ""compound_morphology"", ""source"": ""candidate_index"", ""path"": [""arreglemoslo"", ""slo"", ""slo""], ""confidence"": 0.89}]}]}"
es	lemma:27e0db975ea1e618baec	arreglela	uncertain	not_admitted_candidate		aggregate_only_not_sense_frequency	"[{""path"": ""associativvordes/family-index-v5/members/es/70.json.gz"", ""family_id"": ""surface:es:arreglel"", ""record_sha256"": ""cbbb3f0e562c84e5ff2820cd2d013ec314c6108ffc6d8e335fcb5db4627f5ea9""}]"	"{""lemma_id"": ""lemma:27e0db975ea1e618baec"", ""word"": ""arreglela"", ""normalized"": ""arreglela"", ""search_form"": ""arreglela"", ""rank"": 255643, ""frequency_score"": 0.09427711870556565, ""category_breakdown"": {""subtitles"": {""ipm_values"": [0.008419, 0.002371], ""category_ipm"": 0.005395, ""category_score"": 0.09427711870556565}}, ""sources"": [{""id"": ""subtitles/hermit_2016_es_full_lemmatized_ipm6_spacy_lookup_cleaned_v8.json"", ""file"": ""hermit_2016_es_full_lemmatized_ipm6_spacy_lookup_cleaned_v8.json"", ""category"": ""subtitles"", ""ipm"": 0.008419}, {""id"": ""subtitles/hermit_2018_es_full_lemmatized_ipm6_spacy_lookup_cleaned_v8.json"", ""file"": ""hermit_2018_es_full_lemmatized_ipm6_spacy_lookup_cleaned_v8.json"", ""category"": ""subtitles"", ""ipm"": 0.002371}], ""corpus_quality"": {""status"": ""accepted"", ""reasons"": []}, ""components"": [{""surface"": ""arreglel"", ""canonical_candidate"": ""arreglel"", ""confidence"": 0.92, ""evidence"": [{""type"": ""morphological_parse"", ""source"": ""candidate_index"", ""path"": [""arreglela"", ""arreglel"", ""arreglel""], ""confidence"": 0.92}]}]}"
es	lemma:27f7eb7434ba79d53a61	regulak	uncertain	not_admitted_candidate		aggregate_only_not_sense_frequency	"[{""path"": ""associativvordes/family-index-v5/members/es/84.json.gz"", ""family_id"": ""surface:es:lak"", ""record_sha256"": ""20c9c60a977823822f8db6488b25c6caa09868ae8b2e9b490206ecd67a74f9f8""}, {""path"": ""associativvordes/family-index-v5/members/es/b2.json.gz"", ""family_id"": ""surface:es:reg"", ""record_sha256"": ""317b7919b6ea6af64ebde6347529773a9b87903835b0007c0fd68163113b9730""}]"	"{""lemma_id"": ""lemma:27f7eb7434ba79d53a61"", ""word"": ""regulak"", ""normalized"": ""regulak"", ""search_form"": ""regulak"", ""rank"": 692051, ""frequency_score"": 0.04529710280721981, ""category_breakdown"": {""subtitles"": {""ipm_values"": [0.002806, 0.002371], ""category_ipm"": 0.0025884999999999997, ""category_score"": 0.04529710280721981}}, ""sources"": [{""id"": ""subtitles/hermit_2016_es_full_lemmatized_ipm6_spacy_lookup_cleaned_v8.json"", ""file"": ""hermit_2016_es_full_lemmatized_ipm6_spacy_lookup_cleaned_v8.json"", ""category"": ""subtitles"", ""ipm"": 0.002806}, {""id"": ""subtitles/hermit_2018_es_full_lemmatized_ipm6_spacy_lookup_cleaned_v8.json"", ""file"": ""hermit_2018_es_full_lemmatized_ipm6_spacy_lookup_cleaned_v8.json"", ""category"": ""subtitles"", ""ipm"": 0.002371}], ""corpus_quality"": {""status"": ""accepted"", ""reasons"": []}, ""components"": [{""surface"": ""lak"", ""canonical_candidate"": ""lak"", ""confidence"": 0.89, ""evidence"": [{""type"": ""compound_morphology"", ""source"": ""candidate_index"", ""path"": [""regulak"", ""lak"", ""lak""], ""confidence"": 0.89}]}]}"
es	lemma:28890c6564d3ea4f3cc0	régla	uncertain	not_admitted_candidate		aggregate_only_not_sense_frequency	"[{""path"": ""associativvordes/family-index-v5/members/es/81.json.gz"", ""family_id"": ""surface:es:regla"", ""record_sha256"": ""58b6c25984515c0675bbc4d1299f31df33a750f0a434bc0beedc8196f9edc636""}]"	"{""lemma_id"": ""lemma:28890c6564d3ea4f3cc0"", ""word"": ""régla"", ""normalized"": ""régla"", ""search_form"": ""regla"", ""rank"": 703613, ""frequency_score"": 0.04529710280721981, ""category_breakdown"": {""subtitles"": {""ipm_values"": [0.002806, 0.002371], ""category_ipm"": 0.0025884999999999997, ""category_score"": 0.04529710280721981}}, ""sources"": [{""id"": ""subtitles/hermit_2016_es_full_lemmatized_ipm6_spacy_lookup_cleaned_v8.json"", ""file"": ""hermit_2016_es_full_lemmatized_ipm6_spacy_lookup_cleaned_v8.json"", ""category"": ""subtitles"", ""ipm"": 0.002806}, {""id"": ""subtitles/hermit_2018_es_full_lemmatized_ipm6_spacy_lookup_cleaned_v8.json"", ""file"": ""hermit_2018_es_full_lemmatized_ipm6_spacy_lookup_cleaned_v8.json"", ""category"": ""subtitles"", ""ipm"": 0.002371}], ""corpus_quality"": {""status"": ""accepted"", ""reasons"": []}, ""components"": [{""surface"": ""regla"", ""canonical_candidate"": ""regla"", ""confidence"": 0.92, ""evidence"": [{""type"": ""morphological_parse"", ""source"": ""candidate_index"", ""path"": [""regla"", ""regla"", ""regla""], ""confidence"": 0.92}]}]}"
es	lemma:2932d2650cd61d2ca526	arreglemosnos	uncertain	not_admitted_candidate		aggregate_only_not_sense_frequency	"[{""path"": ""associativvordes/family-index-v5/members/es/e1.json.gz"", ""family_id"": ""surface:es:arreglemosn"", ""record_sha256"": ""2713d6355b0c8dbc83ab42c74c5c9855800afbc130530652745598826dc9498c""}]"	"{""lemma_id"": ""lemma:2932d2650cd61d2ca526"", ""word"": ""arreglemosnos"", ""normalized"": ""arreglemosnos"", ""search_form"": ""arreglemosnos"", ""rank"": 431918, ""frequency_score"": 0.04529710280721981, ""category_breakdown"": {""subtitles"": {""ipm_values"": [0.002806, 0.002371], ""category_ipm"": 0.0025884999999999997, ""category_score"": 0.04529710280721981}}, ""sources"": [{""id"": ""subtitles/hermit_2016_es_full_lemmatized_ipm6_spacy_lookup_cleaned_v8.json"", ""file"": ""hermit_2016_es_full_lemmatized_ipm6_spacy_lookup_cleaned_v8.json"", ""category"": ""subtitles"", ""ipm"": 0.002806}, {""id"": ""subtitles/hermit_2018_es_full_lemmatized_ipm6_spacy_lookup_cleaned_v8.json"", ""file"": ""hermit_2018_es_full_lemmatized_ipm6_spacy_lookup_cleaned_v8.json"", ""category"": ""subtitles"", ""ipm"": 0.002371}], ""corpus_quality"": {""status"": ""accepted"", ""reasons"": []}, ""components"": [{""surface"": ""arreglemosn"", ""canonical_candidate"": ""arreglemosn"", ""confidence"": 0.92, ""evidence"": [{""type"": ""morphological_parse"", ""source"": ""candidate_index"", ""path"": [""arreglemosnos"", ""arreglemosn"", ""arreglemosn""], ""confidence"": 0.92}]}]}"
es	lemma:297675320dcfeb667f42	arreglártela	uncertain	not_admitted_candidate		aggregate_only_not_sense_frequency	"[{""path"": ""associativvordes/family-index-v5/members/es/ff.json.gz"", ""family_id"": ""surface:es:arreglartel"", ""record_sha256"": ""ca5d306120ebf4cb9e8efb4cd2f1a0bc3fa13a8b418d78bc5647e3d183f8bb37""}]"	"{""lemma_id"": ""lemma:297675320dcfeb667f42"", ""word"": ""arreglártela"", ""normalized"": ""arreglártela"", ""search_form"": ""arreglartela"", ""rank"": 131182, ""frequency_score"": 0.5084173097058031, ""category_breakdown"": {""subtitles"": {""ipm_values"": [0.028062, 0.03082], ""category_ipm"": 0.029441000000000002, ""category_score"": 0.5084173097058031}}, ""sources"": [{""id"": ""subtitles/hermit_2016_es_full_lemmatized_ipm6_spacy_lookup_cleaned_v8.json"", ""file"": ""hermit_2016_es_full_lemmatized_ipm6_spacy_lookup_cleaned_v8.json"", ""category"": ""subtitles"", ""ipm"": 0.028062}, {""id"": ""subtitles/hermit_2018_es_full_lemmatized_ipm6_spacy_lookup_cleaned_v8.json"", ""file"": ""hermit_2018_es_full_lemmatized_ipm6_spacy_lookup_cleaned_v8.json"", ""category"": ""subtitles"", ""ipm"": 0.03082}], ""corpus_quality"": {""status"": ""accepted"", ""reasons"": []}, ""components"": [{""surface"": ""arreglartel"", ""canonical_candidate"": ""arreglartel"", ""confidence"": 0.92, ""evidence"": [{""type"": ""morphological_parse"", ""source"": ""candidate_index"", ""path"": [""arreglartela"", ""arreglartel"", ""arreglartel""], ""confidence"": 0.92}]}]}"
es	lemma:299ebfd0600212bb4a38	arreglandole	uncertain	not_admitted_candidate		aggregate_only_not_sense_frequency	"[{""path"": ""associativvordes/family-index-v5/members/es/76.json.gz"", ""family_id"": ""surface:es:dole"", ""record_sha256"": ""e889c741eb762473255128fcdd194c9d7363501e126cb99f513e7fb2e299816a""}, {""path"": ""associativvordes/family-index-v5/members/es/fa.json.gz"", ""family_id"": ""surface:es:arregland"", ""record_sha256"": ""f6d860b9661b3855d68104e89a78f0223a287f08852293d8e214463997fa9614""}]"	"{""lemma_id"": ""lemma:299ebfd0600212bb4a38"", ""word"": ""arreglandole"", ""normalized"": ""arreglandole"", ""search_form"": ""arreglandole"", ""rank"": 431890, ""frequency_score"": 0.04529710280721981, ""category_breakdown"": {""subtitles"": {""ipm_values"": [0.002806, 0.002371], ""category_ipm"": 0.0025884999999999997, ""category_score"": 0.04529710280721981}}, ""sources"": [{""id"": ""subtitles/hermit_2016_es_full_lemmatized_ipm6_spacy_lookup_cleaned_v8.json"", ""file"": ""hermit_2016_es_full_lemmatized_ipm6_spacy_lookup_cleaned_v8.json"", ""category"": ""subtitles"", ""ipm"": 0.002806}, {""id"": ""subtitles/hermit_2018_es_full_lemmatized_ipm6_spacy_lookup_cleaned_v8.json"", ""file"": ""hermit_2018_es_full_lemmatized_ipm6_spacy_lookup_cleaned_v8.json"", ""category"": ""subtitles"", ""ipm"": 0.002371}], ""corpus_quality"": {""status"": ""accepted"", ""reasons"": []}, ""components"": [{""surface"": ""dole"", ""canonical_candidate"": ""dole"", ""confidence"": 0.89, ""evidence"": [{""type"": ""compound_morphology"", ""source"": ""candidate_index"", ""path"": [""arreglandole"", ""dole"", ""dole""], ""confidence"": 0.89}]}]}"
es	lemma:2a7a5428ff9b593bf274	arreglarnosla	uncertain	not_admitted_candidate		aggregate_only_not_sense_frequency	"[{""path"": ""associativvordes/family-index-v5/members/es/5a.json.gz"", ""family_id"": ""surface:es:arreglarnosl"", ""record_sha256"": ""dcae0502bde5e296b9d1c7d7185f72bcd6314c86c6b281e8a5872ac3cae3e758""}, {""path"": ""associativvordes/family-index-v5/members/es/f2.json.gz"", ""family_id"": ""surface:es:sla"", ""record_sha256"": ""e3a03711e414355dadb4dcc7a187c88667aac3ea44b900efd5d08aebabd6b848""}]"	"{""lemma_id"": ""lemma:2a7a5428ff9b593bf274"", ""word"": ""arreglarnosla"", ""normalized"": ""arreglarnosla"", ""search_form"": ""arreglarnosla"", ""rank"": 221401, ""frequency_score"": 0.13933146721729445, ""category_breakdown"": {""subtitles"": {""ipm_values"": [0.011225, 0.004742], ""category_ipm"": 0.007983500000000001, ""category_score"": 0.13933146721729445}}, ""sources"": [{""id"": ""subtitles/hermit_2016_es_full_lemmatized_ipm6_spacy_lookup_cleaned_v8.json"", ""file"": ""hermit_2016_es_full_lemmatized_ipm6_spacy_lookup_cleaned_v8.json"", ""category"": ""subtitles"", ""ipm"": 0.011225}, {""id"": ""subtitles/hermit_2018_es_full_lemmatized_ipm6_spacy_lookup_cleaned_v8.json"", ""file"": ""hermit_2018_es_full_lemmatized_ipm6_spacy_lookup_cleaned_v8.json"", ""category"": ""subtitles"", ""ipm"": 0.004742}], ""corpus_quality"": {""status"": ""accepted"", ""reasons"": []}, ""components"": [{""surface"": ""arreglarnosl"", ""canonical_candidate"": ""arreglarnosl"", ""confidence"": 0.92, ""evidence"": [{""type"": ""morphological_parse"", ""source"": ""candidate_index"", ""path"": [""arreglarnosla"", ""arreglarnosl"", ""arreglarnosl""], ""confidence"": 0.92}]}]}"
es	lemma:2b44249036217aa4b985	arreglrselas	uncertain	not_admitted_candidate		aggregate_only_not_sense_frequency	"[{""path"": ""associativvordes/family-index-v5/members/es/d7.json.gz"", ""family_id"": ""surface:es:arreglrsel"", ""record_sha256"": ""628c82fdb847eb3d24fb6e51c2b8923d7088936b4f166efe149f2c0965db3f2b""}]"	"{""lemma_id"": ""lemma:2b44249036217aa4b985"", ""word"": ""arreglrselas"", ""normalized"": ""arreglrselas"", ""search_form"": ""arreglrselas"", ""rank"": 431930, ""frequency_score"": 0.04529710280721981, ""category_breakdown"": {""subtitles"": {""ipm_values"": [0.002806, 0.002371], ""category_ipm"": 0.0025884999999999997, ""category_score"": 0.04529710280721981}}, ""sources"": [{""id"": ""subtitles/hermit_2016_es_full_lemmatized_ipm6_spacy_lookup_cleaned_v8.json"", ""file"": ""hermit_2016_es_full_lemmatized_ipm6_spacy_lookup_cleaned_v8.json"", ""category"": ""subtitles"", ""ipm"": 0.002806}, {""id"": ""subtitles/hermit_2018_es_full_lemmatized_ipm6_spacy_lookup_cleaned_v8.json"", ""file"": ""hermit_2018_es_full_lemmatized_ipm6_spacy_lookup_cleaned_v8.json"", ""category"": ""subtitles"", ""ipm"": 0.002371}], ""corpus_quality"": {""status"": ""accepted"", ""reasons"": []}, ""components"": [{""surface"": ""arreglrsel"", ""canonical_candidate"": ""arreglrsel"", ""confidence"": 0.92, ""evidence"": [{""type"": ""morphological_parse"", ""source"": ""candidate_index"", ""path"": [""arreglrselas"", ""arreglrsel"", ""arreglrsel""], ""confidence"": 0.92}]}]}"
es	lemma:2b6acca743ac1c5c934d	arréglaio	uncertain	not_admitted_candidate		aggregate_only_not_sense_frequency	"[{""path"": ""associativvordes/family-index-v5/members/es/5b.json.gz"", ""family_id"": ""surface:es:arreglai"", ""record_sha256"": ""3f5d4ed68fbdc8fe29a30ab199a442fd2a77e3f584a470c80a9a6e2052eff373""}]"	"{""lemma_id"": ""lemma:2b6acca743ac1c5c934d"", ""word"": ""arréglaio"", ""normalized"": ""arréglaio"", ""search_form"": ""arreglaio"", ""rank"": 432647, ""frequency_score"": 0.04529710280721981, ""category_breakdown"": {""subtitles"": {""ipm_values"": [0.002806, 0.002371], ""category_ipm"": 0.0025884999999999997, ""category_score"": 0.04529710280721981}}, ""sources"": [{""id"": ""subtitles/hermit_2016_es_full_lemmatized_ipm6_spacy_lookup_cleaned_v8.json"", ""file"": ""hermit_2016_es_full_lemmatized_ipm6_spacy_lookup_cleaned_v8.json"", ""category"": ""subtitles"", ""ipm"": 0.002806}, {""id"": ""subtitles/hermit_2018_es_full_lemmatized_ipm6_spacy_lookup_cleaned_v8.json"", ""file"": ""hermit_2018_es_full_lemmatized_ipm6_spacy_lookup_cleaned_v8.json"", ""category"": ""subtitles"", ""ipm"": 0.002371}], ""corpus_quality"": {""status"": ""accepted"", ""reasons"": []}, ""components"": [{""surface"": ""arreglai"", ""canonical_candidate"": ""arreglai"", ""confidence"": 0.92, ""evidence"": [{""type"": ""morphological_parse"", ""source"": ""candidate_index"", ""path"": [""arreglaio"", ""arreglai"", ""arreglai""], ""confidence"": 0.92}]}]}"
es	lemma:2bb44a33736718f3c44a	areglar	uncertain	not_admitted_candidate		aggregate_only_not_sense_frequency	"[{""path"": ""associativvordes/family-index-v5/members/es/6a.json.gz"", ""family_id"": ""ety:0d8b253b6d83"", ""record_sha256"": ""e24810e55ba5221f7ec89afced7cb9a88e580b6e2d4420e1d07e84239d18dab6""}, {""path"": ""associativvordes/family-index-v5/members/es/8c.json.gz"", ""family_id"": ""surface:es:glar"", ""record_sha256"": ""76a27a2dcb162eaffa02f76a7514b909d90b9014e55a1344b803963728a5a005""}]"	"{""lemma_id"": ""lemma:2bb44a33736718f3c44a"", ""word"": ""areglar"", ""normalized"": ""areglar"", ""search_form"": ""areglar"", ""rank"": 103216, ""frequency_score"": 0.7435925832739734, ""category_breakdown"": {""subtitles"": {""ipm_values"": [0.039287, 0.047415], ""category_ipm"": 0.043351, ""category_score"": 0.7435925832739734}}, ""sources"": [{""id"": ""subtitles/hermit_2016_es_full_lemmatized_ipm6_spacy_lookup_cleaned_v8.json"", ""file"": ""hermit_2016_es_full_lemmatized_ipm6_spacy_lookup_cleaned_v8.json"", ""category"": ""subtitles"", ""ipm"": 0.039287}, {""id"": ""subtitles/hermit_2018_es_full_lemmatized_ipm6_spacy_lookup_cleaned_v8.json"", ""file"": ""hermit_2018_es_full_lemmatized_ipm6_spacy_lookup_cleaned_v8.json"", ""category"": ""subtitles"", ""ipm"": 0.047415}], ""corpus_quality"": {""status"": ""accepted"", ""reasons"": []}, ""components"": [{""surface"": ""are"", ""canonical_candidate"": ""are"", ""confidence"": 0.81, ""evidence"": [{""type"": ""compound_morphology"", ""source"": ""candidate_index"", ""path"": [""areglar"", ""are"", ""are""], ""confidence"": 0.81}]}]}"
es	lemma:2c44cc51d8f7dea7a2d0	arreglaló	uncertain	not_admitted_candidate		aggregate_only_not_sense_frequency	"[{""path"": ""associativvordes/family-index-v5/members/es/14.json.gz"", ""family_id"": ""surface:es:arreglal"", ""record_sha256"": ""72626f0fa1aa14beb808516a911efdc945ad62545ea5257f852420cf8c48edef""}, {""path"": ""associativvordes/family-index-v5/members/es/ba.json.gz"", ""family_id"": ""surface:es:lalo"", ""record_sha256"": ""19a6ca0c6c15a1add557ab28bdf1cb56cb422ae86b3fc954b928ec125666b406""}]"	"{""lemma_id"": ""lemma:2c44cc51d8f7dea7a2d0"", ""word"": ""arreglaló"", ""normalized"": ""arreglaló"", ""search_form"": ""arreglalo"", ""rank"": 309272, ""frequency_score"": 0.06979986216223158, ""category_breakdown"": {""subtitles"": {""ipm_values"": [0.005612, 0.002371], ""category_ipm"": 0.0039915, ""category_score"": 0.06979986216223158}}, ""sources"": [{""id"": ""subtitles/hermit_2016_es_full_lemmatized_ipm6_spacy_lookup_cleaned_v8.json"", ""file"": ""hermit_2016_es_full_lemmatized_ipm6_spacy_lookup_cleaned_v8.json"", ""category"": ""subtitles"", ""ipm"": 0.005612}, {""id"": ""subtitles/hermit_2018_es_full_lemmatized_ipm6_spacy_lookup_cleaned_v8.json"", ""file"": ""hermit_2018_es_full_lemmatized_ipm6_spacy_lookup_cleaned_v8.json"", ""category"": ""subtitles"", ""ipm"": 0.002371}], ""corpus_quality"": {""status"": ""accepted"", ""reasons"": []}, ""components"": [{""surface"": ""arreglal"", ""canonical_candidate"": ""arreglal"", ""confidence"": 0.92, ""evidence"": [{""type"": ""morphological_parse"", ""source"": ""candidate_index"", ""path"": [""arreglalo"", ""arreglal"", ""arreglal""], ""confidence"": 0.92}]}]}"
es	lemma:2cb13f7af9d38de5370e	arreglitos	uncertain	not_admitted_candidate		aggregate_only_not_sense_frequency	"[{""path"": ""associativvordes/family-index-v5/members/es/34.json.gz"", ""family_id"": ""surface:es:arreglit"", ""record_sha256"": ""d652636a77891b03a3b31a7bed7ac54b78c5f4b650403dd784d9ca88da4f9bcf""}, {""path"": ""associativvordes/family-index-v5/members/es/a5.json.gz"", ""family_id"": ""ety:503f585741f6"", ""record_sha256"": ""477e6991a34b9ff2fcb8d6e42eac65681049fb93e5aa380bc6baf0c906e6af06""}, {""path"": ""associativvordes/family-index-v5/members/es/d9.json.gz"", ""family_id"": ""ety:75ffd3296d0d"", ""record_sha256"": ""477e6991a34b9ff2fcb8d6e42eac65681049fb93e5aa380bc6baf0c906e6af06""}]"	"{""lemma_id"": ""lemma:2cb13f7af9d38de5370e"", ""word"": ""arreglitos"", ""normalized"": ""arreglitos"", ""search_form"": ""arreglitos"", ""rank"": 138009, ""frequency_score"": 0.4680142326502473, ""category_breakdown"": {""subtitles"": {""ipm_values"": [0.028062, 0.026078], ""category_ipm"": 0.02707, ""category_score"": 0.4680142326502473}}, ""sources"": [{""id"": ""subtitles/hermit_2016_es_full_lemmatized_ipm6_spacy_lookup_cleaned_v8.json"", ""file"": ""hermit_2016_es_full_lemmatized_ipm6_spacy_lookup_cleaned_v8.json"", ""category"": ""subtitles"", ""ipm"": 0.028062}, {""id"": ""subtitles/hermit_2018_es_full_lemmatized_ipm6_spacy_lookup_cleaned_v8.json"", ""file"": ""hermit_2018_es_full_lemmatized_ipm6_spacy_lookup_cleaned_v8.json"", ""category"": ""subtitles"", ""ipm"": 0.026078}], ""corpus_quality"": {""status"": ""accepted"", ""reasons"": []}, ""components"": [{""surface"": ""arreglit"", ""canonical_candidate"": ""arreglit"", ""confidence"": 0.92, ""evidence"": [{""type"": ""morphological_parse"", ""source"": ""candidate_index"", ""path"": [""arreglitos"", ""arreglit"", ""arreglit""], ""confidence"": 0.92}]}]}"
es	lemma:2cb8a0e556af711ee267	arreglándoselas	uncertain	not_admitted_candidate		aggregate_only_not_sense_frequency	"[{""path"": ""associativvordes/family-index-v5/members/es/bd.json.gz"", ""family_id"": ""surface:es:arreglandosel"", ""record_sha256"": ""a4196bf1b0aa5449d13aee195e7b5598500f53682adbf36612b615d09223c9d5""}]"	"{""lemma_id"": ""lemma:2cb8a0e556af711ee267"", ""word"": ""arreglándoselas"", ""normalized"": ""arreglándoselas"", ""search_form"": ""arreglandoselas"", ""rank"": 119769, ""frequency_score"": 0.6000052297461761, ""category_breakdown"": {""subtitles"": {""ipm_values"": [0.036481, 0.033191], ""category_ipm"": 0.034836, ""category_score"": 0.6000052297461761}}, ""sources"": [{""id"": ""subtitles/hermit_2016_es_full_lemmatized_ipm6_spacy_lookup_cleaned_v8.json"", ""file"": ""hermit_2016_es_full_lemmatized_ipm6_spacy_lookup_cleaned_v8.json"", ""category"": ""subtitles"", ""ipm"": 0.036481}, {""id"": ""subtitles/hermit_2018_es_full_lemmatized_ipm6_spacy_lookup_cleaned_v8.json"", ""file"": ""hermit_2018_es_full_lemmatized_ipm6_spacy_lookup_cleaned_v8.json"", ""category"": ""subtitles"", ""ipm"": 0.033191}], ""corpus_quality"": {""status"": ""accepted"", ""reasons"": []}, ""components"": [{""surface"": ""arreglandosel"", ""canonical_candidate"": ""arreglandosel"", ""confidence"": 0.92, ""evidence"": [{""type"": ""morphological_parse"", ""source"": ""candidate_index"", ""path"": [""arreglandoselas"", ""arreglandosel"", ""arreglandosel""], ""confidence"": 0.92}]}]}"
es	lemma:2d105565ac505218ab68	desregularizado	accepted	accepted	regularizar	aggregate_only_not_sense_frequency	"[{""path"": ""associativvordes/family-index-v5/members/es/40.json.gz"", ""family_id"": ""family:regul"", ""record_sha256"": ""bdb96a2a7d53e6b931ce256c8b2cad44c9a6d7adcb1f5e67b964d7c21f98b0ee""}, {""path"": ""associativvordes/family-index-v5/members/es/8a.json.gz"", ""family_id"": ""surface:es:desregularizad"", ""record_sha256"": ""4ef5571bd51506eb0e3205763f109c7d8c5caf4b5618d159c6bf3e1aa787e922""}]"	"{""lemma_id"": ""lemma:2d105565ac505218ab68"", ""word"": ""desregularizado"", ""normalized"": ""desregularizado"", ""search_form"": ""desregularizado"", ""rank"": 249374, ""frequency_score"": 0.15614166969400384, ""category_breakdown"": {""subtitles"": {""ipm_values"": [0.008419, 0.009483], ""category_ipm"": 0.008951, ""category_score"": 0.15614166969400384}}, ""sources"": [{""id"": ""subtitles/hermit_2016_es_full_lemmatized_ipm6_spacy_lookup_cleaned_v8.json"", ""file"": ""hermit_2016_es_full_lemmatized_ipm6_spacy_lookup_cleaned_v8.json"", ""category"": ""subtitles"", ""ipm"": 0.008419}, {""id"": ""subtitles/hermit_2018_es_full_lemmatized_ipm6_spacy_lookup_cleaned_v8.json"", ""file"": ""hermit_2018_es_full_lemmatized_ipm6_spacy_lookup_cleaned_v8.json"", ""category"": ""subtitles"", ""ipm"": 0.009483}], ""corpus_quality"": {""status"": ""accepted"", ""reasons"": []}, ""components"": [{""surface"": ""regul"", ""canonical_candidate"": ""regul"", ""confidence"": 0.97, ""evidence"": [{""type"": ""compound_morphology"", ""source"": ""manually_verified"", ""path"": [""desregularizado"", ""regul"", ""regul""], ""confidence"": 0.97}, {""type"": ""verified_seed_alias"", ""source"": ""methodology_control_seed"", ""path"": [""es"", ""regul"", ""family:regul""], ""confidence"": 1}]}]}"
es	lemma:2d2b7401ebcf672a67a2	desregular	accepted	accepted	regular	aggregate_only_not_sense_frequency	"[{""path"": ""associativvordes/family-index-v5/members/es/44.json.gz"", ""family_id"": ""surface:es:regular"", ""record_sha256"": ""cb7897ca6658a126b04e6c883407828bca76754dd089d3104f6a08349de5bb8a""}, {""path"": ""associativvordes/family-index-v5/members/es/5a.json.gz"", ""family_id"": ""surface:es:desreg"", ""record_sha256"": ""d20bcab1493b592adcdda51322a1884e40e83c0d249b5cec0e9c62bf87bf3b3a""}]"	"{""lemma_id"": ""lemma:2d2b7401ebcf672a67a2"", ""word"": ""desregular"", ""normalized"": ""desregular"", ""search_form"": ""desregular"", ""rank"": 41900, ""frequency_score"": 2.140041931137885, ""category_breakdown"": {""subtitles"": {""ipm_values"": [0.101025, 0.087718], ""category_ipm"": 0.0943715, ""category_score"": 1.5801381381644004}, ""mixed"": {""ipm_values"": [0.243584], ""category_ipm"": 0.243584, ""category_score"": 3.8197533100583407}}, ""sources"": [{""id"": ""mixed/es_wordlist.lemmatized_stanza_ipm6.json"", ""file"": ""es_wordlist.lemmatized_stanza_ipm6.json"", ""category"": ""mixed"", ""ipm"": 0.243584}, {""id"": ""subtitles/hermit_2016_es_full_lemmatized_ipm6_spacy_lookup_cleaned_v8.json"", ""file"": ""hermit_2016_es_full_lemmatized_ipm6_spacy_lookup_cleaned_v8.json"", ""category"": ""subtitles"", ""ipm"": 0.101025}, {""id"": ""subtitles/hermit_2018_es_full_lemmatized_ipm6_spacy_lookup_cleaned_v8.json"", ""file"": ""hermit_2018_es_full_lemmatized_ipm6_spacy_lookup_cleaned_v8.json"", ""category"": ""subtitles"", ""ipm"": 0.087718}], ""corpus_quality"": {""status"": ""accepted"", ""reasons"": []}, ""components"": [{""surface"": ""regular"", ""canonical_candidate"": ""regular"", ""confidence"": 0.89, ""evidence"": [{""type"": ""compound_morphology"", ""source"": ""candidate_index"", ""path"": [""desregular"", ""regular"", ""regular""], ""confidence"": 0.89}]}]}"
es	lemma:2d5953ec46888bf19810	areglarle	uncertain	not_admitted_candidate		aggregate_only_not_sense_frequency	"[{""path"": ""associativvordes/family-index-v5/members/es/21.json.gz"", ""family_id"": ""surface:es:aregl"", ""record_sha256"": ""6cd1933a76248a7a18c681218d6f92360d159437c5112878baba791d3391f3a4""}]"	"{""lemma_id"": ""lemma:2d5953ec46888bf19810"", ""word"": ""areglarle"", ""normalized"": ""areglarle"", ""search_form"": ""areglarle"", ""rank"": 430692, ""frequency_score"": 0.04529710280721981, ""category_breakdown"": {""subtitles"": {""ipm_values"": [0.002806, 0.002371], ""category_ipm"": 0.0025884999999999997, ""category_score"": 0.04529710280721981}}, ""sources"": [{""id"": ""subtitles/hermit_2016_es_full_lemmatized_ipm6_spacy_lookup_cleaned_v8.json"", ""file"": ""hermit_2016_es_full_lemmatized_ipm6_spacy_lookup_cleaned_v8.json"", ""category"": ""subtitles"", ""ipm"": 0.002806}, {""id"": ""subtitles/hermit_2018_es_full_lemmatized_ipm6_spacy_lookup_cleaned_v8.json"", ""file"": ""hermit_2018_es_full_lemmatized_ipm6_spacy_lookup_cleaned_v8.json"", ""category"": ""subtitles"", ""ipm"": 0.002371}], ""corpus_quality"": {""status"": ""accepted"", ""reasons"": []}, ""components"": [{""surface"": ""aregl"", ""canonical_candidate"": ""aregl"", ""confidence"": 0.81, ""evidence"": [{""type"": ""compound_morphology"", ""source"": ""candidate_index"", ""path"": [""areglarle"", ""aregl"", ""aregl""], ""confidence"": 0.81}]}]}"
es	lemma:2e1c3e8ff5f617899992	arreglarlo	uncertain	not_admitted_candidate		aggregate_only_not_sense_frequency	"[{""path"": ""associativvordes/family-index-v5/members/es/7e.json.gz"", ""family_id"": ""surface:es:arreglarl"", ""record_sha256"": ""1b592d8b52fc1bdac5fdc90ca747119bdb5cc192441cf848fca099ba870fee1e""}]"	"{""lemma_id"": ""lemma:2e1c3e8ff5f617899992"", ""word"": ""arreglarlo"", ""normalized"": ""arreglarlo"", ""search_form"": ""arreglarlo"", ""rank"": 2796, ""frequency_score"": 52.85528767348555, ""category_breakdown"": {""subtitles"": {""ipm_values"": [19.368671, 19.471114], ""category_ipm"": 19.4198925, ""category_score"": 52.85528767348555}}, ""sources"": [{""id"": ""subtitles/hermit_2016_es_full_lemmatized_ipm6_spacy_lookup_cleaned_v8.json"", ""file"": ""hermit_2016_es_full_lemmatized_ipm6_spacy_lookup_cleaned_v8.json"", ""category"": ""subtitles"", ""ipm"": 19.368671}, {""id"": ""subtitles/hermit_2018_es_full_lemmatized_ipm6_spacy_lookup_cleaned_v8.json"", ""file"": ""hermit_2018_es_full_lemmatized_ipm6_spacy_lookup_cleaned_v8.json"", ""category"": ""subtitles"", ""ipm"": 19.471114}], ""corpus_quality"": {""status"": ""accepted"", ""reasons"": []}, ""components"": [{""surface"": ""arreglarl"", ""canonical_candidate"": ""arreglarl"", ""confidence"": 0.92, ""evidence"": [{""type"": ""morphological_parse"", ""source"": ""candidate_index"", ""path"": [""arreglarlo"", ""arreglarl"", ""arreglarl""], ""confidence"": 0.92}]}]}"
es	lemma:2ecc17819aa92282c5fb	arreglémoslos	uncertain	not_admitted_candidate		aggregate_only_not_sense_frequency	"[{""path"": ""associativvordes/family-index-v5/members/es/bb.json.gz"", ""family_id"": ""surface:es:arreglemosl"", ""record_sha256"": ""ab2036bad48df8ded4fc5760e3a70d14aed5d83d06ae34118704ba20e714f104""}]"	"{""lemma_id"": ""lemma:2ecc17819aa92282c5fb"", ""word"": ""arreglémoslos"", ""normalized"": ""arreglémoslos"", ""search_form"": ""arreglemoslos"", ""rank"": 338700, ""frequency_score"": 0.06600356668229963, ""category_breakdown"": {""subtitles"": {""ipm_values"": [0.002806, 0.004742], ""category_ipm"": 0.0037739999999999996, ""category_score"": 0.06600356668229963}}, ""sources"": [{""id"": ""subtitles/hermit_2016_es_full_lemmatized_ipm6_spacy_lookup_cleaned_v8.json"", ""file"": ""hermit_2016_es_full_lemmatized_ipm6_spacy_lookup_cleaned_v8.json"", ""category"": ""subtitles"", ""ipm"": 0.002806}, {""id"": ""subtitles/hermit_2018_es_full_lemmatized_ipm6_spacy_lookup_cleaned_v8.json"", ""file"": ""hermit_2018_es_full_lemmatized_ipm6_spacy_lookup_cleaned_v8.json"", ""category"": ""subtitles"", ""ipm"": 0.004742}], ""corpus_quality"": {""status"": ""accepted"", ""reasons"": []}, ""components"": [{""surface"": ""arreglemosl"", ""canonical_candidate"": ""arreglemosl"", ""confidence"": 0.92, ""evidence"": [{""type"": ""morphological_parse"", ""source"": ""candidate_index"", ""path"": [""arreglemoslos"", ""arreglemosl"", ""arreglemosl""], ""confidence"": 0.92}]}]}"
es	lemma:2ee0e8df3ea7f8701847	autoarreglarse	uncertain	not_admitted_candidate		aggregate_only_not_sense_frequency	"[{""path"": ""associativvordes/family-index-v5/members/es/70.json.gz"", ""family_id"": ""surface:es:arregla"", ""record_sha256"": ""0343b54c8a128ecb944b5c77d3e371779f8e9f32e46b0b410090c69f81afe693""}, {""path"": ""associativvordes/family-index-v5/members/es/85.json.gz"", ""family_id"": ""ety:5bed7c192e10"", ""record_sha256"": ""4f51c95fad7b7bfbd0cc867bacc57de87eea8df0c5be8367f4bedb82e9f67ad7""}, {""path"": ""associativvordes/family-index-v5/members/es/88.json.gz"", ""family_id"": ""surface:es:oarr"", ""record_sha256"": ""0283c43a36c94ad1daf9ddc2044ce2e0413e7f714cce4b1ae1b221b08da4ea8d""}, {""path"": ""associativvordes/family-index-v5/members/es/cb.json.gz"", ""family_id"": ""ety:e35c376e6c08"", ""record_sha256"": ""4f51c95fad7b7bfbd0cc867bacc57de87eea8df0c5be8367f4bedb82e9f67ad7""}]"	"{""lemma_id"": ""lemma:2ee0e8df3ea7f8701847"", ""word"": ""autoarreglarse"", ""normalized"": ""autoarreglarse"", ""search_form"": ""autoarreglarse"", ""rank"": 310713, ""frequency_score"": 0.09805858196733827, ""category_breakdown"": {""subtitles"": {""ipm_values"": [0.005612], ""category_ipm"": 0.005612, ""category_score"": 0.09805858196733827}}, ""sources"": [{""id"": ""subtitles/hermit_2016_es_full_lemmatized_ipm6_spacy_lookup_cleaned_v8.json"", ""file"": ""hermit_2016_es_full_lemmatized_ipm6_spacy_lookup_cleaned_v8.json"", ""category"": ""subtitles"", ""ipm"": 0.005612}], ""corpus_quality"": {""status"": ""accepted"", ""reasons"": []}, ""components"": [{""surface"": ""arregla"", ""canonical_candidate"": ""arregla"", ""confidence"": 0.81, ""evidence"": [{""type"": ""compound_morphology"", ""source"": ""candidate_index"", ""path"": [""autoarreglarse"", ""arregla"", ""arregla""], ""confidence"": 0.81}]}]}"
es	lemma:2f7f60b2853de1007eae	regularness	uncertain	withheld_historical_uncertain		aggregate_only_not_sense_frequency	"[{""path"": ""associativvordes/family-index-v5/members/es/1e.json.gz"", ""family_id"": ""surface:es:regularn"", ""record_sha256"": ""6b869a2cd5b748fc97f8a71b0a5ff406112f2dd5fd0ef0d96cd97f9625f8ffe9""}, {""path"": ""associativvordes/family-index-v5/members/es/40.json.gz"", ""family_id"": ""family:regul"", ""record_sha256"": ""1d5c30a77e1131f226b8f002a470392a775779b4ed690978dac3fc44f75ca71f""}, {""path"": ""associativvordes/family-index-v5/members/es/c3.json.gz"", ""family_id"": ""surface:es:ness"", ""record_sha256"": ""1edc368789eff6c7db1b3c12e090b6e3268c365ac0b9c3dcd7cc440f550fdded""}]"	"{""lemma_id"": ""lemma:2f7f60b2853de1007eae"", ""word"": ""regularness"", ""normalized"": ""regularness"", ""search_form"": ""regularness"", ""rank"": 755338, ""frequency_score"": 0.041495494299664135, ""category_breakdown"": {""subtitles"": {""ipm_values"": [0.002371], ""category_ipm"": 0.002371, ""category_score"": 0.041495494299664135}}, ""sources"": [{""id"": ""subtitles/hermit_2018_es_full_lemmatized_ipm6_spacy_lookup_cleaned_v8.json"", ""file"": ""hermit_2018_es_full_lemmatized_ipm6_spacy_lookup_cleaned_v8.json"", ""category"": ""subtitles"", ""ipm"": 0.002371}], ""corpus_quality"": {""status"": ""accepted"", ""reasons"": []}, ""components"": [{""surface"": ""regularn"", ""canonical_candidate"": ""regularn"", ""confidence"": 0.81, ""evidence"": [{""type"": ""compound_morphology"", ""source"": ""candidate_index"", ""path"": [""regularness"", ""regularn"", ""regularn""], ""confidence"": 0.81}]}]}"
es	lemma:30684c078f10123c4c58	arreglamo	uncertain	not_admitted_candidate		aggregate_only_not_sense_frequency	"[{""path"": ""associativvordes/family-index-v5/members/es/a7.json.gz"", ""family_id"": ""surface:es:arreglam"", ""record_sha256"": ""0b5402dcddc7b7b5fae29fdac5c02e3543080ea0f0d8ed7e28405e6ebdfc6b60""}, {""path"": ""associativvordes/family-index-v5/members/es/f7.json.gz"", ""family_id"": ""surface:es:amo"", ""record_sha256"": ""f3b0977363f1b6537dfbc8168d7f5bece7ffc7cc34a741757d32e4a13e2b812e""}]"	"{""lemma_id"": ""lemma:30684c078f10123c4c58"", ""word"": ""arreglamo"", ""normalized"": ""arreglamo"", ""search_form"": ""arreglamo"", ""rank"": 431886, ""frequency_score"": 0.04909788668913623, ""category_breakdown"": {""subtitles"": {""ipm_values"": [0.002806], ""category_ipm"": 0.002806, ""category_score"": 0.04909788668913623}}, ""sources"": [{""id"": ""subtitles/hermit_2016_es_full_lemmatized_ipm6_spacy_lookup_cleaned_v8.json"", ""file"": ""hermit_2016_es_full_lemmatized_ipm6_spacy_lookup_cleaned_v8.json"", ""category"": ""subtitles"", ""ipm"": 0.002806}], ""corpus_quality"": {""status"": ""accepted"", ""reasons"": []}, ""components"": [{""surface"": ""arreglam"", ""canonical_candidate"": ""arreglam"", ""confidence"": 0.92, ""evidence"": [{""type"": ""morphological_parse"", ""source"": ""candidate_index"", ""path"": [""arreglamo"", ""arreglam"", ""arreglam""], ""confidence"": 0.92}]}]}"
es	lemma:315e57326db414a94c2d	aregló	uncertain	not_admitted_candidate		aggregate_only_not_sense_frequency	"[{""path"": ""associativvordes/family-index-v5/members/es/21.json.gz"", ""family_id"": ""surface:es:aregl"", ""record_sha256"": ""8c29de821737063b680e79b3cd68ca2ece133d5c06d5e76ebe201d5a26aaf19d""}, {""path"": ""associativvordes/family-index-v5/members/es/74.json.gz"", ""family_id"": ""surface:es:glo"", ""record_sha256"": ""a230742401e039acf28891cf2d5d90bbeb33413dd64dbb85fda6b8580514d61e""}]"	"{""lemma_id"": ""lemma:315e57326db414a94c2d"", ""word"": ""aregló"", ""normalized"": ""aregló"", ""search_form"": ""areglo"", ""rank"": 242459, ""frequency_score"": 0.13175074215357438, ""category_breakdown"": {""subtitles"": {""ipm_values"": [0.005612, 0.009483], ""category_ipm"": 0.0075475, ""category_score"": 0.13175074215357438}}, ""sources"": [{""id"": ""subtitles/hermit_2016_es_full_lemmatized_ipm6_spacy_lookup_cleaned_v8.json"", ""file"": ""hermit_2016_es_full_lemmatized_ipm6_spacy_lookup_cleaned_v8.json"", ""category"": ""subtitles"", ""ipm"": 0.005612}, {""id"": ""subtitles/hermit_2018_es_full_lemmatized_ipm6_spacy_lookup_cleaned_v8.json"", ""file"": ""hermit_2018_es_full_lemmatized_ipm6_spacy_lookup_cleaned_v8.json"", ""category"": ""subtitles"", ""ipm"": 0.009483}], ""corpus_quality"": {""status"": ""accepted"", ""reasons"": []}, ""components"": [{""surface"": ""aregl"", ""canonical_candidate"": ""aregl"", ""confidence"": 0.92, ""evidence"": [{""type"": ""morphological_parse"", ""source"": ""candidate_index"", ""path"": [""areglo"", ""aregl"", ""aregl""], ""confidence"": 0.92}]}]}"
es	lemma:316bec0682a9790eaeb2	régulo	excluded	removed_historical_excluded		aggregate_only_not_sense_frequency	"[{""path"": ""associativvordes/family-index-v5/members/es/40.json.gz"", ""family_id"": ""family:regul"", ""record_sha256"": ""5d26b206c565667f585b2985d567357d595c218dc19ec8f463e3bbdd6989e769""}]"	"{""lemma_id"": ""lemma:316bec0682a9790eaeb2"", ""word"": ""régulo"", ""normalized"": ""régulo"", ""search_form"": ""regulo"", ""rank"": 55208, ""frequency_score"": 0.6823135623207494, ""category_breakdown"": {""subtitles"": {""ipm_values"": [0.008419, 0.009483], ""category_ipm"": 0.008951, ""category_score"": 0.15614166969400384}, ""mixed"": {""ipm_values"": [0.137722], ""category_ipm"": 0.137722, ""category_score"": 2.260829240200986}}, ""sources"": [{""id"": ""mixed/es_wordlist.lemmatized_stanza_ipm6.json"", ""file"": ""es_wordlist.lemmatized_stanza_ipm6.json"", ""category"": ""mixed"", ""ipm"": 0.137722}, {""id"": ""subtitles/hermit_2016_es_full_lemmatized_ipm6_spacy_lookup_cleaned_v8.json"", ""file"": ""hermit_2016_es_full_lemmatized_ipm6_spacy_lookup_cleaned_v8.json"", ""category"": ""subtitles"", ""ipm"": 0.008419}, {""id"": ""subtitles/hermit_2018_es_full_lemmatized_ipm6_spacy_lookup_cleaned_v8.json"", ""file"": ""hermit_2018_es_full_lemmatized_ipm6_spacy_lookup_cleaned_v8.json"", ""category"": ""subtitles"", ""ipm"": 0.009483}], ""corpus_quality"": {""status"": ""accepted"", ""reasons"": []}, ""components"": [{""surface"": ""regul"", ""canonical_candidate"": ""regul"", ""confidence"": 1, ""evidence"": [{""type"": ""morphological_parse"", ""source"": ""manually_verified"", ""path"": [""regulo"", ""regul"", ""regul""], ""confidence"": 1}, {""type"": ""verified_seed_alias"", ""source"": ""methodology_control_seed"", ""path"": [""es"", ""regul"", ""family:regul""], ""confidence"": 1}]}]}"
es	lemma:3200d22833d3c5d004ca	desrregulada	uncertain	withheld_historical_uncertain		aggregate_only_not_sense_frequency	"[{""path"": ""associativvordes/family-index-v5/members/es/40.json.gz"", ""family_id"": ""family:regul"", ""record_sha256"": ""30b79e6cee4f9c0825a1689e1509add35c13d5909b625c70d92188236e205612""}, {""path"": ""associativvordes/family-index-v5/members/es/56.json.gz"", ""family_id"": ""ety:e7fb8ebbe153"", ""record_sha256"": ""ea2ec648223be82e443f6acebf89ae82e77ffbfce718b9c8d3e8d9275b2429ff""}, {""path"": ""associativvordes/family-index-v5/members/es/68.json.gz"", ""family_id"": ""ety:93a7ae6eb71f"", ""record_sha256"": ""ea2ec648223be82e443f6acebf89ae82e77ffbfce718b9c8d3e8d9275b2429ff""}, {""path"": ""associativvordes/family-index-v5/members/es/6a.json.gz"", ""family_id"": ""ety:b1d4d823a536"", ""record_sha256"": ""ea2ec648223be82e443f6acebf89ae82e77ffbfce718b9c8d3e8d9275b2429ff""}, {""path"": ""associativvordes/family-index-v5/members/es/e0.json.gz"", ""family_id"": ""surface:es:desrregulad"", ""record_sha256"": ""a05073205ce6f28b2e0985eb21dcff79304a15da7e69b420f53d709ead57b03a""}]"	"{""lemma_id"": ""lemma:3200d22833d3c5d004ca"", ""word"": ""desrregulada"", ""normalized"": ""desrregulada"", ""search_form"": ""desrregulada"", ""rank"": 502176, ""frequency_score"": 0.04529710280721981, ""category_breakdown"": {""subtitles"": {""ipm_values"": [0.002806, 0.002371], ""category_ipm"": 0.0025884999999999997, ""category_score"": 0.04529710280721981}}, ""sources"": [{""id"": ""subtitles/hermit_2016_es_full_lemmatized_ipm6_spacy_lookup_cleaned_v8.json"", ""file"": ""hermit_2016_es_full_lemmatized_ipm6_spacy_lookup_cleaned_v8.json"", ""category"": ""subtitles"", ""ipm"": 0.002806}, {""id"": ""subtitles/hermit_2018_es_full_lemmatized_ipm6_spacy_lookup_cleaned_v8.json"", ""file"": ""hermit_2018_es_full_lemmatized_ipm6_spacy_lookup_cleaned_v8.json"", ""category"": ""subtitles"", ""ipm"": 0.002371}], ""corpus_quality"": {""status"": ""accepted"", ""reasons"": []}, ""components"": [{""surface"": ""regul"", ""canonical_candidate"": ""regul"", ""confidence"": 0.97, ""evidence"": [{""type"": ""compound_morphology"", ""source"": ""manually_verified"", ""path"": [""desrregulada"", ""regul"", ""regul""], ""confidence"": 0.97}, {""type"": ""verified_seed_alias"", ""source"": ""methodology_control_seed"", ""path"": [""es"", ""regul"", ""family:regul""], ""confidence"": 1}]}]}"
es	lemma:33e62b23f41e28cf41e9	arreglartelas	uncertain	not_admitted_candidate		aggregate_only_not_sense_frequency	"[{""path"": ""associativvordes/family-index-v5/members/es/ff.json.gz"", ""family_id"": ""surface:es:arreglartel"", ""record_sha256"": ""274d0d310bac632a0f1eb6d01d452769457d52d2e97219b9381b20884403a74b""}]"	"{""lemma_id"": ""lemma:33e62b23f41e28cf41e9"", ""word"": ""arreglartelas"", ""normalized"": ""arreglartelas"", ""search_form"": ""arreglartelas"", ""rank"": 91919, ""frequency_score"": 0.9471741623045452, ""category_breakdown"": {""subtitles"": {""ipm_values"": [0.058931, 0.052157], ""category_ipm"": 0.055543999999999996, ""category_score"": 0.9471741623045452}}, ""sources"": [{""id"": ""subtitles/hermit_2016_es_full_lemmatized_ipm6_spacy_lookup_cleaned_v8.json"", ""file"": ""hermit_2016_es_full_lemmatized_ipm6_spacy_lookup_cleaned_v8.json"", ""category"": ""subtitles"", ""ipm"": 0.058931}, {""id"": ""subtitles/hermit_2018_es_full_lemmatized_ipm6_spacy_lookup_cleaned_v8.json"", ""file"": ""hermit_2018_es_full_lemmatized_ipm6_spacy_lookup_cleaned_v8.json"", ""category"": ""subtitles"", ""ipm"": 0.052157}], ""corpus_quality"": {""status"": ""accepted"", ""reasons"": []}, ""components"": [{""surface"": ""arreglartel"", ""canonical_candidate"": ""arreglartel"", ""confidence"": 0.92, ""evidence"": [{""type"": ""morphological_parse"", ""source"": ""candidate_index"", ""path"": [""arreglartelas"", ""arreglartel"", ""arreglartel""], ""confidence"": 0.92}]}]}"
es	lemma:340e2be698e0418cbd95	arreglence	uncertain	not_admitted_candidate		aggregate_only_not_sense_frequency	"[{""path"": ""associativvordes/family-index-v5/members/es/27.json.gz"", ""family_id"": ""surface:es:ence"", ""record_sha256"": ""c2066113514a1a5e8a23506d530565fab7d0581da6e18ade6ac9ed29e91d4251""}, {""path"": ""associativvordes/family-index-v5/members/es/b1.json.gz"", ""family_id"": ""surface:es:arregl"", ""record_sha256"": ""f108eafb87061b53f66a17caa7228562fefc3c1a075f39da89517066d7af980c""}]"	"{""lemma_id"": ""lemma:340e2be698e0418cbd95"", ""word"": ""arreglence"", ""normalized"": ""arreglence"", ""search_form"": ""arreglence"", ""rank"": 431919, ""frequency_score"": 0.04529710280721981, ""category_breakdown"": {""subtitles"": {""ipm_values"": [0.002806, 0.002371], ""category_ipm"": 0.0025884999999999997, ""category_score"": 0.04529710280721981}}, ""sources"": [{""id"": ""subtitles/hermit_2016_es_full_lemmatized_ipm6_spacy_lookup_cleaned_v8.json"", ""file"": ""hermit_2016_es_full_lemmatized_ipm6_spacy_lookup_cleaned_v8.json"", ""category"": ""subtitles"", ""ipm"": 0.002806}, {""id"": ""subtitles/hermit_2018_es_full_lemmatized_ipm6_spacy_lookup_cleaned_v8.json"", ""file"": ""hermit_2018_es_full_lemmatized_ipm6_spacy_lookup_cleaned_v8.json"", ""category"": ""subtitles"", ""ipm"": 0.002371}], ""corpus_quality"": {""status"": ""accepted"", ""reasons"": []}, ""components"": [{""surface"": ""ence"", ""canonical_candidate"": ""ence"", ""confidence"": 0.89, ""evidence"": [{""type"": ""compound_morphology"", ""source"": ""candidate_index"", ""path"": [""arreglence"", ""ence"", ""ence""], ""confidence"": 0.89}]}]}"
es	lemma:345c49615686b8f1bfba	arreglalo	uncertain	not_admitted_candidate		aggregate_only_not_sense_frequency	"[{""path"": ""associativvordes/family-index-v5/members/es/14.json.gz"", ""family_id"": ""surface:es:arreglal"", ""record_sha256"": ""c8ed771bc9aaebabb4132abc2b1c5f96e34643bdcf366238f9f824f03dbf5b90""}, {""path"": ""associativvordes/family-index-v5/members/es/ba.json.gz"", ""family_id"": ""surface:es:lalo"", ""record_sha256"": ""0a39276411e4bb498ed01d6b4619bf8b60f0b28a53273937e9210386395bfbba""}]"	"{""lemma_id"": ""lemma:345c49615686b8f1bfba"", ""word"": ""arreglalo"", ""normalized"": ""arreglalo"", ""search_form"": ""arreglalo"", ""rank"": 35010, ""frequency_score"": 4.86571260077972, ""category_breakdown"": {""subtitles"": {""ipm_values"": [0.30588, 0.334278], ""category_ipm"": 0.320079, ""category_score"": 4.86571260077972}}, ""sources"": [{""id"": ""subtitles/hermit_2016_es_full_lemmatized_ipm6_spacy_lookup_cleaned_v8.json"", ""file"": ""hermit_2016_es_full_lemmatized_ipm6_spacy_lookup_cleaned_v8.json"", ""category"": ""subtitles"", ""ipm"": 0.30588}, {""id"": ""subtitles/hermit_2018_es_full_lemmatized_ipm6_spacy_lookup_cleaned_v8.json"", ""file"": ""hermit_2018_es_full_lemmatized_ipm6_spacy_lookup_cleaned_v8.json"", ""category"": ""subtitles"", ""ipm"": 0.334278}], ""corpus_quality"": {""status"": ""accepted"", ""reasons"": []}, ""components"": [{""surface"": ""arreglal"", ""canonical_candidate"": ""arreglal"", ""confidence"": 0.92, ""evidence"": [{""type"": ""morphological_parse"", ""source"": ""candidate_index"", ""path"": [""arreglalo"", ""arreglal"", ""arreglal""], ""confidence"": 0.92}]}]}"
es	lemma:3464f30a991be812a6c7	arreglárte	uncertain	not_admitted_candidate		aggregate_only_not_sense_frequency	"[{""path"": ""associativvordes/family-index-v5/members/es/70.json.gz"", ""family_id"": ""surface:es:arregla"", ""record_sha256"": ""cec8231e5b133f8d7501c768c713ac35d6ec447ad4f2aa76ec6a53aba156782e""}]"	"{""lemma_id"": ""lemma:3464f30a991be812a6c7"", ""word"": ""arreglárte"", ""normalized"": ""arreglárte"", ""search_form"": ""arreglarte"", ""rank"": 431938, ""frequency_score"": 0.04529710280721981, ""category_breakdown"": {""subtitles"": {""ipm_values"": [0.002806, 0.002371], ""category_ipm"": 0.0025884999999999997, ""category_score"": 0.04529710280721981}}, ""sources"": [{""id"": ""subtitles/hermit_2016_es_full_lemmatized_ipm6_spacy_lookup_cleaned_v8.json"", ""file"": ""hermit_2016_es_full_lemmatized_ipm6_spacy_lookup_cleaned_v8.json"", ""category"": ""subtitles"", ""ipm"": 0.002806}, {""id"": ""subtitles/hermit_2018_es_full_lemmatized_ipm6_spacy_lookup_cleaned_v8.json"", ""file"": ""hermit_2018_es_full_lemmatized_ipm6_spacy_lookup_cleaned_v8.json"", ""category"": ""subtitles"", ""ipm"": 0.002371}], ""corpus_quality"": {""status"": ""accepted"", ""reasons"": []}, ""components"": [{""surface"": ""arregla"", ""canonical_candidate"": ""arregla"", ""confidence"": 0.81, ""evidence"": [{""type"": ""compound_morphology"", ""source"": ""candidate_index"", ""path"": [""arreglarte"", ""arregla"", ""arregla""], ""confidence"": 0.81}]}]}"
es	lemma:3485b4e5d70bbb5b0709	autoregulado	uncertain	withheld_historical_uncertain		aggregate_only_not_sense_frequency	"[{""path"": ""associativvordes/family-index-v5/members/es/02.json.gz"", ""family_id"": ""surface:es:lado"", ""record_sha256"": ""48884c6f6c516671a2c0e54746e1702102e57b586e87f9104330d43ee190022d""}, {""path"": ""associativvordes/family-index-v5/members/es/40.json.gz"", ""family_id"": ""family:regul"", ""record_sha256"": ""c1e7b6243799edeb8c2481fcf8aed9d8cb2cef16b68d064009a334ab05a9746d""}, {""path"": ""associativvordes/family-index-v5/members/es/9f.json.gz"", ""family_id"": ""surface:es:autoregulad"", ""record_sha256"": ""611bf78e87af79e350f126228546b185231db71e11bfd16ecb5fb349e7da56cd""}]"	"{""lemma_id"": ""lemma:3485b4e5d70bbb5b0709"", ""word"": ""autoregulado"", ""normalized"": ""autoregulado"", ""search_form"": ""autoregulado"", ""rank"": 438040, ""frequency_score"": 0.04529710280721981, ""category_breakdown"": {""subtitles"": {""ipm_values"": [0.002806, 0.002371], ""category_ipm"": 0.0025884999999999997, ""category_score"": 0.04529710280721981}}, ""sources"": [{""id"": ""subtitles/hermit_2016_es_full_lemmatized_ipm6_spacy_lookup_cleaned_v8.json"", ""file"": ""hermit_2016_es_full_lemmatized_ipm6_spacy_lookup_cleaned_v8.json"", ""category"": ""subtitles"", ""ipm"": 0.002806}, {""id"": ""subtitles/hermit_2018_es_full_lemmatized_ipm6_spacy_lookup_cleaned_v8.json"", ""file"": ""hermit_2018_es_full_lemmatized_ipm6_spacy_lookup_cleaned_v8.json"", ""category"": ""subtitles"", ""ipm"": 0.002371}], ""corpus_quality"": {""status"": ""accepted"", ""reasons"": []}, ""components"": [{""surface"": ""lado"", ""canonical_candidate"": ""lado"", ""confidence"": 0.89, ""evidence"": [{""type"": ""compound_morphology"", ""source"": ""candidate_index"", ""path"": [""autoregulado"", ""lado"", ""lado""], ""confidence"": 0.89}]}]}"
es	lemma:348e9ff8aaf4e9ad93ae	reglamento	uncertain	not_admitted_candidate		aggregate_only_not_sense_frequency	"[{""path"": ""associativvordes/family-index-v5/members/es/e9.json.gz"", ""family_id"": ""surface:es:reglament"", ""record_sha256"": ""3a31fdba9955488b1a460fbf3b9448d19b335b37d11fd5a553d6821a27b91ec9""}]"	"{""lemma_id"": ""lemma:348e9ff8aaf4e9ad93ae"", ""word"": ""reglamento"", ""normalized"": ""reglamento"", ""search_form"": ""reglamento"", ""rank"": 3369, ""frequency_score"": 22.323232388705982, ""category_breakdown"": {""subtitles"": {""ipm_values"": [0.83626, 0.881926], ""category_ipm"": 0.859093, ""category_score"": 10.865196318604324}, ""mixed"": {""ipm_values"": [24.42619], ""category_ipm"": 24.42619, ""category_score"": 56.69734059901096}}, ""sources"": [{""id"": ""mixed/es_wordlist.lemmatized_stanza_ipm6.json"", ""file"": ""es_wordlist.lemmatized_stanza_ipm6.json"", ""category"": ""mixed"", ""ipm"": 24.42619}, {""id"": ""subtitles/hermit_2016_es_full_lemmatized_ipm6_spacy_lookup_cleaned_v8.json"", ""file"": ""hermit_2016_es_full_lemmatized_ipm6_spacy_lookup_cleaned_v8.json"", ""category"": ""subtitles"", ""ipm"": 0.83626}, {""id"": ""subtitles/hermit_2018_es_full_lemmatized_ipm6_spacy_lookup_cleaned_v8.json"", ""file"": ""hermit_2018_es_full_lemmatized_ipm6_spacy_lookup_cleaned_v8.json"", ""category"": ""subtitles"", ""ipm"": 0.881926}], ""corpus_quality"": {""status"": ""accepted"", ""reasons"": []}, ""components"": [{""surface"": ""reglament"", ""canonical_candidate"": ""reglament"", ""confidence"": 0.92, ""evidence"": [{""type"": ""morphological_parse"", ""source"": ""candidate_index"", ""path"": [""reglamento"", ""reglament"", ""reglament""], ""confidence"": 0.92}]}]}"
es	lemma:34c5c3ba33b53dfb5db8	reglar	uncertain	not_admitted_candidate		aggregate_only_not_sense_frequency	"[{""path"": ""associativvordes/family-index-v5/members/es/8c.json.gz"", ""family_id"": ""surface:es:glar"", ""record_sha256"": ""1ff06b885de92405cd49114165cf23ec7589ec8dc8345706ef795a709ed825d1""}, {""path"": ""associativvordes/family-index-v5/members/es/b2.json.gz"", ""family_id"": ""surface:es:reg"", ""record_sha256"": ""97381063932d0ef8ab48f55cc9a1c97f12dc709c8c2f36b64639d88ce4bb6be2""}]"	"{""lemma_id"": ""lemma:34c5c3ba33b53dfb5db8"", ""word"": ""reglar"", ""normalized"": ""reglar"", ""search_form"": ""reglar"", ""rank"": 791, ""frequency_score"": 80.47390437167039, ""category_breakdown"": {""subtitles"": {""ipm_values"": [97.78625, 97.742005], ""category_ipm"": 97.7641275, ""category_score"": 80.47390437167039}}, ""sources"": [{""id"": ""subtitles/hermit_2016_es_full_lemmatized_ipm6_spacy_lookup_cleaned_v8.json"", ""file"": ""hermit_2016_es_full_lemmatized_ipm6_spacy_lookup_cleaned_v8.json"", ""category"": ""subtitles"", ""ipm"": 97.78625}, {""id"": ""subtitles/hermit_2018_es_full_lemmatized_ipm6_spacy_lookup_cleaned_v8.json"", ""file"": ""hermit_2018_es_full_lemmatized_ipm6_spacy_lookup_cleaned_v8.json"", ""category"": ""subtitles"", ""ipm"": 97.742005}], ""corpus_quality"": {""status"": ""accepted"", ""reasons"": []}, ""components"": [{""surface"": ""glar"", ""canonical_candidate"": ""glar"", ""confidence"": 0.92, ""evidence"": [{""type"": ""morphological_parse"", ""source"": ""candidate_index"", ""path"": [""reglar"", ""glar"", ""glar""], ""confidence"": 0.92}]}]}"
es	lemma:34d1efcdb444ebc62d4f	desarréglalo	uncertain	not_admitted_candidate		aggregate_only_not_sense_frequency	"[{""path"": ""associativvordes/family-index-v5/members/es/4c.json.gz"", ""family_id"": ""surface:es:desarreglal"", ""record_sha256"": ""2d625473b324b26ff7056a21be874d6eeb490c4809da20a079efccef6bea46a8""}, {""path"": ""associativvordes/family-index-v5/members/es/ba.json.gz"", ""family_id"": ""surface:es:lalo"", ""record_sha256"": ""656018f9b735c0458570e6ceea85443a01de0a453769fe7f707f59762e3da2e3""}]"	"{""lemma_id"": ""lemma:34d1efcdb444ebc62d4f"", ""word"": ""desarréglalo"", ""normalized"": ""desarréglalo"", ""search_form"": ""desarreglalo"", ""rank"": 497753, ""frequency_score"": 0.04529710280721981, ""category_breakdown"": {""subtitles"": {""ipm_values"": [0.002806, 0.002371], ""category_ipm"": 0.0025884999999999997, ""category_score"": 0.04529710280721981}}, ""sources"": [{""id"": ""subtitles/hermit_2016_es_full_lemmatized_ipm6_spacy_lookup_cleaned_v8.json"", ""file"": ""hermit_2016_es_full_lemmatized_ipm6_spacy_lookup_cleaned_v8.json"", ""category"": ""subtitles"", ""ipm"": 0.002806}, {""id"": ""subtitles/hermit_2018_es_full_lemmatized_ipm6_spacy_lookup_cleaned_v8.json"", ""file"": ""hermit_2018_es_full_lemmatized_ipm6_spacy_lookup_cleaned_v8.json"", ""category"": ""subtitles"", ""ipm"": 0.002371}], ""corpus_quality"": {""status"": ""accepted"", ""reasons"": []}, ""components"": [{""surface"": ""desarreglal"", ""canonical_candidate"": ""desarreglal"", ""confidence"": 0.92, ""evidence"": [{""type"": ""morphological_parse"", ""source"": ""candidate_index"", ""path"": [""desarreglalo"", ""desarreglal"", ""desarreglal""], ""confidence"": 0.92}]}]}"
es	lemma:34fc5625811dbdbb72fb	arreglásteis	uncertain	not_admitted_candidate		aggregate_only_not_sense_frequency	"[{""path"": ""associativvordes/family-index-v5/members/es/1b.json.gz"", ""family_id"": ""surface:es:eis"", ""record_sha256"": ""d2ee7b28d00280524e1b87926c92597cb3bf7853d6848aa230160aa48ace8ccd""}, {""path"": ""associativvordes/family-index-v5/members/es/b7.json.gz"", ""family_id"": ""surface:es:arreglast"", ""record_sha256"": ""7b2819d482722797ce6a26282b34d688dd6a2c8d97e2e49b37f5eec653f9088f""}]"	"{""lemma_id"": ""lemma:34fc5625811dbdbb72fb"", ""word"": ""arreglásteis"", ""normalized"": ""arreglásteis"", ""search_form"": ""arreglasteis"", ""rank"": 242588, ""frequency_score"": 0.15614166969400384, ""category_breakdown"": {""subtitles"": {""ipm_values"": [0.008419, 0.009483], ""category_ipm"": 0.008951, ""category_score"": 0.15614166969400384}}, ""sources"": [{""id"": ""subtitles/hermit_2016_es_full_lemmatized_ipm6_spacy_lookup_cleaned_v8.json"", ""file"": ""hermit_2016_es_full_lemmatized_ipm6_spacy_lookup_cleaned_v8.json"", ""category"": ""subtitles"", ""ipm"": 0.008419}, {""id"": ""subtitles/hermit_2018_es_full_lemmatized_ipm6_spacy_lookup_cleaned_v8.json"", ""file"": ""hermit_2018_es_full_lemmatized_ipm6_spacy_lookup_cleaned_v8.json"", ""category"": ""subtitles"", ""ipm"": 0.009483}], ""corpus_quality"": {""status"": ""accepted"", ""reasons"": []}, ""components"": [{""surface"": ""eis"", ""canonical_candidate"": ""eis"", ""confidence"": 0.89, ""evidence"": [{""type"": ""compound_morphology"", ""source"": ""candidate_index"", ""path"": [""arreglasteis"", ""eis"", ""eis""], ""confidence"": 0.89}]}]}"
es	lemma:3531a459ab02b2ab1a51	arreglémonos	uncertain	not_admitted_candidate		aggregate_only_not_sense_frequency	"[{""path"": ""associativvordes/family-index-v5/members/es/de.json.gz"", ""family_id"": ""surface:es:arreglemon"", ""record_sha256"": ""41e88544a23f0e7b1df70664edd39ddccd923f9caf318c548c96ad5d9b2511dd""}]"	"{""lemma_id"": ""lemma:3531a459ab02b2ab1a51"", ""word"": ""arreglémonos"", ""normalized"": ""arreglémonos"", ""search_form"": ""arreglemonos"", ""rank"": 121244, ""frequency_score"": 0.5487274376859184, ""category_breakdown"": {""subtitles"": {""ipm_values"": [0.028062, 0.035562], ""category_ipm"": 0.031812, ""category_score"": 0.5487274376859184}}, ""sources"": [{""id"": ""subtitles/hermit_2016_es_full_lemmatized_ipm6_spacy_lookup_cleaned_v8.json"", ""file"": ""hermit_2016_es_full_lemmatized_ipm6_spacy_lookup_cleaned_v8.json"", ""category"": ""subtitles"", ""ipm"": 0.028062}, {""id"": ""subtitles/hermit_2018_es_full_lemmatized_ipm6_spacy_lookup_cleaned_v8.json"", ""file"": ""hermit_2018_es_full_lemmatized_ipm6_spacy_lookup_cleaned_v8.json"", ""category"": ""subtitles"", ""ipm"": 0.035562}], ""corpus_quality"": {""status"": ""accepted"", ""reasons"": []}, ""components"": [{""surface"": ""arreglemon"", ""canonical_candidate"": ""arreglemon"", ""confidence"": 0.92, ""evidence"": [{""type"": ""morphological_parse"", ""source"": ""candidate_index"", ""path"": [""arreglemonos"", ""arreglemon"", ""arreglemon""], ""confidence"": 0.92}]}]}"
es	lemma:355465de746f57c63a9c	regolíticos	uncertain	not_admitted_candidate		aggregate_only_not_sense_frequency	"[{""path"": ""associativvordes/family-index-v5/members/es/0a.json.gz"", ""family_id"": ""surface:es:icos"", ""record_sha256"": ""e47065200b5fe9f0a829ff8c6612d6a149f86b419188e329abca2775bd94e7cb""}, {""path"": ""associativvordes/family-index-v5/members/es/6c.json.gz"", ""family_id"": ""surface:es:regolitic"", ""record_sha256"": ""dc0a75c9750129dfae040065269f1a7075c20eff6b8c868fdd0252079d766c75""}]"	"{""lemma_id"": ""lemma:355465de746f57c63a9c"", ""word"": ""regolíticos"", ""normalized"": ""regolíticos"", ""search_form"": ""regoliticos"", ""rank"": 691848, ""frequency_score"": 0.04529710280721981, ""category_breakdown"": {""subtitles"": {""ipm_values"": [0.002806, 0.002371], ""category_ipm"": 0.0025884999999999997, ""category_score"": 0.04529710280721981}}, ""sources"": [{""id"": ""subtitles/hermit_2016_es_full_lemmatized_ipm6_spacy_lookup_cleaned_v8.json"", ""file"": ""hermit_2016_es_full_lemmatized_ipm6_spacy_lookup_cleaned_v8.json"", ""category"": ""subtitles"", ""ipm"": 0.002806}, {""id"": ""subtitles/hermit_2018_es_full_lemmatized_ipm6_spacy_lookup_cleaned_v8.json"", ""file"": ""hermit_2018_es_full_lemmatized_ipm6_spacy_lookup_cleaned_v8.json"", ""category"": ""subtitles"", ""ipm"": 0.002371}], ""corpus_quality"": {""status"": ""accepted"", ""reasons"": []}, ""components"": [{""surface"": ""icos"", ""canonical_candidate"": ""icos"", ""confidence"": 0.89, ""evidence"": [{""type"": ""compound_morphology"", ""source"": ""candidate_index"", ""path"": [""regoliticos"", ""icos"", ""icos""], ""confidence"": 0.89}]}]}"
es	lemma:373a4631a99b98adf5b6	regola	uncertain	withheld_historical_uncertain		aggregate_only_not_sense_frequency	"[{""path"": ""associativvordes/family-index-v5/members/es/40.json.gz"", ""family_id"": ""family:regul"", ""record_sha256"": ""ad07d20e7842f9202035bfa8cbb484d57c23f338b4dffab8eaa53c96b7838e72""}, {""path"": ""associativvordes/family-index-v5/members/es/6e.json.gz"", ""family_id"": ""surface:es:ola"", ""record_sha256"": ""5130b5a68a42cef6f13cd2baa7e6082503930dac038a0fa55867605a93296eab""}]"	"{""lemma_id"": ""lemma:373a4631a99b98adf5b6"", ""word"": ""regola"", ""normalized"": ""regola"", ""search_form"": ""regola"", ""rank"": 384531, ""frequency_score"": 0.090477407431868, ""category_breakdown"": {""subtitles"": {""ipm_values"": [0.005612, 0.004742], ""category_ipm"": 0.005176999999999999, ""category_score"": 0.090477407431868}}, ""sources"": [{""id"": ""subtitles/hermit_2016_es_full_lemmatized_ipm6_spacy_lookup_cleaned_v8.json"", ""file"": ""hermit_2016_es_full_lemmatized_ipm6_spacy_lookup_cleaned_v8.json"", ""category"": ""subtitles"", ""ipm"": 0.005612}, {""id"": ""subtitles/hermit_2018_es_full_lemmatized_ipm6_spacy_lookup_cleaned_v8.json"", ""file"": ""hermit_2018_es_full_lemmatized_ipm6_spacy_lookup_cleaned_v8.json"", ""category"": ""subtitles"", ""ipm"": 0.004742}], ""corpus_quality"": {""status"": ""accepted"", ""reasons"": []}, ""components"": [{""surface"": ""regol"", ""canonical_candidate"": ""regol"", ""confidence"": 0.92, ""evidence"": [{""type"": ""morphological_parse"", ""source"": ""candidate_index"", ""path"": [""regola"", ""regol"", ""regol""], ""confidence"": 0.92}, {""type"": ""verified_seed_alias"", ""source"": ""methodology_control_seed"", ""path"": [""es"", ""regol"", ""family:regul""], ""confidence"": 1}]}]}"
es	lemma:373c410d94b9121287e3	desarréglalas	uncertain	not_admitted_candidate		aggregate_only_not_sense_frequency	"[{""path"": ""associativvordes/family-index-v5/members/es/4c.json.gz"", ""family_id"": ""surface:es:desarreglal"", ""record_sha256"": ""4532032c1bf2bd51a6c37e42dc6ae7098535d28a2e789acec44f04d878cb53f0""}]"	"{""lemma_id"": ""lemma:373c410d94b9121287e3"", ""word"": ""desarréglalas"", ""normalized"": ""desarréglalas"", ""search_form"": ""desarreglalas"", ""rank"": 497752, ""frequency_score"": 0.04529710280721981, ""category_breakdown"": {""subtitles"": {""ipm_values"": [0.002806, 0.002371], ""category_ipm"": 0.0025884999999999997, ""category_score"": 0.04529710280721981}}, ""sources"": [{""id"": ""subtitles/hermit_2016_es_full_lemmatized_ipm6_spacy_lookup_cleaned_v8.json"", ""file"": ""hermit_2016_es_full_lemmatized_ipm6_spacy_lookup_cleaned_v8.json"", ""category"": ""subtitles"", ""ipm"": 0.002806}, {""id"": ""subtitles/hermit_2018_es_full_lemmatized_ipm6_spacy_lookup_cleaned_v8.json"", ""file"": ""hermit_2018_es_full_lemmatized_ipm6_spacy_lookup_cleaned_v8.json"", ""category"": ""subtitles"", ""ipm"": 0.002371}], ""corpus_quality"": {""status"": ""accepted"", ""reasons"": []}, ""components"": [{""surface"": ""desarreglal"", ""canonical_candidate"": ""desarreglal"", ""confidence"": 0.92, ""evidence"": [{""type"": ""morphological_parse"", ""source"": ""candidate_index"", ""path"": [""desarreglalas"", ""desarreglal"", ""desarreglal""], ""confidence"": 0.92}]}]}"
es	lemma:374d26db76397b61d599	reglitas	uncertain	not_admitted_candidate		aggregate_only_not_sense_frequency	"[{""path"": ""associativvordes/family-index-v5/members/es/1d.json.gz"", ""family_id"": ""surface:es:itas"", ""record_sha256"": ""30fcc0ad365f99d56d29e5f343cc2cf7e6cf8dbc4db1bf8739fe5d0b451b7886""}, {""path"": ""associativvordes/family-index-v5/members/es/27.json.gz"", ""family_id"": ""surface:es:reglit"", ""record_sha256"": ""e067a460b9b96c328101ffebb73ea5a848fd82491c6ce6a0cbd45dd4b16ffba0""}]"	"{""lemma_id"": ""lemma:374d26db76397b61d599"", ""word"": ""reglitas"", ""normalized"": ""reglitas"", ""search_form"": ""reglitas"", ""rank"": 163357, ""frequency_score"": 0.3183992380933166, ""category_breakdown"": {""subtitles"": {""ipm_values"": [0.02245, 0.014225], ""category_ipm"": 0.0183375, ""category_score"": 0.3183992380933166}}, ""sources"": [{""id"": ""subtitles/hermit_2016_es_full_lemmatized_ipm6_spacy_lookup_cleaned_v8.json"", ""file"": ""hermit_2016_es_full_lemmatized_ipm6_spacy_lookup_cleaned_v8.json"", ""category"": ""subtitles"", ""ipm"": 0.02245}, {""id"": ""subtitles/hermit_2018_es_full_lemmatized_ipm6_spacy_lookup_cleaned_v8.json"", ""file"": ""hermit_2018_es_full_lemmatized_ipm6_spacy_lookup_cleaned_v8.json"", ""category"": ""subtitles"", ""ipm"": 0.014225}], ""corpus_quality"": {""status"": ""accepted"", ""reasons"": []}, ""components"": [{""surface"": ""itas"", ""canonical_candidate"": ""itas"", ""confidence"": 0.89, ""evidence"": [{""type"": ""compound_morphology"", ""source"": ""candidate_index"", ""path"": [""reglitas"", ""itas"", ""itas""], ""confidence"": 0.89}]}]}"
es	lemma:376ab4381701f76db36a	arreglarce	uncertain	not_admitted_candidate		aggregate_only_not_sense_frequency	"[{""path"": ""associativvordes/family-index-v5/members/es/14.json.gz"", ""family_id"": ""ety:2db08ae3d2a9"", ""record_sha256"": ""e66165c66e346e0429c12f6b31b83af867092d26ee9bcbcf333dd919f8addb7a""}, {""path"": ""associativvordes/family-index-v5/members/es/37.json.gz"", ""family_id"": ""ety:d515d142431d"", ""record_sha256"": ""e66165c66e346e0429c12f6b31b83af867092d26ee9bcbcf333dd919f8addb7a""}, {""path"": ""associativvordes/family-index-v5/members/es/70.json.gz"", ""family_id"": ""surface:es:arregla"", ""record_sha256"": ""39d6b32006423b4e46fcc55260b1e7fc40a69b4d53e520b5d7aebdb80255259e""}]"	"{""lemma_id"": ""lemma:376ab4381701f76db36a"", ""word"": ""arreglarce"", ""normalized"": ""arreglarce"", ""search_form"": ""arreglarce"", ""rank"": 471474, ""frequency_score"": 0.041495494299664135, ""category_breakdown"": {""subtitles"": {""ipm_values"": [0.002371], ""category_ipm"": 0.002371, ""category_score"": 0.041495494299664135}}, ""sources"": [{""id"": ""subtitles/hermit_2018_es_full_lemmatized_ipm6_spacy_lookup_cleaned_v8.json"", ""file"": ""hermit_2018_es_full_lemmatized_ipm6_spacy_lookup_cleaned_v8.json"", ""category"": ""subtitles"", ""ipm"": 0.002371}], ""corpus_quality"": {""status"": ""accepted"", ""reasons"": []}, ""components"": [{""surface"": ""arce"", ""canonical_candidate"": ""arce"", ""confidence"": 0.89, ""evidence"": [{""type"": ""compound_morphology"", ""source"": ""candidate_index"", ""path"": [""arreglarce"", ""arce"", ""arce""], ""confidence"": 0.89}]}]}"
es	lemma:37b6723cdd591b39430c	arreglarl	uncertain	not_admitted_candidate		aggregate_only_not_sense_frequency	"[{""path"": ""associativvordes/family-index-v5/members/es/7e.json.gz"", ""family_id"": ""surface:es:arreglarl"", ""record_sha256"": ""4af9bfc372a49ddaa9bea74d547479013503b65cfa25f229836670950d7a0f5c""}]"	"{""lemma_id"": ""lemma:37b6723cdd591b39430c"", ""word"": ""arreglarl"", ""normalized"": ""arreglarl"", ""search_form"": ""arreglarl"", ""rank"": 309276, ""frequency_score"": 0.090477407431868, ""category_breakdown"": {""subtitles"": {""ipm_values"": [0.005612, 0.004742], ""category_ipm"": 0.005176999999999999, ""category_score"": 0.090477407431868}}, ""sources"": [{""id"": ""subtitles/hermit_2016_es_full_lemmatized_ipm6_spacy_lookup_cleaned_v8.json"", ""file"": ""hermit_2016_es_full_lemmatized_ipm6_spacy_lookup_cleaned_v8.json"", ""category"": ""subtitles"", ""ipm"": 0.005612}, {""id"": ""subtitles/hermit_2018_es_full_lemmatized_ipm6_spacy_lookup_cleaned_v8.json"", ""file"": ""hermit_2018_es_full_lemmatized_ipm6_spacy_lookup_cleaned_v8.json"", ""category"": ""subtitles"", ""ipm"": 0.004742}], ""corpus_quality"": {""status"": ""accepted"", ""reasons"": []}, ""components"": [{""surface"": ""arreglarl"", ""canonical_candidate"": ""arreglarl"", ""confidence"": 0.92, ""evidence"": [{""type"": ""morphological_parse"", ""source"": ""candidate_index"", ""path"": [""arreglarl"", ""arreglarl"", ""arreglarl""], ""confidence"": 0.92}]}]}"
es	lemma:37d626aafe8f0885abe0	arregladle	uncertain	not_admitted_candidate		aggregate_only_not_sense_frequency	"[{""path"": ""associativvordes/family-index-v5/members/es/70.json.gz"", ""family_id"": ""surface:es:arregla"", ""record_sha256"": ""76ccc9692acb80dfc103219c96e877b88eab90dfb7bc6b5e3267ab6239346135""}]"	"{""lemma_id"": ""lemma:37d626aafe8f0885abe0"", ""word"": ""arregladle"", ""normalized"": ""arregladle"", ""search_form"": ""arregladle"", ""rank"": 309269, ""frequency_score"": 0.090477407431868, ""category_breakdown"": {""subtitles"": {""ipm_values"": [0.005612, 0.004742], ""category_ipm"": 0.005176999999999999, ""category_score"": 0.090477407431868}}, ""sources"": [{""id"": ""subtitles/hermit_2016_es_full_lemmatized_ipm6_spacy_lookup_cleaned_v8.json"", ""file"": ""hermit_2016_es_full_lemmatized_ipm6_spacy_lookup_cleaned_v8.json"", ""category"": ""subtitles"", ""ipm"": 0.005612}, {""id"": ""subtitles/hermit_2018_es_full_lemmatized_ipm6_spacy_lookup_cleaned_v8.json"", ""file"": ""hermit_2018_es_full_lemmatized_ipm6_spacy_lookup_cleaned_v8.json"", ""category"": ""subtitles"", ""ipm"": 0.004742}], ""corpus_quality"": {""status"": ""accepted"", ""reasons"": []}, ""components"": [{""surface"": ""arregla"", ""canonical_candidate"": ""arregla"", ""confidence"": 0.81, ""evidence"": [{""type"": ""compound_morphology"", ""source"": ""candidate_index"", ""path"": [""arregladle"", ""arregla"", ""arregla""], ""confidence"": 0.81}]}]}"
es	lemma:38a5a6cd44785d897234	arréglamela	uncertain	not_admitted_candidate		aggregate_only_not_sense_frequency	"[{""path"": ""associativvordes/family-index-v5/members/es/be.json.gz"", ""family_id"": ""surface:es:arreglamel"", ""record_sha256"": ""20888b9535d725ab260c66d0d17bb4ba2882a9dec4c4c896d4a9ce2db843a5ba""}]"	"{""lemma_id"": ""lemma:38a5a6cd44785d897234"", ""word"": ""arréglamela"", ""normalized"": ""arréglamela"", ""search_form"": ""arreglamela"", ""rank"": 180544, ""frequency_score"": 0.2700425905844662, ""category_breakdown"": {""subtitles"": {""ipm_values"": [0.016837, 0.014225], ""category_ipm"": 0.015531, ""category_score"": 0.2700425905844662}}, ""sources"": [{""id"": ""subtitles/hermit_2016_es_full_lemmatized_ipm6_spacy_lookup_cleaned_v8.json"", ""file"": ""hermit_2016_es_full_lemmatized_ipm6_spacy_lookup_cleaned_v8.json"", ""category"": ""subtitles"", ""ipm"": 0.016837}, {""id"": ""subtitles/hermit_2018_es_full_lemmatized_ipm6_spacy_lookup_cleaned_v8.json"", ""file"": ""hermit_2018_es_full_lemmatized_ipm6_spacy_lookup_cleaned_v8.json"", ""category"": ""subtitles"", ""ipm"": 0.014225}], ""corpus_quality"": {""status"": ""accepted"", ""reasons"": []}, ""components"": [{""surface"": ""arreglamel"", ""canonical_candidate"": ""arreglamel"", ""confidence"": 0.92, ""evidence"": [{""type"": ""morphological_parse"", ""source"": ""candidate_index"", ""path"": [""arreglamela"", ""arreglamel"", ""arreglamel""], ""confidence"": 0.92}]}]}"
es	lemma:38dd127aa38475b7ecc0	arreglenlo	uncertain	not_admitted_candidate		aggregate_only_not_sense_frequency	"[{""path"": ""associativvordes/family-index-v5/members/es/8e.json.gz"", ""family_id"": ""surface:es:arreglenl"", ""record_sha256"": ""f95716fe58d0cc689d68bcdfa6514b5df90a27bb3cef1ef5f86fe3f25b3c0ef4""}]"	"{""lemma_id"": ""lemma:38dd127aa38475b7ecc0"", ""word"": ""arreglenlo"", ""normalized"": ""arreglenlo"", ""search_form"": ""arreglenlo"", ""rank"": 159913, ""frequency_score"": 0.3554056803062134, ""category_breakdown"": {""subtitles"": {""ipm_values"": [0.019644, 0.021337], ""category_ipm"": 0.0204905, ""category_score"": 0.3554056803062134}}, ""sources"": [{""id"": ""subtitles/hermit_2016_es_full_lemmatized_ipm6_spacy_lookup_cleaned_v8.json"", ""file"": ""hermit_2016_es_full_lemmatized_ipm6_spacy_lookup_cleaned_v8.json"", ""category"": ""subtitles"", ""ipm"": 0.019644}, {""id"": ""subtitles/hermit_2018_es_full_lemmatized_ipm6_spacy_lookup_cleaned_v8.json"", ""file"": ""hermit_2018_es_full_lemmatized_ipm6_spacy_lookup_cleaned_v8.json"", ""category"": ""subtitles"", ""ipm"": 0.021337}], ""corpus_quality"": {""status"": ""accepted"", ""reasons"": []}, ""components"": [{""surface"": ""arreglenl"", ""canonical_candidate"": ""arreglenl"", ""confidence"": 0.92, ""evidence"": [{""type"": ""morphological_parse"", ""source"": ""candidate_index"", ""path"": [""arreglenlo"", ""arreglenl"", ""arreglenl""], ""confidence"": 0.92}]}]}"
es	lemma:392d73c9e4e7e656c83f	fregoli	uncertain	not_admitted_candidate		aggregate_only_not_sense_frequency	"[{""path"": ""associativvordes/family-index-v5/members/es/00.json.gz"", ""family_id"": ""surface:es:freg"", ""record_sha256"": ""1a4b7461043baccbeedda3155c117a45d7d979e4b5c4ec428485bbf04ec2b038""}, {""path"": ""associativvordes/family-index-v5/members/es/f5.json.gz"", ""family_id"": ""surface:es:goli"", ""record_sha256"": ""6d543fe3979371fe27ab4db693afce034c0e8cb25d11acfa92befed98b828ed9""}]"	"{""lemma_id"": ""lemma:392d73c9e4e7e656c83f"", ""word"": ""fregoli"", ""normalized"": ""fregoli"", ""search_form"": ""fregoli"", ""rank"": 224561, ""frequency_score"": 0.1279678466216112, ""category_breakdown"": {""subtitles"": {""ipm_values"": [0.002806, 0.011854], ""category_ipm"": 0.00733, ""category_score"": 0.1279678466216112}}, ""sources"": [{""id"": ""subtitles/hermit_2016_es_full_lemmatized_ipm6_spacy_lookup_cleaned_v8.json"", ""file"": ""hermit_2016_es_full_lemmatized_ipm6_spacy_lookup_cleaned_v8.json"", ""category"": ""subtitles"", ""ipm"": 0.002806}, {""id"": ""subtitles/hermit_2018_es_full_lemmatized_ipm6_spacy_lookup_cleaned_v8.json"", ""file"": ""hermit_2018_es_full_lemmatized_ipm6_spacy_lookup_cleaned_v8.json"", ""category"": ""subtitles"", ""ipm"": 0.011854}], ""corpus_quality"": {""status"": ""accepted"", ""reasons"": []}, ""components"": [{""surface"": ""freg"", ""canonical_candidate"": ""freg"", ""confidence"": 0.81, ""evidence"": [{""type"": ""compound_morphology"", ""source"": ""candidate_index"", ""path"": [""fregoli"", ""freg"", ""freg""], ""confidence"": 0.81}]}]}"
es	lemma:396d84eb3878e5d13d0d	arreglarnolas	uncertain	not_admitted_candidate		aggregate_only_not_sense_frequency	"[{""path"": ""associativvordes/family-index-v5/members/es/fb.json.gz"", ""family_id"": ""surface:es:arreglarnol"", ""record_sha256"": ""6fc60875849a20fa1d40df11a0da6b44d5473f0b367b73325a492dc474d24b5e""}]"	"{""lemma_id"": ""lemma:396d84eb3878e5d13d0d"", ""word"": ""arreglarnolas"", ""normalized"": ""arreglarnolas"", ""search_form"": ""arreglarnolas"", ""rank"": 471485, ""frequency_score"": 0.041495494299664135, ""category_breakdown"": {""subtitles"": {""ipm_values"": [0.002371], ""category_ipm"": 0.002371, ""category_score"": 0.041495494299664135}}, ""sources"": [{""id"": ""subtitles/hermit_2018_es_full_lemmatized_ipm6_spacy_lookup_cleaned_v8.json"", ""file"": ""hermit_2018_es_full_lemmatized_ipm6_spacy_lookup_cleaned_v8.json"", ""category"": ""subtitles"", ""ipm"": 0.002371}], ""corpus_quality"": {""status"": ""accepted"", ""reasons"": []}, ""components"": [{""surface"": ""arreglarnol"", ""canonical_candidate"": ""arreglarnol"", ""confidence"": 0.92, ""evidence"": [{""type"": ""morphological_parse"", ""source"": ""candidate_index"", ""path"": [""arreglarnolas"", ""arreglarnol"", ""arreglarnol""], ""confidence"": 0.92}]}]}"
es	lemma:39737978bf6b24938660	arreglársel	uncertain	not_admitted_candidate		aggregate_only_not_sense_frequency	"[{""path"": ""associativvordes/family-index-v5/members/es/f6.json.gz"", ""family_id"": ""surface:es:arreglarsel"", ""record_sha256"": ""10b7b4156be74575c9463969c3a0053c943d981f949011da7f7b9a520beb30e2""}]"	"{""lemma_id"": ""lemma:39737978bf6b24938660"", ""word"": ""arreglársel"", ""normalized"": ""arreglársel"", ""search_form"": ""arreglarsel"", ""rank"": 41409, ""frequency_score"": 3.9064171002372006, ""category_breakdown"": {""mixed"": {""ipm_values"": [0.24975], ""category_ipm"": 0.24975, ""category_score"": 3.9064171002372006}}, ""sources"": [{""id"": ""mixed/es_wordlist.lemmatized_stanza_ipm6.json"", ""file"": ""es_wordlist.lemmatized_stanza_ipm6.json"", ""category"": ""mixed"", ""ipm"": 0.24975}], ""corpus_quality"": {""status"": ""accepted"", ""reasons"": []}, ""components"": [{""surface"": ""arreglarsel"", ""canonical_candidate"": ""arreglarsel"", ""confidence"": 0.92, ""evidence"": [{""type"": ""morphological_parse"", ""source"": ""candidate_index"", ""path"": [""arreglarsel"", ""arreglarsel"", ""arreglarsel""], ""confidence"": 0.92}]}]}"
es	lemma:399236042d8dae173000	arreglármelos	uncertain	not_admitted_candidate		aggregate_only_not_sense_frequency	"[{""path"": ""associativvordes/family-index-v5/members/es/18.json.gz"", ""family_id"": ""surface:es:melos"", ""record_sha256"": ""93b8129e1ad0d8de0ddf83bc72eb2cd370548d21a6debc7fa584ab7fa2b47799""}, {""path"": ""associativvordes/family-index-v5/members/es/d0.json.gz"", ""family_id"": ""surface:es:arreglarmel"", ""record_sha256"": ""5247a1017ebf031f027712651f42836257243f638a8973b07f72574911e2f620""}]"	"{""lemma_id"": ""lemma:399236042d8dae173000"", ""word"": ""arreglármelos"", ""normalized"": ""arreglármelos"", ""search_form"": ""arreglarmelos"", ""rank"": 242586, ""frequency_score"": 0.15614166969400384, ""category_breakdown"": {""subtitles"": {""ipm_values"": [0.008419, 0.009483], ""category_ipm"": 0.008951, ""category_score"": 0.15614166969400384}}, ""sources"": [{""id"": ""subtitles/hermit_2016_es_full_lemmatized_ipm6_spacy_lookup_cleaned_v8.json"", ""file"": ""hermit_2016_es_full_lemmatized_ipm6_spacy_lookup_cleaned_v8.json"", ""category"": ""subtitles"", ""ipm"": 0.008419}, {""id"": ""subtitles/hermit_2018_es_full_lemmatized_ipm6_spacy_lookup_cleaned_v8.json"", ""file"": ""hermit_2018_es_full_lemmatized_ipm6_spacy_lookup_cleaned_v8.json"", ""category"": ""subtitles"", ""ipm"": 0.009483}], ""corpus_quality"": {""status"": ""accepted"", ""reasons"": []}, ""components"": [{""surface"": ""melos"", ""canonical_candidate"": ""melos"", ""confidence"": 0.89, ""evidence"": [{""type"": ""compound_morphology"", ""source"": ""candidate_index"", ""path"": [""arreglarmelos"", ""melos"", ""melos""], ""confidence"": 0.89}]}]}"
es	lemma:39f1fdcb937a989e93fd	arrreglaron	uncertain	not_admitted_candidate		aggregate_only_not_sense_frequency	"[{""path"": ""associativvordes/family-index-v5/members/es/5b.json.gz"", ""family_id"": ""surface:es:arr"", ""record_sha256"": ""cb9b21bf2933e6ef8012c107f1a3b9d78f3d80a608e99c419500c902ea95a16f""}, {""path"": ""associativvordes/family-index-v5/members/es/81.json.gz"", ""family_id"": ""surface:es:regla"", ""record_sha256"": ""89e9c5c8514b78bfa8bb98e382c413f8a1b40e0b15ad87e2adb1c92df5b88431""}, {""path"": ""associativvordes/family-index-v5/members/es/86.json.gz"", ""family_id"": ""surface:es:aron"", ""record_sha256"": ""5e94d6a9feaa88a3a29a769af5b0976a033f3555fed04970b64f5e9c4fa0736d""}]"	"{""lemma_id"": ""lemma:39f1fdcb937a989e93fd"", ""word"": ""arrreglaron"", ""normalized"": ""arrreglaron"", ""search_form"": ""arrreglaron"", ""rank"": 472073, ""frequency_score"": 0.041495494299664135, ""category_breakdown"": {""subtitles"": {""ipm_values"": [0.002371], ""category_ipm"": 0.002371, ""category_score"": 0.041495494299664135}}, ""sources"": [{""id"": ""subtitles/hermit_2018_es_full_lemmatized_ipm6_spacy_lookup_cleaned_v8.json"", ""file"": ""hermit_2018_es_full_lemmatized_ipm6_spacy_lookup_cleaned_v8.json"", ""category"": ""subtitles"", ""ipm"": 0.002371}], ""corpus_quality"": {""status"": ""accepted"", ""reasons"": []}, ""components"": [{""surface"": ""arr"", ""canonical_candidate"": ""arr"", ""confidence"": 0.81, ""evidence"": [{""type"": ""compound_morphology"", ""source"": ""candidate_index"", ""path"": [""arrreglaron"", ""arr"", ""arr""], ""confidence"": 0.81}]}]}"
es	lemma:39f54b43548c21001e87	rearregla	uncertain	not_admitted_candidate		aggregate_only_not_sense_frequency	"[{""path"": ""associativvordes/family-index-v5/members/es/70.json.gz"", ""family_id"": ""surface:es:arregla"", ""record_sha256"": ""9e25320fc4facd39bf23f01e83bf482ca555819430b5db918f9752b1d87c3cac""}, {""path"": ""associativvordes/family-index-v5/members/es/78.json.gz"", ""family_id"": ""surface:es:rearregl"", ""record_sha256"": ""0eacaa6eb8df22410cba53ed944823c399ae79ac5aa13f334db6f9d5a3cd2f40""}]"	"{""lemma_id"": ""lemma:39f54b43548c21001e87"", ""word"": ""rearregla"", ""normalized"": ""rearregla"", ""search_form"": ""rearregla"", ""rank"": 688037, ""frequency_score"": 0.04529710280721981, ""category_breakdown"": {""subtitles"": {""ipm_values"": [0.002806, 0.002371], ""category_ipm"": 0.0025884999999999997, ""category_score"": 0.04529710280721981}}, ""sources"": [{""id"": ""subtitles/hermit_2016_es_full_lemmatized_ipm6_spacy_lookup_cleaned_v8.json"", ""file"": ""hermit_2016_es_full_lemmatized_ipm6_spacy_lookup_cleaned_v8.json"", ""category"": ""subtitles"", ""ipm"": 0.002806}, {""id"": ""subtitles/hermit_2018_es_full_lemmatized_ipm6_spacy_lookup_cleaned_v8.json"", ""file"": ""hermit_2018_es_full_lemmatized_ipm6_spacy_lookup_cleaned_v8.json"", ""category"": ""subtitles"", ""ipm"": 0.002371}], ""corpus_quality"": {""status"": ""accepted"", ""reasons"": []}, ""components"": [{""surface"": ""arregla"", ""canonical_candidate"": ""arregla"", ""confidence"": 0.92, ""evidence"": [{""type"": ""morphological_parse"", ""source"": ""candidate_index"", ""path"": [""rearregla"", ""arregla"", ""arregla""], ""confidence"": 0.92}]}]}"
es	lemma:3a0c58ef3905eac381c3	regletazos	uncertain	not_admitted_candidate		aggregate_only_not_sense_frequency	"[{""path"": ""associativvordes/family-index-v5/members/es/a8.json.gz"", ""family_id"": ""surface:es:zos"", ""record_sha256"": ""dd48a4b820d09e615a276a35d7dcc47292599106aa712cb365522703e288389b""}, {""path"": ""associativvordes/family-index-v5/members/es/bc.json.gz"", ""family_id"": ""surface:es:regletaz"", ""record_sha256"": ""c3ea56a22d545a8e56fba964f82dad19d64cdd416337f61b6197ee7f5bb4a289""}]"	"{""lemma_id"": ""lemma:3a0c58ef3905eac381c3"", ""word"": ""regletazos"", ""normalized"": ""regletazos"", ""search_form"": ""regletazos"", ""rank"": 755080, ""frequency_score"": 0.041495494299664135, ""category_breakdown"": {""subtitles"": {""ipm_values"": [0.002371], ""category_ipm"": 0.002371, ""category_score"": 0.041495494299664135}}, ""sources"": [{""id"": ""subtitles/hermit_2018_es_full_lemmatized_ipm6_spacy_lookup_cleaned_v8.json"", ""file"": ""hermit_2018_es_full_lemmatized_ipm6_spacy_lookup_cleaned_v8.json"", ""category"": ""subtitles"", ""ipm"": 0.002371}], ""corpus_quality"": {""status"": ""accepted"", ""reasons"": []}, ""components"": [{""surface"": ""zos"", ""canonical_candidate"": ""zos"", ""confidence"": 0.89, ""evidence"": [{""type"": ""compound_morphology"", ""source"": ""candidate_index"", ""path"": [""regletazos"", ""zos"", ""zos""], ""confidence"": 0.89}]}]}"
es	lemma:3a7565d66a69f772b198	areglarán	uncertain	not_admitted_candidate		aggregate_only_not_sense_frequency	"[{""path"": ""associativvordes/family-index-v5/members/es/21.json.gz"", ""family_id"": ""surface:es:aregl"", ""record_sha256"": ""5149d1c9df0102073d195899808901e66372959b156eba70f71ed0b3b4622f5b""}, {""path"": ""associativvordes/family-index-v5/members/es/70.json.gz"", ""family_id"": ""surface:es:aran"", ""record_sha256"": ""4f80ed557d20f9101af46e5cfbc98f5696c18a981bf86dfa64c106a038e1aa9d""}]"	"{""lemma_id"": ""lemma:3a7565d66a69f772b198"", ""word"": ""areglarán"", ""normalized"": ""areglarán"", ""search_form"": ""areglaran"", ""rank"": 430694, ""frequency_score"": 0.04529710280721981, ""category_breakdown"": {""subtitles"": {""ipm_values"": [0.002806, 0.002371], ""category_ipm"": 0.0025884999999999997, ""category_score"": 0.04529710280721981}}, ""sources"": [{""id"": ""subtitles/hermit_2016_es_full_lemmatized_ipm6_spacy_lookup_cleaned_v8.json"", ""file"": ""hermit_2016_es_full_lemmatized_ipm6_spacy_lookup_cleaned_v8.json"", ""category"": ""subtitles"", ""ipm"": 0.002806}, {""id"": ""subtitles/hermit_2018_es_full_lemmatized_ipm6_spacy_lookup_cleaned_v8.json"", ""file"": ""hermit_2018_es_full_lemmatized_ipm6_spacy_lookup_cleaned_v8.json"", ""category"": ""subtitles"", ""ipm"": 0.002371}], ""corpus_quality"": {""status"": ""accepted"", ""reasons"": []}, ""components"": [{""surface"": ""aregl"", ""canonical_candidate"": ""aregl"", ""confidence"": 0.81, ""evidence"": [{""type"": ""compound_morphology"", ""source"": ""candidate_index"", ""path"": [""areglaran"", ""aregl"", ""aregl""], ""confidence"": 0.81}]}]}"
es	lemma:3a7a83837308e31e266d	areglé	uncertain	not_admitted_candidate		aggregate_only_not_sense_frequency	"[{""path"": ""associativvordes/family-index-v5/members/es/6a.json.gz"", ""family_id"": ""ety:0d8b253b6d83"", ""record_sha256"": ""b6fca58e4ac2b5e32c5b863c43da052a59a50365eb8962178b59dc6e22f83ca1""}]"	"{""lemma_id"": ""lemma:3a7a83837308e31e266d"", ""word"": ""areglé"", ""normalized"": ""areglé"", ""search_form"": ""aregle"", ""rank"": 338316, ""frequency_score"": 0.06600356668229963, ""category_breakdown"": {""subtitles"": {""ipm_values"": [0.002806, 0.004742], ""category_ipm"": 0.0037739999999999996, ""category_score"": 0.06600356668229963}}, ""sources"": [{""id"": ""subtitles/hermit_2016_es_full_lemmatized_ipm6_spacy_lookup_cleaned_v8.json"", ""file"": ""hermit_2016_es_full_lemmatized_ipm6_spacy_lookup_cleaned_v8.json"", ""category"": ""subtitles"", ""ipm"": 0.002806}, {""id"": ""subtitles/hermit_2018_es_full_lemmatized_ipm6_spacy_lookup_cleaned_v8.json"", ""file"": ""hermit_2018_es_full_lemmatized_ipm6_spacy_lookup_cleaned_v8.json"", ""category"": ""subtitles"", ""ipm"": 0.004742}], ""corpus_quality"": {""status"": ""accepted"", ""reasons"": []}, ""components"": [{""surface"": ""are"", ""canonical_candidate"": ""are"", ""confidence"": 0.81, ""evidence"": [{""type"": ""compound_morphology"", ""source"": ""candidate_index"", ""path"": [""aregle"", ""are"", ""are""], ""confidence"": 0.81}]}]}"
es	lemma:3a7d095c515283827218	arreglable	uncertain	not_admitted_candidate		aggregate_only_not_sense_frequency	"[{""path"": ""associativvordes/family-index-v5/members/es/59.json.gz"", ""family_id"": ""surface:es:ble"", ""record_sha256"": ""37d26bf64fafab4c4399eb04c3a0a8c18137cabe5c9b4f9906c0ddc0cf7dd537""}, {""path"": ""associativvordes/family-index-v5/members/es/70.json.gz"", ""family_id"": ""surface:es:arregla"", ""record_sha256"": ""feddcfb421255fc31e4ec30165c92f3b439e6aab7deaa69431f2a0136bdacd35""}]"	"{""lemma_id"": ""lemma:3a7d095c515283827218"", ""word"": ""arreglable"", ""normalized"": ""arreglable"", ""search_form"": ""arreglable"", ""rank"": 217153, ""frequency_score"": 0.17671763411645874, ""category_breakdown"": {""subtitles"": {""ipm_values"": [0.008419, 0.011854], ""category_ipm"": 0.0101365, ""category_score"": 0.17671763411645874}}, ""sources"": [{""id"": ""subtitles/hermit_2016_es_full_lemmatized_ipm6_spacy_lookup_cleaned_v8.json"", ""file"": ""hermit_2016_es_full_lemmatized_ipm6_spacy_lookup_cleaned_v8.json"", ""category"": ""subtitles"", ""ipm"": 0.008419}, {""id"": ""subtitles/hermit_2018_es_full_lemmatized_ipm6_spacy_lookup_cleaned_v8.json"", ""file"": ""hermit_2018_es_full_lemmatized_ipm6_spacy_lookup_cleaned_v8.json"", ""category"": ""subtitles"", ""ipm"": 0.011854}], ""corpus_quality"": {""status"": ""accepted"", ""reasons"": []}, ""components"": [{""surface"": ""ble"", ""canonical_candidate"": ""ble"", ""confidence"": 0.89, ""evidence"": [{""type"": ""compound_morphology"", ""source"": ""candidate_index"", ""path"": [""arreglable"", ""ble"", ""ble""], ""confidence"": 0.89}]}]}"
es	lemma:3b9576244cd1dd0c5fd8	autorregulación	accepted	accepted	regular	aggregate_only_not_sense_frequency	"[{""path"": ""associativvordes/family-index-v5/members/es/40.json.gz"", ""family_id"": ""family:regul"", ""record_sha256"": ""e3415366a73085ad2310076b8b8804c8c062c3e78c29b5df38e4822c7a01dfa1""}, {""path"": ""associativvordes/family-index-v5/members/es/63.json.gz"", ""family_id"": ""surface:es:regulacion"", ""record_sha256"": ""e08c71c6f12b6ecc5591788ddc1bf9d41b055492b8c9dd8b56c9e21b3c70a3c1""}, {""path"": ""associativvordes/family-index-v5/members/es/9e.json.gz"", ""family_id"": ""surface:es:autorregulac"", ""record_sha256"": ""93441d2d569df80ead276ebbab5959a842ee868bba917fcfd3e9092252277e16""}]"	"{""lemma_id"": ""lemma:3b9576244cd1dd0c5fd8"", ""word"": ""autorregulación"", ""normalized"": ""autorregulación"", ""search_form"": ""autorregulacion"", ""rank"": 44754, ""frequency_score"": 1.077228105859489, ""category_breakdown"": {""subtitles"": {""ipm_values"": [0.019644, 0.016595], ""category_ipm"": 0.018119499999999997, ""category_score"": 0.3146478241944635}, ""mixed"": {""ipm_values"": [0.211722], ""category_ipm"": 0.211722, ""category_score"": 3.364968950854566}}, ""sources"": [{""id"": ""mixed/es_wordlist.lemmatized_stanza_ipm6.json"", ""file"": ""es_wordlist.lemmatized_stanza_ipm6.json"", ""category"": ""mixed"", ""ipm"": 0.211722}, {""id"": ""subtitles/hermit_2016_es_full_lemmatized_ipm6_spacy_lookup_cleaned_v8.json"", ""file"": ""hermit_2016_es_full_lemmatized_ipm6_spacy_lookup_cleaned_v8.json"", ""category"": ""subtitles"", ""ipm"": 0.019644}, {""id"": ""subtitles/hermit_2018_es_full_lemmatized_ipm6_spacy_lookup_cleaned_v8.json"", ""file"": ""hermit_2018_es_full_lemmatized_ipm6_spacy_lookup_cleaned_v8.json"", ""category"": ""subtitles"", ""ipm"": 0.016595}], ""corpus_quality"": {""status"": ""accepted"", ""reasons"": []}, ""components"": [{""surface"": ""regul"", ""canonical_candidate"": ""regul"", ""confidence"": 1, ""evidence"": [{""type"": ""compound_morphology"", ""source"": ""manually_verified"", ""path"": [""autorregulacion"", ""regul"", ""regul""], ""confidence"": 1}, {""type"": ""verified_seed_alias"", ""source"": ""methodology_control_seed"", ""path"": [""es"", ""regul"", ""family:regul""], ""confidence"": 1}]}]}"
es	lemma:3bb0d27b6ffb99e813ea	reglamentar	uncertain	not_admitted_candidate		aggregate_only_not_sense_frequency	"[{""path"": ""associativvordes/family-index-v5/members/es/de.json.gz"", ""family_id"": ""surface:es:reglamentar"", ""record_sha256"": ""5272f30bc5cc7fe0879f4f1de72539fd0b5f6fe3e76185c893e1e0d8fe29b170""}]"	"{""lemma_id"": ""lemma:3bb0d27b6ffb99e813ea"", ""word"": ""reglamentar"", ""normalized"": ""reglamentar"", ""search_form"": ""reglamentar"", ""rank"": 7916, ""frequency_score"": 26.95193176112971, ""category_breakdown"": {""subtitles"": {""ipm_values"": [4.279516, 4.198629], ""category_ipm"": 4.239072500000001, ""category_score"": 29.018967603949154}, ""mixed"": {""ipm_values"": [2.268308], ""category_ipm"": 2.268308, ""category_score"": 20.75082423267139}}, ""sources"": [{""id"": ""mixed/es_wordlist.lemmatized_stanza_ipm6.json"", ""file"": ""es_wordlist.lemmatized_stanza_ipm6.json"", ""category"": ""mixed"", ""ipm"": 2.268308}, {""id"": ""subtitles/hermit_2016_es_full_lemmatized_ipm6_spacy_lookup_cleaned_v8.json"", ""file"": ""hermit_2016_es_full_lemmatized_ipm6_spacy_lookup_cleaned_v8.json"", ""category"": ""subtitles"", ""ipm"": 4.279516}, {""id"": ""subtitles/hermit_2018_es_full_lemmatized_ipm6_spacy_lookup_cleaned_v8.json"", ""file"": ""hermit_2018_es_full_lemmatized_ipm6_spacy_lookup_cleaned_v8.json"", ""category"": ""subtitles"", ""ipm"": 4.198629}], ""corpus_quality"": {""status"": ""accepted"", ""reasons"": []}, ""components"": [{""surface"": ""reglamentar"", ""canonical_candidate"": ""reglamentar"", ""confidence"": 0.92, ""evidence"": [{""type"": ""morphological_parse"", ""source"": ""candidate_index"", ""path"": [""reglamentar"", ""reglamentar"", ""reglamentar""], ""confidence"": 0.92}]}]}"
es	lemma:3d4dc6af4617cc7d621f	termoregulatorio	uncertain	withheld_historical_uncertain		aggregate_only_not_sense_frequency	"[{""path"": ""associativvordes/family-index-v5/members/es/40.json.gz"", ""family_id"": ""family:regul"", ""record_sha256"": ""eb2536fe0b36d812699357e4d035a0e48a96d42fe5103d5af50620de55c94f27""}, {""path"": ""associativvordes/family-index-v5/members/es/6d.json.gz"", ""family_id"": ""surface:es:termoregulatori"", ""record_sha256"": ""4173488398b68038d1960da23727734e323e6a54630a894d55fb26f5d359a738""}]"	"{""lemma_id"": ""lemma:3d4dc6af4617cc7d621f"", ""word"": ""termoregulatorio"", ""normalized"": ""termoregulatorio"", ""search_form"": ""termoregulatorio"", ""rank"": 739714, ""frequency_score"": 0.04909788668913623, ""category_breakdown"": {""subtitles"": {""ipm_values"": [0.002806], ""category_ipm"": 0.002806, ""category_score"": 0.04909788668913623}}, ""sources"": [{""id"": ""subtitles/hermit_2016_es_full_lemmatized_ipm6_spacy_lookup_cleaned_v8.json"", ""file"": ""hermit_2016_es_full_lemmatized_ipm6_spacy_lookup_cleaned_v8.json"", ""category"": ""subtitles"", ""ipm"": 0.002806}], ""corpus_quality"": {""status"": ""accepted"", ""reasons"": []}, ""components"": [{""surface"": ""regul"", ""canonical_candidate"": ""regul"", ""confidence"": 0.97, ""evidence"": [{""type"": ""compound_morphology"", ""source"": ""manually_verified"", ""path"": [""termoregulatorio"", ""regul"", ""regul""], ""confidence"": 0.97}, {""type"": ""verified_seed_alias"", ""source"": ""methodology_control_seed"", ""path"": [""es"", ""regul"", ""family:regul""], ""confidence"": 1}]}]}"
es	lemma:3e373a5f7514b1735df0	regulandolo	uncertain	withheld_historical_uncertain		aggregate_only_not_sense_frequency	"[{""path"": ""associativvordes/family-index-v5/members/es/40.json.gz"", ""family_id"": ""family:regul"", ""record_sha256"": ""861f269aa0862bec555f560b05a063044ea2fd14467392e1651547beffd58b69""}, {""path"": ""associativvordes/family-index-v5/members/es/ff.json.gz"", ""family_id"": ""surface:es:regulandol"", ""record_sha256"": ""726e7b3d6aa875feb1d871ba7748613a77535ee91c0ae12d730c4ce70080f5cf""}]"	"{""lemma_id"": ""lemma:3e373a5f7514b1735df0"", ""word"": ""regulandolo"", ""normalized"": ""regulandolo"", ""search_form"": ""regulandolo"", ""rank"": 755326, ""frequency_score"": 0.041495494299664135, ""category_breakdown"": {""subtitles"": {""ipm_values"": [0.002371], ""category_ipm"": 0.002371, ""category_score"": 0.041495494299664135}}, ""sources"": [{""id"": ""subtitles/hermit_2018_es_full_lemmatized_ipm6_spacy_lookup_cleaned_v8.json"", ""file"": ""hermit_2018_es_full_lemmatized_ipm6_spacy_lookup_cleaned_v8.json"", ""category"": ""subtitles"", ""ipm"": 0.002371}], ""corpus_quality"": {""status"": ""accepted"", ""reasons"": []}, ""components"": [{""surface"": ""regul"", ""canonical_candidate"": ""regul"", ""confidence"": 0.97, ""evidence"": [{""type"": ""compound_morphology"", ""source"": ""manually_verified"", ""path"": [""regulandolo"", ""regul"", ""regul""], ""confidence"": 0.97}, {""type"": ""verified_seed_alias"", ""source"": ""methodology_control_seed"", ""path"": [""es"", ""regul"", ""family:regul""], ""confidence"": 1}]}]}"
es	lemma:3ecc5f24ec824b35b151	arreglaser	uncertain	not_admitted_candidate		aggregate_only_not_sense_frequency	"[{""path"": ""associativvordes/family-index-v5/members/es/2b.json.gz"", ""family_id"": ""surface:es:laser"", ""record_sha256"": ""46959884583744f66dfbfa20d1bf3f1d5f0d8188004fd1db75d432bf168067c5""}, {""path"": ""associativvordes/family-index-v5/members/es/70.json.gz"", ""family_id"": ""surface:es:arregla"", ""record_sha256"": ""2e7c8de88ae66d53659d97f804db35e0bf2cee5691f420c5177799898d0719dd""}]"	"{""lemma_id"": ""lemma:3ecc5f24ec824b35b151"", ""word"": ""arreglaser"", ""normalized"": ""arreglaser"", ""search_form"": ""arreglaser"", ""rank"": 471494, ""frequency_score"": 0.041495494299664135, ""category_breakdown"": {""subtitles"": {""ipm_values"": [0.002371], ""category_ipm"": 0.002371, ""category_score"": 0.041495494299664135}}, ""sources"": [{""id"": ""subtitles/hermit_2018_es_full_lemmatized_ipm6_spacy_lookup_cleaned_v8.json"", ""file"": ""hermit_2018_es_full_lemmatized_ipm6_spacy_lookup_cleaned_v8.json"", ""category"": ""subtitles"", ""ipm"": 0.002371}], ""corpus_quality"": {""status"": ""accepted"", ""reasons"": []}, ""components"": [{""surface"": ""laser"", ""canonical_candidate"": ""laser"", ""confidence"": 0.89, ""evidence"": [{""type"": ""compound_morphology"", ""source"": ""candidate_index"", ""path"": [""arreglaser"", ""laser"", ""laser""], ""confidence"": 0.89}]}]}"
es	lemma:3ed37aa375db882fafad	reglmlento	uncertain	not_admitted_candidate		aggregate_only_not_sense_frequency	"[{""path"": ""associativvordes/family-index-v5/members/es/3d.json.gz"", ""family_id"": ""ety:342a0bd4bd39"", ""record_sha256"": ""1d8cd7e69a8a8afdf093c1fdc9402909c89e314382ddec10c3f6f09766468ad7""}, {""path"": ""associativvordes/family-index-v5/members/es/78.json.gz"", ""family_id"": ""surface:es:reglmlent"", ""record_sha256"": ""412d2ae68781549f938e1924bd58b9327c29324f3737da0d5ad43e27a544a796""}, {""path"": ""associativvordes/family-index-v5/members/es/e5.json.gz"", ""family_id"": ""ety:f61d170d8e71"", ""record_sha256"": ""1d8cd7e69a8a8afdf093c1fdc9402909c89e314382ddec10c3f6f09766468ad7""}]"	"{""lemma_id"": ""lemma:3ed37aa375db882fafad"", ""word"": ""reglmlento"", ""normalized"": ""reglmlento"", ""search_form"": ""reglmlento"", ""rank"": 384521, ""frequency_score"": 0.09805858196733827, ""category_breakdown"": {""subtitles"": {""ipm_values"": [0.005612], ""category_ipm"": 0.005612, ""category_score"": 0.09805858196733827}}, ""sources"": [{""id"": ""subtitles/hermit_2016_es_full_lemmatized_ipm6_spacy_lookup_cleaned_v8.json"", ""file"": ""hermit_2016_es_full_lemmatized_ipm6_spacy_lookup_cleaned_v8.json"", ""category"": ""subtitles"", ""ipm"": 0.005612}], ""corpus_quality"": {""status"": ""accepted"", ""reasons"": []}, ""components"": [{""surface"": ""lento"", ""canonical_candidate"": ""lento"", ""confidence"": 0.89, ""evidence"": [{""type"": ""compound_morphology"", ""source"": ""candidate_index"", ""path"": [""reglmlento"", ""lento"", ""lento""], ""confidence"": 0.89}]}]}"
es	lemma:3edef7356f08c9b7359d	desregulización	uncertain	withheld_historical_uncertain		aggregate_only_not_sense_frequency	"[{""path"": ""associativvordes/family-index-v5/members/es/40.json.gz"", ""family_id"": ""family:regul"", ""record_sha256"": ""99dea1cdc2649359f3ba0ee46acd44c8dfb97fe9c0d4f6b95b59c7e6dd4a2e02""}, {""path"": ""associativvordes/family-index-v5/members/es/5f.json.gz"", ""family_id"": ""surface:es:lizacion"", ""record_sha256"": ""eb0c1ae15b19cf368c3f8937753916acaffb114d81021d83a43fceb523eddbf9""}, {""path"": ""associativvordes/family-index-v5/members/es/7c.json.gz"", ""family_id"": ""surface:es:desregulizac"", ""record_sha256"": ""3ce2a6d6137054e6a65542b63baddf63490649282be9ab87419b2af9daba2d84""}]"	"{""lemma_id"": ""lemma:3edef7356f08c9b7359d"", ""word"": ""desregulización"", ""normalized"": ""desregulización"", ""search_form"": ""desregulizacion"", ""rank"": 502152, ""frequency_score"": 0.04909788668913623, ""category_breakdown"": {""subtitles"": {""ipm_values"": [0.002806], ""category_ipm"": 0.002806, ""category_score"": 0.04909788668913623}}, ""sources"": [{""id"": ""subtitles/hermit_2016_es_full_lemmatized_ipm6_spacy_lookup_cleaned_v8.json"", ""file"": ""hermit_2016_es_full_lemmatized_ipm6_spacy_lookup_cleaned_v8.json"", ""category"": ""subtitles"", ""ipm"": 0.002806}], ""corpus_quality"": {""status"": ""accepted"", ""reasons"": []}, ""components"": [{""surface"": ""regul"", ""canonical_candidate"": ""regul"", ""confidence"": 0.97, ""evidence"": [{""type"": ""compound_morphology"", ""source"": ""manually_verified"", ""path"": [""desregulizacion"", ""regul"", ""regul""], ""confidence"": 0.97}, {""type"": ""verified_seed_alias"", ""source"": ""methodology_control_seed"", ""path"": [""es"", ""regul"", ""family:regul""], ""confidence"": 1}]}]}"
es	lemma:3f4850e7c69a578caec3	arreglararán	uncertain	not_admitted_candidate		aggregate_only_not_sense_frequency	"[{""path"": ""associativvordes/family-index-v5/members/es/26.json.gz"", ""family_id"": ""surface:es:arreglar"", ""record_sha256"": ""24e9a978a2c1d1ab63bab2b5a3200f2b6cc12fd09fc5fc657253e95cc42dc961""}, {""path"": ""associativvordes/family-index-v5/members/es/4a.json.gz"", ""family_id"": ""surface:es:lara"", ""record_sha256"": ""0943fba12e67f2fec8103220745a898f156036cc4cb17e66698744ed334aa2a6""}, {""path"": ""associativvordes/family-index-v5/members/es/70.json.gz"", ""family_id"": ""surface:es:aran"", ""record_sha256"": ""40329e93ba600edaf0fbdf4e3556687fc5cafb6248011f443c9ed30247a7caa6""}]"	"{""lemma_id"": ""lemma:3f4850e7c69a578caec3"", ""word"": ""arreglararán"", ""normalized"": ""arreglararán"", ""search_form"": ""arreglararan"", ""rank"": 431898, ""frequency_score"": 0.04529710280721981, ""category_breakdown"": {""subtitles"": {""ipm_values"": [0.002806, 0.002371], ""category_ipm"": 0.0025884999999999997, ""category_score"": 0.04529710280721981}}, ""sources"": [{""id"": ""subtitles/hermit_2016_es_full_lemmatized_ipm6_spacy_lookup_cleaned_v8.json"", ""file"": ""hermit_2016_es_full_lemmatized_ipm6_spacy_lookup_cleaned_v8.json"", ""category"": ""subtitles"", ""ipm"": 0.002806}, {""id"": ""subtitles/hermit_2018_es_full_lemmatized_ipm6_spacy_lookup_cleaned_v8.json"", ""file"": ""hermit_2018_es_full_lemmatized_ipm6_spacy_lookup_cleaned_v8.json"", ""category"": ""subtitles"", ""ipm"": 0.002371}], ""corpus_quality"": {""status"": ""accepted"", ""reasons"": []}, ""components"": [{""surface"": ""arreglar"", ""canonical_candidate"": ""arreglar"", ""confidence"": 0.81, ""evidence"": [{""type"": ""compound_morphology"", ""source"": ""candidate_index"", ""path"": [""arreglararan"", ""arreglar"", ""arreglar""], ""confidence"": 0.81}]}]}"
es	lemma:3fe8af5556f3b642fbfe	arrrreglarrlo	uncertain	not_admitted_candidate		aggregate_only_not_sense_frequency	"[{""path"": ""associativvordes/family-index-v5/members/es/10.json.gz"", ""family_id"": ""surface:es:arrrreglarrl"", ""record_sha256"": ""86dc8903c486d8ac764d06a8350a7e842dee3a8e5a544719939beb173cc90400""}]"	"{""lemma_id"": ""lemma:3fe8af5556f3b642fbfe"", ""word"": ""arrrreglarrlo"", ""normalized"": ""arrrreglarrlo"", ""search_form"": ""arrrreglarrlo"", ""rank"": 338831, ""frequency_score"": 0.06600356668229963, ""category_breakdown"": {""subtitles"": {""ipm_values"": [0.002806, 0.004742], ""category_ipm"": 0.0037739999999999996, ""category_score"": 0.06600356668229963}}, ""sources"": [{""id"": ""subtitles/hermit_2016_es_full_lemmatized_ipm6_spacy_lookup_cleaned_v8.json"", ""file"": ""hermit_2016_es_full_lemmatized_ipm6_spacy_lookup_cleaned_v8.json"", ""category"": ""subtitles"", ""ipm"": 0.002806}, {""id"": ""subtitles/hermit_2018_es_full_lemmatized_ipm6_spacy_lookup_cleaned_v8.json"", ""file"": ""hermit_2018_es_full_lemmatized_ipm6_spacy_lookup_cleaned_v8.json"", ""category"": ""subtitles"", ""ipm"": 0.004742}], ""corpus_quality"": {""status"": ""accepted"", ""reasons"": []}, ""components"": [{""surface"": ""arrrreglarrl"", ""canonical_candidate"": ""arrrreglarrl"", ""confidence"": 0.92, ""evidence"": [{""type"": ""morphological_parse"", ""source"": ""candidate_index"", ""path"": [""arrrreglarrlo"", ""arrrreglarrl"", ""arrrreglarrl""], ""confidence"": 0.92}]}]}"
es	lemma:4039f18b8f4aafe641ae	areglátela	uncertain	not_admitted_candidate		aggregate_only_not_sense_frequency	"[{""path"": ""associativvordes/family-index-v5/members/es/75.json.gz"", ""family_id"": ""surface:es:areglatel"", ""record_sha256"": ""d323a9da9e0b0d3c4f24b58a03fab63c4e81709e907d26f75b37ae3887d40bde""}]"	"{""lemma_id"": ""lemma:4039f18b8f4aafe641ae"", ""word"": ""areglátela"", ""normalized"": ""areglátela"", ""search_form"": ""areglatela"", ""rank"": 255455, ""frequency_score"": 0.13554151465136516, ""category_breakdown"": {""subtitles"": {""ipm_values"": [0.008419, 0.007112], ""category_ipm"": 0.0077655, ""category_score"": 0.13554151465136516}}, ""sources"": [{""id"": ""subtitles/hermit_2016_es_full_lemmatized_ipm6_spacy_lookup_cleaned_v8.json"", ""file"": ""hermit_2016_es_full_lemmatized_ipm6_spacy_lookup_cleaned_v8.json"", ""category"": ""subtitles"", ""ipm"": 0.008419}, {""id"": ""subtitles/hermit_2018_es_full_lemmatized_ipm6_spacy_lookup_cleaned_v8.json"", ""file"": ""hermit_2018_es_full_lemmatized_ipm6_spacy_lookup_cleaned_v8.json"", ""category"": ""subtitles"", ""ipm"": 0.007112}], ""corpus_quality"": {""status"": ""accepted"", ""reasons"": []}, ""components"": [{""surface"": ""areglatel"", ""canonical_candidate"": ""areglatel"", ""confidence"": 0.92, ""evidence"": [{""type"": ""morphological_parse"", ""source"": ""candidate_index"", ""path"": [""areglatela"", ""areglatel"", ""areglatel""], ""confidence"": 0.92}]}]}"
es	lemma:404d6548f42d98b975c3	arreglaa	uncertain	not_admitted_candidate		aggregate_only_not_sense_frequency	"[{""path"": ""associativvordes/family-index-v5/members/es/12.json.gz"", ""family_id"": ""surface:es:laa"", ""record_sha256"": ""2ab54d60c858bdff33dac7ae37df119f5549b2b210d415279b86828f6b13b6b6""}, {""path"": ""associativvordes/family-index-v5/members/es/70.json.gz"", ""family_id"": ""surface:es:arregla"", ""record_sha256"": ""b66ff4fb1294c65bcf3f762966d7c4a79d16395b0567b827cdee3fc0621c6bd2""}]"	"{""lemma_id"": ""lemma:404d6548f42d98b975c3"", ""word"": ""arreglaa"", ""normalized"": ""arreglaa"", ""search_form"": ""arreglaa"", ""rank"": 309268, ""frequency_score"": 0.090477407431868, ""category_breakdown"": {""subtitles"": {""ipm_values"": [0.005612, 0.004742], ""category_ipm"": 0.005176999999999999, ""category_score"": 0.090477407431868}}, ""sources"": [{""id"": ""subtitles/hermit_2016_es_full_lemmatized_ipm6_spacy_lookup_cleaned_v8.json"", ""file"": ""hermit_2016_es_full_lemmatized_ipm6_spacy_lookup_cleaned_v8.json"", ""category"": ""subtitles"", ""ipm"": 0.005612}, {""id"": ""subtitles/hermit_2018_es_full_lemmatized_ipm6_spacy_lookup_cleaned_v8.json"", ""file"": ""hermit_2018_es_full_lemmatized_ipm6_spacy_lookup_cleaned_v8.json"", ""category"": ""subtitles"", ""ipm"": 0.004742}], ""corpus_quality"": {""status"": ""accepted"", ""reasons"": []}, ""components"": [{""surface"": ""laa"", ""canonical_candidate"": ""laa"", ""confidence"": 0.89, ""evidence"": [{""type"": ""compound_morphology"", ""source"": ""candidate_index"", ""path"": [""arreglaa"", ""laa"", ""laa""], ""confidence"": 0.89}]}]}"
es	lemma:409e353ad3d7b71d0110	regularla	accepted	accepted	regular	aggregate_only_not_sense_frequency	"[{""path"": ""associativvordes/family-index-v5/members/es/40.json.gz"", ""family_id"": ""family:regul"", ""record_sha256"": ""93569fa51bb555bedf32b57ba9914aaa3e6d7e889bd8737d0c737c327d20f6a7""}, {""path"": ""associativvordes/family-index-v5/members/es/f8.json.gz"", ""family_id"": ""surface:es:regularl"", ""record_sha256"": ""8404f9ea3b19df2f3b561ac5e891671b78e7e48c9c48f90812b04b4461a30312""}]"	"{""lemma_id"": ""lemma:409e353ad3d7b71d0110"", ""word"": ""regularla"", ""normalized"": ""regularla"", ""search_form"": ""regularla"", ""rank"": 167027, ""frequency_score"": 0.3554056803062134, ""category_breakdown"": {""subtitles"": {""ipm_values"": [0.019644, 0.021337], ""category_ipm"": 0.0204905, ""category_score"": 0.3554056803062134}}, ""sources"": [{""id"": ""subtitles/hermit_2016_es_full_lemmatized_ipm6_spacy_lookup_cleaned_v8.json"", ""file"": ""hermit_2016_es_full_lemmatized_ipm6_spacy_lookup_cleaned_v8.json"", ""category"": ""subtitles"", ""ipm"": 0.019644}, {""id"": ""subtitles/hermit_2018_es_full_lemmatized_ipm6_spacy_lookup_cleaned_v8.json"", ""file"": ""hermit_2018_es_full_lemmatized_ipm6_spacy_lookup_cleaned_v8.json"", ""category"": ""subtitles"", ""ipm"": 0.021337}], ""corpus_quality"": {""status"": ""accepted"", ""reasons"": []}, ""components"": [{""surface"": ""regul"", ""canonical_candidate"": ""regul"", ""confidence"": 0.97, ""evidence"": [{""type"": ""compound_morphology"", ""source"": ""manually_verified"", ""path"": [""regularla"", ""regul"", ""regul""], ""confidence"": 0.97}, {""type"": ""verified_seed_alias"", ""source"": ""methodology_control_seed"", ""path"": [""es"", ""regul"", ""family:regul""], ""confidence"": 1}]}]}"
es	lemma:40d705dbc6b634286643	arregladme	uncertain	not_admitted_candidate		aggregate_only_not_sense_frequency	"[{""path"": ""associativvordes/family-index-v5/members/es/70.json.gz"", ""family_id"": ""surface:es:arregla"", ""record_sha256"": ""b32bfe98034116e7eeaef7f8df7422ad3e43f5b3cb6d0b09b868fcaa64d9f8f7""}, {""path"": ""associativvordes/family-index-v5/members/es/9f.json.gz"", ""family_id"": ""surface:es:adme"", ""record_sha256"": ""553f95777afce888bb04469a5fa4f13c0fd7f3a1a044618f80039c075ac71112""}]"	"{""lemma_id"": ""lemma:40d705dbc6b634286643"", ""word"": ""arregladme"", ""normalized"": ""arregladme"", ""search_form"": ""arregladme"", ""rank"": 309270, ""frequency_score"": 0.090477407431868, ""category_breakdown"": {""subtitles"": {""ipm_values"": [0.005612, 0.004742], ""category_ipm"": 0.005176999999999999, ""category_score"": 0.090477407431868}}, ""sources"": [{""id"": ""subtitles/hermit_2016_es_full_lemmatized_ipm6_spacy_lookup_cleaned_v8.json"", ""file"": ""hermit_2016_es_full_lemmatized_ipm6_spacy_lookup_cleaned_v8.json"", ""category"": ""subtitles"", ""ipm"": 0.005612}, {""id"": ""subtitles/hermit_2018_es_full_lemmatized_ipm6_spacy_lookup_cleaned_v8.json"", ""file"": ""hermit_2018_es_full_lemmatized_ipm6_spacy_lookup_cleaned_v8.json"", ""category"": ""subtitles"", ""ipm"": 0.004742}], ""corpus_quality"": {""status"": ""accepted"", ""reasons"": []}, ""components"": [{""surface"": ""arregla"", ""canonical_candidate"": ""arregla"", ""confidence"": 0.81, ""evidence"": [{""type"": ""compound_morphology"", ""source"": ""candidate_index"", ""path"": [""arregladme"", ""arregla"", ""arregla""], ""confidence"": 0.81}]}]}"
es	lemma:40ed97879e1dbfabdd60	arreglartelo	uncertain	not_admitted_candidate		aggregate_only_not_sense_frequency	"[{""path"": ""associativvordes/family-index-v5/members/es/ff.json.gz"", ""family_id"": ""surface:es:arreglartel"", ""record_sha256"": ""a7eeecedb0197610c84b5abe167191460e8f144a53edc598835730c0aa7be893""}]"	"{""lemma_id"": ""lemma:40ed97879e1dbfabdd60"", ""word"": ""arreglartelo"", ""normalized"": ""arreglartelo"", ""search_form"": ""arreglartelo"", ""rank"": 198440, ""frequency_score"": 0.16370317234878198, ""category_breakdown"": {""subtitles"": {""ipm_values"": [0.014031, 0.004742], ""category_ipm"": 0.009386499999999999, ""category_score"": 0.16370317234878198}}, ""sources"": [{""id"": ""subtitles/hermit_2016_es_full_lemmatized_ipm6_spacy_lookup_cleaned_v8.json"", ""file"": ""hermit_2016_es_full_lemmatized_ipm6_spacy_lookup_cleaned_v8.json"", ""category"": ""subtitles"", ""ipm"": 0.014031}, {""id"": ""subtitles/hermit_2018_es_full_lemmatized_ipm6_spacy_lookup_cleaned_v8.json"", ""file"": ""hermit_2018_es_full_lemmatized_ipm6_spacy_lookup_cleaned_v8.json"", ""category"": ""subtitles"", ""ipm"": 0.004742}], ""corpus_quality"": {""status"": ""accepted"", ""reasons"": []}, ""components"": [{""surface"": ""arreglartel"", ""canonical_candidate"": ""arreglartel"", ""confidence"": 0.92, ""evidence"": [{""type"": ""morphological_parse"", ""source"": ""candidate_index"", ""path"": [""arreglartelo"", ""arreglartel"", ""arreglartel""], ""confidence"": 0.92}]}]}"
es	lemma:41435b0d5ef16e70c1d0	arreglándolas	uncertain	not_admitted_candidate		aggregate_only_not_sense_frequency	"[{""path"": ""associativvordes/family-index-v5/members/es/59.json.gz"", ""family_id"": ""surface:es:arreglandol"", ""record_sha256"": ""3037aa8a1214cca1bbda6d63a09262a36e52bbf60f9141e26acec457a172bcbb""}]"	"{""lemma_id"": ""lemma:41435b0d5ef16e70c1d0"", ""word"": ""arreglándolas"", ""normalized"": ""arreglándolas"", ""search_form"": ""arreglandolas"", ""rank"": 170140, ""frequency_score"": 0.2867279178834882, ""category_breakdown"": {""subtitles"": {""ipm_values"": [0.014031, 0.018966], ""category_ipm"": 0.0164985, ""category_score"": 0.2867279178834882}}, ""sources"": [{""id"": ""subtitles/hermit_2016_es_full_lemmatized_ipm6_spacy_lookup_cleaned_v8.json"", ""file"": ""hermit_2016_es_full_lemmatized_ipm6_spacy_lookup_cleaned_v8.json"", ""category"": ""subtitles"", ""ipm"": 0.014031}, {""id"": ""subtitles/hermit_2018_es_full_lemmatized_ipm6_spacy_lookup_cleaned_v8.json"", ""file"": ""hermit_2018_es_full_lemmatized_ipm6_spacy_lookup_cleaned_v8.json"", ""category"": ""subtitles"", ""ipm"": 0.018966}], ""corpus_quality"": {""status"": ""accepted"", ""reasons"": []}, ""components"": [{""surface"": ""arreglandol"", ""canonical_candidate"": ""arreglandol"", ""confidence"": 0.92, ""evidence"": [{""type"": ""morphological_parse"", ""source"": ""candidate_index"", ""path"": [""arreglandolas"", ""arreglandol"", ""arreglandol""], ""confidence"": 0.92}]}]}"
es	lemma:4199a115cabe40e4994f	arregladísimo	uncertain	not_admitted_candidate		aggregate_only_not_sense_frequency	"[{""path"": ""associativvordes/family-index-v5/members/es/b0.json.gz"", ""family_id"": ""surface:es:simo"", ""record_sha256"": ""959704a0973bdf2e90800feb9543cc70919cd27d6b746d6d4579371d30005e05""}, {""path"": ""associativvordes/family-index-v5/members/es/be.json.gz"", ""family_id"": ""surface:es:arregladisim"", ""record_sha256"": ""29bef4080823dd2de0850d2c014a082407898cb337207f2439df8541971c203f""}]"	"{""lemma_id"": ""lemma:4199a115cabe40e4994f"", ""word"": ""arregladísimo"", ""normalized"": ""arregladísimo"", ""search_form"": ""arregladisimo"", ""rank"": 431882, ""frequency_score"": 0.04529710280721981, ""category_breakdown"": {""subtitles"": {""ipm_values"": [0.002806, 0.002371], ""category_ipm"": 0.0025884999999999997, ""category_score"": 0.04529710280721981}}, ""sources"": [{""id"": ""subtitles/hermit_2016_es_full_lemmatized_ipm6_spacy_lookup_cleaned_v8.json"", ""file"": ""hermit_2016_es_full_lemmatized_ipm6_spacy_lookup_cleaned_v8.json"", ""category"": ""subtitles"", ""ipm"": 0.002806}, {""id"": ""subtitles/hermit_2018_es_full_lemmatized_ipm6_spacy_lookup_cleaned_v8.json"", ""file"": ""hermit_2018_es_full_lemmatized_ipm6_spacy_lookup_cleaned_v8.json"", ""category"": ""subtitles"", ""ipm"": 0.002371}], ""corpus_quality"": {""status"": ""accepted"", ""reasons"": []}, ""components"": [{""surface"": ""simo"", ""canonical_candidate"": ""simo"", ""confidence"": 0.89, ""evidence"": [{""type"": ""compound_morphology"", ""source"": ""candidate_index"", ""path"": [""arregladisimo"", ""simo"", ""simo""], ""confidence"": 0.89}]}]}"
es	lemma:41cf731157132028808e	arregleme	uncertain	not_admitted_candidate		aggregate_only_not_sense_frequency	"[{""path"": ""associativvordes/family-index-v5/members/es/61.json.gz"", ""family_id"": ""surface:es:eme"", ""record_sha256"": ""86e732c99dece6e69a3aef7855cdd0f0d1fd45905279105360a5d898cc2d0041""}, {""path"": ""associativvordes/family-index-v5/members/es/b1.json.gz"", ""family_id"": ""surface:es:arregl"", ""record_sha256"": ""5fe36bcc9fe2261a6401a43225910b5b8c466a4a3fb921781f8888da1a42180e""}]"	"{""lemma_id"": ""lemma:41cf731157132028808e"", ""word"": ""arregleme"", ""normalized"": ""arregleme"", ""search_form"": ""arregleme"", ""rank"": 431916, ""frequency_score"": 0.04529710280721981, ""category_breakdown"": {""subtitles"": {""ipm_values"": [0.002806, 0.002371], ""category_ipm"": 0.0025884999999999997, ""category_score"": 0.04529710280721981}}, ""sources"": [{""id"": ""subtitles/hermit_2016_es_full_lemmatized_ipm6_spacy_lookup_cleaned_v8.json"", ""file"": ""hermit_2016_es_full_lemmatized_ipm6_spacy_lookup_cleaned_v8.json"", ""category"": ""subtitles"", ""ipm"": 0.002806}, {""id"": ""subtitles/hermit_2018_es_full_lemmatized_ipm6_spacy_lookup_cleaned_v8.json"", ""file"": ""hermit_2018_es_full_lemmatized_ipm6_spacy_lookup_cleaned_v8.json"", ""category"": ""subtitles"", ""ipm"": 0.002371}], ""corpus_quality"": {""status"": ""accepted"", ""reasons"": []}, ""components"": [{""surface"": ""eme"", ""canonical_candidate"": ""eme"", ""confidence"": 0.89, ""evidence"": [{""type"": ""compound_morphology"", ""source"": ""candidate_index"", ""path"": [""arregleme"", ""eme"", ""eme""], ""confidence"": 0.89}]}]}"
es	lemma:42ca2be6faaca6b98277	arreglartus	uncertain	not_admitted_candidate		aggregate_only_not_sense_frequency	"[{""path"": ""associativvordes/family-index-v5/members/es/26.json.gz"", ""family_id"": ""surface:es:arreglar"", ""record_sha256"": ""88f8bdb42a01794d63f382283df4cee4915304f54c1e5ac1165b43dc14dbafb6""}, {""path"": ""associativvordes/family-index-v5/members/es/f0.json.gz"", ""family_id"": ""surface:es:tus"", ""record_sha256"": ""a020d288665473615219b26c5e7f51f2b553b7205cff085a935146b4bf1c0071""}]"	"{""lemma_id"": ""lemma:42ca2be6faaca6b98277"", ""word"": ""arreglartus"", ""normalized"": ""arreglartus"", ""search_form"": ""arreglartus"", ""rank"": 309279, ""frequency_score"": 0.090477407431868, ""category_breakdown"": {""subtitles"": {""ipm_values"": [0.005612, 0.004742], ""category_ipm"": 0.005176999999999999, ""category_score"": 0.090477407431868}}, ""sources"": [{""id"": ""subtitles/hermit_2016_es_full_lemmatized_ipm6_spacy_lookup_cleaned_v8.json"", ""file"": ""hermit_2016_es_full_lemmatized_ipm6_spacy_lookup_cleaned_v8.json"", ""category"": ""subtitles"", ""ipm"": 0.005612}, {""id"": ""subtitles/hermit_2018_es_full_lemmatized_ipm6_spacy_lookup_cleaned_v8.json"", ""file"": ""hermit_2018_es_full_lemmatized_ipm6_spacy_lookup_cleaned_v8.json"", ""category"": ""subtitles"", ""ipm"": 0.004742}], ""corpus_quality"": {""status"": ""accepted"", ""reasons"": []}, ""components"": [{""surface"": ""arreglar"", ""canonical_candidate"": ""arreglar"", ""confidence"": 0.81, ""evidence"": [{""type"": ""compound_morphology"", ""source"": ""candidate_index"", ""path"": [""arreglartus"", ""arreglar"", ""arreglar""], ""confidence"": 0.81}]}]}"
es	lemma:42e9bbd7039131d8c471	arreglremos	uncertain	not_admitted_candidate		aggregate_only_not_sense_frequency	"[{""path"": ""associativvordes/family-index-v5/members/es/46.json.gz"", ""family_id"": ""surface:es:remos"", ""record_sha256"": ""87f18ac2e1140146c3f4da6017b0d54e61454fe53a9212607588d53acc5eabad""}, {""path"": ""associativvordes/family-index-v5/members/es/fb.json.gz"", ""family_id"": ""surface:es:arreglrem"", ""record_sha256"": ""131c2ce7aca9c2265e8441638dc2d6b7a8a195467746f7c91d1c98f247d7831c""}]"	"{""lemma_id"": ""lemma:42e9bbd7039131d8c471"", ""word"": ""arreglremos"", ""normalized"": ""arreglremos"", ""search_form"": ""arreglremos"", ""rank"": 431929, ""frequency_score"": 0.04909788668913623, ""category_breakdown"": {""subtitles"": {""ipm_values"": [0.002806], ""category_ipm"": 0.002806, ""category_score"": 0.04909788668913623}}, ""sources"": [{""id"": ""subtitles/hermit_2016_es_full_lemmatized_ipm6_spacy_lookup_cleaned_v8.json"", ""file"": ""hermit_2016_es_full_lemmatized_ipm6_spacy_lookup_cleaned_v8.json"", ""category"": ""subtitles"", ""ipm"": 0.002806}], ""corpus_quality"": {""status"": ""accepted"", ""reasons"": []}, ""components"": [{""surface"": ""remos"", ""canonical_candidate"": ""remos"", ""confidence"": 0.89, ""evidence"": [{""type"": ""compound_morphology"", ""source"": ""candidate_index"", ""path"": [""arreglremos"", ""remos"", ""remos""], ""confidence"": 0.89}]}]}"
es	lemma:436e8d7e908c0366cf48	arreglaro	uncertain	not_admitted_candidate		aggregate_only_not_sense_frequency	"[{""path"": ""associativvordes/family-index-v5/members/es/26.json.gz"", ""family_id"": ""surface:es:arreglar"", ""record_sha256"": ""72b14f53106c6b04eb1f8171d95f505f973adb3147cb06ffd46e2e7fdeffd582""}, {""path"": ""associativvordes/family-index-v5/members/es/40.json.gz"", ""family_id"": ""surface:es:laro"", ""record_sha256"": ""dc33836b546651c77c96a6406a3684218679314eef7e94336e13092560e8701f""}]"	"{""lemma_id"": ""lemma:436e8d7e908c0366cf48"", ""word"": ""arreglaro"", ""normalized"": ""arreglaro"", ""search_form"": ""arreglaro"", ""rank"": 255639, ""frequency_score"": 0.11492581576953789, ""category_breakdown"": {""subtitles"": {""ipm_values"": [0.008419, 0.004742], ""category_ipm"": 0.0065804999999999995, ""category_score"": 0.11492581576953789}}, ""sources"": [{""id"": ""subtitles/hermit_2016_es_full_lemmatized_ipm6_spacy_lookup_cleaned_v8.json"", ""file"": ""hermit_2016_es_full_lemmatized_ipm6_spacy_lookup_cleaned_v8.json"", ""category"": ""subtitles"", ""ipm"": 0.008419}, {""id"": ""subtitles/hermit_2018_es_full_lemmatized_ipm6_spacy_lookup_cleaned_v8.json"", ""file"": ""hermit_2018_es_full_lemmatized_ipm6_spacy_lookup_cleaned_v8.json"", ""category"": ""subtitles"", ""ipm"": 0.004742}], ""corpus_quality"": {""status"": ""accepted"", ""reasons"": []}, ""components"": [{""surface"": ""arreglar"", ""canonical_candidate"": ""arreglar"", ""confidence"": 0.92, ""evidence"": [{""type"": ""morphological_parse"", ""source"": ""candidate_index"", ""path"": [""arreglaro"", ""arreglar"", ""arreglar""], ""confidence"": 0.92}]}]}"
es	lemma:437411bca8479c202cb4	termorregulador	accepted	accepted	regular	aggregate_only_not_sense_frequency	"[{""path"": ""associativvordes/family-index-v5/members/es/40.json.gz"", ""family_id"": ""family:regul"", ""record_sha256"": ""ffc0a7037bcd4d6836f85830806cd6be766fd45bb77df9fb05c03089b2baefe9""}, {""path"": ""associativvordes/family-index-v5/members/es/50.json.gz"", ""family_id"": ""surface:es:lador"", ""record_sha256"": ""07fe52a0062a3a2bd85970688bd8ffd865cf59468b1f1de4b021df74f1799cab""}, {""path"": ""associativvordes/family-index-v5/members/es/89.json.gz"", ""family_id"": ""surface:es:termorregula"", ""record_sha256"": ""8e14031c0fb2b2e23ce850cc82fb66fc917d98dc71264055d89df23bbe58d715""}]"	"{""lemma_id"": ""lemma:437411bca8479c202cb4"", ""word"": ""termorregulador"", ""normalized"": ""termorregulador"", ""search_form"": ""termorregulador"", ""rank"": 435392, ""frequency_score"": 0.06600356668229963, ""category_breakdown"": {""subtitles"": {""ipm_values"": [0.002806, 0.004742], ""category_ipm"": 0.0037739999999999996, ""category_score"": 0.06600356668229963}}, ""sources"": [{""id"": ""subtitles/hermit_2016_es_full_lemmatized_ipm6_spacy_lookup_cleaned_v8.json"", ""file"": ""hermit_2016_es_full_lemmatized_ipm6_spacy_lookup_cleaned_v8.json"", ""category"": ""subtitles"", ""ipm"": 0.002806}, {""id"": ""subtitles/hermit_2018_es_full_lemmatized_ipm6_spacy_lookup_cleaned_v8.json"", ""file"": ""hermit_2018_es_full_lemmatized_ipm6_spacy_lookup_cleaned_v8.json"", ""category"": ""subtitles"", ""ipm"": 0.004742}], ""corpus_quality"": {""status"": ""accepted"", ""reasons"": []}, ""components"": [{""surface"": ""regul"", ""canonical_candidate"": ""regul"", ""confidence"": 0.97, ""evidence"": [{""type"": ""compound_morphology"", ""source"": ""manually_verified"", ""path"": [""termorregulador"", ""regul"", ""regul""], ""confidence"": 0.97}, {""type"": ""verified_seed_alias"", ""source"": ""methodology_control_seed"", ""path"": [""es"", ""regul"", ""family:regul""], ""confidence"": 1}]}]}"
es	lemma:437fe6d7a0b3aaac41a5	areglamos	uncertain	not_admitted_candidate		aggregate_only_not_sense_frequency	"[{""path"": ""associativvordes/family-index-v5/members/es/57.json.gz"", ""family_id"": ""surface:es:areglam"", ""record_sha256"": ""54472cb2e636cf58af4e796c4a5e301333bb999b9b64e9fe5cebad1d266b5447""}]"	"{""lemma_id"": ""lemma:437fe6d7a0b3aaac41a5"", ""word"": ""areglamos"", ""normalized"": ""areglamos"", ""search_form"": ""areglamos"", ""rank"": 338311, ""frequency_score"": 0.06600356668229963, ""category_breakdown"": {""subtitles"": {""ipm_values"": [0.002806, 0.004742], ""category_ipm"": 0.0037739999999999996, ""category_score"": 0.06600356668229963}}, ""sources"": [{""id"": ""subtitles/hermit_2016_es_full_lemmatized_ipm6_spacy_lookup_cleaned_v8.json"", ""file"": ""hermit_2016_es_full_lemmatized_ipm6_spacy_lookup_cleaned_v8.json"", ""category"": ""subtitles"", ""ipm"": 0.002806}, {""id"": ""subtitles/hermit_2018_es_full_lemmatized_ipm6_spacy_lookup_cleaned_v8.json"", ""file"": ""hermit_2018_es_full_lemmatized_ipm6_spacy_lookup_cleaned_v8.json"", ""category"": ""subtitles"", ""ipm"": 0.004742}], ""corpus_quality"": {""status"": ""accepted"", ""reasons"": []}, ""components"": [{""surface"": ""areglam"", ""canonical_candidate"": ""areglam"", ""confidence"": 0.92, ""evidence"": [{""type"": ""morphological_parse"", ""source"": ""candidate_index"", ""path"": [""areglamos"", ""areglam"", ""areglam""], ""confidence"": 0.92}]}]}"
es	lemma:43851cd7995fb751b56f	arreglárselas	uncertain	not_admitted_candidate		aggregate_only_not_sense_frequency	"[{""path"": ""associativvordes/family-index-v5/members/es/f6.json.gz"", ""family_id"": ""surface:es:arreglarsel"", ""record_sha256"": ""7705c3e6b23f18721f8e9341b1958456d128ec1b90725aeee0e33d0979a44a08""}]"	"{""lemma_id"": ""lemma:43851cd7995fb751b56f"", ""word"": ""arreglárselas"", ""normalized"": ""arreglárselas"", ""search_form"": ""arreglarselas"", ""rank"": 16349, ""frequency_score"": 14.772348877943145, ""category_breakdown"": {""subtitles"": {""ipm_values"": [1.321739, 1.325259], ""category_ipm"": 1.323499, ""category_score"": 14.772348877943145}}, ""sources"": [{""id"": ""subtitles/hermit_2016_es_full_lemmatized_ipm6_spacy_lookup_cleaned_v8.json"", ""file"": ""hermit_2016_es_full_lemmatized_ipm6_spacy_lookup_cleaned_v8.json"", ""category"": ""subtitles"", ""ipm"": 1.321739}, {""id"": ""subtitles/hermit_2018_es_full_lemmatized_ipm6_spacy_lookup_cleaned_v8.json"", ""file"": ""hermit_2018_es_full_lemmatized_ipm6_spacy_lookup_cleaned_v8.json"", ""category"": ""subtitles"", ""ipm"": 1.325259}], ""corpus_quality"": {""status"": ""accepted"", ""reasons"": []}, ""components"": [{""surface"": ""arreglarsel"", ""canonical_candidate"": ""arreglarsel"", ""confidence"": 0.92, ""evidence"": [{""type"": ""morphological_parse"", ""source"": ""candidate_index"", ""path"": [""arreglarselas"", ""arreglarsel"", ""arreglarsel""], ""confidence"": 0.92}]}]}"
es	lemma:43aa47a0ac89a0bd82ac	areglarte	uncertain	not_admitted_candidate		aggregate_only_not_sense_frequency	"[{""path"": ""associativvordes/family-index-v5/members/es/21.json.gz"", ""family_id"": ""surface:es:aregl"", ""record_sha256"": ""3330620d851c47c92d4ba53ca09d10460ae9f235280179fbdf9fa0a90630b9c6""}]"	"{""lemma_id"": ""lemma:43aa47a0ac89a0bd82ac"", ""word"": ""areglarte"", ""normalized"": ""areglarte"", ""search_form"": ""areglarte"", ""rank"": 430693, ""frequency_score"": 0.04529710280721981, ""category_breakdown"": {""subtitles"": {""ipm_values"": [0.002806, 0.002371], ""category_ipm"": 0.0025884999999999997, ""category_score"": 0.04529710280721981}}, ""sources"": [{""id"": ""subtitles/hermit_2016_es_full_lemmatized_ipm6_spacy_lookup_cleaned_v8.json"", ""file"": ""hermit_2016_es_full_lemmatized_ipm6_spacy_lookup_cleaned_v8.json"", ""category"": ""subtitles"", ""ipm"": 0.002806}, {""id"": ""subtitles/hermit_2018_es_full_lemmatized_ipm6_spacy_lookup_cleaned_v8.json"", ""file"": ""hermit_2018_es_full_lemmatized_ipm6_spacy_lookup_cleaned_v8.json"", ""category"": ""subtitles"", ""ipm"": 0.002371}], ""corpus_quality"": {""status"": ""accepted"", ""reasons"": []}, ""components"": [{""surface"": ""aregl"", ""canonical_candidate"": ""aregl"", ""confidence"": 0.81, ""evidence"": [{""type"": ""compound_morphology"", ""source"": ""candidate_index"", ""path"": [""areglarte"", ""aregl"", ""aregl""], ""confidence"": 0.81}]}]}"
es	lemma:43adf7e07a95b91472a6	regularicémoslas	uncertain	withheld_historical_uncertain		aggregate_only_not_sense_frequency	"[{""path"": ""associativvordes/family-index-v5/members/es/40.json.gz"", ""family_id"": ""family:regul"", ""record_sha256"": ""c4a57011f0bef828b6e151695541bec0447f0347ef5d76d0e9ccdaac72472a6c""}, {""path"": ""associativvordes/family-index-v5/members/es/e0.json.gz"", ""family_id"": ""surface:es:regularicemosl"", ""record_sha256"": ""1598e14cec00091c85aa2941b48e4f708e68fe30555935169c4576750625d1b5""}]"	"{""lemma_id"": ""lemma:43adf7e07a95b91472a6"", ""word"": ""regularicémoslas"", ""normalized"": ""regularicémoslas"", ""search_form"": ""regularicemoslas"", ""rank"": 692058, ""frequency_score"": 0.04529710280721981, ""category_breakdown"": {""subtitles"": {""ipm_values"": [0.002806, 0.002371], ""category_ipm"": 0.0025884999999999997, ""category_score"": 0.04529710280721981}}, ""sources"": [{""id"": ""subtitles/hermit_2016_es_full_lemmatized_ipm6_spacy_lookup_cleaned_v8.json"", ""file"": ""hermit_2016_es_full_lemmatized_ipm6_spacy_lookup_cleaned_v8.json"", ""category"": ""subtitles"", ""ipm"": 0.002806}, {""id"": ""subtitles/hermit_2018_es_full_lemmatized_ipm6_spacy_lookup_cleaned_v8.json"", ""file"": ""hermit_2018_es_full_lemmatized_ipm6_spacy_lookup_cleaned_v8.json"", ""category"": ""subtitles"", ""ipm"": 0.002371}], ""corpus_quality"": {""status"": ""accepted"", ""reasons"": []}, ""components"": [{""surface"": ""regul"", ""canonical_candidate"": ""regul"", ""confidence"": 0.97, ""evidence"": [{""type"": ""compound_morphology"", ""source"": ""manually_verified"", ""path"": [""regularicemoslas"", ""regul"", ""regul""], ""confidence"": 0.97}, {""type"": ""verified_seed_alias"", ""source"": ""methodology_control_seed"", ""path"": [""es"", ""regul"", ""family:regul""], ""confidence"": 1}]}]}"
es	lemma:43ef63ac3d96441a3b8a	enarreglar	uncertain	not_admitted_candidate		aggregate_only_not_sense_frequency	"[{""path"": ""associativvordes/family-index-v5/members/es/8c.json.gz"", ""family_id"": ""surface:es:glar"", ""record_sha256"": ""4de626f3840d6c4341753dc7b4a5007231670b1550b83154d57dc9bb7772d05b""}, {""path"": ""associativvordes/family-index-v5/members/es/b2.json.gz"", ""family_id"": ""surface:es:reg"", ""record_sha256"": ""ddd05d94b5ca6b2edbe4747c2b800276895903bb05df07e806b9b5d98c966988""}, {""path"": ""associativvordes/family-index-v5/members/es/b3.json.gz"", ""family_id"": ""surface:es:rre"", ""record_sha256"": ""e17b0ec8999311a4c6021e808ed9e278975f7fdbfe1f4e5bad9aa42e3f58a5d3""}, {""path"": ""associativvordes/family-index-v5/members/es/c2.json.gz"", ""family_id"": ""surface:es:enarr"", ""record_sha256"": ""e6797b8c14ca82bd4fdeeadfb5700ef21164fc4f2f604efa0a4b2b71e66589cb""}]"	"{""lemma_id"": ""lemma:43ef63ac3d96441a3b8a"", ""word"": ""enarreglar"", ""normalized"": ""enarreglar"", ""search_form"": ""enarreglar"", ""rank"": 567186, ""frequency_score"": 0.041495494299664135, ""category_breakdown"": {""subtitles"": {""ipm_values"": [0.002371], ""category_ipm"": 0.002371, ""category_score"": 0.041495494299664135}}, ""sources"": [{""id"": ""subtitles/hermit_2018_es_full_lemmatized_ipm6_spacy_lookup_cleaned_v8.json"", ""file"": ""hermit_2018_es_full_lemmatized_ipm6_spacy_lookup_cleaned_v8.json"", ""category"": ""subtitles"", ""ipm"": 0.002371}], ""corpus_quality"": {""status"": ""accepted"", ""reasons"": []}, ""components"": [{""surface"": ""glar"", ""canonical_candidate"": ""glar"", ""confidence"": 0.89, ""evidence"": [{""type"": ""compound_morphology"", ""source"": ""candidate_index"", ""path"": [""enarreglar"", ""glar"", ""glar""], ""confidence"": 0.89}]}]}"
es	lemma:43f92bd3797332b3e87b	arreglandose	uncertain	not_admitted_candidate		aggregate_only_not_sense_frequency	"[{""path"": ""associativvordes/family-index-v5/members/es/fa.json.gz"", ""family_id"": ""surface:es:arregland"", ""record_sha256"": ""f45a805cf0509914cecc7640ef56c74ea67733ce112bbb58435e385d1f50882f""}]"	"{""lemma_id"": ""lemma:43f92bd3797332b3e87b"", ""word"": ""arreglandose"", ""normalized"": ""arreglandose"", ""search_form"": ""arreglandose"", ""rank"": 151090, ""frequency_score"": 0.39979441049581277, ""category_breakdown"": {""subtitles"": {""ipm_values"": [0.02245, 0.023708], ""category_ipm"": 0.023079000000000002, ""category_score"": 0.39979441049581277}}, ""sources"": [{""id"": ""subtitles/hermit_2016_es_full_lemmatized_ipm6_spacy_lookup_cleaned_v8.json"", ""file"": ""hermit_2016_es_full_lemmatized_ipm6_spacy_lookup_cleaned_v8.json"", ""category"": ""subtitles"", ""ipm"": 0.02245}, {""id"": ""subtitles/hermit_2018_es_full_lemmatized_ipm6_spacy_lookup_cleaned_v8.json"", ""file"": ""hermit_2018_es_full_lemmatized_ipm6_spacy_lookup_cleaned_v8.json"", ""category"": ""subtitles"", ""ipm"": 0.023708}], ""corpus_quality"": {""status"": ""accepted"", ""reasons"": []}, ""components"": [{""surface"": ""arregland"", ""canonical_candidate"": ""arregland"", ""confidence"": 0.81, ""evidence"": [{""type"": ""compound_morphology"", ""source"": ""candidate_index"", ""path"": [""arreglandose"", ""arregland"", ""arregland""], ""confidence"": 0.81}]}]}"
es	lemma:44241d8f5235cbb3092a	arregular	uncertain	not_admitted_candidate		aggregate_only_not_sense_frequency	"[{""path"": ""associativvordes/family-index-v5/members/es/47.json.gz"", ""family_id"": ""surface:es:arreg"", ""record_sha256"": ""98f11b71a635fafbb7b6e1a72af9b72403a8d76af43d36fb034bd228c7bb575f""}, {""path"": ""associativvordes/family-index-v5/members/es/76.json.gz"", ""family_id"": ""surface:es:ular"", ""record_sha256"": ""d124aa2a076c24d3121144f61080f1dc72f58c2362e0007e51e8f2072dfafbbb""}, {""path"": ""associativvordes/family-index-v5/members/es/cf.json.gz"", ""family_id"": ""surface:es:egu"", ""record_sha256"": ""9bc365fd98f01336bedacaac5b0392c1ced12aa8d5b46f1eb956debd9a5ea8a4""}]"	"{""lemma_id"": ""lemma:44241d8f5235cbb3092a"", ""word"": ""arregular"", ""normalized"": ""arregular"", ""search_form"": ""arregular"", ""rank"": 431952, ""frequency_score"": 0.04529710280721981, ""category_breakdown"": {""subtitles"": {""ipm_values"": [0.002806, 0.002371], ""category_ipm"": 0.0025884999999999997, ""category_score"": 0.04529710280721981}}, ""sources"": [{""id"": ""subtitles/hermit_2016_es_full_lemmatized_ipm6_spacy_lookup_cleaned_v8.json"", ""file"": ""hermit_2016_es_full_lemmatized_ipm6_spacy_lookup_cleaned_v8.json"", ""category"": ""subtitles"", ""ipm"": 0.002806}, {""id"": ""subtitles/hermit_2018_es_full_lemmatized_ipm6_spacy_lookup_cleaned_v8.json"", ""file"": ""hermit_2018_es_full_lemmatized_ipm6_spacy_lookup_cleaned_v8.json"", ""category"": ""subtitles"", ""ipm"": 0.002371}], ""corpus_quality"": {""status"": ""accepted"", ""reasons"": []}, ""components"": [{""surface"": ""arreg"", ""canonical_candidate"": ""arreg"", ""confidence"": 0.81, ""evidence"": [{""type"": ""compound_morphology"", ""source"": ""candidate_index"", ""path"": [""arregular"", ""arreg"", ""arreg""], ""confidence"": 0.81}]}]}"
es	lemma:444d082794ab26cd4534	arréglemoslo	uncertain	not_admitted_candidate		aggregate_only_not_sense_frequency	"[{""path"": ""associativvordes/family-index-v5/members/es/18.json.gz"", ""family_id"": ""surface:es:slo"", ""record_sha256"": ""967b6ee9d0677b5902da940e8ffbfe38c18436341af794a496358c6492fbc050""}, {""path"": ""associativvordes/family-index-v5/members/es/bb.json.gz"", ""family_id"": ""surface:es:arreglemosl"", ""record_sha256"": ""8d2c615dc781ad3732bf7c98261e24e08b909ba538a38426faedbdcc8d79aaa1""}]"	"{""lemma_id"": ""lemma:444d082794ab26cd4534"", ""word"": ""arréglemoslo"", ""normalized"": ""arréglemoslo"", ""search_form"": ""arreglemoslo"", ""rank"": 432651, ""frequency_score"": 0.04529710280721981, ""category_breakdown"": {""subtitles"": {""ipm_values"": [0.002806, 0.002371], ""category_ipm"": 0.0025884999999999997, ""category_score"": 0.04529710280721981}}, ""sources"": [{""id"": ""subtitles/hermit_2016_es_full_lemmatized_ipm6_spacy_lookup_cleaned_v8.json"", ""file"": ""hermit_2016_es_full_lemmatized_ipm6_spacy_lookup_cleaned_v8.json"", ""category"": ""subtitles"", ""ipm"": 0.002806}, {""id"": ""subtitles/hermit_2018_es_full_lemmatized_ipm6_spacy_lookup_cleaned_v8.json"", ""file"": ""hermit_2018_es_full_lemmatized_ipm6_spacy_lookup_cleaned_v8.json"", ""category"": ""subtitles"", ""ipm"": 0.002371}], ""corpus_quality"": {""status"": ""accepted"", ""reasons"": []}, ""components"": [{""surface"": ""slo"", ""canonical_candidate"": ""slo"", ""confidence"": 0.89, ""evidence"": [{""type"": ""compound_morphology"", ""source"": ""candidate_index"", ""path"": [""arreglemoslo"", ""slo"", ""slo""], ""confidence"": 0.89}]}]}"
es	lemma:45477f72217696ac3625	reguler	uncertain	not_admitted_candidate		aggregate_only_not_sense_frequency	"[{""path"": ""associativvordes/family-index-v5/members/es/08.json.gz"", ""family_id"": ""surface:es:reguler"", ""record_sha256"": ""44d80794f0e227693cfe5d21f3346174d1000e9d2872f641e1783106e9178ef1""}]"	"{""lemma_id"": ""lemma:45477f72217696ac3625"", ""word"": ""reguler"", ""normalized"": ""reguler"", ""search_form"": ""reguler"", ""rank"": 692071, ""frequency_score"": 0.04909788668913623, ""category_breakdown"": {""subtitles"": {""ipm_values"": [0.002806], ""category_ipm"": 0.002806, ""category_score"": 0.04909788668913623}}, ""sources"": [{""id"": ""subtitles/hermit_2016_es_full_lemmatized_ipm6_spacy_lookup_cleaned_v8.json"", ""file"": ""hermit_2016_es_full_lemmatized_ipm6_spacy_lookup_cleaned_v8.json"", ""category"": ""subtitles"", ""ipm"": 0.002806}], ""corpus_quality"": {""status"": ""accepted"", ""reasons"": []}, ""components"": [{""surface"": ""reguler"", ""canonical_candidate"": ""reguler"", ""confidence"": 0.92, ""evidence"": [{""type"": ""morphological_parse"", ""source"": ""candidate_index"", ""path"": [""reguler"", ""reguler"", ""reguler""], ""confidence"": 0.92}]}]}"
es	lemma:45e97228f197b8714885	regularizar	accepted	accepted	regularizar	aggregate_only_not_sense_frequency	"[{""path"": ""associativvordes/family-index-v5/members/es/12.json.gz"", ""family_id"": ""surface:es:rizar"", ""record_sha256"": ""0b31fb48faae85be46a523e34d0329cf5ce128c924ec9f63d4bfc561187797ad""}, {""path"": ""associativvordes/family-index-v5/members/es/40.json.gz"", ""family_id"": ""family:regul"", ""record_sha256"": ""83e696ec8ca8052b69ec808767a798ad16a5d023b6a9d7beaf762839f813a698""}, {""path"": ""associativvordes/family-index-v5/members/es/44.json.gz"", ""family_id"": ""surface:es:regular"", ""record_sha256"": ""1d554b01bec326eab3f72db2e3f4bc1f22a3ca5b532db4ec915671ab64b062f4""}, {""path"": ""associativvordes/family-index-v5/members/es/cd.json.gz"", ""family_id"": ""surface:es:ulari"", ""record_sha256"": ""5bea08fedc802bca7503a00b21c5aa57653ef1c426ec1fd8346b316a0712644c""}]"	"{""lemma_id"": ""lemma:45e97228f197b8714885"", ""word"": ""regularizar"", ""normalized"": ""regularizar"", ""search_form"": ""regularizar"", ""rank"": 11997, ""frequency_score"": 7.8230008322674, ""category_breakdown"": {""subtitles"": {""ipm_values"": [0.143118, 0.156471], ""category_ipm"": 0.1497945, ""category_score"": 2.445777710256951}, ""mixed"": {""ipm_values"": [2.924031], ""category_ipm"": 2.924031, ""category_score"": 23.95467019829875}}, ""sources"": [{""id"": ""mixed/es_wordlist.lemmatized_stanza_ipm6.json"", ""file"": ""es_wordlist.lemmatized_stanza_ipm6.json"", ""category"": ""mixed"", ""ipm"": 2.924031}, {""id"": ""subtitles/hermit_2016_es_full_lemmatized_ipm6_spacy_lookup_cleaned_v8.json"", ""file"": ""hermit_2016_es_full_lemmatized_ipm6_spacy_lookup_cleaned_v8.json"", ""category"": ""subtitles"", ""ipm"": 0.143118}, {""id"": ""subtitles/hermit_2018_es_full_lemmatized_ipm6_spacy_lookup_cleaned_v8.json"", ""file"": ""hermit_2018_es_full_lemmatized_ipm6_spacy_lookup_cleaned_v8.json"", ""category"": ""subtitles"", ""ipm"": 0.156471}], ""corpus_quality"": {""status"": ""accepted"", ""reasons"": []}, ""components"": [{""surface"": ""rizar"", ""canonical_candidate"": ""rizar"", ""confidence"": 0.89, ""evidence"": [{""type"": ""compound_morphology"", ""source"": ""candidate_index"", ""path"": [""regularizar"", ""rizar"", ""rizar""], ""confidence"": 0.89}]}]}"
es	lemma:4627e7345db29baa9414	arreglalos	uncertain	not_admitted_candidate		aggregate_only_not_sense_frequency	"[{""path"": ""associativvordes/family-index-v5/members/es/14.json.gz"", ""family_id"": ""surface:es:arreglal"", ""record_sha256"": ""ac46c9ff356989d98e8d2dd29e96fac7b3a8b9d91bb2311faf8c695ce4ac6bd6""}, {""path"": ""associativvordes/family-index-v5/members/es/27.json.gz"", ""family_id"": ""surface:es:alos"", ""record_sha256"": ""3aedbc414ff701dd53d1ab82dc16b07f226627ad2abc5a50dbf92a17f1962088""}]"	"{""lemma_id"": ""lemma:4627e7345db29baa9414"", ""word"": ""arreglalos"", ""normalized"": ""arreglalos"", ""search_form"": ""arreglalos"", ""rank"": 471460, ""frequency_score"": 0.041495494299664135, ""category_breakdown"": {""subtitles"": {""ipm_values"": [0.002371], ""category_ipm"": 0.002371, ""category_score"": 0.041495494299664135}}, ""sources"": [{""id"": ""subtitles/hermit_2018_es_full_lemmatized_ipm6_spacy_lookup_cleaned_v8.json"", ""file"": ""hermit_2018_es_full_lemmatized_ipm6_spacy_lookup_cleaned_v8.json"", ""category"": ""subtitles"", ""ipm"": 0.002371}], ""corpus_quality"": {""status"": ""accepted"", ""reasons"": []}, ""components"": [{""surface"": ""arreglal"", ""canonical_candidate"": ""arreglal"", ""confidence"": 0.92, ""evidence"": [{""type"": ""morphological_parse"", ""source"": ""candidate_index"", ""path"": [""arreglalos"", ""arreglal"", ""arreglal""], ""confidence"": 0.92}]}]}"
es	lemma:46e3f18e491a5f5e8fc3	reglon	uncertain	not_admitted_candidate		aggregate_only_not_sense_frequency	"[{""path"": ""associativvordes/family-index-v5/members/es/b2.json.gz"", ""family_id"": ""surface:es:reg"", ""record_sha256"": ""3503682162c3dfe198f5370c695b79485c098561b5fadf4b2acfb9c7d0727451""}, {""path"": ""associativvordes/family-index-v5/members/es/ee.json.gz"", ""family_id"": ""surface:es:glon"", ""record_sha256"": ""208b1d84c9e29cc9684371be814babbf0064b945175bd935d3b254437c8bd0af""}]"	"{""lemma_id"": ""lemma:46e3f18e491a5f5e8fc3"", ""word"": ""reglon"", ""normalized"": ""reglon"", ""search_form"": ""reglon"", ""rank"": 291195, ""frequency_score"": 0.13554151465136516, ""category_breakdown"": {""subtitles"": {""ipm_values"": [0.008419, 0.007112], ""category_ipm"": 0.0077655, ""category_score"": 0.13554151465136516}}, ""sources"": [{""id"": ""subtitles/hermit_2016_es_full_lemmatized_ipm6_spacy_lookup_cleaned_v8.json"", ""file"": ""hermit_2016_es_full_lemmatized_ipm6_spacy_lookup_cleaned_v8.json"", ""category"": ""subtitles"", ""ipm"": 0.008419}, {""id"": ""subtitles/hermit_2018_es_full_lemmatized_ipm6_spacy_lookup_cleaned_v8.json"", ""file"": ""hermit_2018_es_full_lemmatized_ipm6_spacy_lookup_cleaned_v8.json"", ""category"": ""subtitles"", ""ipm"": 0.007112}], ""corpus_quality"": {""status"": ""accepted"", ""reasons"": []}, ""components"": [{""surface"": ""reg"", ""canonical_candidate"": ""reg"", ""confidence"": 0.81, ""evidence"": [{""type"": ""compound_morphology"", ""source"": ""candidate_index"", ""path"": [""reglon"", ""reg"", ""reg""], ""confidence"": 0.81}]}]}"
es	lemma:4713879b5506e41b8b03	arregladillo	uncertain	not_admitted_candidate		aggregate_only_not_sense_frequency	"[{""path"": ""associativvordes/family-index-v5/members/es/a4.json.gz"", ""family_id"": ""surface:es:illo"", ""record_sha256"": ""76b95d8a216e9271e2bd6b9780b318a8ca5779b5ef6846624656c5312636d02a""}, {""path"": ""associativvordes/family-index-v5/members/es/ef.json.gz"", ""family_id"": ""surface:es:arregladill"", ""record_sha256"": ""8836b0c9c0516d779dbcfc70c932cb4b3b7281f9b87c021f54ccccbf3bd218db""}]"	"{""lemma_id"": ""lemma:4713879b5506e41b8b03"", ""word"": ""arregladillo"", ""normalized"": ""arregladillo"", ""search_form"": ""arregladillo"", ""rank"": 431875, ""frequency_score"": 0.04529710280721981, ""category_breakdown"": {""subtitles"": {""ipm_values"": [0.002806, 0.002371], ""category_ipm"": 0.0025884999999999997, ""category_score"": 0.04529710280721981}}, ""sources"": [{""id"": ""subtitles/hermit_2016_es_full_lemmatized_ipm6_spacy_lookup_cleaned_v8.json"", ""file"": ""hermit_2016_es_full_lemmatized_ipm6_spacy_lookup_cleaned_v8.json"", ""category"": ""subtitles"", ""ipm"": 0.002806}, {""id"": ""subtitles/hermit_2018_es_full_lemmatized_ipm6_spacy_lookup_cleaned_v8.json"", ""file"": ""hermit_2018_es_full_lemmatized_ipm6_spacy_lookup_cleaned_v8.json"", ""category"": ""subtitles"", ""ipm"": 0.002371}], ""corpus_quality"": {""status"": ""accepted"", ""reasons"": []}, ""components"": [{""surface"": ""illo"", ""canonical_candidate"": ""illo"", ""confidence"": 0.89, ""evidence"": [{""type"": ""compound_morphology"", ""source"": ""candidate_index"", ""path"": [""arregladillo"", ""illo"", ""illo""], ""confidence"": 0.89}]}]}"
es	lemma:472f031b407eb39ce9b7	arreglao	uncertain	not_admitted_candidate		aggregate_only_not_sense_frequency	"[{""path"": ""associativvordes/family-index-v5/members/es/70.json.gz"", ""family_id"": ""surface:es:arregla"", ""record_sha256"": ""f39a97797b3ce60b87673dae17ff5a051cc1377d294cd101b11fb7aba118ebf1""}]"	"{""lemma_id"": ""lemma:472f031b407eb39ce9b7"", ""word"": ""arreglao"", ""normalized"": ""arreglao"", ""search_form"": ""arreglao"", ""rank"": 431896, ""frequency_score"": 0.04909788668913623, ""category_breakdown"": {""subtitles"": {""ipm_values"": [0.002806], ""category_ipm"": 0.002806, ""category_score"": 0.04909788668913623}}, ""sources"": [{""id"": ""subtitles/hermit_2016_es_full_lemmatized_ipm6_spacy_lookup_cleaned_v8.json"", ""file"": ""hermit_2016_es_full_lemmatized_ipm6_spacy_lookup_cleaned_v8.json"", ""category"": ""subtitles"", ""ipm"": 0.002806}], ""corpus_quality"": {""status"": ""accepted"", ""reasons"": []}, ""components"": [{""surface"": ""arregla"", ""canonical_candidate"": ""arregla"", ""confidence"": 0.92, ""evidence"": [{""type"": ""morphological_parse"", ""source"": ""candidate_index"", ""path"": [""arreglao"", ""arregla"", ""arregla""], ""confidence"": 0.92}]}]}"
es	lemma:484b54dc58244651bb2b	reglamiento	uncertain	not_admitted_candidate		aggregate_only_not_sense_frequency	"[{""path"": ""associativvordes/family-index-v5/members/es/f4.json.gz"", ""family_id"": ""surface:es:reglamient"", ""record_sha256"": ""930a4565aec7181b3deaead4e412b5e73161ec6668a9632e834e0838c69cdf2c""}]"	"{""lemma_id"": ""lemma:484b54dc58244651bb2b"", ""word"": ""reglamiento"", ""normalized"": ""reglamiento"", ""search_form"": ""reglamiento"", ""rank"": 691788, ""frequency_score"": 0.04529710280721981, ""category_breakdown"": {""subtitles"": {""ipm_values"": [0.002806, 0.002371], ""category_ipm"": 0.0025884999999999997, ""category_score"": 0.04529710280721981}}, ""sources"": [{""id"": ""subtitles/hermit_2016_es_full_lemmatized_ipm6_spacy_lookup_cleaned_v8.json"", ""file"": ""hermit_2016_es_full_lemmatized_ipm6_spacy_lookup_cleaned_v8.json"", ""category"": ""subtitles"", ""ipm"": 0.002806}, {""id"": ""subtitles/hermit_2018_es_full_lemmatized_ipm6_spacy_lookup_cleaned_v8.json"", ""file"": ""hermit_2018_es_full_lemmatized_ipm6_spacy_lookup_cleaned_v8.json"", ""category"": ""subtitles"", ""ipm"": 0.002371}], ""corpus_quality"": {""status"": ""accepted"", ""reasons"": []}, ""components"": [{""surface"": ""reglamient"", ""canonical_candidate"": ""reglamient"", ""confidence"": 0.92, ""evidence"": [{""type"": ""morphological_parse"", ""source"": ""candidate_index"", ""path"": [""reglamiento"", ""reglamient"", ""reglamient""], ""confidence"": 0.92}]}]}"
es	lemma:48f5285b5b8ebb5eab6e	arreglárnosla	uncertain	not_admitted_candidate		aggregate_only_not_sense_frequency	"[{""path"": ""associativvordes/family-index-v5/members/es/5a.json.gz"", ""family_id"": ""surface:es:arreglarnosl"", ""record_sha256"": ""887f50615b786274d5b56014129ffef46fb628cd39eb8201fed3f02c7437ef15""}, {""path"": ""associativvordes/family-index-v5/members/es/f2.json.gz"", ""family_id"": ""surface:es:sla"", ""record_sha256"": ""988c186ef964b684732f31e9f12072223eb9b25b49e8b2f729cb9531930462e7""}]"	"{""lemma_id"": ""lemma:48f5285b5b8ebb5eab6e"", ""word"": ""arreglárnosla"", ""normalized"": ""arreglárnosla"", ""search_form"": ""arreglarnosla"", ""rank"": 83352, ""frequency_score"": 1.137690057497458, ""category_breakdown"": {""subtitles"": {""ipm_values"": [0.070156, 0.064011], ""category_ipm"": 0.06708349999999999, ""category_score"": 1.137690057497458}}, ""sources"": [{""id"": ""subtitles/hermit_2016_es_full_lemmatized_ipm6_spacy_lookup_cleaned_v8.json"", ""file"": ""hermit_2016_es_full_lemmatized_ipm6_spacy_lookup_cleaned_v8.json"", ""category"": ""subtitles"", ""ipm"": 0.070156}, {""id"": ""subtitles/hermit_2018_es_full_lemmatized_ipm6_spacy_lookup_cleaned_v8.json"", ""file"": ""hermit_2018_es_full_lemmatized_ipm6_spacy_lookup_cleaned_v8.json"", ""category"": ""subtitles"", ""ipm"": 0.064011}], ""corpus_quality"": {""status"": ""accepted"", ""reasons"": []}, ""components"": [{""surface"": ""arreglarnosl"", ""canonical_candidate"": ""arreglarnosl"", ""confidence"": 0.92, ""evidence"": [{""type"": ""morphological_parse"", ""source"": ""candidate_index"", ""path"": [""arreglarnosla"", ""arreglarnosl"", ""arreglarnosl""], ""confidence"": 0.92}]}]}"
es	lemma:49193de3da55ab887092	reglamentosos	uncertain	not_admitted_candidate		aggregate_only_not_sense_frequency	"[{""path"": ""associativvordes/family-index-v5/members/es/13.json.gz"", ""family_id"": ""surface:es:reglamentos"", ""record_sha256"": ""4902516ddd8d123daf1324483d3a63eeb2ead29786a5729afef62bc2282507c9""}, {""path"": ""associativvordes/family-index-v5/members/es/5c.json.gz"", ""family_id"": ""surface:es:osos"", ""record_sha256"": ""8d461311fd9b6be19696026fc31717de038badd901cca986655a86181f02b5d9""}]"	"{""lemma_id"": ""lemma:49193de3da55ab887092"", ""word"": ""reglamentosos"", ""normalized"": ""reglamentosos"", ""search_form"": ""reglamentosos"", ""rank"": 691787, ""frequency_score"": 0.04529710280721981, ""category_breakdown"": {""subtitles"": {""ipm_values"": [0.002806, 0.002371], ""category_ipm"": 0.0025884999999999997, ""category_score"": 0.04529710280721981}}, ""sources"": [{""id"": ""subtitles/hermit_2016_es_full_lemmatized_ipm6_spacy_lookup_cleaned_v8.json"", ""file"": ""hermit_2016_es_full_lemmatized_ipm6_spacy_lookup_cleaned_v8.json"", ""category"": ""subtitles"", ""ipm"": 0.002806}, {""id"": ""subtitles/hermit_2018_es_full_lemmatized_ipm6_spacy_lookup_cleaned_v8.json"", ""file"": ""hermit_2018_es_full_lemmatized_ipm6_spacy_lookup_cleaned_v8.json"", ""category"": ""subtitles"", ""ipm"": 0.002371}], ""corpus_quality"": {""status"": ""accepted"", ""reasons"": []}, ""components"": [{""surface"": ""reglamentos"", ""canonical_candidate"": ""reglamentos"", ""confidence"": 0.92, ""evidence"": [{""type"": ""morphological_parse"", ""source"": ""candidate_index"", ""path"": [""reglamentosos"", ""reglamentos"", ""reglamentos""], ""confidence"": 0.92}]}]}"
es	lemma:49a3c2e799633794d3ac	regleta	uncertain	not_admitted_candidate		aggregate_only_not_sense_frequency	"[{""path"": ""associativvordes/family-index-v5/members/es/3b.json.gz"", ""family_id"": ""surface:es:reglet"", ""record_sha256"": ""ded8be66f1d3967ab9c467a387b0992b3c301ff51a8af473f68ba37cd36209f8""}, {""path"": ""associativvordes/family-index-v5/members/es/74.json.gz"", ""family_id"": ""surface:es:leta"", ""record_sha256"": ""f21d8aaf4b1feffa97baa4c6622b1a9986861c64c00ddc86b7be05dab0149ffa""}]"	"{""lemma_id"": ""lemma:49a3c2e799633794d3ac"", ""word"": ""regleta"", ""normalized"": ""regleta"", ""search_form"": ""regleta"", ""rank"": 102302, ""frequency_score"": 0.7780953844994178, ""category_breakdown"": {""subtitles"": {""ipm_values"": [0.050512, 0.040303], ""category_ipm"": 0.0454075, ""category_score"": 0.7780953844994178}}, ""sources"": [{""id"": ""subtitles/hermit_2016_es_full_lemmatized_ipm6_spacy_lookup_cleaned_v8.json"", ""file"": ""hermit_2016_es_full_lemmatized_ipm6_spacy_lookup_cleaned_v8.json"", ""category"": ""subtitles"", ""ipm"": 0.050512}, {""id"": ""subtitles/hermit_2018_es_full_lemmatized_ipm6_spacy_lookup_cleaned_v8.json"", ""file"": ""hermit_2018_es_full_lemmatized_ipm6_spacy_lookup_cleaned_v8.json"", ""category"": ""subtitles"", ""ipm"": 0.040303}], ""corpus_quality"": {""status"": ""accepted"", ""reasons"": []}, ""components"": [{""surface"": ""reglet"", ""canonical_candidate"": ""reglet"", ""confidence"": 0.92, ""evidence"": [{""type"": ""morphological_parse"", ""source"": ""candidate_index"", ""path"": [""regleta"", ""reglet"", ""reglet""], ""confidence"": 0.92}]}]}"
es	lemma:49da447fe955b6fbc6aa	iregular	uncertain	not_admitted_candidate		aggregate_only_not_sense_frequency	"[{""path"": ""associativvordes/family-index-v5/members/es/55.json.gz"", ""family_id"": ""surface:es:iregular"", ""record_sha256"": ""c4d012514d0f12d8ffbaa5a27a40ceddb1d866e0dc2537ee5931c759dd24c165""}]"	"{""lemma_id"": ""lemma:49da447fe955b6fbc6aa"", ""word"": ""iregular"", ""normalized"": ""iregular"", ""search_form"": ""iregular"", ""rank"": 637133, ""frequency_score"": 0.041495494299664135, ""category_breakdown"": {""subtitles"": {""ipm_values"": [0.002371], ""category_ipm"": 0.002371, ""category_score"": 0.041495494299664135}}, ""sources"": [{""id"": ""subtitles/hermit_2018_es_full_lemmatized_ipm6_spacy_lookup_cleaned_v8.json"", ""file"": ""hermit_2018_es_full_lemmatized_ipm6_spacy_lookup_cleaned_v8.json"", ""category"": ""subtitles"", ""ipm"": 0.002371}], ""corpus_quality"": {""status"": ""accepted"", ""reasons"": []}, ""components"": [{""surface"": ""iregular"", ""canonical_candidate"": ""iregular"", ""confidence"": 0.92, ""evidence"": [{""type"": ""morphological_parse"", ""source"": ""candidate_index"", ""path"": [""iregular"", ""iregular"", ""iregular""], ""confidence"": 0.92}]}]}"
es	lemma:4a51d99c553f4fa4e654	arregladitos	uncertain	not_admitted_candidate		aggregate_only_not_sense_frequency	"[{""path"": ""associativvordes/family-index-v5/members/es/53.json.gz"", ""family_id"": ""surface:es:ditos"", ""record_sha256"": ""d85f8109f74573fa886ae082d8342fc2d3427fdf05dd0ac2b51db9a30034f576""}, {""path"": ""associativvordes/family-index-v5/members/es/a1.json.gz"", ""family_id"": ""surface:es:arregladit"", ""record_sha256"": ""0ac8a2e54c12ed984edc33c776d4ef52913bdd7982a0d95f509f7284397c1f31""}]"	"{""lemma_id"": ""lemma:4a51d99c553f4fa4e654"", ""word"": ""arregladitos"", ""normalized"": ""arregladitos"", ""search_form"": ""arregladitos"", ""rank"": 255633, ""frequency_score"": 0.11492581576953789, ""category_breakdown"": {""subtitles"": {""ipm_values"": [0.008419, 0.004742], ""category_ipm"": 0.0065804999999999995, ""category_score"": 0.11492581576953789}}, ""sources"": [{""id"": ""subtitles/hermit_2016_es_full_lemmatized_ipm6_spacy_lookup_cleaned_v8.json"", ""file"": ""hermit_2016_es_full_lemmatized_ipm6_spacy_lookup_cleaned_v8.json"", ""category"": ""subtitles"", ""ipm"": 0.008419}, {""id"": ""subtitles/hermit_2018_es_full_lemmatized_ipm6_spacy_lookup_cleaned_v8.json"", ""file"": ""hermit_2018_es_full_lemmatized_ipm6_spacy_lookup_cleaned_v8.json"", ""category"": ""subtitles"", ""ipm"": 0.004742}], ""corpus_quality"": {""status"": ""accepted"", ""reasons"": []}, ""components"": [{""surface"": ""ditos"", ""canonical_candidate"": ""ditos"", ""confidence"": 0.89, ""evidence"": [{""type"": ""compound_morphology"", ""source"": ""candidate_index"", ""path"": [""arregladitos"", ""ditos"", ""ditos""], ""confidence"": 0.89}]}]}"
es	lemma:4bb142b6ab65ccff9d87	areglaré	uncertain	not_admitted_candidate		aggregate_only_not_sense_frequency	"[{""path"": ""associativvordes/family-index-v5/members/es/21.json.gz"", ""family_id"": ""surface:es:aregl"", ""record_sha256"": ""1176e36a3b830939e04201796fbfe728e046ed0fe28de5665f58b35824d541bf""}, {""path"": ""associativvordes/family-index-v5/members/es/fe.json.gz"", ""family_id"": ""surface:es:lare"", ""record_sha256"": ""16deab36948bde15c908769cd4aa80d415c1ed1512a9135959ba056577f21fa6""}]"	"{""lemma_id"": ""lemma:4bb142b6ab65ccff9d87"", ""word"": ""areglaré"", ""normalized"": ""areglaré"", ""search_form"": ""areglare"", ""rank"": 338314, ""frequency_score"": 0.06600356668229963, ""category_breakdown"": {""subtitles"": {""ipm_values"": [0.002806, 0.004742], ""category_ipm"": 0.0037739999999999996, ""category_score"": 0.06600356668229963}}, ""sources"": [{""id"": ""subtitles/hermit_2016_es_full_lemmatized_ipm6_spacy_lookup_cleaned_v8.json"", ""file"": ""hermit_2016_es_full_lemmatized_ipm6_spacy_lookup_cleaned_v8.json"", ""category"": ""subtitles"", ""ipm"": 0.002806}, {""id"": ""subtitles/hermit_2018_es_full_lemmatized_ipm6_spacy_lookup_cleaned_v8.json"", ""file"": ""hermit_2018_es_full_lemmatized_ipm6_spacy_lookup_cleaned_v8.json"", ""category"": ""subtitles"", ""ipm"": 0.004742}], ""corpus_quality"": {""status"": ""accepted"", ""reasons"": []}, ""components"": [{""surface"": ""aregl"", ""canonical_candidate"": ""aregl"", ""confidence"": 0.81, ""evidence"": [{""type"": ""compound_morphology"", ""source"": ""candidate_index"", ""path"": [""areglare"", ""aregl"", ""aregl""], ""confidence"": 0.81}]}]}"
es	lemma:4c6779b2d0ec12eea82c	autorregulable	accepted	accepted	regular	aggregate_only_not_sense_frequency	"[{""path"": ""associativvordes/family-index-v5/members/es/40.json.gz"", ""family_id"": ""family:regul"", ""record_sha256"": ""d0da16403fb538ede3349bc721b5e361bb11c114227617f1a36490043b855107""}, {""path"": ""associativvordes/family-index-v5/members/es/59.json.gz"", ""family_id"": ""surface:es:ble"", ""record_sha256"": ""797fd8ee69738b6195e41147e029a7808eee3f669d74dfdf855297934c0222fc""}, {""path"": ""associativvordes/family-index-v5/members/es/c9.json.gz"", ""family_id"": ""surface:es:autorregula"", ""record_sha256"": ""53610c78687839464aaef22da5bc9b0d53357b55b96ba90de9bb51db03e7b753""}]"	"{""lemma_id"": ""lemma:4c6779b2d0ec12eea82c"", ""word"": ""autorregulable"", ""normalized"": ""autorregulable"", ""search_form"": ""autorregulable"", ""rank"": 438112, ""frequency_score"": 0.04529710280721981, ""category_breakdown"": {""subtitles"": {""ipm_values"": [0.002806, 0.002371], ""category_ipm"": 0.0025884999999999997, ""category_score"": 0.04529710280721981}}, ""sources"": [{""id"": ""subtitles/hermit_2016_es_full_lemmatized_ipm6_spacy_lookup_cleaned_v8.json"", ""file"": ""hermit_2016_es_full_lemmatized_ipm6_spacy_lookup_cleaned_v8.json"", ""category"": ""subtitles"", ""ipm"": 0.002806}, {""id"": ""subtitles/hermit_2018_es_full_lemmatized_ipm6_spacy_lookup_cleaned_v8.json"", ""file"": ""hermit_2018_es_full_lemmatized_ipm6_spacy_lookup_cleaned_v8.json"", ""category"": ""subtitles"", ""ipm"": 0.002371}], ""corpus_quality"": {""status"": ""accepted"", ""reasons"": []}, ""components"": [{""surface"": ""regul"", ""canonical_candidate"": ""regul"", ""confidence"": 0.97, ""evidence"": [{""type"": ""compound_morphology"", ""source"": ""manually_verified"", ""path"": [""autorregulable"", ""regul"", ""regul""], ""confidence"": 0.97}, {""type"": ""verified_seed_alias"", ""source"": ""methodology_control_seed"", ""path"": [""es"", ""regul"", ""family:regul""], ""confidence"": 1}]}]}"
es	lemma:4cf41be287b9c6f34001	arreglariamos	uncertain	not_admitted_candidate		aggregate_only_not_sense_frequency	"[{""path"": ""associativvordes/family-index-v5/members/es/5b.json.gz"", ""family_id"": ""surface:es:arreglariam"", ""record_sha256"": ""a4ec392667fbe81fd5b7e297f99d7c8eb858d8213c3c14c40947f85fb2ec3675""}]"	"{""lemma_id"": ""lemma:4cf41be287b9c6f34001"", ""word"": ""arreglariamos"", ""normalized"": ""arreglariamos"", ""search_form"": ""arreglariamos"", ""rank"": 255635, ""frequency_score"": 0.11492581576953789, ""category_breakdown"": {""subtitles"": {""ipm_values"": [0.008419, 0.004742], ""category_ipm"": 0.0065804999999999995, ""category_score"": 0.11492581576953789}}, ""sources"": [{""id"": ""subtitles/hermit_2016_es_full_lemmatized_ipm6_spacy_lookup_cleaned_v8.json"", ""file"": ""hermit_2016_es_full_lemmatized_ipm6_spacy_lookup_cleaned_v8.json"", ""category"": ""subtitles"", ""ipm"": 0.008419}, {""id"": ""subtitles/hermit_2018_es_full_lemmatized_ipm6_spacy_lookup_cleaned_v8.json"", ""file"": ""hermit_2018_es_full_lemmatized_ipm6_spacy_lookup_cleaned_v8.json"", ""category"": ""subtitles"", ""ipm"": 0.004742}], ""corpus_quality"": {""status"": ""accepted"", ""reasons"": []}, ""components"": [{""surface"": ""arreglariam"", ""canonical_candidate"": ""arreglariam"", ""confidence"": 0.92, ""evidence"": [{""type"": ""morphological_parse"", ""source"": ""candidate_index"", ""path"": [""arreglariamos"", ""arreglariam"", ""arreglariam""], ""confidence"": 0.92}]}]}"
es	lemma:4d5449410c6fbdc4bebb	reglero	uncertain	not_admitted_candidate		aggregate_only_not_sense_frequency	"[{""path"": ""associativvordes/family-index-v5/members/es/ad.json.gz"", ""family_id"": ""surface:es:regler"", ""record_sha256"": ""850e05fad6427adac9753103259265378ddda6ddef0ddcacdd36bf91a80cb190""}, {""path"": ""associativvordes/family-index-v5/members/es/c0.json.gz"", ""family_id"": ""surface:es:ero"", ""record_sha256"": ""65bf5ec7613cac74cc274f73a976a9756277d5600b4198284bc58135cbdc1649""}]"	"{""lemma_id"": ""lemma:4d5449410c6fbdc4bebb"", ""word"": ""reglero"", ""normalized"": ""reglero"", ""search_form"": ""reglero"", ""rank"": 234519, ""frequency_score"": 0.20648438765267335, ""category_breakdown"": {""subtitles"": {""ipm_values"": [0.011854], ""category_ipm"": 0.011854, ""category_score"": 0.20648438765267335}}, ""sources"": [{""id"": ""subtitles/hermit_2018_es_full_lemmatized_ipm6_spacy_lookup_cleaned_v8.json"", ""file"": ""hermit_2018_es_full_lemmatized_ipm6_spacy_lookup_cleaned_v8.json"", ""category"": ""subtitles"", ""ipm"": 0.011854}], ""corpus_quality"": {""status"": ""accepted"", ""reasons"": []}, ""components"": [{""surface"": ""regler"", ""canonical_candidate"": ""regler"", ""confidence"": 0.92, ""evidence"": [{""type"": ""morphological_parse"", ""source"": ""candidate_index"", ""path"": [""reglero"", ""regler"", ""regler""], ""confidence"": 0.92}]}]}"
es	lemma:4db6a9dfbc95f55ab6b0	desregularse	accepted	accepted	regular	aggregate_only_not_sense_frequency	"[{""path"": ""associativvordes/family-index-v5/members/es/40.json.gz"", ""family_id"": ""family:regul"", ""record_sha256"": ""1b1f5d702c07bf420f6d93c2f955fdca70939da970b767680f0307d55a1e0fec""}, {""path"": ""associativvordes/family-index-v5/members/es/86.json.gz"", ""family_id"": ""surface:es:desregula"", ""record_sha256"": ""94a13e58b4a5ef01510a34ff686fd516f10b032ff32bb780a75fca81c0983e77""}]"	"{""lemma_id"": ""lemma:4db6a9dfbc95f55ab6b0"", ""word"": ""desregularse"", ""normalized"": ""desregularse"", ""search_form"": ""desregularse"", ""rank"": 502150, ""frequency_score"": 0.04529710280721981, ""category_breakdown"": {""subtitles"": {""ipm_values"": [0.002806, 0.002371], ""category_ipm"": 0.0025884999999999997, ""category_score"": 0.04529710280721981}}, ""sources"": [{""id"": ""subtitles/hermit_2016_es_full_lemmatized_ipm6_spacy_lookup_cleaned_v8.json"", ""file"": ""hermit_2016_es_full_lemmatized_ipm6_spacy_lookup_cleaned_v8.json"", ""category"": ""subtitles"", ""ipm"": 0.002806}, {""id"": ""subtitles/hermit_2018_es_full_lemmatized_ipm6_spacy_lookup_cleaned_v8.json"", ""file"": ""hermit_2018_es_full_lemmatized_ipm6_spacy_lookup_cleaned_v8.json"", ""category"": ""subtitles"", ""ipm"": 0.002371}], ""corpus_quality"": {""status"": ""accepted"", ""reasons"": []}, ""components"": [{""surface"": ""regul"", ""canonical_candidate"": ""regul"", ""confidence"": 0.97, ""evidence"": [{""type"": ""compound_morphology"", ""source"": ""manually_verified"", ""path"": [""desregularse"", ""regul"", ""regul""], ""confidence"": 0.97}, {""type"": ""verified_seed_alias"", ""source"": ""methodology_control_seed"", ""path"": [""es"", ""regul"", ""family:regul""], ""confidence"": 1}]}]}"
es	lemma:4ee92a4a4775e5cb10e0	arreglandome	uncertain	not_admitted_candidate		aggregate_only_not_sense_frequency	"[{""path"": ""associativvordes/family-index-v5/members/es/fa.json.gz"", ""family_id"": ""surface:es:arregland"", ""record_sha256"": ""43f8f062e07fef6f9056b835b906146fa3439e9af662ae712e39ddeedf9664ef""}]"	"{""lemma_id"": ""lemma:4ee92a4a4775e5cb10e0"", ""word"": ""arreglandome"", ""normalized"": ""arreglandome"", ""search_form"": ""arreglandome"", ""rank"": 221400, ""frequency_score"": 0.159918488208521, ""category_breakdown"": {""subtitles"": {""ipm_values"": [0.011225, 0.007112], ""category_ipm"": 0.0091685, ""category_score"": 0.159918488208521}}, ""sources"": [{""id"": ""subtitles/hermit_2016_es_full_lemmatized_ipm6_spacy_lookup_cleaned_v8.json"", ""file"": ""hermit_2016_es_full_lemmatized_ipm6_spacy_lookup_cleaned_v8.json"", ""category"": ""subtitles"", ""ipm"": 0.011225}, {""id"": ""subtitles/hermit_2018_es_full_lemmatized_ipm6_spacy_lookup_cleaned_v8.json"", ""file"": ""hermit_2018_es_full_lemmatized_ipm6_spacy_lookup_cleaned_v8.json"", ""category"": ""subtitles"", ""ipm"": 0.007112}], ""corpus_quality"": {""status"": ""accepted"", ""reasons"": []}, ""components"": [{""surface"": ""arregland"", ""canonical_candidate"": ""arregland"", ""confidence"": 0.81, ""evidence"": [{""type"": ""compound_morphology"", ""source"": ""candidate_index"", ""path"": [""arreglandome"", ""arregland"", ""arregland""], ""confidence"": 0.81}]}]}"
es	lemma:502f23a442ae4d8edcd9	regulation	uncertain	withheld_historical_uncertain		aggregate_only_not_sense_frequency	"[{""path"": ""associativvordes/family-index-v5/members/es/1e.json.gz"", ""family_id"": ""surface:es:regulat"", ""record_sha256"": ""59e34916954e2208e61c27de37abcd1bf54a380d38afa83b8d175f8d0b0eb002""}, {""path"": ""associativvordes/family-index-v5/members/es/40.json.gz"", ""family_id"": ""family:regul"", ""record_sha256"": ""97bc280d98a3243413a28dfec1864bda8189c3049bfb9acde13714884d57acf1""}, {""path"": ""associativvordes/family-index-v5/members/es/b2.json.gz"", ""family_id"": ""surface:es:tion"", ""record_sha256"": ""b17232e42842ecf2beaf1b63efb412c2a57864283aa756b4f68955ac58c4d639""}]"	"{""lemma_id"": ""lemma:502f23a442ae4d8edcd9"", ""word"": ""regulation"", ""normalized"": ""regulation"", ""search_form"": ""regulation"", ""rank"": 291218, ""frequency_score"": 0.13554151465136516, ""category_breakdown"": {""subtitles"": {""ipm_values"": [0.008419, 0.007112], ""category_ipm"": 0.0077655, ""category_score"": 0.13554151465136516}}, ""sources"": [{""id"": ""subtitles/hermit_2016_es_full_lemmatized_ipm6_spacy_lookup_cleaned_v8.json"", ""file"": ""hermit_2016_es_full_lemmatized_ipm6_spacy_lookup_cleaned_v8.json"", ""category"": ""subtitles"", ""ipm"": 0.008419}, {""id"": ""subtitles/hermit_2018_es_full_lemmatized_ipm6_spacy_lookup_cleaned_v8.json"", ""file"": ""hermit_2018_es_full_lemmatized_ipm6_spacy_lookup_cleaned_v8.json"", ""category"": ""subtitles"", ""ipm"": 0.007112}], ""corpus_quality"": {""status"": ""accepted"", ""reasons"": []}, ""components"": [{""surface"": ""regulat"", ""canonical_candidate"": ""regulat"", ""confidence"": 0.89, ""evidence"": [{""type"": ""compound_morphology"", ""source"": ""candidate_index"", ""path"": [""regulation"", ""regulat"", ""regulat""], ""confidence"": 0.89}]}]}"
es	lemma:5059e06f4349883d5cd8	arréglztelzs	uncertain	not_admitted_candidate		aggregate_only_not_sense_frequency	"[{""path"": ""associativvordes/family-index-v5/members/es/b1.json.gz"", ""family_id"": ""surface:es:arregl"", ""record_sha256"": ""1cd136f2aa0dc469b8d3abe8e273e5ba8795e75c24cc59bf5fa64f120d1b9d34""}]"	"{""lemma_id"": ""lemma:5059e06f4349883d5cd8"", ""word"": ""arréglztelzs"", ""normalized"": ""arréglztelzs"", ""search_form"": ""arreglztelzs"", ""rank"": 432657, ""frequency_score"": 0.04909788668913623, ""category_breakdown"": {""subtitles"": {""ipm_values"": [0.002806], ""category_ipm"": 0.002806, ""category_score"": 0.04909788668913623}}, ""sources"": [{""id"": ""subtitles/hermit_2016_es_full_lemmatized_ipm6_spacy_lookup_cleaned_v8.json"", ""file"": ""hermit_2016_es_full_lemmatized_ipm6_spacy_lookup_cleaned_v8.json"", ""category"": ""subtitles"", ""ipm"": 0.002806}], ""corpus_quality"": {""status"": ""accepted"", ""reasons"": []}, ""components"": [{""surface"": ""arregl"", ""canonical_candidate"": ""arregl"", ""confidence"": 0.81, ""evidence"": [{""type"": ""compound_morphology"", ""source"": ""candidate_index"", ""path"": [""arreglztelzs"", ""arregl"", ""arregl""], ""confidence"": 0.81}]}]}"
es	lemma:50721c0bb60e68ed1ebe	arreglarleme	uncertain	not_admitted_candidate		aggregate_only_not_sense_frequency	"[{""path"": ""associativvordes/family-index-v5/members/es/61.json.gz"", ""family_id"": ""surface:es:eme"", ""record_sha256"": ""df9b0aae533ba8fe232ff4b53de5c6894e2619541f862d47907f0331cae520d3""}, {""path"": ""associativvordes/family-index-v5/members/es/7e.json.gz"", ""family_id"": ""surface:es:arreglarl"", ""record_sha256"": ""689de0c1bb455f391796bb119de68e8672bc31e440c17d4252f3653599c08c73""}]"	"{""lemma_id"": ""lemma:50721c0bb60e68ed1ebe"", ""word"": ""arreglarleme"", ""normalized"": ""arreglarleme"", ""search_form"": ""arreglarleme"", ""rank"": 471482, ""frequency_score"": 0.041495494299664135, ""category_breakdown"": {""subtitles"": {""ipm_values"": [0.002371], ""category_ipm"": 0.002371, ""category_score"": 0.041495494299664135}}, ""sources"": [{""id"": ""subtitles/hermit_2018_es_full_lemmatized_ipm6_spacy_lookup_cleaned_v8.json"", ""file"": ""hermit_2018_es_full_lemmatized_ipm6_spacy_lookup_cleaned_v8.json"", ""category"": ""subtitles"", ""ipm"": 0.002371}], ""corpus_quality"": {""status"": ""accepted"", ""reasons"": []}, ""components"": [{""surface"": ""eme"", ""canonical_candidate"": ""eme"", ""confidence"": 0.89, ""evidence"": [{""type"": ""compound_morphology"", ""source"": ""candidate_index"", ""path"": [""arreglarleme"", ""eme"", ""eme""], ""confidence"": 0.89}]}]}"
es	lemma:50ad569094c053f0f14e	arreglaramos	uncertain	not_admitted_candidate		aggregate_only_not_sense_frequency	"[{""path"": ""associativvordes/family-index-v5/members/es/1c.json.gz"", ""family_id"": ""ety:70cfe85b8c24"", ""record_sha256"": ""86d3d23eef99506fe40c5b95961ca4686f6f7d27b7a0a20dad83eae19cdde1e0""}, {""path"": ""associativvordes/family-index-v5/members/es/78.json.gz"", ""family_id"": ""surface:es:arreglaram"", ""record_sha256"": ""ca85143fbe19cb69fff9243f2d3c10a9afca4680729c18628537aad34216a7bf""}, {""path"": ""associativvordes/family-index-v5/members/es/fb.json.gz"", ""family_id"": ""ety:b7bc36c6b8aa"", ""record_sha256"": ""86d3d23eef99506fe40c5b95961ca4686f6f7d27b7a0a20dad83eae19cdde1e0""}]"	"{""lemma_id"": ""lemma:50ad569094c053f0f14e"", ""word"": ""arreglaramos"", ""normalized"": ""arreglaramos"", ""search_form"": ""arreglaramos"", ""rank"": 217154, ""frequency_score"": 0.17671763411645874, ""category_breakdown"": {""subtitles"": {""ipm_values"": [0.008419, 0.011854], ""category_ipm"": 0.0101365, ""category_score"": 0.17671763411645874}}, ""sources"": [{""id"": ""subtitles/hermit_2016_es_full_lemmatized_ipm6_spacy_lookup_cleaned_v8.json"", ""file"": ""hermit_2016_es_full_lemmatized_ipm6_spacy_lookup_cleaned_v8.json"", ""category"": ""subtitles"", ""ipm"": 0.008419}, {""id"": ""subtitles/hermit_2018_es_full_lemmatized_ipm6_spacy_lookup_cleaned_v8.json"", ""file"": ""hermit_2018_es_full_lemmatized_ipm6_spacy_lookup_cleaned_v8.json"", ""category"": ""subtitles"", ""ipm"": 0.011854}], ""corpus_quality"": {""status"": ""accepted"", ""reasons"": []}, ""components"": [{""surface"": ""ramos"", ""canonical_candidate"": ""ramos"", ""confidence"": 0.89, ""evidence"": [{""type"": ""compound_morphology"", ""source"": ""candidate_index"", ""path"": [""arreglaramos"", ""ramos"", ""ramos""], ""confidence"": 0.89}]}]}"
es	lemma:512be56bfcf268059a97	arréglate	uncertain	not_admitted_candidate		aggregate_only_not_sense_frequency	"[{""path"": ""associativvordes/family-index-v5/members/es/84.json.gz"", ""family_id"": ""surface:es:late"", ""record_sha256"": ""5e7157322eef3068b6caa0f116aca42072ae58c514d103c396f229a57e2cee94""}, {""path"": ""associativvordes/family-index-v5/members/es/b1.json.gz"", ""family_id"": ""surface:es:arregl"", ""record_sha256"": ""7d3b408d80e6e69f025cdf960567799e7ca794cfaed9b4307d273bd4a593f9c6""}]"	"{""lemma_id"": ""lemma:512be56bfcf268059a97"", ""word"": ""arréglate"", ""normalized"": ""arréglate"", ""search_form"": ""arreglate"", ""rank"": 17264, ""frequency_score"": 13.776010589254245, ""category_breakdown"": {""subtitles"": {""ipm_values"": [1.20949, 1.180642], ""category_ipm"": 1.195066, ""category_score"": 13.776010589254245}}, ""sources"": [{""id"": ""subtitles/hermit_2016_es_full_lemmatized_ipm6_spacy_lookup_cleaned_v8.json"", ""file"": ""hermit_2016_es_full_lemmatized_ipm6_spacy_lookup_cleaned_v8.json"", ""category"": ""subtitles"", ""ipm"": 1.20949}, {""id"": ""subtitles/hermit_2018_es_full_lemmatized_ipm6_spacy_lookup_cleaned_v8.json"", ""file"": ""hermit_2018_es_full_lemmatized_ipm6_spacy_lookup_cleaned_v8.json"", ""category"": ""subtitles"", ""ipm"": 1.180642}], ""corpus_quality"": {""status"": ""accepted"", ""reasons"": []}, ""components"": [{""surface"": ""late"", ""canonical_candidate"": ""late"", ""confidence"": 0.89, ""evidence"": [{""type"": ""compound_morphology"", ""source"": ""candidate_index"", ""path"": [""arreglate"", ""late"", ""late""], ""confidence"": 0.89}]}]}"
es	lemma:51e802c50beb70afc78e	biorreguladores	accepted	accepted	regular	aggregate_only_not_sense_frequency	"[{""path"": ""associativvordes/family-index-v5/members/es/07.json.gz"", ""family_id"": ""surface:es:biorregulador"", ""record_sha256"": ""4496a0423577d0c8d48ec2977da96bafea49765d0a4d06eed9816a6dd0c900e8""}, {""path"": ""associativvordes/family-index-v5/members/es/40.json.gz"", ""family_id"": ""family:regul"", ""record_sha256"": ""1b6ba4645742649af1c9fd3a34a58a23edc6c589fabf53fad1737eb3730fc587""}, {""path"": ""associativvordes/family-index-v5/members/es/49.json.gz"", ""family_id"": ""surface:es:ores"", ""record_sha256"": ""b62c0715025d00a8499a9cf2eea51c5f80a8b89290791c6d86b2d7825ccf336a""}]"	"{""lemma_id"": ""lemma:51e802c50beb70afc78e"", ""word"": ""biorreguladores"", ""normalized"": ""biorreguladores"", ""search_form"": ""biorreguladores"", ""rank"": 448567, ""frequency_score"": 0.04529710280721981, ""category_breakdown"": {""subtitles"": {""ipm_values"": [0.002806, 0.002371], ""category_ipm"": 0.0025884999999999997, ""category_score"": 0.04529710280721981}}, ""sources"": [{""id"": ""subtitles/hermit_2016_es_full_lemmatized_ipm6_spacy_lookup_cleaned_v8.json"", ""file"": ""hermit_2016_es_full_lemmatized_ipm6_spacy_lookup_cleaned_v8.json"", ""category"": ""subtitles"", ""ipm"": 0.002806}, {""id"": ""subtitles/hermit_2018_es_full_lemmatized_ipm6_spacy_lookup_cleaned_v8.json"", ""file"": ""hermit_2018_es_full_lemmatized_ipm6_spacy_lookup_cleaned_v8.json"", ""category"": ""subtitles"", ""ipm"": 0.002371}], ""corpus_quality"": {""status"": ""accepted"", ""reasons"": []}, ""components"": [{""surface"": ""biorregulador"", ""canonical_candidate"": ""biorregulador"", ""confidence"": 0.92, ""evidence"": [{""type"": ""morphological_parse"", ""source"": ""candidate_index"", ""path"": [""biorreguladores"", ""biorregulador"", ""biorregulador""], ""confidence"": 0.92}]}]}"
es	lemma:528a6504dc01ffc91079	areglándomelas	uncertain	not_admitted_candidate		aggregate_only_not_sense_frequency	"[{""path"": ""associativvordes/family-index-v5/members/es/3f.json.gz"", ""family_id"": ""surface:es:areglandomel"", ""record_sha256"": ""fce29833660f547cdbad73a1a7433dc4ba1e29f357e2aa28cf28aa0cfb3fe79a""}, {""path"": ""associativvordes/family-index-v5/members/es/52.json.gz"", ""family_id"": ""surface:es:melas"", ""record_sha256"": ""2f03b8f175af546b040317cf96f9cf801877dde7d05fc1b0004a450d341cc3ec""}]"	"{""lemma_id"": ""lemma:528a6504dc01ffc91079"", ""word"": ""areglándomelas"", ""normalized"": ""areglándomelas"", ""search_form"": ""areglandomelas"", ""rank"": 430701, ""frequency_score"": 0.04529710280721981, ""category_breakdown"": {""subtitles"": {""ipm_values"": [0.002806, 0.002371], ""category_ipm"": 0.0025884999999999997, ""category_score"": 0.04529710280721981}}, ""sources"": [{""id"": ""subtitles/hermit_2016_es_full_lemmatized_ipm6_spacy_lookup_cleaned_v8.json"", ""file"": ""hermit_2016_es_full_lemmatized_ipm6_spacy_lookup_cleaned_v8.json"", ""category"": ""subtitles"", ""ipm"": 0.002806}, {""id"": ""subtitles/hermit_2018_es_full_lemmatized_ipm6_spacy_lookup_cleaned_v8.json"", ""file"": ""hermit_2018_es_full_lemmatized_ipm6_spacy_lookup_cleaned_v8.json"", ""category"": ""subtitles"", ""ipm"": 0.002371}], ""corpus_quality"": {""status"": ""accepted"", ""reasons"": []}, ""components"": [{""surface"": ""areglandomel"", ""canonical_candidate"": ""areglandomel"", ""confidence"": 0.92, ""evidence"": [{""type"": ""morphological_parse"", ""source"": ""candidate_index"", ""path"": [""areglandomelas"", ""areglandomel"", ""areglandomel""], ""confidence"": 0.92}]}]}"
es	lemma:52d7513d1e6df6c4ad23	regúlese	accepted	accepted	regular	aggregate_only_not_sense_frequency	"[{""path"": ""associativvordes/family-index-v5/members/es/07.json.gz"", ""family_id"": ""surface:es:lese"", ""record_sha256"": ""a0384c7bb92ddc67595d5bc21ce1124770a19bd5059feb643f266d58b00bd1f2""}, {""path"": ""associativvordes/family-index-v5/members/es/40.json.gz"", ""family_id"": ""family:regul"", ""record_sha256"": ""a3884f1812309a8754b5343be0f47093ffbc12a6362e872507b43dd2bdc72c95""}]"	"{""lemma_id"": ""lemma:52d7513d1e6df6c4ad23"", ""word"": ""regúlese"", ""normalized"": ""regúlese"", ""search_form"": ""regulese"", ""rank"": 214201, ""frequency_score"": 0.24414241266461767, ""category_breakdown"": {""subtitles"": {""ipm_values"": [0.014031], ""category_ipm"": 0.014031, ""category_score"": 0.24414241266461767}}, ""sources"": [{""id"": ""subtitles/hermit_2016_es_full_lemmatized_ipm6_spacy_lookup_cleaned_v8.json"", ""file"": ""hermit_2016_es_full_lemmatized_ipm6_spacy_lookup_cleaned_v8.json"", ""category"": ""subtitles"", ""ipm"": 0.014031}], ""corpus_quality"": {""status"": ""accepted"", ""reasons"": []}, ""components"": [{""surface"": ""lese"", ""canonical_candidate"": ""lese"", ""confidence"": 0.89, ""evidence"": [{""type"": ""compound_morphology"", ""source"": ""candidate_index"", ""path"": [""regulese"", ""lese"", ""lese""], ""confidence"": 0.89}]}]}"
es	lemma:534de1d41d0006005b80	autoregular	uncertain	not_admitted_candidate		aggregate_only_not_sense_frequency	"[{""path"": ""associativvordes/family-index-v5/members/es/44.json.gz"", ""family_id"": ""surface:es:regular"", ""record_sha256"": ""72b556b0365bb35f9c7ccc429f7e966e9f6997d224ed125c058516b42177f51c""}, {""path"": ""associativvordes/family-index-v5/members/es/d3.json.gz"", ""family_id"": ""surface:es:autoreg"", ""record_sha256"": ""36d2b11ba9e4f599ebcb0342ba47c6d2dd0c7ec828f024ad49d348132c573dec""}]"	"{""lemma_id"": ""lemma:534de1d41d0006005b80"", ""word"": ""autoregular"", ""normalized"": ""autoregular"", ""search_form"": ""autoregular"", ""rank"": 438041, ""frequency_score"": 0.04529710280721981, ""category_breakdown"": {""subtitles"": {""ipm_values"": [0.002806, 0.002371], ""category_ipm"": 0.0025884999999999997, ""category_score"": 0.04529710280721981}}, ""sources"": [{""id"": ""subtitles/hermit_2016_es_full_lemmatized_ipm6_spacy_lookup_cleaned_v8.json"", ""file"": ""hermit_2016_es_full_lemmatized_ipm6_spacy_lookup_cleaned_v8.json"", ""category"": ""subtitles"", ""ipm"": 0.002806}, {""id"": ""subtitles/hermit_2018_es_full_lemmatized_ipm6_spacy_lookup_cleaned_v8.json"", ""file"": ""hermit_2018_es_full_lemmatized_ipm6_spacy_lookup_cleaned_v8.json"", ""category"": ""subtitles"", ""ipm"": 0.002371}], ""corpus_quality"": {""status"": ""accepted"", ""reasons"": []}, ""components"": [{""surface"": ""regular"", ""canonical_candidate"": ""regular"", ""confidence"": 0.89, ""evidence"": [{""type"": ""compound_morphology"", ""source"": ""candidate_index"", ""path"": [""autoregular"", ""regular"", ""regular""], ""confidence"": 0.89}]}]}"
es	lemma:5350a29978388a16041c	aregularondick	uncertain	not_admitted_candidate		aggregate_only_not_sense_frequency	"[{""path"": ""associativvordes/family-index-v5/members/es/0a.json.gz"", ""family_id"": ""surface:es:larond"", ""record_sha256"": ""4a3b580affaac8b4c2c57828bd2e97acc39e0cc8a844ae7e3e44fcabb8db669c""}, {""path"": ""associativvordes/family-index-v5/members/es/26.json.gz"", ""family_id"": ""ety:bd9c2de0fadc"", ""record_sha256"": ""2893aa46e97a05b9587562f57779fbaeeed4ca52eddfb176cec4b668cdb6214f""}, {""path"": ""associativvordes/family-index-v5/members/es/76.json.gz"", ""family_id"": ""surface:es:ular"", ""record_sha256"": ""3a81c7edfdb305511e222ab2d60209331a121173193d6ec24ce1823743ebe6f4""}, {""path"": ""associativvordes/family-index-v5/members/es/a5.json.gz"", ""family_id"": ""surface:es:dick"", ""record_sha256"": ""7e40fa0e702797c4d42c2d6407e5c6adfba2a52ed4a6f3470e0d038ca5ecd610""}, {""path"": ""associativvordes/family-index-v5/members/es/c6.json.gz"", ""family_id"": ""surface:es:aregu"", ""record_sha256"": ""6e5b502f76704c2e617d62858ebaae894ab36f22e8b7c87718ad30c632a178ee""}]"	"{""lemma_id"": ""lemma:5350a29978388a16041c"", ""word"": ""aregularondick"", ""normalized"": ""aregularondick"", ""search_form"": ""aregularondick"", ""rank"": 430706, ""frequency_score"": 0.04529710280721981, ""category_breakdown"": {""subtitles"": {""ipm_values"": [0.002806, 0.002371], ""category_ipm"": 0.0025884999999999997, ""category_score"": 0.04529710280721981}}, ""sources"": [{""id"": ""subtitles/hermit_2016_es_full_lemmatized_ipm6_spacy_lookup_cleaned_v8.json"", ""file"": ""hermit_2016_es_full_lemmatized_ipm6_spacy_lookup_cleaned_v8.json"", ""category"": ""subtitles"", ""ipm"": 0.002806}, {""id"": ""subtitles/hermit_2018_es_full_lemmatized_ipm6_spacy_lookup_cleaned_v8.json"", ""file"": ""hermit_2018_es_full_lemmatized_ipm6_spacy_lookup_cleaned_v8.json"", ""category"": ""subtitles"", ""ipm"": 0.002371}], ""corpus_quality"": {""status"": ""accepted"", ""reasons"": []}, ""components"": [{""surface"": ""larond"", ""canonical_candidate"": ""larond"", ""confidence"": 0.81, ""evidence"": [{""type"": ""compound_morphology"", ""source"": ""candidate_index"", ""path"": [""aregularondick"", ""larond"", ""larond""], ""confidence"": 0.81}]}]}"
es	lemma:53640d22aa52e7677d45	arreglároslas	uncertain	not_admitted_candidate		aggregate_only_not_sense_frequency	"[{""path"": ""associativvordes/family-index-v5/members/es/ac.json.gz"", ""family_id"": ""surface:es:arreglarosl"", ""record_sha256"": ""cf77cb2966b9a823eb15d837739a58edb5a7cf145355a161c8001c07031864ac""}]"	"{""lemma_id"": ""lemma:53640d22aa52e7677d45"", ""word"": ""arreglároslas"", ""normalized"": ""arreglároslas"", ""search_form"": ""arreglaroslas"", ""rank"": 109453, ""frequency_score"": 0.680105671886859, ""category_breakdown"": {""subtitles"": {""ipm_values"": [0.036481, 0.042674], ""category_ipm"": 0.0395775, ""category_score"": 0.680105671886859}}, ""sources"": [{""id"": ""subtitles/hermit_2016_es_full_lemmatized_ipm6_spacy_lookup_cleaned_v8.json"", ""file"": ""hermit_2016_es_full_lemmatized_ipm6_spacy_lookup_cleaned_v8.json"", ""category"": ""subtitles"", ""ipm"": 0.036481}, {""id"": ""subtitles/hermit_2018_es_full_lemmatized_ipm6_spacy_lookup_cleaned_v8.json"", ""file"": ""hermit_2018_es_full_lemmatized_ipm6_spacy_lookup_cleaned_v8.json"", ""category"": ""subtitles"", ""ipm"": 0.042674}], ""corpus_quality"": {""status"": ""accepted"", ""reasons"": []}, ""components"": [{""surface"": ""arreglarosl"", ""canonical_candidate"": ""arreglarosl"", ""confidence"": 0.92, ""evidence"": [{""type"": ""morphological_parse"", ""source"": ""candidate_index"", ""path"": [""arreglaroslas"", ""arreglarosl"", ""arreglarosl""], ""confidence"": 0.92}]}]}"
es	lemma:53b1dc70ef3046be7865	arréglensela	uncertain	not_admitted_candidate		aggregate_only_not_sense_frequency	"[{""path"": ""associativvordes/family-index-v5/members/es/a6.json.gz"", ""family_id"": ""surface:es:arreglensel"", ""record_sha256"": ""2070872a14865f487d1398168a15dc6bfa8cb5f130ff4264b5705a5ae9be560f""}]"	"{""lemma_id"": ""lemma:53b1dc70ef3046be7865"", ""word"": ""arréglensela"", ""normalized"": ""arréglensela"", ""search_form"": ""arreglensela"", ""rank"": 338884, ""frequency_score"": 0.06600356668229963, ""category_breakdown"": {""subtitles"": {""ipm_values"": [0.002806, 0.004742], ""category_ipm"": 0.0037739999999999996, ""category_score"": 0.06600356668229963}}, ""sources"": [{""id"": ""subtitles/hermit_2016_es_full_lemmatized_ipm6_spacy_lookup_cleaned_v8.json"", ""file"": ""hermit_2016_es_full_lemmatized_ipm6_spacy_lookup_cleaned_v8.json"", ""category"": ""subtitles"", ""ipm"": 0.002806}, {""id"": ""subtitles/hermit_2018_es_full_lemmatized_ipm6_spacy_lookup_cleaned_v8.json"", ""file"": ""hermit_2018_es_full_lemmatized_ipm6_spacy_lookup_cleaned_v8.json"", ""category"": ""subtitles"", ""ipm"": 0.004742}], ""corpus_quality"": {""status"": ""accepted"", ""reasons"": []}, ""components"": [{""surface"": ""arreglensel"", ""canonical_candidate"": ""arreglensel"", ""confidence"": 0.92, ""evidence"": [{""type"": ""morphological_parse"", ""source"": ""candidate_index"", ""path"": [""arreglensela"", ""arreglensel"", ""arreglensel""], ""confidence"": 0.92}]}]}"
es	lemma:544e4a09c3106f81a592	autoregulación	uncertain	withheld_historical_uncertain		aggregate_only_not_sense_frequency	"[{""path"": ""associativvordes/family-index-v5/members/es/40.json.gz"", ""family_id"": ""family:regul"", ""record_sha256"": ""2c285b5b3d6b944e251623b08b51498b1d7958817561c7ffe8b072d70f9182a8""}, {""path"": ""associativvordes/family-index-v5/members/es/63.json.gz"", ""family_id"": ""surface:es:regulacion"", ""record_sha256"": ""87e223aeaa6607d5d7489ea5499dae4a7adaea075f5dd4773bc952046718a0eb""}, {""path"": ""associativvordes/family-index-v5/members/es/e6.json.gz"", ""family_id"": ""surface:es:autoregulac"", ""record_sha256"": ""1ada942ea5724e52a7bb7f89d6d9676b5116d893804771ff2e81dabe05a37e91""}]"	"{""lemma_id"": ""lemma:544e4a09c3106f81a592"", ""word"": ""autoregulación"", ""normalized"": ""autoregulación"", ""search_form"": ""autoregulacion"", ""rank"": 256399, ""frequency_score"": 0.09427711870556565, ""category_breakdown"": {""subtitles"": {""ipm_values"": [0.008419, 0.002371], ""category_ipm"": 0.005395, ""category_score"": 0.09427711870556565}}, ""sources"": [{""id"": ""subtitles/hermit_2016_es_full_lemmatized_ipm6_spacy_lookup_cleaned_v8.json"", ""file"": ""hermit_2016_es_full_lemmatized_ipm6_spacy_lookup_cleaned_v8.json"", ""category"": ""subtitles"", ""ipm"": 0.008419}, {""id"": ""subtitles/hermit_2018_es_full_lemmatized_ipm6_spacy_lookup_cleaned_v8.json"", ""file"": ""hermit_2018_es_full_lemmatized_ipm6_spacy_lookup_cleaned_v8.json"", ""category"": ""subtitles"", ""ipm"": 0.002371}], ""corpus_quality"": {""status"": ""accepted"", ""reasons"": []}, ""components"": [{""surface"": ""regul"", ""canonical_candidate"": ""regul"", ""confidence"": 1, ""evidence"": [{""type"": ""compound_morphology"", ""source"": ""manually_verified"", ""path"": [""autoregulacion"", ""regul"", ""regul""], ""confidence"": 1}, {""type"": ""verified_seed_alias"", ""source"": ""methodology_control_seed"", ""path"": [""es"", ""regul"", ""family:regul""], ""confidence"": 1}]}]}"
es	lemma:556859b01456d0da963a	arreglaos	uncertain	not_admitted_candidate		aggregate_only_not_sense_frequency	"[{""path"": ""associativvordes/family-index-v5/members/es/70.json.gz"", ""family_id"": ""surface:es:arregla"", ""record_sha256"": ""993f8bb79dee2de29b5630f13b53f7cd138d7dc74e03dac06515577e49ffe207""}, {""path"": ""associativvordes/family-index-v5/members/es/dd.json.gz"", ""family_id"": ""surface:es:aos"", ""record_sha256"": ""69924a8f8f314c0b1205523ba6c23b4eccb8bbe1c580f87478d9d8a8e303c24e""}]"	"{""lemma_id"": ""lemma:556859b01456d0da963a"", ""word"": ""arreglaos"", ""normalized"": ""arreglaos"", ""search_form"": ""arreglaos"", ""rank"": 85536, ""frequency_score"": 1.0416880476579347, ""category_breakdown"": {""subtitles"": {""ipm_values"": [0.056125, 0.066381], ""category_ipm"": 0.061253, ""category_score"": 1.0416880476579347}}, ""sources"": [{""id"": ""subtitles/hermit_2016_es_full_lemmatized_ipm6_spacy_lookup_cleaned_v8.json"", ""file"": ""hermit_2016_es_full_lemmatized_ipm6_spacy_lookup_cleaned_v8.json"", ""category"": ""subtitles"", ""ipm"": 0.056125}, {""id"": ""subtitles/hermit_2018_es_full_lemmatized_ipm6_spacy_lookup_cleaned_v8.json"", ""file"": ""hermit_2018_es_full_lemmatized_ipm6_spacy_lookup_cleaned_v8.json"", ""category"": ""subtitles"", ""ipm"": 0.066381}], ""corpus_quality"": {""status"": ""accepted"", ""reasons"": []}, ""components"": [{""surface"": ""arregla"", ""canonical_candidate"": ""arregla"", ""confidence"": 0.92, ""evidence"": [{""type"": ""morphological_parse"", ""source"": ""candidate_index"", ""path"": [""arreglaos"", ""arregla"", ""arregla""], ""confidence"": 0.92}]}]}"
es	lemma:5593690d280d61e6953b	arreglensé	uncertain	not_admitted_candidate		aggregate_only_not_sense_frequency	"[{""path"": ""associativvordes/family-index-v5/members/es/37.json.gz"", ""family_id"": ""surface:es:ense"", ""record_sha256"": ""dad791ff53359443d86501638a2395edf25b964b9d515b6aebd713efb74d3504""}, {""path"": ""associativvordes/family-index-v5/members/es/b1.json.gz"", ""family_id"": ""surface:es:arregl"", ""record_sha256"": ""48eb23516aa17ad132a5250f3a8da163b49e7543a765966068cfbaf77aa0c319""}]"	"{""lemma_id"": ""lemma:5593690d280d61e6953b"", ""word"": ""arreglensé"", ""normalized"": ""arreglensé"", ""search_form"": ""arreglense"", ""rank"": 431922, ""frequency_score"": 0.04529710280721981, ""category_breakdown"": {""subtitles"": {""ipm_values"": [0.002806, 0.002371], ""category_ipm"": 0.0025884999999999997, ""category_score"": 0.04529710280721981}}, ""sources"": [{""id"": ""subtitles/hermit_2016_es_full_lemmatized_ipm6_spacy_lookup_cleaned_v8.json"", ""file"": ""hermit_2016_es_full_lemmatized_ipm6_spacy_lookup_cleaned_v8.json"", ""category"": ""subtitles"", ""ipm"": 0.002806}, {""id"": ""subtitles/hermit_2018_es_full_lemmatized_ipm6_spacy_lookup_cleaned_v8.json"", ""file"": ""hermit_2018_es_full_lemmatized_ipm6_spacy_lookup_cleaned_v8.json"", ""category"": ""subtitles"", ""ipm"": 0.002371}], ""corpus_quality"": {""status"": ""accepted"", ""reasons"": []}, ""components"": [{""surface"": ""ense"", ""canonical_candidate"": ""ense"", ""confidence"": 0.89, ""evidence"": [{""type"": ""compound_morphology"", ""source"": ""candidate_index"", ""path"": [""arreglense"", ""ense"", ""ense""], ""confidence"": 0.89}]}]}"
es	lemma:577d217741fa357b3ade	minirregla	uncertain	not_admitted_candidate		aggregate_only_not_sense_frequency	"[{""path"": ""associativvordes/family-index-v5/members/es/81.json.gz"", ""family_id"": ""surface:es:regla"", ""record_sha256"": ""00bc64c6c07cf029bc83840d0547b026e9794d26a8e4cfc68d420d49d56925d3""}, {""path"": ""associativvordes/family-index-v5/members/es/ed.json.gz"", ""family_id"": ""surface:es:minirregl"", ""record_sha256"": ""da033eafbece31ed16bedbb9a41b273379740e558e06e39cf4ba7ca2c4008adf""}]"	"{""lemma_id"": ""lemma:577d217741fa357b3ade"", ""word"": ""minirregla"", ""normalized"": ""minirregla"", ""search_form"": ""minirregla"", ""rank"": 629827, ""frequency_score"": 0.04529710280721981, ""category_breakdown"": {""subtitles"": {""ipm_values"": [0.002806, 0.002371], ""category_ipm"": 0.0025884999999999997, ""category_score"": 0.04529710280721981}}, ""sources"": [{""id"": ""subtitles/hermit_2016_es_full_lemmatized_ipm6_spacy_lookup_cleaned_v8.json"", ""file"": ""hermit_2016_es_full_lemmatized_ipm6_spacy_lookup_cleaned_v8.json"", ""category"": ""subtitles"", ""ipm"": 0.002806}, {""id"": ""subtitles/hermit_2018_es_full_lemmatized_ipm6_spacy_lookup_cleaned_v8.json"", ""file"": ""hermit_2018_es_full_lemmatized_ipm6_spacy_lookup_cleaned_v8.json"", ""category"": ""subtitles"", ""ipm"": 0.002371}], ""corpus_quality"": {""status"": ""accepted"", ""reasons"": []}, ""components"": [{""surface"": ""regla"", ""canonical_candidate"": ""regla"", ""confidence"": 0.89, ""evidence"": [{""type"": ""compound_morphology"", ""source"": ""candidate_index"", ""path"": [""minirregla"", ""regla"", ""regla""], ""confidence"": 0.89}]}]}"
es	lemma:57d0ced49e6cf76c81ab	semiregular	accepted	accepted	regular	aggregate_only_not_sense_frequency	"[{""path"": ""associativvordes/family-index-v5/members/es/55.json.gz"", ""family_id"": ""surface:es:iregular"", ""record_sha256"": ""1ebf503a307357cf6af8e31307382ad7e65f435866e0d211ecdb1b0fb47cd253""}, {""path"": ""associativvordes/family-index-v5/members/es/7c.json.gz"", ""family_id"": ""surface:es:semireg"", ""record_sha256"": ""df06d3df8c302db69c7a0fb37ebc1a7d30ad47f1c5e9220d3bf81a05e7762e77""}]"	"{""lemma_id"": ""lemma:57d0ced49e6cf76c81ab"", ""word"": ""semiregular"", ""normalized"": ""semiregular"", ""search_form"": ""semiregular"", ""rank"": 321718, ""frequency_score"": 0.12417543507793512, ""category_breakdown"": {""subtitles"": {""ipm_values"": [0.007112], ""category_ipm"": 0.007112, ""category_score"": 0.12417543507793512}}, ""sources"": [{""id"": ""subtitles/hermit_2018_es_full_lemmatized_ipm6_spacy_lookup_cleaned_v8.json"", ""file"": ""hermit_2018_es_full_lemmatized_ipm6_spacy_lookup_cleaned_v8.json"", ""category"": ""subtitles"", ""ipm"": 0.007112}], ""corpus_quality"": {""status"": ""accepted"", ""reasons"": []}, ""components"": [{""surface"": ""iregular"", ""canonical_candidate"": ""iregular"", ""confidence"": 0.89, ""evidence"": [{""type"": ""compound_morphology"", ""source"": ""candidate_index"", ""path"": [""semiregular"", ""iregular"", ""iregular""], ""confidence"": 0.89}]}]}"
es	lemma:58516caa97fe9623c4b7	arregladdo	uncertain	not_admitted_candidate		aggregate_only_not_sense_frequency	"[{""path"": ""associativvordes/family-index-v5/members/es/b8.json.gz"", ""family_id"": ""surface:es:laddo"", ""record_sha256"": ""97dc50eef7125dea53f0f1f3a3d49bbeafae597cd2f2f083e558bac1fab74373""}, {""path"": ""associativvordes/family-index-v5/members/es/c8.json.gz"", ""family_id"": ""surface:es:arregladd"", ""record_sha256"": ""ea8d2df67c7998744371ddeb5cba504c3273701e8496a87c91cb84b1a56e4933""}]"	"{""lemma_id"": ""lemma:58516caa97fe9623c4b7"", ""word"": ""arregladdo"", ""normalized"": ""arregladdo"", ""search_form"": ""arregladdo"", ""rank"": 431874, ""frequency_score"": 0.04529710280721981, ""category_breakdown"": {""subtitles"": {""ipm_values"": [0.002806, 0.002371], ""category_ipm"": 0.0025884999999999997, ""category_score"": 0.04529710280721981}}, ""sources"": [{""id"": ""subtitles/hermit_2016_es_full_lemmatized_ipm6_spacy_lookup_cleaned_v8.json"", ""file"": ""hermit_2016_es_full_lemmatized_ipm6_spacy_lookup_cleaned_v8.json"", ""category"": ""subtitles"", ""ipm"": 0.002806}, {""id"": ""subtitles/hermit_2018_es_full_lemmatized_ipm6_spacy_lookup_cleaned_v8.json"", ""file"": ""hermit_2018_es_full_lemmatized_ipm6_spacy_lookup_cleaned_v8.json"", ""category"": ""subtitles"", ""ipm"": 0.002371}], ""corpus_quality"": {""status"": ""accepted"", ""reasons"": []}, ""components"": [{""surface"": ""laddo"", ""canonical_candidate"": ""laddo"", ""confidence"": 0.89, ""evidence"": [{""type"": ""compound_morphology"", ""source"": ""candidate_index"", ""path"": [""arregladdo"", ""laddo"", ""laddo""], ""confidence"": 0.89}]}]}"
es	lemma:58a503d03488323d6ccb	arreglálo	uncertain	not_admitted_candidate		aggregate_only_not_sense_frequency	"[{""path"": ""associativvordes/family-index-v5/members/es/14.json.gz"", ""family_id"": ""surface:es:arreglal"", ""record_sha256"": ""fd389e2e92477120d5777308093815b2a35ce8c797ee8225a1f122d300656b84""}, {""path"": ""associativvordes/family-index-v5/members/es/ba.json.gz"", ""family_id"": ""surface:es:lalo"", ""record_sha256"": ""8f9aae8cdf4fc06a6744576809c925a4c0222059aaf27261352923bea200cf12""}]"	"{""lemma_id"": ""lemma:58a503d03488323d6ccb"", ""word"": ""arreglálo"", ""normalized"": ""arreglálo"", ""search_form"": ""arreglalo"", ""rank"": 309282, ""frequency_score"": 0.06979986216223158, ""category_breakdown"": {""subtitles"": {""ipm_values"": [0.005612, 0.002371], ""category_ipm"": 0.0039915, ""category_score"": 0.06979986216223158}}, ""sources"": [{""id"": ""subtitles/hermit_2016_es_full_lemmatized_ipm6_spacy_lookup_cleaned_v8.json"", ""file"": ""hermit_2016_es_full_lemmatized_ipm6_spacy_lookup_cleaned_v8.json"", ""category"": ""subtitles"", ""ipm"": 0.005612}, {""id"": ""subtitles/hermit_2018_es_full_lemmatized_ipm6_spacy_lookup_cleaned_v8.json"", ""file"": ""hermit_2018_es_full_lemmatized_ipm6_spacy_lookup_cleaned_v8.json"", ""category"": ""subtitles"", ""ipm"": 0.002371}], ""corpus_quality"": {""status"": ""accepted"", ""reasons"": []}, ""components"": [{""surface"": ""arreglal"", ""canonical_candidate"": ""arreglal"", ""confidence"": 0.92, ""evidence"": [{""type"": ""morphological_parse"", ""source"": ""candidate_index"", ""path"": [""arreglalo"", ""arreglal"", ""arreglal""], ""confidence"": 0.92}]}]}"
es	lemma:59532a91de446419823a	irrregular	uncertain	not_admitted_candidate		aggregate_only_not_sense_frequency	"[{""path"": ""associativvordes/family-index-v5/members/es/44.json.gz"", ""family_id"": ""surface:es:regular"", ""record_sha256"": ""d3bc257582272fae96d0694aaec20f846dd32aa6ca09c1f9fa9f1c1c0598303f""}, {""path"": ""associativvordes/family-index-v5/members/es/c3.json.gz"", ""family_id"": ""surface:es:irrr"", ""record_sha256"": ""34ca9817a0a28a50586b404a27a9c68084982e16e8a65cdc75015f63b631601a""}]"	"{""lemma_id"": ""lemma:59532a91de446419823a"", ""word"": ""irrregular"", ""normalized"": ""irrregular"", ""search_form"": ""irrregular"", ""rank"": 637536, ""frequency_score"": 0.041495494299664135, ""category_breakdown"": {""subtitles"": {""ipm_values"": [0.002371], ""category_ipm"": 0.002371, ""category_score"": 0.041495494299664135}}, ""sources"": [{""id"": ""subtitles/hermit_2018_es_full_lemmatized_ipm6_spacy_lookup_cleaned_v8.json"", ""file"": ""hermit_2018_es_full_lemmatized_ipm6_spacy_lookup_cleaned_v8.json"", ""category"": ""subtitles"", ""ipm"": 0.002371}], ""corpus_quality"": {""status"": ""accepted"", ""reasons"": []}, ""components"": [{""surface"": ""regular"", ""canonical_candidate"": ""regular"", ""confidence"": 0.89, ""evidence"": [{""type"": ""compound_morphology"", ""source"": ""candidate_index"", ""path"": [""irrregular"", ""regular"", ""regular""], ""confidence"": 0.89}]}]}"
es	lemma:598a4e38cb33d39bff0f	arreglás	uncertain	not_admitted_candidate		aggregate_only_not_sense_frequency	"[{""path"": ""associativvordes/family-index-v5/members/es/1f.json.gz"", ""family_id"": ""surface:es:glas"", ""record_sha256"": ""a4e5bbb6df9a0bd51b76a2e90c146f070424be8b7a0d73fd3cc2f886ff0c01bc""}, {""path"": ""associativvordes/family-index-v5/members/es/b1.json.gz"", ""family_id"": ""surface:es:arregl"", ""record_sha256"": ""1b42e46c3e0985266926bcdef4a27a10b4ab92379977c2b93f044604b41cafde""}]"	"{""lemma_id"": ""lemma:598a4e38cb33d39bff0f"", ""word"": ""arreglás"", ""normalized"": ""arreglás"", ""search_form"": ""arreglas"", ""rank"": 151092, ""frequency_score"": 0.39979441049581277, ""category_breakdown"": {""subtitles"": {""ipm_values"": [0.02245, 0.023708], ""category_ipm"": 0.023079000000000002, ""category_score"": 0.39979441049581277}}, ""sources"": [{""id"": ""subtitles/hermit_2016_es_full_lemmatized_ipm6_spacy_lookup_cleaned_v8.json"", ""file"": ""hermit_2016_es_full_lemmatized_ipm6_spacy_lookup_cleaned_v8.json"", ""category"": ""subtitles"", ""ipm"": 0.02245}, {""id"": ""subtitles/hermit_2018_es_full_lemmatized_ipm6_spacy_lookup_cleaned_v8.json"", ""file"": ""hermit_2018_es_full_lemmatized_ipm6_spacy_lookup_cleaned_v8.json"", ""category"": ""subtitles"", ""ipm"": 0.023708}], ""corpus_quality"": {""status"": ""accepted"", ""reasons"": []}, ""components"": [{""surface"": ""glas"", ""canonical_candidate"": ""glas"", ""confidence"": 0.89, ""evidence"": [{""type"": ""compound_morphology"", ""source"": ""candidate_index"", ""path"": [""arreglas"", ""glas"", ""glas""], ""confidence"": 0.89}]}]}"
es	lemma:5b3372d554a09f6f0f6c	arreglines	uncertain	not_admitted_candidate		aggregate_only_not_sense_frequency	"[{""path"": ""associativvordes/family-index-v5/members/es/35.json.gz"", ""family_id"": ""ety:2f8cc764228e"", ""record_sha256"": ""9d5a1e00a936c68434c891d9cfff1aec93a7076ed0721543fed4cb65822d01be""}, {""path"": ""associativvordes/family-index-v5/members/es/70.json.gz"", ""family_id"": ""ety:3f674900cc48"", ""record_sha256"": ""9d5a1e00a936c68434c891d9cfff1aec93a7076ed0721543fed4cb65822d01be""}, {""path"": ""associativvordes/family-index-v5/members/es/8e.json.gz"", ""family_id"": ""ety:9dbdce2a984b"", ""record_sha256"": ""9d5a1e00a936c68434c891d9cfff1aec93a7076ed0721543fed4cb65822d01be""}, {""path"": ""associativvordes/family-index-v5/members/es/92.json.gz"", ""family_id"": ""surface:es:arreglin"", ""record_sha256"": ""81e5ba20ec738a6feb003e8e6f0edd2b61fa5fefea1799d3fd3d2044b4b5623e""}, {""path"": ""associativvordes/family-index-v5/members/es/f4.json.gz"", ""family_id"": ""ety:bdf62d11c6a7"", ""record_sha256"": ""9d5a1e00a936c68434c891d9cfff1aec93a7076ed0721543fed4cb65822d01be""}]"	"{""lemma_id"": ""lemma:5b3372d554a09f6f0f6c"", ""word"": ""arreglines"", ""normalized"": ""arreglines"", ""search_form"": ""arreglines"", ""rank"": 431926, ""frequency_score"": 0.04529710280721981, ""category_breakdown"": {""subtitles"": {""ipm_values"": [0.002806, 0.002371], ""category_ipm"": 0.0025884999999999997, ""category_score"": 0.04529710280721981}}, ""sources"": [{""id"": ""subtitles/hermit_2016_es_full_lemmatized_ipm6_spacy_lookup_cleaned_v8.json"", ""file"": ""hermit_2016_es_full_lemmatized_ipm6_spacy_lookup_cleaned_v8.json"", ""category"": ""subtitles"", ""ipm"": 0.002806}, {""id"": ""subtitles/hermit_2018_es_full_lemmatized_ipm6_spacy_lookup_cleaned_v8.json"", ""file"": ""hermit_2018_es_full_lemmatized_ipm6_spacy_lookup_cleaned_v8.json"", ""category"": ""subtitles"", ""ipm"": 0.002371}], ""corpus_quality"": {""status"": ""accepted"", ""reasons"": []}, ""components"": [{""surface"": ""ines"", ""canonical_candidate"": ""ines"", ""confidence"": 0.89, ""evidence"": [{""type"": ""compound_morphology"", ""source"": ""candidate_index"", ""path"": [""arreglines"", ""ines"", ""ines""], ""confidence"": 0.89}]}]}"
es	lemma:5c1a371a5944c56f8f79	arreglables	uncertain	not_admitted_candidate		aggregate_only_not_sense_frequency	"[{""path"": ""associativvordes/family-index-v5/members/es/1e.json.gz"", ""family_id"": ""surface:es:bles"", ""record_sha256"": ""31d8615b4fa627645f0ee1a9a7bfb76cc7511420d0ee8371a859695ee023439d""}, {""path"": ""associativvordes/family-index-v5/members/es/4e.json.gz"", ""family_id"": ""surface:es:arreglabl"", ""record_sha256"": ""a58e6aca535da84129c3e79c6804249babd3c50bf8c58265ad41528f7559fcee""}]"	"{""lemma_id"": ""lemma:5c1a371a5944c56f8f79"", ""word"": ""arreglables"", ""normalized"": ""arreglables"", ""search_form"": ""arreglables"", ""rank"": 431872, ""frequency_score"": 0.04529710280721981, ""category_breakdown"": {""subtitles"": {""ipm_values"": [0.002806, 0.002371], ""category_ipm"": 0.0025884999999999997, ""category_score"": 0.04529710280721981}}, ""sources"": [{""id"": ""subtitles/hermit_2016_es_full_lemmatized_ipm6_spacy_lookup_cleaned_v8.json"", ""file"": ""hermit_2016_es_full_lemmatized_ipm6_spacy_lookup_cleaned_v8.json"", ""category"": ""subtitles"", ""ipm"": 0.002806}, {""id"": ""subtitles/hermit_2018_es_full_lemmatized_ipm6_spacy_lookup_cleaned_v8.json"", ""file"": ""hermit_2018_es_full_lemmatized_ipm6_spacy_lookup_cleaned_v8.json"", ""category"": ""subtitles"", ""ipm"": 0.002371}], ""corpus_quality"": {""status"": ""accepted"", ""reasons"": []}, ""components"": [{""surface"": ""bles"", ""canonical_candidate"": ""bles"", ""confidence"": 0.89, ""evidence"": [{""type"": ""compound_morphology"", ""source"": ""candidate_index"", ""path"": [""arreglables"", ""bles"", ""bles""], ""confidence"": 0.89}]}]}"
es	lemma:5de7bd1f6b23488a9143	arréglense	uncertain	not_admitted_candidate		aggregate_only_not_sense_frequency	"[{""path"": ""associativvordes/family-index-v5/members/es/37.json.gz"", ""family_id"": ""surface:es:ense"", ""record_sha256"": ""971d5e64a235d9283e3ad791b9d1b24809438b9435d306f757d33b920d2286d8""}, {""path"": ""associativvordes/family-index-v5/members/es/b1.json.gz"", ""family_id"": ""surface:es:arregl"", ""record_sha256"": ""a4eba08aa947d1bab3a12a38121fa1566c59b81085e0af844f25eeb8a732dea9""}]"	"{""lemma_id"": ""lemma:5de7bd1f6b23488a9143"", ""word"": ""arréglense"", ""normalized"": ""arréglense"", ""search_form"": ""arreglense"", ""rank"": 57195, ""frequency_score"": 2.2392237900490124, ""category_breakdown"": {""subtitles"": {""ipm_values"": [0.137506, 0.135134], ""category_ipm"": 0.13632, ""category_score"": 2.2392237900490124}}, ""sources"": [{""id"": ""subtitles/hermit_2016_es_full_lemmatized_ipm6_spacy_lookup_cleaned_v8.json"", ""file"": ""hermit_2016_es_full_lemmatized_ipm6_spacy_lookup_cleaned_v8.json"", ""category"": ""subtitles"", ""ipm"": 0.137506}, {""id"": ""subtitles/hermit_2018_es_full_lemmatized_ipm6_spacy_lookup_cleaned_v8.json"", ""file"": ""hermit_2018_es_full_lemmatized_ipm6_spacy_lookup_cleaned_v8.json"", ""category"": ""subtitles"", ""ipm"": 0.135134}], ""corpus_quality"": {""status"": ""accepted"", ""reasons"": []}, ""components"": [{""surface"": ""ense"", ""canonical_candidate"": ""ense"", ""confidence"": 0.89, ""evidence"": [{""type"": ""compound_morphology"", ""source"": ""candidate_index"", ""path"": [""arreglense"", ""ense"", ""ense""], ""confidence"": 0.89}]}]}"
es	lemma:5e4ee69c743d2d1cf2cf	arreglamotores	uncertain	not_admitted_candidate		aggregate_only_not_sense_frequency	"[{""path"": ""associativvordes/family-index-v5/members/es/49.json.gz"", ""family_id"": ""surface:es:ores"", ""record_sha256"": ""23779cd60376161e8bf7149ca5d28f23ec63f5fc02ca14ff98d3641b824097a0""}, {""path"": ""associativvordes/family-index-v5/members/es/79.json.gz"", ""family_id"": ""surface:es:arreglamotor"", ""record_sha256"": ""0846d6af06d494082f217528fbc138acad042e92d7880d64854a2d79ab0a8a12""}]"	"{""lemma_id"": ""lemma:5e4ee69c743d2d1cf2cf"", ""word"": ""arreglamotores"", ""normalized"": ""arreglamotores"", ""search_form"": ""arreglamotores"", ""rank"": 431888, ""frequency_score"": 0.04909788668913623, ""category_breakdown"": {""subtitles"": {""ipm_values"": [0.002806], ""category_ipm"": 0.002806, ""category_score"": 0.04909788668913623}}, ""sources"": [{""id"": ""subtitles/hermit_2016_es_full_lemmatized_ipm6_spacy_lookup_cleaned_v8.json"", ""file"": ""hermit_2016_es_full_lemmatized_ipm6_spacy_lookup_cleaned_v8.json"", ""category"": ""subtitles"", ""ipm"": 0.002806}], ""corpus_quality"": {""status"": ""accepted"", ""reasons"": []}, ""components"": [{""surface"": ""ores"", ""canonical_candidate"": ""ores"", ""confidence"": 0.89, ""evidence"": [{""type"": ""compound_morphology"", ""source"": ""candidate_index"", ""path"": [""arreglamotores"", ""ores"", ""ores""], ""confidence"": 0.89}]}]}"
es	lemma:5e68edb1e73e0db27bbf	lrregularidad	uncertain	not_admitted_candidate		aggregate_only_not_sense_frequency	"[{""path"": ""associativvordes/family-index-v5/members/es/58.json.gz"", ""family_id"": ""surface:es:idad"", ""record_sha256"": ""7a268cb52f04817d80db23537760f239e88f8f56b5d2eb1831e8f852169b453e""}, {""path"": ""associativvordes/family-index-v5/members/es/5e.json.gz"", ""family_id"": ""surface:es:lrregular"", ""record_sha256"": ""d3da8d53260b6145ea3bd16da5d802b8e588510c7aa51257034feb40c20d09d0""}, {""path"": ""associativvordes/family-index-v5/members/es/cd.json.gz"", ""family_id"": ""surface:es:ulari"", ""record_sha256"": ""8a107a73ed842505adb5b96246d63ef32faede40524bfb54abffeeac27abd691""}]"	"{""lemma_id"": ""lemma:5e68edb1e73e0db27bbf"", ""word"": ""lrregularidad"", ""normalized"": ""lrregularidad"", ""search_form"": ""lrregularidad"", ""rank"": 668147, ""frequency_score"": 0.041495494299664135, ""category_breakdown"": {""subtitles"": {""ipm_values"": [0.002371], ""category_ipm"": 0.002371, ""category_score"": 0.041495494299664135}}, ""sources"": [{""id"": ""subtitles/hermit_2018_es_full_lemmatized_ipm6_spacy_lookup_cleaned_v8.json"", ""file"": ""hermit_2018_es_full_lemmatized_ipm6_spacy_lookup_cleaned_v8.json"", ""category"": ""subtitles"", ""ipm"": 0.002371}], ""corpus_quality"": {""status"": ""accepted"", ""reasons"": []}, ""components"": [{""surface"": ""idad"", ""canonical_candidate"": ""idad"", ""confidence"": 0.89, ""evidence"": [{""type"": ""compound_morphology"", ""source"": ""candidate_index"", ""path"": [""lrregularidad"", ""idad"", ""idad""], ""confidence"": 0.89}]}]}"
es	lemma:5e6eab0296d6afc9712a	treglos	uncertain	not_admitted_candidate		aggregate_only_not_sense_frequency	"[{""path"": ""associativvordes/family-index-v5/members/es/3e.json.gz"", ""family_id"": ""surface:es:tregl"", ""record_sha256"": ""5619b9302abe170c41da34384c6d95a350ca737ce945b6da86ca1f0802c23860""}]"	"{""lemma_id"": ""lemma:5e6eab0296d6afc9712a"", ""word"": ""treglos"", ""normalized"": ""treglos"", ""search_form"": ""treglos"", ""rank"": 816918, ""frequency_score"": 0.041495494299664135, ""category_breakdown"": {""subtitles"": {""ipm_values"": [0.002371], ""category_ipm"": 0.002371, ""category_score"": 0.041495494299664135}}, ""sources"": [{""id"": ""subtitles/hermit_2018_es_full_lemmatized_ipm6_spacy_lookup_cleaned_v8.json"", ""file"": ""hermit_2018_es_full_lemmatized_ipm6_spacy_lookup_cleaned_v8.json"", ""category"": ""subtitles"", ""ipm"": 0.002371}], ""corpus_quality"": {""status"": ""accepted"", ""reasons"": []}, ""components"": [{""surface"": ""tregl"", ""canonical_candidate"": ""tregl"", ""confidence"": 0.92, ""evidence"": [{""type"": ""morphological_parse"", ""source"": ""candidate_index"", ""path"": [""treglos"", ""tregl"", ""tregl""], ""confidence"": 0.92}]}]}"
es	lemma:5edeaea80efea11a85c6	regularizandola	uncertain	withheld_historical_uncertain		aggregate_only_not_sense_frequency	"[{""path"": ""associativvordes/family-index-v5/members/es/23.json.gz"", ""family_id"": ""surface:es:regularizandol"", ""record_sha256"": ""aca2fabc87af0e2c5d59a8a98bbd7cf7e8d4551df0377db3f596ba88962f2a7b""}, {""path"": ""associativvordes/family-index-v5/members/es/40.json.gz"", ""family_id"": ""family:regul"", ""record_sha256"": ""c81583dd62ea550abfac75e7ddca1dbe1e06061b716a34b597c3a61a4bb3ae6b""}, {""path"": ""associativvordes/family-index-v5/members/es/c2.json.gz"", ""family_id"": ""surface:es:dola"", ""record_sha256"": ""04f5abf3c098f29ae7b5b89bb65a807e439970335e5915d0ab587c27bdb6c926""}]"	"{""lemma_id"": ""lemma:5edeaea80efea11a85c6"", ""word"": ""regularizandola"", ""normalized"": ""regularizandola"", ""search_form"": ""regularizandola"", ""rank"": 755333, ""frequency_score"": 0.041495494299664135, ""category_breakdown"": {""subtitles"": {""ipm_values"": [0.002371], ""category_ipm"": 0.002371, ""category_score"": 0.041495494299664135}}, ""sources"": [{""id"": ""subtitles/hermit_2018_es_full_lemmatized_ipm6_spacy_lookup_cleaned_v8.json"", ""file"": ""hermit_2018_es_full_lemmatized_ipm6_spacy_lookup_cleaned_v8.json"", ""category"": ""subtitles"", ""ipm"": 0.002371}], ""corpus_quality"": {""status"": ""accepted"", ""reasons"": []}, ""components"": [{""surface"": ""regularizandol"", ""canonical_candidate"": ""regularizandol"", ""confidence"": 0.92, ""evidence"": [{""type"": ""morphological_parse"", ""source"": ""candidate_index"", ""path"": [""regularizandola"", ""regularizandol"", ""regularizandol""], ""confidence"": 0.92}]}]}"
es	lemma:5ee09a64dc8459b4a0e3	rearreglamos	uncertain	not_admitted_candidate		aggregate_only_not_sense_frequency	"[{""path"": ""associativvordes/family-index-v5/members/es/02.json.gz"", ""family_id"": ""surface:es:rearreglam"", ""record_sha256"": ""802df27dea8c5ae88e88dcb2fc24950a1dd64c9eacebeacb91b33a9d32c4e9a6""}]"	"{""lemma_id"": ""lemma:5ee09a64dc8459b4a0e3"", ""word"": ""rearreglamos"", ""normalized"": ""rearreglamos"", ""search_form"": ""rearreglamos"", ""rank"": 688039, ""frequency_score"": 0.04909788668913623, ""category_breakdown"": {""subtitles"": {""ipm_values"": [0.002806], ""category_ipm"": 0.002806, ""category_score"": 0.04909788668913623}}, ""sources"": [{""id"": ""subtitles/hermit_2016_es_full_lemmatized_ipm6_spacy_lookup_cleaned_v8.json"", ""file"": ""hermit_2016_es_full_lemmatized_ipm6_spacy_lookup_cleaned_v8.json"", ""category"": ""subtitles"", ""ipm"": 0.002806}], ""corpus_quality"": {""status"": ""accepted"", ""reasons"": []}, ""components"": [{""surface"": ""rearreglam"", ""canonical_candidate"": ""rearreglam"", ""confidence"": 0.92, ""evidence"": [{""type"": ""morphological_parse"", ""source"": ""candidate_index"", ""path"": [""rearreglamos"", ""rearreglam"", ""rearreglam""], ""confidence"": 0.92}]}]}"
es	lemma:60042f31d270df3041e4	arreglala	uncertain	not_admitted_candidate		aggregate_only_not_sense_frequency	"[{""path"": ""associativvordes/family-index-v5/members/es/14.json.gz"", ""family_id"": ""surface:es:arreglal"", ""record_sha256"": ""3875138d0c46cbf085f017382ed0cf237a5db3e0b8079b39c2af87289cbf352b""}, {""path"": ""associativvordes/family-index-v5/members/es/7c.json.gz"", ""family_id"": ""surface:es:ala"", ""record_sha256"": ""8cb59fd58c82dfb4c2300952f60477a47305cd730001cd4435b07aa8e5181036""}]"	"{""lemma_id"": ""lemma:60042f31d270df3041e4"", ""word"": ""arreglala"", ""normalized"": ""arreglala"", ""search_form"": ""arreglala"", ""rank"": 151089, ""frequency_score"": 0.3516621818724895, ""category_breakdown"": {""subtitles"": {""ipm_values"": [0.016837, 0.023708], ""category_ipm"": 0.0202725, ""category_score"": 0.3516621818724895}}, ""sources"": [{""id"": ""subtitles/hermit_2016_es_full_lemmatized_ipm6_spacy_lookup_cleaned_v8.json"", ""file"": ""hermit_2016_es_full_lemmatized_ipm6_spacy_lookup_cleaned_v8.json"", ""category"": ""subtitles"", ""ipm"": 0.016837}, {""id"": ""subtitles/hermit_2018_es_full_lemmatized_ipm6_spacy_lookup_cleaned_v8.json"", ""file"": ""hermit_2018_es_full_lemmatized_ipm6_spacy_lookup_cleaned_v8.json"", ""category"": ""subtitles"", ""ipm"": 0.023708}], ""corpus_quality"": {""status"": ""accepted"", ""reasons"": []}, ""components"": [{""surface"": ""arreglal"", ""canonical_candidate"": ""arreglal"", ""confidence"": 0.92, ""evidence"": [{""type"": ""morphological_parse"", ""source"": ""candidate_index"", ""path"": [""arreglala"", ""arreglal"", ""arreglal""], ""confidence"": 0.92}]}]}"
es	lemma:607f00c206a9cf674257	arréglenloya	uncertain	not_admitted_candidate		aggregate_only_not_sense_frequency	"[{""path"": ""associativvordes/family-index-v5/members/es/7e.json.gz"", ""family_id"": ""surface:es:arreglenloy"", ""record_sha256"": ""3cd8c2eb229d8fd5195ba184a6fff311386f6bca39a5aff9925c8b6e0102b7c0""}]"	"{""lemma_id"": ""lemma:607f00c206a9cf674257"", ""word"": ""arréglenloya"", ""normalized"": ""arréglenloya"", ""search_form"": ""arreglenloya"", ""rank"": 432652, ""frequency_score"": 0.04909788668913623, ""category_breakdown"": {""subtitles"": {""ipm_values"": [0.002806], ""category_ipm"": 0.002806, ""category_score"": 0.04909788668913623}}, ""sources"": [{""id"": ""subtitles/hermit_2016_es_full_lemmatized_ipm6_spacy_lookup_cleaned_v8.json"", ""file"": ""hermit_2016_es_full_lemmatized_ipm6_spacy_lookup_cleaned_v8.json"", ""category"": ""subtitles"", ""ipm"": 0.002806}], ""corpus_quality"": {""status"": ""accepted"", ""reasons"": []}, ""components"": [{""surface"": ""arreglenloy"", ""canonical_candidate"": ""arreglenloy"", ""confidence"": 0.92, ""evidence"": [{""type"": ""morphological_parse"", ""source"": ""candidate_index"", ""path"": [""arreglenloya"", ""arreglenloy"", ""arreglenloy""], ""confidence"": 0.92}]}]}"
es	lemma:612d3eacd664825e119b	reglabar	uncertain	not_admitted_candidate		aggregate_only_not_sense_frequency	"[{""path"": ""associativvordes/family-index-v5/members/es/58.json.gz"", ""family_id"": ""surface:es:labar"", ""record_sha256"": ""309a5e172c7c45bec8d56189c1c0e1e2e90e0f0b64bb308e54a8850d60be36e4""}, {""path"": ""associativvordes/family-index-v5/members/es/81.json.gz"", ""family_id"": ""surface:es:regla"", ""record_sha256"": ""ef23596988ac50808a9e7e2b3f74d9520dfe2debcd645e477236a545f6d3576b""}]"	"{""lemma_id"": ""lemma:612d3eacd664825e119b"", ""word"": ""reglabar"", ""normalized"": ""reglabar"", ""search_form"": ""reglabar"", ""rank"": 420205, ""frequency_score"": 0.08289295136015089, ""category_breakdown"": {""subtitles"": {""ipm_values"": [0.004742], ""category_ipm"": 0.004742, ""category_score"": 0.08289295136015089}}, ""sources"": [{""id"": ""subtitles/hermit_2018_es_full_lemmatized_ipm6_spacy_lookup_cleaned_v8.json"", ""file"": ""hermit_2018_es_full_lemmatized_ipm6_spacy_lookup_cleaned_v8.json"", ""category"": ""subtitles"", ""ipm"": 0.004742}], ""corpus_quality"": {""status"": ""accepted"", ""reasons"": []}, ""components"": [{""surface"": ""labar"", ""canonical_candidate"": ""labar"", ""confidence"": 0.89, ""evidence"": [{""type"": ""compound_morphology"", ""source"": ""candidate_index"", ""path"": [""reglabar"", ""labar"", ""labar""], ""confidence"": 0.89}]}]}"
es	lemma:61f0b7f40109470f48a7	arréglarlo	uncertain	not_admitted_candidate		aggregate_only_not_sense_frequency	"[{""path"": ""associativvordes/family-index-v5/members/es/7e.json.gz"", ""family_id"": ""surface:es:arreglarl"", ""record_sha256"": ""3f15abf8c5aa543954da93524338e6ac4b6b9b67b3f3ed482be21afdd86dea41""}]"	"{""lemma_id"": ""lemma:61f0b7f40109470f48a7"", ""word"": ""arréglarlo"", ""normalized"": ""arréglarlo"", ""search_form"": ""arreglarlo"", ""rank"": 432648, ""frequency_score"": 0.04529710280721981, ""category_breakdown"": {""subtitles"": {""ipm_values"": [0.002806, 0.002371], ""category_ipm"": 0.0025884999999999997, ""category_score"": 0.04529710280721981}}, ""sources"": [{""id"": ""subtitles/hermit_2016_es_full_lemmatized_ipm6_spacy_lookup_cleaned_v8.json"", ""file"": ""hermit_2016_es_full_lemmatized_ipm6_spacy_lookup_cleaned_v8.json"", ""category"": ""subtitles"", ""ipm"": 0.002806}, {""id"": ""subtitles/hermit_2018_es_full_lemmatized_ipm6_spacy_lookup_cleaned_v8.json"", ""file"": ""hermit_2018_es_full_lemmatized_ipm6_spacy_lookup_cleaned_v8.json"", ""category"": ""subtitles"", ""ipm"": 0.002371}], ""corpus_quality"": {""status"": ""accepted"", ""reasons"": []}, ""components"": [{""surface"": ""arreglarl"", ""canonical_candidate"": ""arreglarl"", ""confidence"": 0.92, ""evidence"": [{""type"": ""morphological_parse"", ""source"": ""candidate_index"", ""path"": [""arreglarlo"", ""arreglarl"", ""arreglarl""], ""confidence"": 0.92}]}]}"
es	lemma:62404925893f087acf87	regulatorio	accepted	accepted	regular	aggregate_only_not_sense_frequency	"[{""path"": ""associativvordes/family-index-v5/members/es/1e.json.gz"", ""family_id"": ""surface:es:regulatori"", ""record_sha256"": ""0d7897295e0d403478d9534f3b6250f389dc972ffe564ad35e6487cbc54eec56""}, {""path"": ""associativvordes/family-index-v5/members/es/40.json.gz"", ""family_id"": ""family:regul"", ""record_sha256"": ""b3670600e142950f17c0e1c5be34ad9c4c54559d45893a6913238756f80cfa36""}]"	"{""lemma_id"": ""lemma:62404925893f087acf87"", ""word"": ""regulatorio"", ""normalized"": ""regulatorio"", ""search_form"": ""regulatorio"", ""rank"": 11826, ""frequency_score"": 6.532283379499741, ""category_breakdown"": {""subtitles"": {""ipm_values"": [0.030869, 0.040303], ""category_ipm"": 0.035586, ""category_score"": 0.6126997455568449}, ""mixed"": {""ipm_values"": [3.000087], ""category_ipm"": 3.000087, ""category_score"": 24.29103428132843}}, ""sources"": [{""id"": ""mixed/es_wordlist.lemmatized_stanza_ipm6.json"", ""file"": ""es_wordlist.lemmatized_stanza_ipm6.json"", ""category"": ""mixed"", ""ipm"": 3.000087}, {""id"": ""subtitles/hermit_2016_es_full_lemmatized_ipm6_spacy_lookup_cleaned_v8.json"", ""file"": ""hermit_2016_es_full_lemmatized_ipm6_spacy_lookup_cleaned_v8.json"", ""category"": ""subtitles"", ""ipm"": 0.030869}, {""id"": ""subtitles/hermit_2018_es_full_lemmatized_ipm6_spacy_lookup_cleaned_v8.json"", ""file"": ""hermit_2018_es_full_lemmatized_ipm6_spacy_lookup_cleaned_v8.json"", ""category"": ""subtitles"", ""ipm"": 0.040303}], ""corpus_quality"": {""status"": ""accepted"", ""reasons"": []}, ""components"": [{""surface"": ""regulatori"", ""canonical_candidate"": ""regulatori"", ""confidence"": 0.92, ""evidence"": [{""type"": ""morphological_parse"", ""source"": ""candidate_index"", ""path"": [""regulatorio"", ""regulatori"", ""regulatori""], ""confidence"": 0.92}]}]}"
es	lemma:628bfbaddbe1ae1a3411	arréglamelo	uncertain	not_admitted_candidate		aggregate_only_not_sense_frequency	"[{""path"": ""associativvordes/family-index-v5/members/es/be.json.gz"", ""family_id"": ""surface:es:arreglamel"", ""record_sha256"": ""d09021f029d91c5d12e2ae4c57316aaccf2d8bec3d834bed6f78fabc84342ec1""}, {""path"": ""associativvordes/family-index-v5/members/es/fb.json.gz"", ""family_id"": ""surface:es:melo"", ""record_sha256"": ""64a37958e468c3da7e6f20a45977634770d5ca1d404b6d71007c453b1a40037b""}]"	"{""lemma_id"": ""lemma:628bfbaddbe1ae1a3411"", ""word"": ""arréglamelo"", ""normalized"": ""arréglamelo"", ""search_form"": ""arreglamelo"", ""rank"": 159931, ""frequency_score"": 0.3312907503169567, ""category_breakdown"": {""subtitles"": {""ipm_values"": [0.016837, 0.021337], ""category_ipm"": 0.019087, ""category_score"": 0.3312907503169567}}, ""sources"": [{""id"": ""subtitles/hermit_2016_es_full_lemmatized_ipm6_spacy_lookup_cleaned_v8.json"", ""file"": ""hermit_2016_es_full_lemmatized_ipm6_spacy_lookup_cleaned_v8.json"", ""category"": ""subtitles"", ""ipm"": 0.016837}, {""id"": ""subtitles/hermit_2018_es_full_lemmatized_ipm6_spacy_lookup_cleaned_v8.json"", ""file"": ""hermit_2018_es_full_lemmatized_ipm6_spacy_lookup_cleaned_v8.json"", ""category"": ""subtitles"", ""ipm"": 0.021337}], ""corpus_quality"": {""status"": ""accepted"", ""reasons"": []}, ""components"": [{""surface"": ""arreglamel"", ""canonical_candidate"": ""arreglamel"", ""confidence"": 0.92, ""evidence"": [{""type"": ""morphological_parse"", ""source"": ""candidate_index"", ""path"": [""arreglamelo"", ""arreglamel"", ""arreglamel""], ""confidence"": 0.92}]}]}"
es	lemma:6294988ea762b4f23c07	arréglenlas	uncertain	not_admitted_candidate		aggregate_only_not_sense_frequency	"[{""path"": ""associativvordes/family-index-v5/members/es/8e.json.gz"", ""family_id"": ""surface:es:arreglenl"", ""record_sha256"": ""641f35cc67bcc5b93d7fb7f5e1070eecce8eeb6d70f5a1667b12f0edc9141f47""}]"	"{""lemma_id"": ""lemma:6294988ea762b4f23c07"", ""word"": ""arréglenlas"", ""normalized"": ""arréglenlas"", ""search_form"": ""arreglenlas"", ""rank"": 242633, ""frequency_score"": 0.13175074215357438, ""category_breakdown"": {""subtitles"": {""ipm_values"": [0.005612, 0.009483], ""category_ipm"": 0.0075475, ""category_score"": 0.13175074215357438}}, ""sources"": [{""id"": ""subtitles/hermit_2016_es_full_lemmatized_ipm6_spacy_lookup_cleaned_v8.json"", ""file"": ""hermit_2016_es_full_lemmatized_ipm6_spacy_lookup_cleaned_v8.json"", ""category"": ""subtitles"", ""ipm"": 0.005612}, {""id"": ""subtitles/hermit_2018_es_full_lemmatized_ipm6_spacy_lookup_cleaned_v8.json"", ""file"": ""hermit_2018_es_full_lemmatized_ipm6_spacy_lookup_cleaned_v8.json"", ""category"": ""subtitles"", ""ipm"": 0.009483}], ""corpus_quality"": {""status"": ""accepted"", ""reasons"": []}, ""components"": [{""surface"": ""arreglenl"", ""canonical_candidate"": ""arreglenl"", ""confidence"": 0.92, ""evidence"": [{""type"": ""morphological_parse"", ""source"": ""candidate_index"", ""path"": [""arreglenlas"", ""arreglenl"", ""arreglenl""], ""confidence"": 0.92}]}]}"
es	lemma:62d2379bee17a6afba1c	arreglense	uncertain	not_admitted_candidate		aggregate_only_not_sense_frequency	"[{""path"": ""associativvordes/family-index-v5/members/es/37.json.gz"", ""family_id"": ""surface:es:ense"", ""record_sha256"": ""89f3909f604952783364aded5ef761fc508ab29037d478f201acfb9273123f1e""}, {""path"": ""associativvordes/family-index-v5/members/es/b1.json.gz"", ""family_id"": ""surface:es:arregl"", ""record_sha256"": ""941ccdff5fe406e47e80f88b12557b70a27f3559f7d7101de7f747a222a8d7af""}]"	"{""lemma_id"": ""lemma:62d2379bee17a6afba1c"", ""word"": ""arreglense"", ""normalized"": ""arreglense"", ""search_form"": ""arreglense"", ""rank"": 197620, ""frequency_score"": 0.2458184491472045, ""category_breakdown"": {""subtitles"": {""ipm_values"": [0.014031, 0.014225], ""category_ipm"": 0.014128, ""category_score"": 0.2458184491472045}}, ""sources"": [{""id"": ""subtitles/hermit_2016_es_full_lemmatized_ipm6_spacy_lookup_cleaned_v8.json"", ""file"": ""hermit_2016_es_full_lemmatized_ipm6_spacy_lookup_cleaned_v8.json"", ""category"": ""subtitles"", ""ipm"": 0.014031}, {""id"": ""subtitles/hermit_2018_es_full_lemmatized_ipm6_spacy_lookup_cleaned_v8.json"", ""file"": ""hermit_2018_es_full_lemmatized_ipm6_spacy_lookup_cleaned_v8.json"", ""category"": ""subtitles"", ""ipm"": 0.014225}], ""corpus_quality"": {""status"": ""accepted"", ""reasons"": []}, ""components"": [{""surface"": ""ense"", ""canonical_candidate"": ""ense"", ""confidence"": 0.89, ""evidence"": [{""type"": ""compound_morphology"", ""source"": ""candidate_index"", ""path"": [""arreglense"", ""ense"", ""ense""], ""confidence"": 0.89}]}]}"
es	lemma:62e5c42159f5ca0491f9	arreglarlar	uncertain	not_admitted_candidate		aggregate_only_not_sense_frequency	"[{""path"": ""associativvordes/family-index-v5/members/es/26.json.gz"", ""family_id"": ""surface:es:arreglar"", ""record_sha256"": ""3ead62f01354c45baf93cd9db9c4c67f747017460f2128bf0358b69b237fdd55""}, {""path"": ""associativvordes/family-index-v5/members/es/3a.json.gz"", ""family_id"": ""surface:es:arlar"", ""record_sha256"": ""e64ebf6d9d03355f3ac0c2acc80c226c62e48195fe03d074c666c11e468c310e""}]"	"{""lemma_id"": ""lemma:62e5c42159f5ca0491f9"", ""word"": ""arreglarlar"", ""normalized"": ""arreglarlar"", ""search_form"": ""arreglarlar"", ""rank"": 431905, ""frequency_score"": 0.04909788668913623, ""category_breakdown"": {""subtitles"": {""ipm_values"": [0.002806], ""category_ipm"": 0.002806, ""category_score"": 0.04909788668913623}}, ""sources"": [{""id"": ""subtitles/hermit_2016_es_full_lemmatized_ipm6_spacy_lookup_cleaned_v8.json"", ""file"": ""hermit_2016_es_full_lemmatized_ipm6_spacy_lookup_cleaned_v8.json"", ""category"": ""subtitles"", ""ipm"": 0.002806}], ""corpus_quality"": {""status"": ""accepted"", ""reasons"": []}, ""components"": [{""surface"": ""arreglar"", ""canonical_candidate"": ""arreglar"", ""confidence"": 0.81, ""evidence"": [{""type"": ""compound_morphology"", ""source"": ""candidate_index"", ""path"": [""arreglarlar"", ""arreglar"", ""arreglar""], ""confidence"": 0.81}]}]}"
es	lemma:64af8391c9558a721648	regulator	uncertain	withheld_historical_uncertain		aggregate_only_not_sense_frequency	"[{""path"": ""associativvordes/family-index-v5/members/es/0c.json.gz"", ""family_id"": ""surface:es:ator"", ""record_sha256"": ""7fccfa9de28b38ef580ca99e72e9ac144e68f0cfb143412c8f65829ac9c390d1""}, {""path"": ""associativvordes/family-index-v5/members/es/40.json.gz"", ""family_id"": ""family:regul"", ""record_sha256"": ""2334634df8d558a473340048e313c9805802f22ed6ed26ff1411a4b16d5f92ef""}, {""path"": ""associativvordes/family-index-v5/members/es/5e.json.gz"", ""family_id"": ""surface:es:regula"", ""record_sha256"": ""cb5a499b2e6792a3b7cfee7f2be7fad166f46093aacc4175ba33756fcf74ed35""}]"	"{""lemma_id"": ""lemma:64af8391c9558a721648"", ""word"": ""regulator"", ""normalized"": ""regulator"", ""search_form"": ""regulator"", ""rank"": 692070, ""frequency_score"": 0.04529710280721981, ""category_breakdown"": {""subtitles"": {""ipm_values"": [0.002806, 0.002371], ""category_ipm"": 0.0025884999999999997, ""category_score"": 0.04529710280721981}}, ""sources"": [{""id"": ""subtitles/hermit_2016_es_full_lemmatized_ipm6_spacy_lookup_cleaned_v8.json"", ""file"": ""hermit_2016_es_full_lemmatized_ipm6_spacy_lookup_cleaned_v8.json"", ""category"": ""subtitles"", ""ipm"": 0.002806}, {""id"": ""subtitles/hermit_2018_es_full_lemmatized_ipm6_spacy_lookup_cleaned_v8.json"", ""file"": ""hermit_2018_es_full_lemmatized_ipm6_spacy_lookup_cleaned_v8.json"", ""category"": ""subtitles"", ""ipm"": 0.002371}], ""corpus_quality"": {""status"": ""accepted"", ""reasons"": []}, ""components"": [{""surface"": ""ator"", ""canonical_candidate"": ""ator"", ""confidence"": 0.89, ""evidence"": [{""type"": ""compound_morphology"", ""source"": ""candidate_index"", ""path"": [""regulator"", ""ator"", ""ator""], ""confidence"": 0.89}]}]}"
es	lemma:66315b4a30cb2c45a74a	arreglárnolas	uncertain	not_admitted_candidate		aggregate_only_not_sense_frequency	"[{""path"": ""associativvordes/family-index-v5/members/es/fb.json.gz"", ""family_id"": ""surface:es:arreglarnol"", ""record_sha256"": ""847a636d396151740d07476960ee3791cd11bac48f6d9695159cd87beec57ef5""}]"	"{""lemma_id"": ""lemma:66315b4a30cb2c45a74a"", ""word"": ""arreglárnolas"", ""normalized"": ""arreglárnolas"", ""search_form"": ""arreglarnolas"", ""rank"": 338699, ""frequency_score"": 0.06600356668229963, ""category_breakdown"": {""subtitles"": {""ipm_values"": [0.002806, 0.004742], ""category_ipm"": 0.0037739999999999996, ""category_score"": 0.06600356668229963}}, ""sources"": [{""id"": ""subtitles/hermit_2016_es_full_lemmatized_ipm6_spacy_lookup_cleaned_v8.json"", ""file"": ""hermit_2016_es_full_lemmatized_ipm6_spacy_lookup_cleaned_v8.json"", ""category"": ""subtitles"", ""ipm"": 0.002806}, {""id"": ""subtitles/hermit_2018_es_full_lemmatized_ipm6_spacy_lookup_cleaned_v8.json"", ""file"": ""hermit_2018_es_full_lemmatized_ipm6_spacy_lookup_cleaned_v8.json"", ""category"": ""subtitles"", ""ipm"": 0.004742}], ""corpus_quality"": {""status"": ""accepted"", ""reasons"": []}, ""components"": [{""surface"": ""arreglarnol"", ""canonical_candidate"": ""arreglarnol"", ""confidence"": 0.92, ""evidence"": [{""type"": ""morphological_parse"", ""source"": ""candidate_index"", ""path"": [""arreglarnolas"", ""arreglarnol"", ""arreglarnol""], ""confidence"": 0.92}]}]}"
es	lemma:6676424b22b6b9e0bfc1	arreglártelos	uncertain	not_admitted_candidate		aggregate_only_not_sense_frequency	"[{""path"": ""associativvordes/family-index-v5/members/es/6e.json.gz"", ""family_id"": ""surface:es:artelos"", ""record_sha256"": ""469bbd08f88cc61b4639900b050b61f1e2b5ac8adfd9cf640ca134a817060e8b""}, {""path"": ""associativvordes/family-index-v5/members/es/ff.json.gz"", ""family_id"": ""surface:es:arreglartel"", ""record_sha256"": ""337b122579d1f863015bad6186888dd1d12c27b2821678e3bae0d33b42b2222f""}]"	"{""lemma_id"": ""lemma:6676424b22b6b9e0bfc1"", ""word"": ""arreglártelos"", ""normalized"": ""arreglártelos"", ""search_form"": ""arreglartelos"", ""rank"": 431940, ""frequency_score"": 0.04529710280721981, ""category_breakdown"": {""subtitles"": {""ipm_values"": [0.002806, 0.002371], ""category_ipm"": 0.0025884999999999997, ""category_score"": 0.04529710280721981}}, ""sources"": [{""id"": ""subtitles/hermit_2016_es_full_lemmatized_ipm6_spacy_lookup_cleaned_v8.json"", ""file"": ""hermit_2016_es_full_lemmatized_ipm6_spacy_lookup_cleaned_v8.json"", ""category"": ""subtitles"", ""ipm"": 0.002806}, {""id"": ""subtitles/hermit_2018_es_full_lemmatized_ipm6_spacy_lookup_cleaned_v8.json"", ""file"": ""hermit_2018_es_full_lemmatized_ipm6_spacy_lookup_cleaned_v8.json"", ""category"": ""subtitles"", ""ipm"": 0.002371}], ""corpus_quality"": {""status"": ""accepted"", ""reasons"": []}, ""components"": [{""surface"": ""artelos"", ""canonical_candidate"": ""artelos"", ""confidence"": 0.89, ""evidence"": [{""type"": ""compound_morphology"", ""source"": ""candidate_index"", ""path"": [""arreglartelos"", ""artelos"", ""artelos""], ""confidence"": 0.89}]}]}"
es	lemma:673cd6286d883e4f6d39	autorregular	accepted	accepted	regular	aggregate_only_not_sense_frequency	"[{""path"": ""associativvordes/family-index-v5/members/es/44.json.gz"", ""family_id"": ""surface:es:regular"", ""record_sha256"": ""ac61ec9ff6faacb3643047258c0a5ab1c8e4be9eb60af616165234b369806bc5""}, {""path"": ""associativvordes/family-index-v5/members/es/bb.json.gz"", ""family_id"": ""surface:es:autorreg"", ""record_sha256"": ""2c4af6f8c556ded1b3c8314534f17af772871c590e84ceac95ef5f691c32fe5e""}]"	"{""lemma_id"": ""lemma:673cd6286d883e4f6d39"", ""word"": ""autorregular"", ""normalized"": ""autorregular"", ""search_form"": ""autorregular"", ""rank"": 119861, ""frequency_score"": 0.6200668092271899, ""category_breakdown"": {""subtitles"": {""ipm_values"": [0.036481, 0.035562], ""category_ipm"": 0.0360215, ""category_score"": 0.6200668092271899}}, ""sources"": [{""id"": ""subtitles/hermit_2016_es_full_lemmatized_ipm6_spacy_lookup_cleaned_v8.json"", ""file"": ""hermit_2016_es_full_lemmatized_ipm6_spacy_lookup_cleaned_v8.json"", ""category"": ""subtitles"", ""ipm"": 0.036481}, {""id"": ""subtitles/hermit_2018_es_full_lemmatized_ipm6_spacy_lookup_cleaned_v8.json"", ""file"": ""hermit_2018_es_full_lemmatized_ipm6_spacy_lookup_cleaned_v8.json"", ""category"": ""subtitles"", ""ipm"": 0.035562}], ""corpus_quality"": {""status"": ""accepted"", ""reasons"": []}, ""components"": [{""surface"": ""regular"", ""canonical_candidate"": ""regular"", ""confidence"": 0.89, ""evidence"": [{""type"": ""compound_morphology"", ""source"": ""candidate_index"", ""path"": [""autorregular"", ""regular"", ""regular""], ""confidence"": 0.89}]}]}"
es	lemma:676e08994d8b86a37e27	reglamentista	uncertain	not_admitted_candidate		aggregate_only_not_sense_frequency	"[{""path"": ""associativvordes/family-index-v5/members/es/47.json.gz"", ""family_id"": ""surface:es:reglamentist"", ""record_sha256"": ""ce57faff66ffe99a35c1420eff913308c4ff0ccb961eadcca50a0a0dce7eabc4""}, {""path"": ""associativvordes/family-index-v5/members/es/57.json.gz"", ""family_id"": ""surface:es:ista"", ""record_sha256"": ""9b235e8c4eb6c61e88dce24e56071abe0cad7b2475e3e89fdea6b08be0c3aa6d""}]"	"{""lemma_id"": ""lemma:676e08994d8b86a37e27"", ""word"": ""reglamentista"", ""normalized"": ""reglamentista"", ""search_form"": ""reglamentista"", ""rank"": 755069, ""frequency_score"": 0.041495494299664135, ""category_breakdown"": {""subtitles"": {""ipm_values"": [0.002371], ""category_ipm"": 0.002371, ""category_score"": 0.041495494299664135}}, ""sources"": [{""id"": ""subtitles/hermit_2018_es_full_lemmatized_ipm6_spacy_lookup_cleaned_v8.json"", ""file"": ""hermit_2018_es_full_lemmatized_ipm6_spacy_lookup_cleaned_v8.json"", ""category"": ""subtitles"", ""ipm"": 0.002371}], ""corpus_quality"": {""status"": ""accepted"", ""reasons"": []}, ""components"": [{""surface"": ""reglamentist"", ""canonical_candidate"": ""reglamentist"", ""confidence"": 0.92, ""evidence"": [{""type"": ""morphological_parse"", ""source"": ""candidate_index"", ""path"": [""reglamentista"", ""reglamentist"", ""reglamentist""], ""confidence"": 0.92}]}]}"
es	lemma:677ed76222c2b91175a7	regolita	uncertain	not_admitted_candidate		aggregate_only_not_sense_frequency	"[{""path"": ""associativvordes/family-index-v5/members/es/20.json.gz"", ""family_id"": ""surface:es:lita"", ""record_sha256"": ""292f9582d6aa803c2c6c63d4529b163e178cd3338bb53b5ebfcd597fe943e456""}, {""path"": ""associativvordes/family-index-v5/members/es/54.json.gz"", ""family_id"": ""surface:es:regolit"", ""record_sha256"": ""e900e38353fb2f63f5da2ed66971d4d845c60659fa882c0f93aa62c3906a01d7""}]"	"{""lemma_id"": ""lemma:677ed76222c2b91175a7"", ""word"": ""regolita"", ""normalized"": ""regolita"", ""search_form"": ""regolita"", ""rank"": 291202, ""frequency_score"": 0.13554151465136516, ""category_breakdown"": {""subtitles"": {""ipm_values"": [0.008419, 0.007112], ""category_ipm"": 0.0077655, ""category_score"": 0.13554151465136516}}, ""sources"": [{""id"": ""subtitles/hermit_2016_es_full_lemmatized_ipm6_spacy_lookup_cleaned_v8.json"", ""file"": ""hermit_2016_es_full_lemmatized_ipm6_spacy_lookup_cleaned_v8.json"", ""category"": ""subtitles"", ""ipm"": 0.008419}, {""id"": ""subtitles/hermit_2018_es_full_lemmatized_ipm6_spacy_lookup_cleaned_v8.json"", ""file"": ""hermit_2018_es_full_lemmatized_ipm6_spacy_lookup_cleaned_v8.json"", ""category"": ""subtitles"", ""ipm"": 0.007112}], ""corpus_quality"": {""status"": ""accepted"", ""reasons"": []}, ""components"": [{""surface"": ""lita"", ""canonical_candidate"": ""lita"", ""confidence"": 0.89, ""evidence"": [{""type"": ""compound_morphology"", ""source"": ""candidate_index"", ""path"": [""regolita"", ""lita"", ""lita""], ""confidence"": 0.89}]}]}"
es	lemma:678e31a722ff0e5d0cc9	arréglemela	uncertain	not_admitted_candidate		aggregate_only_not_sense_frequency	"[{""path"": ""associativvordes/family-index-v5/members/es/da.json.gz"", ""family_id"": ""surface:es:arreglemel"", ""record_sha256"": ""1acb2835f04ace2fffe6d93a04e2db5590b4225d9b7ee7ef0af88a3d4fdecfca""}]"	"{""lemma_id"": ""lemma:678e31a722ff0e5d0cc9"", ""word"": ""arréglemela"", ""normalized"": ""arréglemela"", ""search_form"": ""arreglemela"", ""rank"": 432650, ""frequency_score"": 0.04529710280721981, ""category_breakdown"": {""subtitles"": {""ipm_values"": [0.002806, 0.002371], ""category_ipm"": 0.0025884999999999997, ""category_score"": 0.04529710280721981}}, ""sources"": [{""id"": ""subtitles/hermit_2016_es_full_lemmatized_ipm6_spacy_lookup_cleaned_v8.json"", ""file"": ""hermit_2016_es_full_lemmatized_ipm6_spacy_lookup_cleaned_v8.json"", ""category"": ""subtitles"", ""ipm"": 0.002806}, {""id"": ""subtitles/hermit_2018_es_full_lemmatized_ipm6_spacy_lookup_cleaned_v8.json"", ""file"": ""hermit_2018_es_full_lemmatized_ipm6_spacy_lookup_cleaned_v8.json"", ""category"": ""subtitles"", ""ipm"": 0.002371}], ""corpus_quality"": {""status"": ""accepted"", ""reasons"": []}, ""components"": [{""surface"": ""arreglemel"", ""canonical_candidate"": ""arreglemel"", ""confidence"": 0.92, ""evidence"": [{""type"": ""morphological_parse"", ""source"": ""candidate_index"", ""path"": [""arreglemela"", ""arreglemel"", ""arreglemel""], ""confidence"": 0.92}]}]}"
es	lemma:679f825025953a446b3e	desarreglo	uncertain	not_admitted_candidate		aggregate_only_not_sense_frequency	"[{""path"": ""associativvordes/family-index-v5/members/es/7a.json.gz"", ""family_id"": ""surface:es:arreglo"", ""record_sha256"": ""d98de5fc735f01dc5e409c785feb8adc28f2c74eb6896d5bd0a025f14220a13c""}, {""path"": ""associativvordes/family-index-v5/members/es/99.json.gz"", ""family_id"": ""surface:es:desarregl"", ""record_sha256"": ""7b2450e8a41b16d67aea15ee2f91fce299622423c64e50441132502d7b1dcb24""}]"	"{""lemma_id"": ""lemma:679f825025953a446b3e"", ""word"": ""desarreglo"", ""normalized"": ""desarreglo"", ""search_form"": ""desarreglo"", ""rank"": 111496, ""frequency_score"": 0.7074062287037796, ""category_breakdown"": {""subtitles"": {""ipm_values"": [0.042094, 0.040303], ""category_ipm"": 0.0411985, ""category_score"": 0.7074062287037796}}, ""sources"": [{""id"": ""subtitles/hermit_2016_es_full_lemmatized_ipm6_spacy_lookup_cleaned_v8.json"", ""file"": ""hermit_2016_es_full_lemmatized_ipm6_spacy_lookup_cleaned_v8.json"", ""category"": ""subtitles"", ""ipm"": 0.042094}, {""id"": ""subtitles/hermit_2018_es_full_lemmatized_ipm6_spacy_lookup_cleaned_v8.json"", ""file"": ""hermit_2018_es_full_lemmatized_ipm6_spacy_lookup_cleaned_v8.json"", ""category"": ""subtitles"", ""ipm"": 0.040303}], ""corpus_quality"": {""status"": ""accepted"", ""reasons"": []}, ""components"": [{""surface"": ""arreglo"", ""canonical_candidate"": ""arreglo"", ""confidence"": 0.89, ""evidence"": [{""type"": ""compound_morphology"", ""source"": ""candidate_index"", ""path"": [""desarreglo"", ""arreglo"", ""arreglo""], ""confidence"": 0.89}]}]}"
es	lemma:67e79d7f1dda346561e0	arregláoslas	uncertain	not_admitted_candidate		aggregate_only_not_sense_frequency	"[{""path"": ""associativvordes/family-index-v5/members/es/c2.json.gz"", ""family_id"": ""surface:es:arreglaosl"", ""record_sha256"": ""8b76841e7fb77dd46ac5633d3b50efe3f01d20e6769217f7ce4ba471bf576c9c""}]"	"{""lemma_id"": ""lemma:67e79d7f1dda346561e0"", ""word"": ""arregláoslas"", ""normalized"": ""arregláoslas"", ""search_form"": ""arreglaoslas"", ""rank"": 138010, ""frequency_score"": 0.447786244018581, ""category_breakdown"": {""subtitles"": {""ipm_values"": [0.028062, 0.023708], ""category_ipm"": 0.025885, ""category_score"": 0.447786244018581}}, ""sources"": [{""id"": ""subtitles/hermit_2016_es_full_lemmatized_ipm6_spacy_lookup_cleaned_v8.json"", ""file"": ""hermit_2016_es_full_lemmatized_ipm6_spacy_lookup_cleaned_v8.json"", ""category"": ""subtitles"", ""ipm"": 0.028062}, {""id"": ""subtitles/hermit_2018_es_full_lemmatized_ipm6_spacy_lookup_cleaned_v8.json"", ""file"": ""hermit_2018_es_full_lemmatized_ipm6_spacy_lookup_cleaned_v8.json"", ""category"": ""subtitles"", ""ipm"": 0.023708}], ""corpus_quality"": {""status"": ""accepted"", ""reasons"": []}, ""components"": [{""surface"": ""arreglaosl"", ""canonical_candidate"": ""arreglaosl"", ""confidence"": 0.92, ""evidence"": [{""type"": ""morphological_parse"", ""source"": ""candidate_index"", ""path"": [""arreglaoslas"", ""arreglaosl"", ""arreglaosl""], ""confidence"": 0.92}]}]}"
es	lemma:680a83ce528cd3a6a5d9	arrreglar	uncertain	not_admitted_candidate		aggregate_only_not_sense_frequency	"[{""path"": ""associativvordes/family-index-v5/members/es/5b.json.gz"", ""family_id"": ""surface:es:arr"", ""record_sha256"": ""debb89a2aaac5f001ca378e4dadde6b9f330e500de590cbc7650e5fd6c3931cb""}, {""path"": ""associativvordes/family-index-v5/members/es/8c.json.gz"", ""family_id"": ""surface:es:glar"", ""record_sha256"": ""17f5f327a2cfcdf4d87f9b968aa76e31517f4b8c00ad0cf025f383a679761f40""}, {""path"": ""associativvordes/family-index-v5/members/es/b2.json.gz"", ""family_id"": ""surface:es:reg"", ""record_sha256"": ""d790559934cd70108313e5137fce88b992249edee3a5d9b2aaf0c69d2a6b2fad""}]"	"{""lemma_id"": ""lemma:680a83ce528cd3a6a5d9"", ""word"": ""arrreglar"", ""normalized"": ""arrreglar"", ""search_form"": ""arrreglar"", ""rank"": 255705, ""frequency_score"": 0.13554151465136516, ""category_breakdown"": {""subtitles"": {""ipm_values"": [0.008419, 0.007112], ""category_ipm"": 0.0077655, ""category_score"": 0.13554151465136516}}, ""sources"": [{""id"": ""subtitles/hermit_2016_es_full_lemmatized_ipm6_spacy_lookup_cleaned_v8.json"", ""file"": ""hermit_2016_es_full_lemmatized_ipm6_spacy_lookup_cleaned_v8.json"", ""category"": ""subtitles"", ""ipm"": 0.008419}, {""id"": ""subtitles/hermit_2018_es_full_lemmatized_ipm6_spacy_lookup_cleaned_v8.json"", ""file"": ""hermit_2018_es_full_lemmatized_ipm6_spacy_lookup_cleaned_v8.json"", ""category"": ""subtitles"", ""ipm"": 0.007112}], ""corpus_quality"": {""status"": ""accepted"", ""reasons"": []}, ""components"": [{""surface"": ""arr"", ""canonical_candidate"": ""arr"", ""confidence"": 0.81, ""evidence"": [{""type"": ""compound_morphology"", ""source"": ""candidate_index"", ""path"": [""arrreglar"", ""arr"", ""arr""], ""confidence"": 0.81}]}]}"
es	lemma:680c2e47a66d1be27c28	arréglarelas	uncertain	not_admitted_candidate		aggregate_only_not_sense_frequency	"[{""path"": ""associativvordes/family-index-v5/members/es/0f.json.gz"", ""family_id"": ""surface:es:arreglarel"", ""record_sha256"": ""0e03ac6dad4c22f3148466d02992662318ef7783a03ffec3eafde34455d94073""}]"	"{""lemma_id"": ""lemma:680c2e47a66d1be27c28"", ""word"": ""arréglarelas"", ""normalized"": ""arréglarelas"", ""search_form"": ""arreglarelas"", ""rank"": 472280, ""frequency_score"": 0.041495494299664135, ""category_breakdown"": {""subtitles"": {""ipm_values"": [0.002371], ""category_ipm"": 0.002371, ""category_score"": 0.041495494299664135}}, ""sources"": [{""id"": ""subtitles/hermit_2018_es_full_lemmatized_ipm6_spacy_lookup_cleaned_v8.json"", ""file"": ""hermit_2018_es_full_lemmatized_ipm6_spacy_lookup_cleaned_v8.json"", ""category"": ""subtitles"", ""ipm"": 0.002371}], ""corpus_quality"": {""status"": ""accepted"", ""reasons"": []}, ""components"": [{""surface"": ""arreglarel"", ""canonical_candidate"": ""arreglarel"", ""confidence"": 0.92, ""evidence"": [{""type"": ""morphological_parse"", ""source"": ""candidate_index"", ""path"": [""arreglarelas"", ""arreglarel"", ""arreglarel""], ""confidence"": 0.92}]}]}"
es	lemma:68b83cf9d09c0d9897c4	pedregullos	excluded	removed_historical_excluded		aggregate_only_not_sense_frequency	"[{""path"": ""associativvordes/family-index-v5/members/es/40.json.gz"", ""family_id"": ""family:regul"", ""record_sha256"": ""f02843b888122167856ec2c37d5ae914b01e72e9dba3af748b50e6eb5727c510""}, {""path"": ""associativvordes/family-index-v5/members/es/61.json.gz"", ""family_id"": ""surface:es:ullos"", ""record_sha256"": ""5f543481ae1eaed5f02693bcfbd51d8380a227839537607aa8c603d954449ad7""}, {""path"": ""associativvordes/family-index-v5/members/es/d4.json.gz"", ""family_id"": ""surface:es:pedregull"", ""record_sha256"": ""cb4c56e19be28d870581a71db5d66522cac51c9650cbae1b21f3b3292a32dd30""}]"	"{""lemma_id"": ""lemma:68b83cf9d09c0d9897c4"", ""word"": ""pedregullos"", ""normalized"": ""pedregullos"", ""search_form"": ""pedregullos"", ""rank"": 375778, ""frequency_score"": 0.090477407431868, ""category_breakdown"": {""subtitles"": {""ipm_values"": [0.005612, 0.004742], ""category_ipm"": 0.005176999999999999, ""category_score"": 0.090477407431868}}, ""sources"": [{""id"": ""subtitles/hermit_2016_es_full_lemmatized_ipm6_spacy_lookup_cleaned_v8.json"", ""file"": ""hermit_2016_es_full_lemmatized_ipm6_spacy_lookup_cleaned_v8.json"", ""category"": ""subtitles"", ""ipm"": 0.005612}, {""id"": ""subtitles/hermit_2018_es_full_lemmatized_ipm6_spacy_lookup_cleaned_v8.json"", ""file"": ""hermit_2018_es_full_lemmatized_ipm6_spacy_lookup_cleaned_v8.json"", ""category"": ""subtitles"", ""ipm"": 0.004742}], ""corpus_quality"": {""status"": ""accepted"", ""reasons"": []}, ""components"": [{""surface"": ""regul"", ""canonical_candidate"": ""regul"", ""confidence"": 0.97, ""evidence"": [{""type"": ""compound_morphology"", ""source"": ""manually_verified"", ""path"": [""pedregullos"", ""regul"", ""regul""], ""confidence"": 0.97}, {""type"": ""verified_seed_alias"", ""source"": ""methodology_control_seed"", ""path"": [""es"", ""regul"", ""family:regul""], ""confidence"": 1}]}]}"
es	lemma:6a291ac0f9c84e682573	dearreglarla	uncertain	not_admitted_candidate		aggregate_only_not_sense_frequency	"[{""path"": ""associativvordes/family-index-v5/members/es/db.json.gz"", ""family_id"": ""surface:es:dearreglarl"", ""record_sha256"": ""db889f7203f5b023bdeffb0c7ddd773b060d740154ed3185b256be37152dfdfb""}]"	"{""lemma_id"": ""lemma:6a291ac0f9c84e682573"", ""word"": ""dearreglarla"", ""normalized"": ""dearreglarla"", ""search_form"": ""dearreglarla"", ""rank"": 537077, ""frequency_score"": 0.041495494299664135, ""category_breakdown"": {""subtitles"": {""ipm_values"": [0.002371], ""category_ipm"": 0.002371, ""category_score"": 0.041495494299664135}}, ""sources"": [{""id"": ""subtitles/hermit_2018_es_full_lemmatized_ipm6_spacy_lookup_cleaned_v8.json"", ""file"": ""hermit_2018_es_full_lemmatized_ipm6_spacy_lookup_cleaned_v8.json"", ""category"": ""subtitles"", ""ipm"": 0.002371}], ""corpus_quality"": {""status"": ""accepted"", ""reasons"": []}, ""components"": [{""surface"": ""dearreglarl"", ""canonical_candidate"": ""dearreglarl"", ""confidence"": 0.92, ""evidence"": [{""type"": ""morphological_parse"", ""source"": ""candidate_index"", ""path"": [""dearreglarla"", ""dearreglarl"", ""dearreglarl""], ""confidence"": 0.92}]}]}"
es	lemma:6a563baaae6b1ad5b4c1	rregular	uncertain	not_admitted_candidate		aggregate_only_not_sense_frequency	"[{""path"": ""associativvordes/family-index-v5/members/es/76.json.gz"", ""family_id"": ""surface:es:ular"", ""record_sha256"": ""c5801e7fd9de4ccf847b19bfab69a3df65f0fd4b541e216ba1d5a8b7d8723d78""}, {""path"": ""associativvordes/family-index-v5/members/es/b3.json.gz"", ""family_id"": ""surface:es:rre"", ""record_sha256"": ""6a9d4209f58042bbd44272db09388d9c3e74b942ac97355b81f7aa1cae773532""}]"	"{""lemma_id"": ""lemma:6a563baaae6b1ad5b4c1"", ""word"": ""rregular"", ""normalized"": ""rregular"", ""search_form"": ""rregular"", ""rank"": 702213, ""frequency_score"": 0.04909788668913623, ""category_breakdown"": {""subtitles"": {""ipm_values"": [0.002806], ""category_ipm"": 0.002806, ""category_score"": 0.04909788668913623}}, ""sources"": [{""id"": ""subtitles/hermit_2016_es_full_lemmatized_ipm6_spacy_lookup_cleaned_v8.json"", ""file"": ""hermit_2016_es_full_lemmatized_ipm6_spacy_lookup_cleaned_v8.json"", ""category"": ""subtitles"", ""ipm"": 0.002806}], ""corpus_quality"": {""status"": ""accepted"", ""reasons"": []}, ""components"": [{""surface"": ""ular"", ""canonical_candidate"": ""ular"", ""confidence"": 0.89, ""evidence"": [{""type"": ""compound_morphology"", ""source"": ""candidate_index"", ""path"": [""rregular"", ""ular"", ""ular""], ""confidence"": 0.89}]}]}"
es	lemma:6b0e606f76d1816b71d2	arreglarémos	uncertain	not_admitted_candidate		aggregate_only_not_sense_frequency	"[{""path"": ""associativvordes/family-index-v5/members/es/46.json.gz"", ""family_id"": ""surface:es:remos"", ""record_sha256"": ""431e4efdd592b21f52f14e7f5339dbca4ffc2b6d7cf77d90a639460b29e38381""}, {""path"": ""associativvordes/family-index-v5/members/es/7c.json.gz"", ""family_id"": ""surface:es:arreglarem"", ""record_sha256"": ""e3b2ed7170b7c607027fa29b4fed1eba0facd375e707c695230cc462dd1c6a5f""}]"	"{""lemma_id"": ""lemma:6b0e606f76d1816b71d2"", ""word"": ""arreglarémos"", ""normalized"": ""arreglarémos"", ""search_form"": ""arreglaremos"", ""rank"": 431911, ""frequency_score"": 0.04529710280721981, ""category_breakdown"": {""subtitles"": {""ipm_values"": [0.002806, 0.002371], ""category_ipm"": 0.0025884999999999997, ""category_score"": 0.04529710280721981}}, ""sources"": [{""id"": ""subtitles/hermit_2016_es_full_lemmatized_ipm6_spacy_lookup_cleaned_v8.json"", ""file"": ""hermit_2016_es_full_lemmatized_ipm6_spacy_lookup_cleaned_v8.json"", ""category"": ""subtitles"", ""ipm"": 0.002806}, {""id"": ""subtitles/hermit_2018_es_full_lemmatized_ipm6_spacy_lookup_cleaned_v8.json"", ""file"": ""hermit_2018_es_full_lemmatized_ipm6_spacy_lookup_cleaned_v8.json"", ""category"": ""subtitles"", ""ipm"": 0.002371}], ""corpus_quality"": {""status"": ""accepted"", ""reasons"": []}, ""components"": [{""surface"": ""remos"", ""canonical_candidate"": ""remos"", ""confidence"": 0.89, ""evidence"": [{""type"": ""compound_morphology"", ""source"": ""candidate_index"", ""path"": [""arreglaremos"", ""remos"", ""remos""], ""confidence"": 0.89}]}]}"
es	lemma:6b7caf6dac28abc7e4cc	disregulación	uncertain	withheld_historical_uncertain		aggregate_only_not_sense_frequency	"[{""path"": ""associativvordes/family-index-v5/members/es/40.json.gz"", ""family_id"": ""family:regul"", ""record_sha256"": ""63fa40ad0f76f79f389bf0c9f99922dc38fcdbd5e667ae894b3bced6a4d71837""}, {""path"": ""associativvordes/family-index-v5/members/es/63.json.gz"", ""family_id"": ""surface:es:regulacion"", ""record_sha256"": ""f0117e707203d26a8e8e13217e1c4def90aeb4df129eb0eda757d207cfad8253""}, {""path"": ""associativvordes/family-index-v5/members/es/73.json.gz"", ""family_id"": ""surface:es:disregulac"", ""record_sha256"": ""9828e5de9c2b1e2e2a394999d3540564dbfffa3c62917bc76859fde5e17198bc""}]"	"{""lemma_id"": ""lemma:6b7caf6dac28abc7e4cc"", ""word"": ""disregulación"", ""normalized"": ""disregulación"", ""search_form"": ""disregulacion"", ""rank"": 507746, ""frequency_score"": 0.04909788668913623, ""category_breakdown"": {""subtitles"": {""ipm_values"": [0.002806], ""category_ipm"": 0.002806, ""category_score"": 0.04909788668913623}}, ""sources"": [{""id"": ""subtitles/hermit_2016_es_full_lemmatized_ipm6_spacy_lookup_cleaned_v8.json"", ""file"": ""hermit_2016_es_full_lemmatized_ipm6_spacy_lookup_cleaned_v8.json"", ""category"": ""subtitles"", ""ipm"": 0.002806}], ""corpus_quality"": {""status"": ""accepted"", ""reasons"": []}, ""components"": [{""surface"": ""regul"", ""canonical_candidate"": ""regul"", ""confidence"": 1, ""evidence"": [{""type"": ""compound_morphology"", ""source"": ""manually_verified"", ""path"": [""disregulacion"", ""regul"", ""regul""], ""confidence"": 1}, {""type"": ""verified_seed_alias"", ""source"": ""methodology_control_seed"", ""path"": [""es"", ""regul"", ""family:regul""], ""confidence"": 1}]}]}"
es	lemma:6bc377dcde75470262ab	arreglarsela	uncertain	not_admitted_candidate		aggregate_only_not_sense_frequency	"[{""path"": ""associativvordes/family-index-v5/members/es/f6.json.gz"", ""family_id"": ""surface:es:arreglarsel"", ""record_sha256"": ""288e062de3483e9bf927ad9a77c31ce89576fa7f850c718132161cf05213895a""}]"	"{""lemma_id"": ""lemma:6bc377dcde75470262ab"", ""word"": ""arreglarsela"", ""normalized"": ""arreglarsela"", ""search_form"": ""arreglarsela"", ""rank"": 242583, ""frequency_score"": 0.15614166969400384, ""category_breakdown"": {""subtitles"": {""ipm_values"": [0.008419, 0.009483], ""category_ipm"": 0.008951, ""category_score"": 0.15614166969400384}}, ""sources"": [{""id"": ""subtitles/hermit_2016_es_full_lemmatized_ipm6_spacy_lookup_cleaned_v8.json"", ""file"": ""hermit_2016_es_full_lemmatized_ipm6_spacy_lookup_cleaned_v8.json"", ""category"": ""subtitles"", ""ipm"": 0.008419}, {""id"": ""subtitles/hermit_2018_es_full_lemmatized_ipm6_spacy_lookup_cleaned_v8.json"", ""file"": ""hermit_2018_es_full_lemmatized_ipm6_spacy_lookup_cleaned_v8.json"", ""category"": ""subtitles"", ""ipm"": 0.009483}], ""corpus_quality"": {""status"": ""accepted"", ""reasons"": []}, ""components"": [{""surface"": ""arreglarsel"", ""canonical_candidate"": ""arreglarsel"", ""confidence"": 0.92, ""evidence"": [{""type"": ""morphological_parse"", ""source"": ""candidate_index"", ""path"": [""arreglarsela"", ""arreglarsel"", ""arreglarsel""], ""confidence"": 0.92}]}]}"
es	lemma:6c1a47008335eb0d3a02	regulado	accepted	accepted	regular	aggregate_only_not_sense_frequency	"[{""path"": ""associativvordes/family-index-v5/members/es/02.json.gz"", ""family_id"": ""surface:es:lado"", ""record_sha256"": ""780adb3f73cce284620cf62a483cfe213d46d7175ad15bca704483cb866971f4""}, {""path"": ""associativvordes/family-index-v5/members/es/40.json.gz"", ""family_id"": ""family:regul"", ""record_sha256"": ""9f8f270b55258933a1e25181c4457f28e9bc993c78ea1eb2e069e1e4cb4e4e77""}, {""path"": ""associativvordes/family-index-v5/members/es/4e.json.gz"", ""family_id"": ""surface:es:regulad"", ""record_sha256"": ""98b1ef5b81cb5500a2eae5333d5a66fce1a6b40f6cb336c308cb2ccf617bed32""}]"	"{""lemma_id"": ""lemma:6c1a47008335eb0d3a02"", ""word"": ""regulado"", ""normalized"": ""regulado"", ""search_form"": ""regulado"", ""rank"": 13135, ""frequency_score"": 21.85582414632256, ""category_breakdown"": {""mixed"": {""ipm_values"": [2.481057], ""category_ipm"": 2.481057, ""category_score"": 21.85582414632256}}, ""sources"": [{""id"": ""mixed/es_wordlist.lemmatized_stanza_ipm6.json"", ""file"": ""es_wordlist.lemmatized_stanza_ipm6.json"", ""category"": ""mixed"", ""ipm"": 2.481057}], ""corpus_quality"": {""status"": ""accepted"", ""reasons"": []}, ""components"": [{""surface"": ""lado"", ""canonical_candidate"": ""lado"", ""confidence"": 0.89, ""evidence"": [{""type"": ""compound_morphology"", ""source"": ""candidate_index"", ""path"": [""regulado"", ""lado"", ""lado""], ""confidence"": 0.89}]}]}"
es	lemma:6ddab04c613facfc514d	earreglado	uncertain	not_admitted_candidate		aggregate_only_not_sense_frequency	"[{""path"": ""associativvordes/family-index-v5/members/es/02.json.gz"", ""family_id"": ""surface:es:lado"", ""record_sha256"": ""e84e87f81197a9bc559e1af74471b1409cb7e8392cbe8de6839f248d8f516b7a""}, {""path"": ""associativvordes/family-index-v5/members/es/37.json.gz"", ""family_id"": ""surface:es:earreglad"", ""record_sha256"": ""89296fc02b2f87a5c5bdac0c918d7ae39f2e3f16adbb3312d9b2fed0267bdef6""}]"	"{""lemma_id"": ""lemma:6ddab04c613facfc514d"", ""word"": ""earreglado"", ""normalized"": ""earreglado"", ""search_form"": ""earreglado"", ""rank"": 560885, ""frequency_score"": 0.041495494299664135, ""category_breakdown"": {""subtitles"": {""ipm_values"": [0.002371], ""category_ipm"": 0.002371, ""category_score"": 0.041495494299664135}}, ""sources"": [{""id"": ""subtitles/hermit_2018_es_full_lemmatized_ipm6_spacy_lookup_cleaned_v8.json"", ""file"": ""hermit_2018_es_full_lemmatized_ipm6_spacy_lookup_cleaned_v8.json"", ""category"": ""subtitles"", ""ipm"": 0.002371}], ""corpus_quality"": {""status"": ""accepted"", ""reasons"": []}, ""components"": [{""surface"": ""lado"", ""canonical_candidate"": ""lado"", ""confidence"": 0.89, ""evidence"": [{""type"": ""compound_morphology"", ""source"": ""candidate_index"", ""path"": [""earreglado"", ""lado"", ""lado""], ""confidence"": 0.89}]}]}"
es	lemma:6df79ee20fb93a728841	regulaciónes	uncertain	withheld_historical_uncertain		aggregate_only_not_sense_frequency	"[{""path"": ""associativvordes/family-index-v5/members/es/40.json.gz"", ""family_id"": ""family:regul"", ""record_sha256"": ""7e648bdfb4759c07fdd271f1f958e04ac352ff58c77a51d2ce2b33971349da15""}, {""path"": ""associativvordes/family-index-v5/members/es/63.json.gz"", ""family_id"": ""surface:es:regulacion"", ""record_sha256"": ""257a92ab8080954153ad62fc86bebe6869a9050245976a91eb663340dff4a72a""}]"	"{""lemma_id"": ""lemma:6df79ee20fb93a728841"", ""word"": ""regulaciónes"", ""normalized"": ""regulaciónes"", ""search_form"": ""regulaciones"", ""rank"": 692048, ""frequency_score"": 0.04529710280721981, ""category_breakdown"": {""subtitles"": {""ipm_values"": [0.002806, 0.002371], ""category_ipm"": 0.0025884999999999997, ""category_score"": 0.04529710280721981}}, ""sources"": [{""id"": ""subtitles/hermit_2016_es_full_lemmatized_ipm6_spacy_lookup_cleaned_v8.json"", ""file"": ""hermit_2016_es_full_lemmatized_ipm6_spacy_lookup_cleaned_v8.json"", ""category"": ""subtitles"", ""ipm"": 0.002806}, {""id"": ""subtitles/hermit_2018_es_full_lemmatized_ipm6_spacy_lookup_cleaned_v8.json"", ""file"": ""hermit_2018_es_full_lemmatized_ipm6_spacy_lookup_cleaned_v8.json"", ""category"": ""subtitles"", ""ipm"": 0.002371}], ""corpus_quality"": {""status"": ""accepted"", ""reasons"": []}, ""components"": [{""surface"": ""regul"", ""canonical_candidate"": ""regul"", ""confidence"": 1, ""evidence"": [{""type"": ""compound_morphology"", ""source"": ""manually_verified"", ""path"": [""regulaciones"", ""regul"", ""regul""], ""confidence"": 1}, {""type"": ""verified_seed_alias"", ""source"": ""methodology_control_seed"", ""path"": [""es"", ""regul"", ""family:regul""], ""confidence"": 1}]}]}"
es	lemma:6e55c1d004f62a24d4a4	arreglararé	uncertain	not_admitted_candidate		aggregate_only_not_sense_frequency	"[{""path"": ""associativvordes/family-index-v5/members/es/26.json.gz"", ""family_id"": ""surface:es:arreglar"", ""record_sha256"": ""4e237aa82da403daf19fdfcc5b3e37855e59e1e6b98bf7caa3180aebf795da6c""}, {""path"": ""associativvordes/family-index-v5/members/es/f8.json.gz"", ""family_id"": ""surface:es:rare"", ""record_sha256"": ""613a4883caca515ebda27827d81ab2e9d02058178b90c15f97477ca7229a639d""}]"	"{""lemma_id"": ""lemma:6e55c1d004f62a24d4a4"", ""word"": ""arreglararé"", ""normalized"": ""arreglararé"", ""search_form"": ""arreglarare"", ""rank"": 431899, ""frequency_score"": 0.04529710280721981, ""category_breakdown"": {""subtitles"": {""ipm_values"": [0.002806, 0.002371], ""category_ipm"": 0.0025884999999999997, ""category_score"": 0.04529710280721981}}, ""sources"": [{""id"": ""subtitles/hermit_2016_es_full_lemmatized_ipm6_spacy_lookup_cleaned_v8.json"", ""file"": ""hermit_2016_es_full_lemmatized_ipm6_spacy_lookup_cleaned_v8.json"", ""category"": ""subtitles"", ""ipm"": 0.002806}, {""id"": ""subtitles/hermit_2018_es_full_lemmatized_ipm6_spacy_lookup_cleaned_v8.json"", ""file"": ""hermit_2018_es_full_lemmatized_ipm6_spacy_lookup_cleaned_v8.json"", ""category"": ""subtitles"", ""ipm"": 0.002371}], ""corpus_quality"": {""status"": ""accepted"", ""reasons"": []}, ""components"": [{""surface"": ""arreglar"", ""canonical_candidate"": ""arreglar"", ""confidence"": 0.81, ""evidence"": [{""type"": ""compound_morphology"", ""source"": ""candidate_index"", ""path"": [""arreglarare"", ""arreglar"", ""arreglar""], ""confidence"": 0.81}]}]}"
es	lemma:70468c2176770a9ca67f	arregler	uncertain	not_admitted_candidate		aggregate_only_not_sense_frequency	"[{""path"": ""associativvordes/family-index-v5/members/es/47.json.gz"", ""family_id"": ""surface:es:arreg"", ""record_sha256"": ""13f502042164e078f7ca392895f560fe7f3aa0d92fbc09b66bc277aea590662d""}, {""path"": ""associativvordes/family-index-v5/members/es/eb.json.gz"", ""family_id"": ""surface:es:ler"", ""record_sha256"": ""b16d8937f38a968bc4db1768cd04f754cbe3f5418af32d2c6e12f8026ded870f""}]"	"{""lemma_id"": ""lemma:70468c2176770a9ca67f"", ""word"": ""arregler"", ""normalized"": ""arregler"", ""search_form"": ""arregler"", ""rank"": 431923, ""frequency_score"": 0.04529710280721981, ""category_breakdown"": {""subtitles"": {""ipm_values"": [0.002806, 0.002371], ""category_ipm"": 0.0025884999999999997, ""category_score"": 0.04529710280721981}}, ""sources"": [{""id"": ""subtitles/hermit_2016_es_full_lemmatized_ipm6_spacy_lookup_cleaned_v8.json"", ""file"": ""hermit_2016_es_full_lemmatized_ipm6_spacy_lookup_cleaned_v8.json"", ""category"": ""subtitles"", ""ipm"": 0.002806}, {""id"": ""subtitles/hermit_2018_es_full_lemmatized_ipm6_spacy_lookup_cleaned_v8.json"", ""file"": ""hermit_2018_es_full_lemmatized_ipm6_spacy_lookup_cleaned_v8.json"", ""category"": ""subtitles"", ""ipm"": 0.002371}], ""corpus_quality"": {""status"": ""accepted"", ""reasons"": []}, ""components"": [{""surface"": ""arreg"", ""canonical_candidate"": ""arreg"", ""confidence"": 0.81, ""evidence"": [{""type"": ""compound_morphology"", ""source"": ""candidate_index"", ""path"": [""arregler"", ""arreg"", ""arreg""], ""confidence"": 0.81}]}]}"
es	lemma:7098f1b858ec87aa581c	desregularizará	accepted	accepted	regularizar	aggregate_only_not_sense_frequency	"[{""path"": ""associativvordes/family-index-v5/members/es/40.json.gz"", ""family_id"": ""family:regul"", ""record_sha256"": ""ba25f0f95e93fe1cb6140324f0af036e8efbd74d856758526de5b89caa437e89""}, {""path"": ""associativvordes/family-index-v5/members/es/48.json.gz"", ""family_id"": ""surface:es:desregularizar"", ""record_sha256"": ""274f4e1e384c01c47414c1fed40d54f1522459adb554d200232a5363f5103153""}, {""path"": ""associativvordes/family-index-v5/members/es/be.json.gz"", ""family_id"": ""surface:es:ara"", ""record_sha256"": ""9336639adb0f3d2b77b590cb4c54003c75fd33d472efcc398c0f4b1c18c4ca74""}]"	"{""lemma_id"": ""lemma:7098f1b858ec87aa581c"", ""word"": ""desregularizará"", ""normalized"": ""desregularizará"", ""search_form"": ""desregularizara"", ""rank"": 502148, ""frequency_score"": 0.04909788668913623, ""category_breakdown"": {""subtitles"": {""ipm_values"": [0.002806], ""category_ipm"": 0.002806, ""category_score"": 0.04909788668913623}}, ""sources"": [{""id"": ""subtitles/hermit_2016_es_full_lemmatized_ipm6_spacy_lookup_cleaned_v8.json"", ""file"": ""hermit_2016_es_full_lemmatized_ipm6_spacy_lookup_cleaned_v8.json"", ""category"": ""subtitles"", ""ipm"": 0.002806}], ""corpus_quality"": {""status"": ""accepted"", ""reasons"": []}, ""components"": [{""surface"": ""regul"", ""canonical_candidate"": ""regul"", ""confidence"": 0.97, ""evidence"": [{""type"": ""compound_morphology"", ""source"": ""manually_verified"", ""path"": [""desregularizara"", ""regul"", ""regul""], ""confidence"": 0.97}, {""type"": ""verified_seed_alias"", ""source"": ""methodology_control_seed"", ""path"": [""es"", ""regul"", ""family:regul""], ""confidence"": 1}]}]}"
es	lemma:70ba2b120f3908bffda1	arreglarlas	uncertain	not_admitted_candidate		aggregate_only_not_sense_frequency	"[{""path"": ""associativvordes/family-index-v5/members/es/7e.json.gz"", ""family_id"": ""surface:es:arreglarl"", ""record_sha256"": ""5fc1d9bc4d127f56a0a4dd8f2c84fc2674d0f7205711e1f821172cec76906f33""}]"	"{""lemma_id"": ""lemma:70ba2b120f3908bffda1"", ""word"": ""arreglarlas"", ""normalized"": ""arreglarlas"", ""search_form"": ""arreglarlas"", ""rank"": 32196, ""frequency_score"": 5.7657052313769785, ""category_breakdown"": {""subtitles"": {""ipm_values"": [0.392874, 0.386435], ""category_ipm"": 0.3896545, ""category_score"": 5.7657052313769785}}, ""sources"": [{""id"": ""subtitles/hermit_2016_es_full_lemmatized_ipm6_spacy_lookup_cleaned_v8.json"", ""file"": ""hermit_2016_es_full_lemmatized_ipm6_spacy_lookup_cleaned_v8.json"", ""category"": ""subtitles"", ""ipm"": 0.392874}, {""id"": ""subtitles/hermit_2018_es_full_lemmatized_ipm6_spacy_lookup_cleaned_v8.json"", ""file"": ""hermit_2018_es_full_lemmatized_ipm6_spacy_lookup_cleaned_v8.json"", ""category"": ""subtitles"", ""ipm"": 0.386435}], ""corpus_quality"": {""status"": ""accepted"", ""reasons"": []}, ""components"": [{""surface"": ""arreglarl"", ""canonical_candidate"": ""arreglarl"", ""confidence"": 0.92, ""evidence"": [{""type"": ""morphological_parse"", ""source"": ""candidate_index"", ""path"": [""arreglarlas"", ""arreglarl"", ""arreglarl""], ""confidence"": 0.92}]}]}"
es	lemma:70c02617a1260cbfc94b	regúlalo	accepted	accepted	regular	aggregate_only_not_sense_frequency	"[{""path"": ""associativvordes/family-index-v5/members/es/40.json.gz"", ""family_id"": ""family:regul"", ""record_sha256"": ""9fdbad95ab960798b86445d94a0e67a3633194e6ffb6d8d05d0cb4f631bb3641""}, {""path"": ""associativvordes/family-index-v5/members/es/b6.json.gz"", ""family_id"": ""surface:es:regulal"", ""record_sha256"": ""87b137c9d975a2a1d2965935ab6b37e22113d36066396d3ccd80f58f9c471aba""}, {""path"": ""associativvordes/family-index-v5/members/es/ba.json.gz"", ""family_id"": ""surface:es:lalo"", ""record_sha256"": ""dffb349e1b6cc6d98ee6e8ab89cebf8faec3cc73151fd50212c6db56521c4814""}]"	"{""lemma_id"": ""lemma:70c02617a1260cbfc94b"", ""word"": ""regúlalo"", ""normalized"": ""regúlalo"", ""search_form"": ""regulalo"", ""rank"": 291228, ""frequency_score"": 0.09427711870556565, ""category_breakdown"": {""subtitles"": {""ipm_values"": [0.008419, 0.002371], ""category_ipm"": 0.005395, ""category_score"": 0.09427711870556565}}, ""sources"": [{""id"": ""subtitles/hermit_2016_es_full_lemmatized_ipm6_spacy_lookup_cleaned_v8.json"", ""file"": ""hermit_2016_es_full_lemmatized_ipm6_spacy_lookup_cleaned_v8.json"", ""category"": ""subtitles"", ""ipm"": 0.008419}, {""id"": ""subtitles/hermit_2018_es_full_lemmatized_ipm6_spacy_lookup_cleaned_v8.json"", ""file"": ""hermit_2018_es_full_lemmatized_ipm6_spacy_lookup_cleaned_v8.json"", ""category"": ""subtitles"", ""ipm"": 0.002371}], ""corpus_quality"": {""status"": ""accepted"", ""reasons"": []}, ""components"": [{""surface"": ""regul"", ""canonical_candidate"": ""regul"", ""confidence"": 1, ""evidence"": [{""type"": ""compound_morphology"", ""source"": ""manually_verified"", ""path"": [""regulalo"", ""regul"", ""regul""], ""confidence"": 1}, {""type"": ""verified_seed_alias"", ""source"": ""methodology_control_seed"", ""path"": [""es"", ""regul"", ""family:regul""], ""confidence"": 1}]}]}"
es	lemma:70dbddfae4a3ed199dbe	arreglareé	uncertain	not_admitted_candidate		aggregate_only_not_sense_frequency	"[{""path"": ""associativvordes/family-index-v5/members/es/70.json.gz"", ""family_id"": ""surface:es:arregla"", ""record_sha256"": ""2fa6c98b917b4c39fe0acf7b9b3d83b931127ed48594b33f6dd729d24511f171""}, {""path"": ""associativvordes/family-index-v5/members/es/8c.json.gz"", ""family_id"": ""surface:es:ree"", ""record_sha256"": ""480bc52c31755622304b44e613ab8b78a3666edf759e1d2a50f0704ca1e7cb01""}]"	"{""lemma_id"": ""lemma:70dbddfae4a3ed199dbe"", ""word"": ""arreglareé"", ""normalized"": ""arreglareé"", ""search_form"": ""arreglaree"", ""rank"": 471480, ""frequency_score"": 0.041495494299664135, ""category_breakdown"": {""subtitles"": {""ipm_values"": [0.002371], ""category_ipm"": 0.002371, ""category_score"": 0.041495494299664135}}, ""sources"": [{""id"": ""subtitles/hermit_2018_es_full_lemmatized_ipm6_spacy_lookup_cleaned_v8.json"", ""file"": ""hermit_2018_es_full_lemmatized_ipm6_spacy_lookup_cleaned_v8.json"", ""category"": ""subtitles"", ""ipm"": 0.002371}], ""corpus_quality"": {""status"": ""accepted"", ""reasons"": []}, ""components"": [{""surface"": ""arregla"", ""canonical_candidate"": ""arregla"", ""confidence"": 0.81, ""evidence"": [{""type"": ""compound_morphology"", ""source"": ""candidate_index"", ""path"": [""arreglaree"", ""arregla"", ""arregla""], ""confidence"": 0.81}]}]}"
es	lemma:711b8bf199687af31609	regulatorios	accepted	accepted	regular	aggregate_only_not_sense_frequency	"[{""path"": ""associativvordes/family-index-v5/members/es/1e.json.gz"", ""family_id"": ""surface:es:regulatori"", ""record_sha256"": ""53fd3367b7b3e3aaa48ff5b7c6a610ebf7e98dce2f83f14db902dbffbfd694c7""}, {""path"": ""associativvordes/family-index-v5/members/es/40.json.gz"", ""family_id"": ""family:regul"", ""record_sha256"": ""0bf802e8816c56ca141a4090954a9f84bd18742ff738ce34488ed232087c3d45""}, {""path"": ""associativvordes/family-index-v5/members/es/75.json.gz"", ""family_id"": ""surface:es:ios"", ""record_sha256"": ""14eba8624d7aba89ec4a0afb5abb9b6f3a0a51e499e2106622427a95472df7d5""}]"	"{""lemma_id"": ""lemma:711b8bf199687af31609"", ""word"": ""regulatorios"", ""normalized"": ""regulatorios"", ""search_form"": ""regulatorios"", ""rank"": 176280, ""frequency_score"": 0.29424190352463525, ""category_breakdown"": {""subtitles"": {""ipm_values"": [0.019644, 0.014225], ""category_ipm"": 0.016934499999999998, ""category_score"": 0.29424190352463525}}, ""sources"": [{""id"": ""subtitles/hermit_2016_es_full_lemmatized_ipm6_spacy_lookup_cleaned_v8.json"", ""file"": ""hermit_2016_es_full_lemmatized_ipm6_spacy_lookup_cleaned_v8.json"", ""category"": ""subtitles"", ""ipm"": 0.019644}, {""id"": ""subtitles/hermit_2018_es_full_lemmatized_ipm6_spacy_lookup_cleaned_v8.json"", ""file"": ""hermit_2018_es_full_lemmatized_ipm6_spacy_lookup_cleaned_v8.json"", ""category"": ""subtitles"", ""ipm"": 0.014225}], ""corpus_quality"": {""status"": ""accepted"", ""reasons"": []}, ""components"": [{""surface"": ""regulatori"", ""canonical_candidate"": ""regulatori"", ""confidence"": 0.92, ""evidence"": [{""type"": ""morphological_parse"", ""source"": ""candidate_index"", ""path"": [""regulatorios"", ""regulatori"", ""regulatori""], ""confidence"": 0.92}]}]}"
es	lemma:717e88bebf8fbf7310e8	regulam	uncertain	not_admitted_candidate		aggregate_only_not_sense_frequency	"[{""path"": ""associativvordes/family-index-v5/members/es/97.json.gz"", ""family_id"": ""surface:es:ulam"", ""record_sha256"": ""c2422f5bbc287c8f32f4ac11a9239d449d4376d97ab4de5aa647214d3aab5036""}, {""path"": ""associativvordes/family-index-v5/members/es/b2.json.gz"", ""family_id"": ""surface:es:reg"", ""record_sha256"": ""3c48b9fc1d5b7fd6ee4c372c85f336480579a37bc4b617c803f218160c05fb5b""}]"	"{""lemma_id"": ""lemma:717e88bebf8fbf7310e8"", ""word"": ""regulam"", ""normalized"": ""regulam"", ""search_form"": ""regulam"", ""rank"": 692052, ""frequency_score"": 0.04529710280721981, ""category_breakdown"": {""subtitles"": {""ipm_values"": [0.002806, 0.002371], ""category_ipm"": 0.0025884999999999997, ""category_score"": 0.04529710280721981}}, ""sources"": [{""id"": ""subtitles/hermit_2016_es_full_lemmatized_ipm6_spacy_lookup_cleaned_v8.json"", ""file"": ""hermit_2016_es_full_lemmatized_ipm6_spacy_lookup_cleaned_v8.json"", ""category"": ""subtitles"", ""ipm"": 0.002806}, {""id"": ""subtitles/hermit_2018_es_full_lemmatized_ipm6_spacy_lookup_cleaned_v8.json"", ""file"": ""hermit_2018_es_full_lemmatized_ipm6_spacy_lookup_cleaned_v8.json"", ""category"": ""subtitles"", ""ipm"": 0.002371}], ""corpus_quality"": {""status"": ""accepted"", ""reasons"": []}, ""components"": [{""surface"": ""ulam"", ""canonical_candidate"": ""ulam"", ""confidence"": 0.89, ""evidence"": [{""type"": ""compound_morphology"", ""source"": ""candidate_index"", ""path"": [""regulam"", ""ulam"", ""ulam""], ""confidence"": 0.89}]}]}"
es	lemma:726cda6d377089044ca1	arreglue	uncertain	not_admitted_candidate		aggregate_only_not_sense_frequency	"[{""path"": ""associativvordes/family-index-v5/members/es/2a.json.gz"", ""family_id"": ""surface:es:lue"", ""record_sha256"": ""8b906a19b453def3b4a63f5634122041ca6c6728b8d891bd267561de7233564d""}, {""path"": ""associativvordes/family-index-v5/members/es/47.json.gz"", ""family_id"": ""surface:es:arreg"", ""record_sha256"": ""69e362eecf554c60c9573a8db37de9ab1eefe1859ebc836ab779f48fa098f8aa""}]"	"{""lemma_id"": ""lemma:726cda6d377089044ca1"", ""word"": ""arreglue"", ""normalized"": ""arreglue"", ""search_form"": ""arreglue"", ""rank"": 471515, ""frequency_score"": 0.041495494299664135, ""category_breakdown"": {""subtitles"": {""ipm_values"": [0.002371], ""category_ipm"": 0.002371, ""category_score"": 0.041495494299664135}}, ""sources"": [{""id"": ""subtitles/hermit_2018_es_full_lemmatized_ipm6_spacy_lookup_cleaned_v8.json"", ""file"": ""hermit_2018_es_full_lemmatized_ipm6_spacy_lookup_cleaned_v8.json"", ""category"": ""subtitles"", ""ipm"": 0.002371}], ""corpus_quality"": {""status"": ""accepted"", ""reasons"": []}, ""components"": [{""surface"": ""lue"", ""canonical_candidate"": ""lue"", ""confidence"": 0.89, ""evidence"": [{""type"": ""compound_morphology"", ""source"": ""candidate_index"", ""path"": [""arreglue"", ""lue"", ""lue""], ""confidence"": 0.89}]}]}"
es	lemma:73ae81eeefda9b3a6153	arreglarias	uncertain	not_admitted_candidate		aggregate_only_not_sense_frequency	"[{""path"": ""associativvordes/family-index-v5/members/es/5d.json.gz"", ""family_id"": ""surface:es:arreglari"", ""record_sha256"": ""52b8b727222d65cab16d3b3b02937e87bbf55a70752cb6f604855bce53738d43""}]"	"{""lemma_id"": ""lemma:73ae81eeefda9b3a6153"", ""word"": ""arreglarias"", ""normalized"": ""arreglarias"", ""search_form"": ""arreglarias"", ""rank"": 242582, ""frequency_score"": 0.15614166969400384, ""category_breakdown"": {""subtitles"": {""ipm_values"": [0.008419, 0.009483], ""category_ipm"": 0.008951, ""category_score"": 0.15614166969400384}}, ""sources"": [{""id"": ""subtitles/hermit_2016_es_full_lemmatized_ipm6_spacy_lookup_cleaned_v8.json"", ""file"": ""hermit_2016_es_full_lemmatized_ipm6_spacy_lookup_cleaned_v8.json"", ""category"": ""subtitles"", ""ipm"": 0.008419}, {""id"": ""subtitles/hermit_2018_es_full_lemmatized_ipm6_spacy_lookup_cleaned_v8.json"", ""file"": ""hermit_2018_es_full_lemmatized_ipm6_spacy_lookup_cleaned_v8.json"", ""category"": ""subtitles"", ""ipm"": 0.009483}], ""corpus_quality"": {""status"": ""accepted"", ""reasons"": []}, ""components"": [{""surface"": ""arreglari"", ""canonical_candidate"": ""arreglari"", ""confidence"": 0.92, ""evidence"": [{""type"": ""morphological_parse"", ""source"": ""candidate_index"", ""path"": [""arreglarias"", ""arreglari"", ""arreglari""], ""confidence"": 0.92}]}]}"
es	lemma:73f37f821a10c47d397d	arreglármelo	uncertain	not_admitted_candidate		aggregate_only_not_sense_frequency	"[{""path"": ""associativvordes/family-index-v5/members/es/d0.json.gz"", ""family_id"": ""surface:es:arreglarmel"", ""record_sha256"": ""5cb6b1c26ecbd9ebdbfa199bedc308873e35ebb948140e129b6c4afd591fb185""}, {""path"": ""associativvordes/family-index-v5/members/es/fb.json.gz"", ""family_id"": ""surface:es:melo"", ""record_sha256"": ""4c110e086de8e89327da5cadde58c8403dba35389b646263235b320d9924c982""}]"	"{""lemma_id"": ""lemma:73f37f821a10c47d397d"", ""word"": ""arreglármelo"", ""normalized"": ""arreglármelo"", ""search_form"": ""arreglarmelo"", ""rank"": 103294, ""frequency_score"": 0.7346559141610887, ""category_breakdown"": {""subtitles"": {""ipm_values"": [0.047706, 0.037932], ""category_ipm"": 0.042818999999999996, ""category_score"": 0.7346559141610887}}, ""sources"": [{""id"": ""subtitles/hermit_2016_es_full_lemmatized_ipm6_spacy_lookup_cleaned_v8.json"", ""file"": ""hermit_2016_es_full_lemmatized_ipm6_spacy_lookup_cleaned_v8.json"", ""category"": ""subtitles"", ""ipm"": 0.047706}, {""id"": ""subtitles/hermit_2018_es_full_lemmatized_ipm6_spacy_lookup_cleaned_v8.json"", ""file"": ""hermit_2018_es_full_lemmatized_ipm6_spacy_lookup_cleaned_v8.json"", ""category"": ""subtitles"", ""ipm"": 0.037932}], ""corpus_quality"": {""status"": ""accepted"", ""reasons"": []}, ""components"": [{""surface"": ""arreglarmel"", ""canonical_candidate"": ""arreglarmel"", ""confidence"": 0.92, ""evidence"": [{""type"": ""morphological_parse"", ""source"": ""candidate_index"", ""path"": [""arreglarmelo"", ""arreglarmel"", ""arreglarmel""], ""confidence"": 0.92}]}]}"
es	lemma:7408bfd6814af59f71cd	arreglarloy	uncertain	not_admitted_candidate		aggregate_only_not_sense_frequency	"[{""path"": ""associativvordes/family-index-v5/members/es/10.json.gz"", ""family_id"": ""surface:es:loy"", ""record_sha256"": ""659204bed12de060a37e95d323401a6308dc75c5382d390c57929c8ab2092d38""}, {""path"": ""associativvordes/family-index-v5/members/es/26.json.gz"", ""family_id"": ""surface:es:arreglar"", ""record_sha256"": ""1ecc61c86b38bd025b02624814d7886e2ba0b8394fd1edbf35d2e6d77e32d9e8""}]"	"{""lemma_id"": ""lemma:7408bfd6814af59f71cd"", ""word"": ""arreglarloy"", ""normalized"": ""arreglarloy"", ""search_form"": ""arreglarloy"", ""rank"": 431906, ""frequency_score"": 0.04529710280721981, ""category_breakdown"": {""subtitles"": {""ipm_values"": [0.002806, 0.002371], ""category_ipm"": 0.0025884999999999997, ""category_score"": 0.04529710280721981}}, ""sources"": [{""id"": ""subtitles/hermit_2016_es_full_lemmatized_ipm6_spacy_lookup_cleaned_v8.json"", ""file"": ""hermit_2016_es_full_lemmatized_ipm6_spacy_lookup_cleaned_v8.json"", ""category"": ""subtitles"", ""ipm"": 0.002806}, {""id"": ""subtitles/hermit_2018_es_full_lemmatized_ipm6_spacy_lookup_cleaned_v8.json"", ""file"": ""hermit_2018_es_full_lemmatized_ipm6_spacy_lookup_cleaned_v8.json"", ""category"": ""subtitles"", ""ipm"": 0.002371}], ""corpus_quality"": {""status"": ""accepted"", ""reasons"": []}, ""components"": [{""surface"": ""loy"", ""canonical_candidate"": ""loy"", ""confidence"": 0.89, ""evidence"": [{""type"": ""compound_morphology"", ""source"": ""candidate_index"", ""path"": [""arreglarloy"", ""loy"", ""loy""], ""confidence"": 0.89}]}]}"
es	lemma:7430b6c1f62c10ad2ae3	desarreglarte	uncertain	not_admitted_candidate		aggregate_only_not_sense_frequency	"[{""path"": ""associativvordes/family-index-v5/members/es/70.json.gz"", ""family_id"": ""surface:es:arregla"", ""record_sha256"": ""d7269bc51057321d0c44eb8a786c3cc4338e1abb06d97cadb08d0f80bb400f92""}, {""path"": ""associativvordes/family-index-v5/members/es/99.json.gz"", ""family_id"": ""surface:es:desarregl"", ""record_sha256"": ""17b407406c4c2391b5b851d0eeae2a9843815d930da672e234acd6cdc0605844""}]"	"{""lemma_id"": ""lemma:7430b6c1f62c10ad2ae3"", ""word"": ""desarreglarte"", ""normalized"": ""desarreglarte"", ""search_form"": ""desarreglarte"", ""rank"": 359772, ""frequency_score"": 0.06600356668229963, ""category_breakdown"": {""subtitles"": {""ipm_values"": [0.002806, 0.004742], ""category_ipm"": 0.0037739999999999996, ""category_score"": 0.06600356668229963}}, ""sources"": [{""id"": ""subtitles/hermit_2016_es_full_lemmatized_ipm6_spacy_lookup_cleaned_v8.json"", ""file"": ""hermit_2016_es_full_lemmatized_ipm6_spacy_lookup_cleaned_v8.json"", ""category"": ""subtitles"", ""ipm"": 0.002806}, {""id"": ""subtitles/hermit_2018_es_full_lemmatized_ipm6_spacy_lookup_cleaned_v8.json"", ""file"": ""hermit_2018_es_full_lemmatized_ipm6_spacy_lookup_cleaned_v8.json"", ""category"": ""subtitles"", ""ipm"": 0.004742}], ""corpus_quality"": {""status"": ""accepted"", ""reasons"": []}, ""components"": [{""surface"": ""arregla"", ""canonical_candidate"": ""arregla"", ""confidence"": 0.81, ""evidence"": [{""type"": ""compound_morphology"", ""source"": ""candidate_index"", ""path"": [""desarreglarte"", ""arregla"", ""arregla""], ""confidence"": 0.81}]}]}"
es	lemma:74a3e91130b9428405f5	arreglito	uncertain	not_admitted_candidate		aggregate_only_not_sense_frequency	"[{""path"": ""associativvordes/family-index-v5/members/es/2a.json.gz"", ""family_id"": ""surface:es:lito"", ""record_sha256"": ""9903e005e5206f75dc82b0ae7c5ae7b4ab0e8d1049fddf9a8790bb09260b371f""}, {""path"": ""associativvordes/family-index-v5/members/es/34.json.gz"", ""family_id"": ""surface:es:arreglit"", ""record_sha256"": ""31eb80b06aa3e6f2997f8273b891da5b7c6f6323360c19fa3a0dfece626be115""}]"	"{""lemma_id"": ""lemma:74a3e91130b9428405f5"", ""word"": ""arreglito"", ""normalized"": ""arreglito"", ""search_form"": ""arreglito"", ""rank"": 106265, ""frequency_score"": 0.7472616809207057, ""category_breakdown"": {""subtitles"": {""ipm_values"": [0.042094, 0.045045], ""category_ipm"": 0.0435695, ""category_score"": 0.7472616809207057}}, ""sources"": [{""id"": ""subtitles/hermit_2016_es_full_lemmatized_ipm6_spacy_lookup_cleaned_v8.json"", ""file"": ""hermit_2016_es_full_lemmatized_ipm6_spacy_lookup_cleaned_v8.json"", ""category"": ""subtitles"", ""ipm"": 0.042094}, {""id"": ""subtitles/hermit_2018_es_full_lemmatized_ipm6_spacy_lookup_cleaned_v8.json"", ""file"": ""hermit_2018_es_full_lemmatized_ipm6_spacy_lookup_cleaned_v8.json"", ""category"": ""subtitles"", ""ipm"": 0.045045}], ""corpus_quality"": {""status"": ""accepted"", ""reasons"": []}, ""components"": [{""surface"": ""lito"", ""canonical_candidate"": ""lito"", ""confidence"": 0.89, ""evidence"": [{""type"": ""compound_morphology"", ""source"": ""candidate_index"", ""path"": [""arreglito"", ""lito"", ""lito""], ""confidence"": 0.89}]}]}"
es	lemma:74de059d3dcca89a8c2b	arréglala	uncertain	not_admitted_candidate		aggregate_only_not_sense_frequency	"[{""path"": ""associativvordes/family-index-v5/members/es/14.json.gz"", ""family_id"": ""surface:es:arreglal"", ""record_sha256"": ""41f1e8dd8be3e5022fe79b8d0ce1b6c2e16ef5b91c21d25d0265b42179033f5d""}, {""path"": ""associativvordes/family-index-v5/members/es/7c.json.gz"", ""family_id"": ""surface:es:ala"", ""record_sha256"": ""56b5538b92321fd8eaad9caa8943f2312e4ff81b0e67e1f8a19d896d9108ef28""}]"	"{""lemma_id"": ""lemma:74de059d3dcca89a8c2b"", ""word"": ""arréglala"", ""normalized"": ""arréglala"", ""search_form"": ""arreglala"", ""rank"": 35227, ""frequency_score"": 4.800092039860461, ""category_breakdown"": {""subtitles"": {""ipm_values"": [0.333943, 0.296346], ""category_ipm"": 0.3151445, ""category_score"": 4.800092039860461}}, ""sources"": [{""id"": ""subtitles/hermit_2016_es_full_lemmatized_ipm6_spacy_lookup_cleaned_v8.json"", ""file"": ""hermit_2016_es_full_lemmatized_ipm6_spacy_lookup_cleaned_v8.json"", ""category"": ""subtitles"", ""ipm"": 0.333943}, {""id"": ""subtitles/hermit_2018_es_full_lemmatized_ipm6_spacy_lookup_cleaned_v8.json"", ""file"": ""hermit_2018_es_full_lemmatized_ipm6_spacy_lookup_cleaned_v8.json"", ""category"": ""subtitles"", ""ipm"": 0.296346}], ""corpus_quality"": {""status"": ""accepted"", ""reasons"": []}, ""components"": [{""surface"": ""arreglal"", ""canonical_candidate"": ""arreglal"", ""confidence"": 0.92, ""evidence"": [{""type"": ""morphological_parse"", ""source"": ""candidate_index"", ""path"": [""arreglala"", ""arreglal"", ""arreglal""], ""confidence"": 0.92}]}]}"
es	lemma:750ee58d7ee6e6e31830	reglao	uncertain	not_admitted_candidate		aggregate_only_not_sense_frequency	"[{""path"": ""associativvordes/family-index-v5/members/es/81.json.gz"", ""family_id"": ""surface:es:regla"", ""record_sha256"": ""065005be7514c8d85df13d70766593595fb30ec836f07a7d01c0cf55d3a91c3a""}]"	"{""lemma_id"": ""lemma:750ee58d7ee6e6e31830"", ""word"": ""reglao"", ""normalized"": ""reglao"", ""search_form"": ""reglao"", ""rank"": 691791, ""frequency_score"": 0.04529710280721981, ""category_breakdown"": {""subtitles"": {""ipm_values"": [0.002806, 0.002371], ""category_ipm"": 0.0025884999999999997, ""category_score"": 0.04529710280721981}}, ""sources"": [{""id"": ""subtitles/hermit_2016_es_full_lemmatized_ipm6_spacy_lookup_cleaned_v8.json"", ""file"": ""hermit_2016_es_full_lemmatized_ipm6_spacy_lookup_cleaned_v8.json"", ""category"": ""subtitles"", ""ipm"": 0.002806}, {""id"": ""subtitles/hermit_2018_es_full_lemmatized_ipm6_spacy_lookup_cleaned_v8.json"", ""file"": ""hermit_2018_es_full_lemmatized_ipm6_spacy_lookup_cleaned_v8.json"", ""category"": ""subtitles"", ""ipm"": 0.002371}], ""corpus_quality"": {""status"": ""accepted"", ""reasons"": []}, ""components"": [{""surface"": ""regla"", ""canonical_candidate"": ""regla"", ""confidence"": 0.92, ""evidence"": [{""type"": ""morphological_parse"", ""source"": ""candidate_index"", ""path"": [""reglao"", ""regla"", ""regla""], ""confidence"": 0.92}]}]}"
es	lemma:7644c0d1226b58af193d	arregladitas	uncertain	not_admitted_candidate		aggregate_only_not_sense_frequency	"[{""path"": ""associativvordes/family-index-v5/members/es/1d.json.gz"", ""family_id"": ""surface:es:itas"", ""record_sha256"": ""8f807a245ca891610abb8ecedd7eded0edb5d004fb88ac8b61c21601e0954745""}, {""path"": ""associativvordes/family-index-v5/members/es/a1.json.gz"", ""family_id"": ""surface:es:arregladit"", ""record_sha256"": ""96d2a660ca21df4b84ce99b159102efc95e26e86e16b2e9e3827a3a48ce0d9a3""}]"	"{""lemma_id"": ""lemma:7644c0d1226b58af193d"", ""word"": ""arregladitas"", ""normalized"": ""arregladitas"", ""search_form"": ""arregladitas"", ""rank"": 338678, ""frequency_score"": 0.06600356668229963, ""category_breakdown"": {""subtitles"": {""ipm_values"": [0.002806, 0.004742], ""category_ipm"": 0.0037739999999999996, ""category_score"": 0.06600356668229963}}, ""sources"": [{""id"": ""subtitles/hermit_2016_es_full_lemmatized_ipm6_spacy_lookup_cleaned_v8.json"", ""file"": ""hermit_2016_es_full_lemmatized_ipm6_spacy_lookup_cleaned_v8.json"", ""category"": ""subtitles"", ""ipm"": 0.002806}, {""id"": ""subtitles/hermit_2018_es_full_lemmatized_ipm6_spacy_lookup_cleaned_v8.json"", ""file"": ""hermit_2018_es_full_lemmatized_ipm6_spacy_lookup_cleaned_v8.json"", ""category"": ""subtitles"", ""ipm"": 0.004742}], ""corpus_quality"": {""status"": ""accepted"", ""reasons"": []}, ""components"": [{""surface"": ""itas"", ""canonical_candidate"": ""itas"", ""confidence"": 0.89, ""evidence"": [{""type"": ""compound_morphology"", ""source"": ""candidate_index"", ""path"": [""arregladitas"", ""itas"", ""itas""], ""confidence"": 0.89}]}]}"
es	lemma:7685316bfc05ce7cd27c	regularizacin	uncertain	withheld_historical_uncertain		aggregate_only_not_sense_frequency	"[{""path"": ""associativvordes/family-index-v5/members/es/02.json.gz"", ""family_id"": ""surface:es:regulariza"", ""record_sha256"": ""489fe1052c1fa292a87a1eae3b19b6f2ae873b124608987d146493efd73071bb""}, {""path"": ""associativvordes/family-index-v5/members/es/40.json.gz"", ""family_id"": ""family:regul"", ""record_sha256"": ""24774385756a07fa40fa476f1ddcb38eeef3277b9d428773d6f48f6c6082a3ab""}, {""path"": ""associativvordes/family-index-v5/members/es/c2.json.gz"", ""family_id"": ""surface:es:cin"", ""record_sha256"": ""a56058e8e21456161602fbed81485581d42352fea342d6032442134111db0085""}]"	"{""lemma_id"": ""lemma:7685316bfc05ce7cd27c"", ""word"": ""regularizacin"", ""normalized"": ""regularizacin"", ""search_form"": ""regularizacin"", ""rank"": 60202, ""frequency_score"": 1.9252371704321245, ""category_breakdown"": {""mixed"": {""ipm_values"": [0.116139], ""category_ipm"": 0.116139, ""category_score"": 1.9252371704321245}}, ""sources"": [{""id"": ""mixed/es_wordlist.lemmatized_stanza_ipm6.json"", ""file"": ""es_wordlist.lemmatized_stanza_ipm6.json"", ""category"": ""mixed"", ""ipm"": 0.116139}], ""corpus_quality"": {""status"": ""accepted"", ""reasons"": []}, ""components"": [{""surface"": ""regulariza"", ""canonical_candidate"": ""regulariza"", ""confidence"": 0.81, ""evidence"": [{""type"": ""compound_morphology"", ""source"": ""candidate_index"", ""path"": [""regularizacin"", ""regulariza"", ""regulariza""], ""confidence"": 0.81}]}]}"
es	lemma:76dcb8a1dbfae3defa36	arreglo	uncertain	not_admitted_candidate		aggregate_only_not_sense_frequency	"[{""path"": ""associativvordes/family-index-v5/members/es/7a.json.gz"", ""family_id"": ""surface:es:arreglo"", ""record_sha256"": ""6ff000e141e02022d249c2daa8300492369c7624d65b324e41f5df79757af3fe""}]"	"{""lemma_id"": ""lemma:76dcb8a1dbfae3defa36"", ""word"": ""arreglo"", ""normalized"": ""arreglo"", ""search_form"": ""arreglo"", ""rank"": 4261, ""frequency_score"": 42.20645040961103, ""category_breakdown"": {""subtitles"": {""ipm_values"": [8.390659, 8.52528], ""category_ipm"": 8.4579695, ""category_score"": 39.36944644843126}, ""mixed"": {""ipm_values"": [17.074489], ""category_ipm"": 17.074489, ""category_score"": 50.71746229315035}}, ""sources"": [{""id"": ""mixed/es_wordlist.lemmatized_stanza_ipm6.json"", ""file"": ""es_wordlist.lemmatized_stanza_ipm6.json"", ""category"": ""mixed"", ""ipm"": 17.074489}, {""id"": ""subtitles/hermit_2016_es_full_lemmatized_ipm6_spacy_lookup_cleaned_v8.json"", ""file"": ""hermit_2016_es_full_lemmatized_ipm6_spacy_lookup_cleaned_v8.json"", ""category"": ""subtitles"", ""ipm"": 8.390659}, {""id"": ""subtitles/hermit_2018_es_full_lemmatized_ipm6_spacy_lookup_cleaned_v8.json"", ""file"": ""hermit_2018_es_full_lemmatized_ipm6_spacy_lookup_cleaned_v8.json"", ""category"": ""subtitles"", ""ipm"": 8.52528}], ""corpus_quality"": {""status"": ""accepted"", ""reasons"": []}, ""components"": [{""surface"": ""arreglo"", ""canonical_candidate"": ""arreglo"", ""confidence"": 0.92, ""evidence"": [{""type"": ""morphological_parse"", ""source"": ""candidate_index"", ""path"": [""arreglo"", ""arreglo"", ""arreglo""], ""confidence"": 0.92}]}]}"
es	lemma:78627709a8e9eac60c3d	réglame	uncertain	not_admitted_candidate		aggregate_only_not_sense_frequency	"[{""path"": ""associativvordes/family-index-v5/members/es/7a.json.gz"", ""family_id"": ""surface:es:regl"", ""record_sha256"": ""cf13d062471503896194cb0c566e97f8ad6ec611b0796a65a3c4f6701be60d36""}, {""path"": ""associativvordes/family-index-v5/members/es/e1.json.gz"", ""family_id"": ""surface:es:lame"", ""record_sha256"": ""b07c93bb9db58db0d0125fc4f8dae915e94868e8c7dafa295ea001a0b0805bf8""}]"	"{""lemma_id"": ""lemma:78627709a8e9eac60c3d"", ""word"": ""réglame"", ""normalized"": ""réglame"", ""search_form"": ""reglame"", ""rank"": 703614, ""frequency_score"": 0.04529710280721981, ""category_breakdown"": {""subtitles"": {""ipm_values"": [0.002806, 0.002371], ""category_ipm"": 0.0025884999999999997, ""category_score"": 0.04529710280721981}}, ""sources"": [{""id"": ""subtitles/hermit_2016_es_full_lemmatized_ipm6_spacy_lookup_cleaned_v8.json"", ""file"": ""hermit_2016_es_full_lemmatized_ipm6_spacy_lookup_cleaned_v8.json"", ""category"": ""subtitles"", ""ipm"": 0.002806}, {""id"": ""subtitles/hermit_2018_es_full_lemmatized_ipm6_spacy_lookup_cleaned_v8.json"", ""file"": ""hermit_2018_es_full_lemmatized_ipm6_spacy_lookup_cleaned_v8.json"", ""category"": ""subtitles"", ""ipm"": 0.002371}], ""corpus_quality"": {""status"": ""accepted"", ""reasons"": []}, ""components"": [{""surface"": ""regl"", ""canonical_candidate"": ""regl"", ""confidence"": 0.81, ""evidence"": [{""type"": ""compound_morphology"", ""source"": ""candidate_index"", ""path"": [""reglame"", ""regl"", ""regl""], ""confidence"": 0.81}]}]}"
es	lemma:787ee92c581075b71ecf	arréglatela	uncertain	not_admitted_candidate		aggregate_only_not_sense_frequency	"[{""path"": ""associativvordes/family-index-v5/members/es/a5.json.gz"", ""family_id"": ""surface:es:arreglatel"", ""record_sha256"": ""5e348039e53fd5905242eb003c0d965550c7a89931c3fb54b4da8461d4cc71c3""}]"	"{""lemma_id"": ""lemma:787ee92c581075b71ecf"", ""word"": ""arréglatela"", ""normalized"": ""arréglatela"", ""search_form"": ""arreglatela"", ""rank"": 280022, ""frequency_score"": 0.11112187447585387, ""category_breakdown"": {""subtitles"": {""ipm_values"": [0.005612, 0.007112], ""category_ipm"": 0.006362, ""category_score"": 0.11112187447585387}}, ""sources"": [{""id"": ""subtitles/hermit_2016_es_full_lemmatized_ipm6_spacy_lookup_cleaned_v8.json"", ""file"": ""hermit_2016_es_full_lemmatized_ipm6_spacy_lookup_cleaned_v8.json"", ""category"": ""subtitles"", ""ipm"": 0.005612}, {""id"": ""subtitles/hermit_2018_es_full_lemmatized_ipm6_spacy_lookup_cleaned_v8.json"", ""file"": ""hermit_2018_es_full_lemmatized_ipm6_spacy_lookup_cleaned_v8.json"", ""category"": ""subtitles"", ""ipm"": 0.007112}], ""corpus_quality"": {""status"": ""accepted"", ""reasons"": []}, ""components"": [{""surface"": ""arreglatel"", ""canonical_candidate"": ""arreglatel"", ""confidence"": 0.92, ""evidence"": [{""type"": ""morphological_parse"", ""source"": ""candidate_index"", ""path"": [""arreglatela"", ""arreglatel"", ""arreglatel""], ""confidence"": 0.92}]}]}"
es	lemma:78ccf5dd61f80d448cbe	biorregulador	accepted	accepted	regular	aggregate_only_not_sense_frequency	"[{""path"": ""associativvordes/family-index-v5/members/es/40.json.gz"", ""family_id"": ""family:regul"", ""record_sha256"": ""6ea29c6e6114e5f684aa1096c6520780d51a9412ee27c8a1f6a4f4bf66ddd6da""}]"	"{""lemma_id"": ""lemma:78ccf5dd61f80d448cbe"", ""word"": ""biorregulador"", ""normalized"": ""biorregulador"", ""search_form"": ""biorregulador"", ""rank"": 448566, ""frequency_score"": 0.04529710280721981, ""category_breakdown"": {""subtitles"": {""ipm_values"": [0.002806, 0.002371], ""category_ipm"": 0.0025884999999999997, ""category_score"": 0.04529710280721981}}, ""sources"": [{""id"": ""subtitles/hermit_2016_es_full_lemmatized_ipm6_spacy_lookup_cleaned_v8.json"", ""file"": ""hermit_2016_es_full_lemmatized_ipm6_spacy_lookup_cleaned_v8.json"", ""category"": ""subtitles"", ""ipm"": 0.002806}, {""id"": ""subtitles/hermit_2018_es_full_lemmatized_ipm6_spacy_lookup_cleaned_v8.json"", ""file"": ""hermit_2018_es_full_lemmatized_ipm6_spacy_lookup_cleaned_v8.json"", ""category"": ""subtitles"", ""ipm"": 0.002371}], ""corpus_quality"": {""status"": ""accepted"", ""reasons"": []}, ""components"": [{""surface"": ""regul"", ""canonical_candidate"": ""regul"", ""confidence"": 0.97, ""evidence"": [{""type"": ""compound_morphology"", ""source"": ""manually_verified"", ""path"": [""biorregulador"", ""regul"", ""regul""], ""confidence"": 0.97}, {""type"": ""verified_seed_alias"", ""source"": ""methodology_control_seed"", ""path"": [""es"", ""regul"", ""family:regul""], ""confidence"": 1}]}]}"
es	lemma:7979e1c512a933f75955	areglaron	uncertain	not_admitted_candidate		aggregate_only_not_sense_frequency	"[{""path"": ""associativvordes/family-index-v5/members/es/21.json.gz"", ""family_id"": ""surface:es:aregl"", ""record_sha256"": ""d6b148e55937412070cfb2b45dd76b7dc15a47bae45a73f76e42bb326ca3f238""}, {""path"": ""associativvordes/family-index-v5/members/es/86.json.gz"", ""family_id"": ""surface:es:aron"", ""record_sha256"": ""ae21602795a40f1cd98fcc6ede91e6f7d6c3cdaaf6bec7186ae4cc1d8a3d2606""}]"	"{""lemma_id"": ""lemma:7979e1c512a933f75955"", ""word"": ""areglaron"", ""normalized"": ""areglaron"", ""search_form"": ""areglaron"", ""rank"": 308915, ""frequency_score"": 0.090477407431868, ""category_breakdown"": {""subtitles"": {""ipm_values"": [0.005612, 0.004742], ""category_ipm"": 0.005176999999999999, ""category_score"": 0.090477407431868}}, ""sources"": [{""id"": ""subtitles/hermit_2016_es_full_lemmatized_ipm6_spacy_lookup_cleaned_v8.json"", ""file"": ""hermit_2016_es_full_lemmatized_ipm6_spacy_lookup_cleaned_v8.json"", ""category"": ""subtitles"", ""ipm"": 0.005612}, {""id"": ""subtitles/hermit_2018_es_full_lemmatized_ipm6_spacy_lookup_cleaned_v8.json"", ""file"": ""hermit_2018_es_full_lemmatized_ipm6_spacy_lookup_cleaned_v8.json"", ""category"": ""subtitles"", ""ipm"": 0.004742}], ""corpus_quality"": {""status"": ""accepted"", ""reasons"": []}, ""components"": [{""surface"": ""aregl"", ""canonical_candidate"": ""aregl"", ""confidence"": 0.81, ""evidence"": [{""type"": ""compound_morphology"", ""source"": ""candidate_index"", ""path"": [""areglaron"", ""aregl"", ""aregl""], ""confidence"": 0.81}]}]}"
es	lemma:7a4df887b18dcb53c85e	arrégleme	uncertain	not_admitted_candidate		aggregate_only_not_sense_frequency	"[{""path"": ""associativvordes/family-index-v5/members/es/61.json.gz"", ""family_id"": ""surface:es:eme"", ""record_sha256"": ""348f28d83aa855e6f2a133433fc3ac72bdc977110632c8ad57c8710d9302cafa""}, {""path"": ""associativvordes/family-index-v5/members/es/b1.json.gz"", ""family_id"": ""surface:es:arregl"", ""record_sha256"": ""89a16cdf1d3dee80258ad734ce81b89ff6acc01ce4b3806d0d6661fcdaef2b9d""}]"	"{""lemma_id"": ""lemma:7a4df887b18dcb53c85e"", ""word"": ""arrégleme"", ""normalized"": ""arrégleme"", ""search_form"": ""arregleme"", ""rank"": 103231, ""frequency_score"": 0.8141445592272941, ""category_breakdown"": {""subtitles"": {""ipm_values"": [0.047706, 0.047415], ""category_ipm"": 0.0475605, ""category_score"": 0.8141445592272941}}, ""sources"": [{""id"": ""subtitles/hermit_2016_es_full_lemmatized_ipm6_spacy_lookup_cleaned_v8.json"", ""file"": ""hermit_2016_es_full_lemmatized_ipm6_spacy_lookup_cleaned_v8.json"", ""category"": ""subtitles"", ""ipm"": 0.047706}, {""id"": ""subtitles/hermit_2018_es_full_lemmatized_ipm6_spacy_lookup_cleaned_v8.json"", ""file"": ""hermit_2018_es_full_lemmatized_ipm6_spacy_lookup_cleaned_v8.json"", ""category"": ""subtitles"", ""ipm"": 0.047415}], ""corpus_quality"": {""status"": ""accepted"", ""reasons"": []}, ""components"": [{""surface"": ""eme"", ""canonical_candidate"": ""eme"", ""confidence"": 0.89, ""evidence"": [{""type"": ""compound_morphology"", ""source"": ""candidate_index"", ""path"": [""arregleme"", ""eme"", ""eme""], ""confidence"": 0.89}]}]}"
es	lemma:7a721c909da0cc343a17	searreglará	uncertain	not_admitted_candidate		aggregate_only_not_sense_frequency	"[{""path"": ""associativvordes/family-index-v5/members/es/42.json.gz"", ""family_id"": ""surface:es:searreglar"", ""record_sha256"": ""71be1e04ecb5b16d234dabd9cbbd7252649282859b315f258daf5447ebe917e4""}, {""path"": ""associativvordes/family-index-v5/members/es/4a.json.gz"", ""family_id"": ""surface:es:lara"", ""record_sha256"": ""7fc76c83823f7a9e8259bbcec0e3b45790580190d5fa93ce0fd24123aba64357""}]"	"{""lemma_id"": ""lemma:7a721c909da0cc343a17"", ""word"": ""searreglará"", ""normalized"": ""searreglará"", ""search_form"": ""searreglara"", ""rank"": 710208, ""frequency_score"": 0.04909788668913623, ""category_breakdown"": {""subtitles"": {""ipm_values"": [0.002806], ""category_ipm"": 0.002806, ""category_score"": 0.04909788668913623}}, ""sources"": [{""id"": ""subtitles/hermit_2016_es_full_lemmatized_ipm6_spacy_lookup_cleaned_v8.json"", ""file"": ""hermit_2016_es_full_lemmatized_ipm6_spacy_lookup_cleaned_v8.json"", ""category"": ""subtitles"", ""ipm"": 0.002806}], ""corpus_quality"": {""status"": ""accepted"", ""reasons"": []}, ""components"": [{""surface"": ""searreglar"", ""canonical_candidate"": ""searreglar"", ""confidence"": 0.92, ""evidence"": [{""type"": ""morphological_parse"", ""source"": ""candidate_index"", ""path"": [""searreglara"", ""searreglar"", ""searreglar""], ""confidence"": 0.92}]}]}"
es	lemma:7ad4e136668c4858a878	reglamneto	uncertain	not_admitted_candidate		aggregate_only_not_sense_frequency	"[{""path"": ""associativvordes/family-index-v5/members/es/61.json.gz"", ""family_id"": ""ety:08ba51b746e3"", ""record_sha256"": ""5e985cb04aef4547e60025a38040179e1a5bb7bdfe262fab5c384b04482f088e""}, {""path"": ""associativvordes/family-index-v5/members/es/8f.json.gz"", ""family_id"": ""surface:es:reglamnet"", ""record_sha256"": ""e3b38f347f5aaa6cc2355f07c9f2607b3697b76d0bd8dd449ca11e57d3b61e84""}, {""path"": ""associativvordes/family-index-v5/members/es/92.json.gz"", ""family_id"": ""surface:es:eto"", ""record_sha256"": ""e66cfdc518dcff4cd781374a7482be153e48fc3676b162831640105a359b5d31""}, {""path"": ""associativvordes/family-index-v5/members/es/d0.json.gz"", ""family_id"": ""ety:7ddf5971ff53"", ""record_sha256"": ""5e985cb04aef4547e60025a38040179e1a5bb7bdfe262fab5c384b04482f088e""}, {""path"": ""associativvordes/family-index-v5/members/es/e0.json.gz"", ""family_id"": ""ety:b7896f4b4d14"", ""record_sha256"": ""5e985cb04aef4547e60025a38040179e1a5bb7bdfe262fab5c384b04482f088e""}]"	"{""lemma_id"": ""lemma:7ad4e136668c4858a878"", ""word"": ""reglamneto"", ""normalized"": ""reglamneto"", ""search_form"": ""reglamneto"", ""rank"": 691789, ""frequency_score"": 0.04529710280721981, ""category_breakdown"": {""subtitles"": {""ipm_values"": [0.002806, 0.002371], ""category_ipm"": 0.0025884999999999997, ""category_score"": 0.04529710280721981}}, ""sources"": [{""id"": ""subtitles/hermit_2016_es_full_lemmatized_ipm6_spacy_lookup_cleaned_v8.json"", ""file"": ""hermit_2016_es_full_lemmatized_ipm6_spacy_lookup_cleaned_v8.json"", ""category"": ""subtitles"", ""ipm"": 0.002806}, {""id"": ""subtitles/hermit_2018_es_full_lemmatized_ipm6_spacy_lookup_cleaned_v8.json"", ""file"": ""hermit_2018_es_full_lemmatized_ipm6_spacy_lookup_cleaned_v8.json"", ""category"": ""subtitles"", ""ipm"": 0.002371}], ""corpus_quality"": {""status"": ""accepted"", ""reasons"": []}, ""components"": [{""surface"": ""net"", ""canonical_candidate"": ""net"", ""confidence"": 1, ""evidence"": [{""type"": ""compound_morphology"", ""source"": ""manually_verified"", ""path"": [""reglamneto"", ""net"", ""net""], ""confidence"": 1}]}]}"
es	lemma:7b7ce3685e862c80b107	regulez	uncertain	not_admitted_candidate		aggregate_only_not_sense_frequency	"[{""path"": ""associativvordes/family-index-v5/members/es/53.json.gz"", ""family_id"": ""surface:es:lez"", ""record_sha256"": ""d2fd3588b2408bc6300b50edd675714905bf4e87e94b23e9f0b4f7861e6f166c""}, {""path"": ""associativvordes/family-index-v5/members/es/b2.json.gz"", ""family_id"": ""surface:es:reg"", ""record_sha256"": ""1a52981f5f57dd49fdf6f5e5e24cf094fb1eebc2d86c99b84df41a022d9d93f9""}]"	"{""lemma_id"": ""lemma:7b7ce3685e862c80b107"", ""word"": ""regulez"", ""normalized"": ""regulez"", ""search_form"": ""regulez"", ""rank"": 420265, ""frequency_score"": 0.08289295136015089, ""category_breakdown"": {""subtitles"": {""ipm_values"": [0.004742], ""category_ipm"": 0.004742, ""category_score"": 0.08289295136015089}}, ""sources"": [{""id"": ""subtitles/hermit_2018_es_full_lemmatized_ipm6_spacy_lookup_cleaned_v8.json"", ""file"": ""hermit_2018_es_full_lemmatized_ipm6_spacy_lookup_cleaned_v8.json"", ""category"": ""subtitles"", ""ipm"": 0.004742}], ""corpus_quality"": {""status"": ""accepted"", ""reasons"": []}, ""components"": [{""surface"": ""lez"", ""canonical_candidate"": ""lez"", ""confidence"": 0.89, ""evidence"": [{""type"": ""compound_morphology"", ""source"": ""candidate_index"", ""path"": [""regulez"", ""lez"", ""lez""], ""confidence"": 0.89}]}]}"
es	lemma:7c3fed7477104b660298	regularización	accepted	accepted	regularizar	aggregate_only_not_sense_frequency	"[{""path"": ""associativvordes/family-index-v5/members/es/40.json.gz"", ""family_id"": ""family:regul"", ""record_sha256"": ""8ec26366835e8529b84640394210aa82751774a6f48609102b6e5527ef06b902""}, {""path"": ""associativvordes/family-index-v5/members/es/b3.json.gz"", ""family_id"": ""surface:es:regularizac"", ""record_sha256"": ""fa7ba0c581e71f4c58f43c358a9c2a761f0844744ff2ceff9d6244f0a6fe4869""}, {""path"": ""associativvordes/family-index-v5/members/es/cc.json.gz"", ""family_id"": ""surface:es:zacion"", ""record_sha256"": ""d958e2722bc6a23279c6dbf5559bf5a4ef0f1271098504081934df27ddd8fb5f""}]"	"{""lemma_id"": ""lemma:7c3fed7477104b660298"", ""word"": ""regularización"", ""normalized"": ""regularización"", ""search_form"": ""regularizacion"", ""rank"": 12166, ""frequency_score"": 6.209532940948973, ""category_breakdown"": {""subtitles"": {""ipm_values"": [0.028062, 0.018966], ""category_ipm"": 0.023514, ""category_score"": 0.4072429566184448}, ""mixed"": {""ipm_values"": [2.849003], ""category_ipm"": 2.849003, ""category_score"": 23.61640289394056}}, ""sources"": [{""id"": ""mixed/es_wordlist.lemmatized_stanza_ipm6.json"", ""file"": ""es_wordlist.lemmatized_stanza_ipm6.json"", ""category"": ""mixed"", ""ipm"": 2.849003}, {""id"": ""subtitles/hermit_2016_es_full_lemmatized_ipm6_spacy_lookup_cleaned_v8.json"", ""file"": ""hermit_2016_es_full_lemmatized_ipm6_spacy_lookup_cleaned_v8.json"", ""category"": ""subtitles"", ""ipm"": 0.028062}, {""id"": ""subtitles/hermit_2018_es_full_lemmatized_ipm6_spacy_lookup_cleaned_v8.json"", ""file"": ""hermit_2018_es_full_lemmatized_ipm6_spacy_lookup_cleaned_v8.json"", ""category"": ""subtitles"", ""ipm"": 0.018966}], ""corpus_quality"": {""status"": ""accepted"", ""reasons"": []}, ""components"": [{""surface"": ""regul"", ""canonical_candidate"": ""regul"", ""confidence"": 0.97, ""evidence"": [{""type"": ""compound_morphology"", ""source"": ""manually_verified"", ""path"": [""regularizacion"", ""regul"", ""regul""], ""confidence"": 0.97}, {""type"": ""verified_seed_alias"", ""source"": ""methodology_control_seed"", ""path"": [""es"", ""regul"", ""family:regul""], ""confidence"": 1}]}]}"
es	lemma:7c45c8ec0fed11cfc3ef	antirreglamentario	uncertain	not_admitted_candidate		aggregate_only_not_sense_frequency	"[{""path"": ""associativvordes/family-index-v5/members/es/eb.json.gz"", ""family_id"": ""surface:es:antirreglamentari"", ""record_sha256"": ""f26bcb3154c9ce8997ec14e6a5ac5ffb2d94f5dbdb0d77b74517d9b6a0ff5cfd""}]"	"{""lemma_id"": ""lemma:7c45c8ec0fed11cfc3ef"", ""word"": ""antirreglamentario"", ""normalized"": ""antirreglamentario"", ""search_form"": ""antirreglamentario"", ""rank"": 109400, ""frequency_score"": 0.7273452866843715, ""category_breakdown"": {""subtitles"": {""ipm_values"": [0.042094, 0.042674], ""category_ipm"": 0.042384, ""category_score"": 0.7273452866843715}}, ""sources"": [{""id"": ""subtitles/hermit_2016_es_full_lemmatized_ipm6_spacy_lookup_cleaned_v8.json"", ""file"": ""hermit_2016_es_full_lemmatized_ipm6_spacy_lookup_cleaned_v8.json"", ""category"": ""subtitles"", ""ipm"": 0.042094}, {""id"": ""subtitles/hermit_2018_es_full_lemmatized_ipm6_spacy_lookup_cleaned_v8.json"", ""file"": ""hermit_2018_es_full_lemmatized_ipm6_spacy_lookup_cleaned_v8.json"", ""category"": ""subtitles"", ""ipm"": 0.042674}], ""corpus_quality"": {""status"": ""accepted"", ""reasons"": []}, ""components"": [{""surface"": ""antirreglamentari"", ""canonical_candidate"": ""antirreglamentari"", ""confidence"": 0.92, ""evidence"": [{""type"": ""morphological_parse"", ""source"": ""candidate_index"", ""path"": [""antirreglamentario"", ""antirreglamentari"", ""antirreglamentari""], ""confidence"": 0.92}]}]}"
es	lemma:7e3783c4d4a7925f47cc	regularme	accepted	accepted	regular	aggregate_only_not_sense_frequency	"[{""path"": ""associativvordes/family-index-v5/members/es/40.json.gz"", ""family_id"": ""family:regul"", ""record_sha256"": ""2a36e2dfac2518b521d98055049e447ca1f32a9bd7d1cb030d86630955916eb9""}, {""path"": ""associativvordes/family-index-v5/members/es/5e.json.gz"", ""family_id"": ""surface:es:regula"", ""record_sha256"": ""e2f5733b0c67a1baf12b5130954049ea74d292ccd0c39644c5ee3bfc59582421""}]"	"{""lemma_id"": ""lemma:7e3783c4d4a7925f47cc"", ""word"": ""regularme"", ""normalized"": ""regularme"", ""search_form"": ""regularme"", ""rank"": 268002, ""frequency_score"": 0.13175074215357438, ""category_breakdown"": {""subtitles"": {""ipm_values"": [0.005612, 0.009483], ""category_ipm"": 0.0075475, ""category_score"": 0.13175074215357438}}, ""sources"": [{""id"": ""subtitles/hermit_2016_es_full_lemmatized_ipm6_spacy_lookup_cleaned_v8.json"", ""file"": ""hermit_2016_es_full_lemmatized_ipm6_spacy_lookup_cleaned_v8.json"", ""category"": ""subtitles"", ""ipm"": 0.005612}, {""id"": ""subtitles/hermit_2018_es_full_lemmatized_ipm6_spacy_lookup_cleaned_v8.json"", ""file"": ""hermit_2018_es_full_lemmatized_ipm6_spacy_lookup_cleaned_v8.json"", ""category"": ""subtitles"", ""ipm"": 0.009483}], ""corpus_quality"": {""status"": ""accepted"", ""reasons"": []}, ""components"": [{""surface"": ""regul"", ""canonical_candidate"": ""regul"", ""confidence"": 0.97, ""evidence"": [{""type"": ""compound_morphology"", ""source"": ""manually_verified"", ""path"": [""regularme"", ""regul"", ""regul""], ""confidence"": 0.97}, {""type"": ""verified_seed_alias"", ""source"": ""methodology_control_seed"", ""path"": [""es"", ""regul"", ""family:regul""], ""confidence"": 1}]}]}"
es	lemma:7e3eafa5159aeb0d1924	arreglalas	uncertain	not_admitted_candidate		aggregate_only_not_sense_frequency	"[{""path"": ""associativvordes/family-index-v5/members/es/14.json.gz"", ""family_id"": ""surface:es:arreglal"", ""record_sha256"": ""9a0e012bcce7aedca7fa9121c950c0a6271142a18938be59681963dc1c9bd391""}]"	"{""lemma_id"": ""lemma:7e3eafa5159aeb0d1924"", ""word"": ""arreglalas"", ""normalized"": ""arreglalas"", ""search_form"": ""arreglalas"", ""rank"": 431883, ""frequency_score"": 0.04529710280721981, ""category_breakdown"": {""subtitles"": {""ipm_values"": [0.002806, 0.002371], ""category_ipm"": 0.0025884999999999997, ""category_score"": 0.04529710280721981}}, ""sources"": [{""id"": ""subtitles/hermit_2016_es_full_lemmatized_ipm6_spacy_lookup_cleaned_v8.json"", ""file"": ""hermit_2016_es_full_lemmatized_ipm6_spacy_lookup_cleaned_v8.json"", ""category"": ""subtitles"", ""ipm"": 0.002806}, {""id"": ""subtitles/hermit_2018_es_full_lemmatized_ipm6_spacy_lookup_cleaned_v8.json"", ""file"": ""hermit_2018_es_full_lemmatized_ipm6_spacy_lookup_cleaned_v8.json"", ""category"": ""subtitles"", ""ipm"": 0.002371}], ""corpus_quality"": {""status"": ""accepted"", ""reasons"": []}, ""components"": [{""surface"": ""arreglal"", ""canonical_candidate"": ""arreglal"", ""confidence"": 0.92, ""evidence"": [{""type"": ""morphological_parse"", ""source"": ""candidate_index"", ""path"": [""arreglalas"", ""arreglal"", ""arreglal""], ""confidence"": 0.92}]}]}"
es	lemma:7e8627f911566d9059f5	regulon	uncertain	not_admitted_candidate		aggregate_only_not_sense_frequency	"[{""path"": ""associativvordes/family-index-v5/members/es/b2.json.gz"", ""family_id"": ""surface:es:reg"", ""record_sha256"": ""089b9da692ab01741f949ef1dc3913cc99940130e1632089c3b1d559c6bc0c73""}, {""path"": ""associativvordes/family-index-v5/members/es/e5.json.gz"", ""family_id"": ""surface:es:lon"", ""record_sha256"": ""30d515d98c0fee77566c5e1f36937da5f4f3cf5e5c7c0367cf5c5a739c531850""}]"	"{""lemma_id"": ""lemma:7e8627f911566d9059f5"", ""word"": ""regulon"", ""normalized"": ""regulon"", ""search_form"": ""regulon"", ""rank"": 692074, ""frequency_score"": 0.04529710280721981, ""category_breakdown"": {""subtitles"": {""ipm_values"": [0.002806, 0.002371], ""category_ipm"": 0.0025884999999999997, ""category_score"": 0.04529710280721981}}, ""sources"": [{""id"": ""subtitles/hermit_2016_es_full_lemmatized_ipm6_spacy_lookup_cleaned_v8.json"", ""file"": ""hermit_2016_es_full_lemmatized_ipm6_spacy_lookup_cleaned_v8.json"", ""category"": ""subtitles"", ""ipm"": 0.002806}, {""id"": ""subtitles/hermit_2018_es_full_lemmatized_ipm6_spacy_lookup_cleaned_v8.json"", ""file"": ""hermit_2018_es_full_lemmatized_ipm6_spacy_lookup_cleaned_v8.json"", ""category"": ""subtitles"", ""ipm"": 0.002371}], ""corpus_quality"": {""status"": ""accepted"", ""reasons"": []}, ""components"": [{""surface"": ""reg"", ""canonical_candidate"": ""reg"", ""confidence"": 0.81, ""evidence"": [{""type"": ""compound_morphology"", ""source"": ""candidate_index"", ""path"": [""regulon"", ""reg"", ""reg""], ""confidence"": 0.81}]}]}"
es	lemma:7ea3d1f8226a01f9d167	arreglatela	uncertain	not_admitted_candidate		aggregate_only_not_sense_frequency	"[{""path"": ""associativvordes/family-index-v5/members/es/a5.json.gz"", ""family_id"": ""surface:es:arreglatel"", ""record_sha256"": ""ebd173a904cd991a390bd0ed696249fcf550a1c4c7f8ade3affda0716ba70732""}]"	"{""lemma_id"": ""lemma:7ea3d1f8226a01f9d167"", ""word"": ""arreglatela"", ""normalized"": ""arreglatela"", ""search_form"": ""arreglatela"", ""rank"": 309280, ""frequency_score"": 0.06979986216223158, ""category_breakdown"": {""subtitles"": {""ipm_values"": [0.005612, 0.002371], ""category_ipm"": 0.0039915, ""category_score"": 0.06979986216223158}}, ""sources"": [{""id"": ""subtitles/hermit_2016_es_full_lemmatized_ipm6_spacy_lookup_cleaned_v8.json"", ""file"": ""hermit_2016_es_full_lemmatized_ipm6_spacy_lookup_cleaned_v8.json"", ""category"": ""subtitles"", ""ipm"": 0.005612}, {""id"": ""subtitles/hermit_2018_es_full_lemmatized_ipm6_spacy_lookup_cleaned_v8.json"", ""file"": ""hermit_2018_es_full_lemmatized_ipm6_spacy_lookup_cleaned_v8.json"", ""category"": ""subtitles"", ""ipm"": 0.002371}], ""corpus_quality"": {""status"": ""accepted"", ""reasons"": []}, ""components"": [{""surface"": ""arreglatel"", ""canonical_candidate"": ""arreglatel"", ""confidence"": 0.92, ""evidence"": [{""type"": ""morphological_parse"", ""source"": ""candidate_index"", ""path"": [""arreglatela"", ""arreglatel"", ""arreglatel""], ""confidence"": 0.92}]}]}"
es	lemma:802a85628e218744717b	reglamentacion	uncertain	not_admitted_candidate		aggregate_only_not_sense_frequency	"[{""path"": ""associativvordes/family-index-v5/members/es/2a.json.gz"", ""family_id"": ""surface:es:mentacion"", ""record_sha256"": ""9504038cc650850275307d7fbeb5f45f170dcd44aa5b7253a57e254dc7e55d81""}, {""path"": ""associativvordes/family-index-v5/members/es/a1.json.gz"", ""family_id"": ""surface:es:reglamentac"", ""record_sha256"": ""ef77fbe7abdc3741b7fc293829064091b4c29d7fac7e9a1df6f7f4051e82a723""}]"	"{""lemma_id"": ""lemma:802a85628e218744717b"", ""word"": ""reglamentacion"", ""normalized"": ""reglamentacion"", ""search_form"": ""reglamentacion"", ""rank"": 214184, ""frequency_score"": 0.24414241266461767, ""category_breakdown"": {""subtitles"": {""ipm_values"": [0.014031], ""category_ipm"": 0.014031, ""category_score"": 0.24414241266461767}}, ""sources"": [{""id"": ""subtitles/hermit_2016_es_full_lemmatized_ipm6_spacy_lookup_cleaned_v8.json"", ""file"": ""hermit_2016_es_full_lemmatized_ipm6_spacy_lookup_cleaned_v8.json"", ""category"": ""subtitles"", ""ipm"": 0.014031}], ""corpus_quality"": {""status"": ""accepted"", ""reasons"": []}, ""components"": [{""surface"": ""mentacion"", ""canonical_candidate"": ""mentacion"", ""confidence"": 0.89, ""evidence"": [{""type"": ""compound_morphology"", ""source"": ""candidate_index"", ""path"": [""reglamentacion"", ""mentacion"", ""mentacion""], ""confidence"": 0.89}]}]}"
es	lemma:8036583a3178ed1fc0ed	arreglátelas	uncertain	not_admitted_candidate		aggregate_only_not_sense_frequency	"[{""path"": ""associativvordes/family-index-v5/members/es/a5.json.gz"", ""family_id"": ""surface:es:arreglatel"", ""record_sha256"": ""40edc9854332e17adbbdaee9263ea8c64194e52e25aef47dd6b66f06ad19a66d""}]"	"{""lemma_id"": ""lemma:8036583a3178ed1fc0ed"", ""word"": ""arreglátelas"", ""normalized"": ""arreglátelas"", ""search_form"": ""arreglatelas"", ""rank"": 119771, ""frequency_score"": 0.5799206547003534, ""category_breakdown"": {""subtitles"": {""ipm_values"": [0.036481, 0.03082], ""category_ipm"": 0.0336505, ""category_score"": 0.5799206547003534}}, ""sources"": [{""id"": ""subtitles/hermit_2016_es_full_lemmatized_ipm6_spacy_lookup_cleaned_v8.json"", ""file"": ""hermit_2016_es_full_lemmatized_ipm6_spacy_lookup_cleaned_v8.json"", ""category"": ""subtitles"", ""ipm"": 0.036481}, {""id"": ""subtitles/hermit_2018_es_full_lemmatized_ipm6_spacy_lookup_cleaned_v8.json"", ""file"": ""hermit_2018_es_full_lemmatized_ipm6_spacy_lookup_cleaned_v8.json"", ""category"": ""subtitles"", ""ipm"": 0.03082}], ""corpus_quality"": {""status"": ""accepted"", ""reasons"": []}, ""components"": [{""surface"": ""arreglatel"", ""canonical_candidate"": ""arreglatel"", ""confidence"": 0.92, ""evidence"": [{""type"": ""morphological_parse"", ""source"": ""candidate_index"", ""path"": [""arreglatelas"", ""arreglatel"", ""arreglatel""], ""confidence"": 0.92}]}]}"
es	lemma:803eb94957c34c0b020f	arreglatodo	uncertain	not_admitted_candidate		aggregate_only_not_sense_frequency	"[{""path"": ""associativvordes/family-index-v5/members/es/93.json.gz"", ""family_id"": ""ety:f7e9723cd52e"", ""record_sha256"": ""8ff8f37e1fdbf4d4769d01b422837eabe135c5c4cd8ab9fde3e68ec164f3303a""}, {""path"": ""associativvordes/family-index-v5/members/es/c7.json.gz"", ""family_id"": ""surface:es:arreglatod"", ""record_sha256"": ""fbe2bd99f11f76a44b4d801255c5babf87b0abeeebeb6567941c034310e52676""}]"	"{""lemma_id"": ""lemma:803eb94957c34c0b020f"", ""word"": ""arreglatodo"", ""normalized"": ""arreglatodo"", ""search_form"": ""arreglatodo"", ""rank"": 103293, ""frequency_score"": 0.5745885736144134, ""category_breakdown"": {""subtitles"": {""ipm_values"": [0.047706, 0.018966], ""category_ipm"": 0.033336, ""category_score"": 0.5745885736144134}}, ""sources"": [{""id"": ""subtitles/hermit_2016_es_full_lemmatized_ipm6_spacy_lookup_cleaned_v8.json"", ""file"": ""hermit_2016_es_full_lemmatized_ipm6_spacy_lookup_cleaned_v8.json"", ""category"": ""subtitles"", ""ipm"": 0.047706}, {""id"": ""subtitles/hermit_2018_es_full_lemmatized_ipm6_spacy_lookup_cleaned_v8.json"", ""file"": ""hermit_2018_es_full_lemmatized_ipm6_spacy_lookup_cleaned_v8.json"", ""category"": ""subtitles"", ""ipm"": 0.018966}], ""corpus_quality"": {""status"": ""accepted"", ""reasons"": []}, ""components"": [{""surface"": ""todo"", ""canonical_candidate"": ""todo"", ""confidence"": 0.89, ""evidence"": [{""type"": ""compound_morphology"", ""source"": ""candidate_index"", ""path"": [""arreglatodo"", ""todo"", ""todo""], ""confidence"": 0.89}]}]}"
es	lemma:8040b43a26d3eb17829f	arrégla	uncertain	not_admitted_candidate		aggregate_only_not_sense_frequency	"[{""path"": ""associativvordes/family-index-v5/members/es/70.json.gz"", ""family_id"": ""surface:es:arregla"", ""record_sha256"": ""1ba71fbd0d5c5eda8ae36a6dc99b4c167dfe5a5d8b7d2765345ccc8e990f27f0""}]"	"{""lemma_id"": ""lemma:8040b43a26d3eb17829f"", ""word"": ""arrégla"", ""normalized"": ""arrégla"", ""search_form"": ""arregla"", ""rank"": 432646, ""frequency_score"": 0.04529710280721981, ""category_breakdown"": {""subtitles"": {""ipm_values"": [0.002806, 0.002371], ""category_ipm"": 0.0025884999999999997, ""category_score"": 0.04529710280721981}}, ""sources"": [{""id"": ""subtitles/hermit_2016_es_full_lemmatized_ipm6_spacy_lookup_cleaned_v8.json"", ""file"": ""hermit_2016_es_full_lemmatized_ipm6_spacy_lookup_cleaned_v8.json"", ""category"": ""subtitles"", ""ipm"": 0.002806}, {""id"": ""subtitles/hermit_2018_es_full_lemmatized_ipm6_spacy_lookup_cleaned_v8.json"", ""file"": ""hermit_2018_es_full_lemmatized_ipm6_spacy_lookup_cleaned_v8.json"", ""category"": ""subtitles"", ""ipm"": 0.002371}], ""corpus_quality"": {""status"": ""accepted"", ""reasons"": []}, ""components"": [{""surface"": ""arregla"", ""canonical_candidate"": ""arregla"", ""confidence"": 0.92, ""evidence"": [{""type"": ""morphological_parse"", ""source"": ""candidate_index"", ""path"": [""arregla"", ""arregla"", ""arregla""], ""confidence"": 0.92}]}]}"
es	lemma:8094e87dac9f6489c456	arrrreglado	uncertain	not_admitted_candidate		aggregate_only_not_sense_frequency	"[{""path"": ""associativvordes/family-index-v5/members/es/02.json.gz"", ""family_id"": ""surface:es:lado"", ""record_sha256"": ""78ea99deb82edaa4df83d482fe9e9a6cb2a667f4e5a056bec477db2147d1049c""}, {""path"": ""associativvordes/family-index-v5/members/es/9c.json.gz"", ""family_id"": ""surface:es:arrrreglad"", ""record_sha256"": ""57052c59b355e85527697918999c67f834f3f153fc1357579650a614490c5b04""}]"	"{""lemma_id"": ""lemma:8094e87dac9f6489c456"", ""word"": ""arrrreglado"", ""normalized"": ""arrrreglado"", ""search_form"": ""arrrreglado"", ""rank"": 432466, ""frequency_score"": 0.04529710280721981, ""category_breakdown"": {""subtitles"": {""ipm_values"": [0.002806, 0.002371], ""category_ipm"": 0.0025884999999999997, ""category_score"": 0.04529710280721981}}, ""sources"": [{""id"": ""subtitles/hermit_2016_es_full_lemmatized_ipm6_spacy_lookup_cleaned_v8.json"", ""file"": ""hermit_2016_es_full_lemmatized_ipm6_spacy_lookup_cleaned_v8.json"", ""category"": ""subtitles"", ""ipm"": 0.002806}, {""id"": ""subtitles/hermit_2018_es_full_lemmatized_ipm6_spacy_lookup_cleaned_v8.json"", ""file"": ""hermit_2018_es_full_lemmatized_ipm6_spacy_lookup_cleaned_v8.json"", ""category"": ""subtitles"", ""ipm"": 0.002371}], ""corpus_quality"": {""status"": ""accepted"", ""reasons"": []}, ""components"": [{""surface"": ""lado"", ""canonical_candidate"": ""lado"", ""confidence"": 0.89, ""evidence"": [{""type"": ""compound_morphology"", ""source"": ""candidate_index"", ""path"": [""arrrreglado"", ""lado"", ""lado""], ""confidence"": 0.89}]}]}"
es	lemma:809a2e12ba91d2e83279	arreglarselos	uncertain	not_admitted_candidate		aggregate_only_not_sense_frequency	"[{""path"": ""associativvordes/family-index-v5/members/es/1a.json.gz"", ""family_id"": ""surface:es:selos"", ""record_sha256"": ""57364b832cb4aa9c37e525c9917823741a978d8a404b364d2c89c4e949a26986""}, {""path"": ""associativvordes/family-index-v5/members/es/f6.json.gz"", ""family_id"": ""surface:es:arreglarsel"", ""record_sha256"": ""ccb08730e080cc31b8b3984ac710655d0483bc1eb766b0483906cd7f6f6dbef8""}]"	"{""lemma_id"": ""lemma:809a2e12ba91d2e83279"", ""word"": ""arreglarselos"", ""normalized"": ""arreglarselos"", ""search_form"": ""arreglarselos"", ""rank"": 431910, ""frequency_score"": 0.04529710280721981, ""category_breakdown"": {""subtitles"": {""ipm_values"": [0.002806, 0.002371], ""category_ipm"": 0.0025884999999999997, ""category_score"": 0.04529710280721981}}, ""sources"": [{""id"": ""subtitles/hermit_2016_es_full_lemmatized_ipm6_spacy_lookup_cleaned_v8.json"", ""file"": ""hermit_2016_es_full_lemmatized_ipm6_spacy_lookup_cleaned_v8.json"", ""category"": ""subtitles"", ""ipm"": 0.002806}, {""id"": ""subtitles/hermit_2018_es_full_lemmatized_ipm6_spacy_lookup_cleaned_v8.json"", ""file"": ""hermit_2018_es_full_lemmatized_ipm6_spacy_lookup_cleaned_v8.json"", ""category"": ""subtitles"", ""ipm"": 0.002371}], ""corpus_quality"": {""status"": ""accepted"", ""reasons"": []}, ""components"": [{""surface"": ""selos"", ""canonical_candidate"": ""selos"", ""confidence"": 0.89, ""evidence"": [{""type"": ""compound_morphology"", ""source"": ""candidate_index"", ""path"": [""arreglarselos"", ""selos"", ""selos""], ""confidence"": 0.89}]}]}"
es	lemma:80cd07fc7dbb046f5f64	arreglalotodo	uncertain	not_admitted_candidate		aggregate_only_not_sense_frequency	"[{""path"": ""associativvordes/family-index-v5/members/es/4c.json.gz"", ""family_id"": ""surface:es:arreglalotod"", ""record_sha256"": ""4c34572b65256d2d586051622d6c8730086b8339d96e065ae0b74bd1fb2af6e7""}, {""path"": ""associativvordes/family-index-v5/members/es/93.json.gz"", ""family_id"": ""ety:f7e9723cd52e"", ""record_sha256"": ""9992814b6835ead5b77126d4ccbbf1a26d70ac97acc21a8086776d391aef2adc""}]"	"{""lemma_id"": ""lemma:80cd07fc7dbb046f5f64"", ""word"": ""arreglalotodo"", ""normalized"": ""arreglalotodo"", ""search_form"": ""arreglalotodo"", ""rank"": 159912, ""frequency_score"": 0.3554056803062134, ""category_breakdown"": {""subtitles"": {""ipm_values"": [0.019644, 0.021337], ""category_ipm"": 0.0204905, ""category_score"": 0.3554056803062134}}, ""sources"": [{""id"": ""subtitles/hermit_2016_es_full_lemmatized_ipm6_spacy_lookup_cleaned_v8.json"", ""file"": ""hermit_2016_es_full_lemmatized_ipm6_spacy_lookup_cleaned_v8.json"", ""category"": ""subtitles"", ""ipm"": 0.019644}, {""id"": ""subtitles/hermit_2018_es_full_lemmatized_ipm6_spacy_lookup_cleaned_v8.json"", ""file"": ""hermit_2018_es_full_lemmatized_ipm6_spacy_lookup_cleaned_v8.json"", ""category"": ""subtitles"", ""ipm"": 0.021337}], ""corpus_quality"": {""status"": ""accepted"", ""reasons"": []}, ""components"": [{""surface"": ""arreglalotod"", ""canonical_candidate"": ""arreglalotod"", ""confidence"": 0.92, ""evidence"": [{""type"": ""morphological_parse"", ""source"": ""candidate_index"", ""path"": [""arreglalotodo"", ""arreglalotod"", ""arreglalotod""], ""confidence"": 0.92}]}]}"
es	lemma:812747a9d786f2b33ece	arregleamos	uncertain	not_admitted_candidate		aggregate_only_not_sense_frequency	"[{""path"": ""associativvordes/family-index-v5/members/es/3e.json.gz"", ""family_id"": ""surface:es:arregleam"", ""record_sha256"": ""e9152daa94518ed264b61493d8f68b626e07d1911540f08cd96fbdc290b754f9""}]"	"{""lemma_id"": ""lemma:812747a9d786f2b33ece"", ""word"": ""arregleamos"", ""normalized"": ""arregleamos"", ""search_form"": ""arregleamos"", ""rank"": 471499, ""frequency_score"": 0.041495494299664135, ""category_breakdown"": {""subtitles"": {""ipm_values"": [0.002371], ""category_ipm"": 0.002371, ""category_score"": 0.041495494299664135}}, ""sources"": [{""id"": ""subtitles/hermit_2018_es_full_lemmatized_ipm6_spacy_lookup_cleaned_v8.json"", ""file"": ""hermit_2018_es_full_lemmatized_ipm6_spacy_lookup_cleaned_v8.json"", ""category"": ""subtitles"", ""ipm"": 0.002371}], ""corpus_quality"": {""status"": ""accepted"", ""reasons"": []}, ""components"": [{""surface"": ""arregleam"", ""canonical_candidate"": ""arregleam"", ""confidence"": 0.92, ""evidence"": [{""type"": ""morphological_parse"", ""source"": ""candidate_index"", ""path"": [""arregleamos"", ""arregleam"", ""arregleam""], ""confidence"": 0.92}]}]}"
es	lemma:812b32856f25107ad569	arregladlas	uncertain	not_admitted_candidate		aggregate_only_not_sense_frequency	"[{""path"": ""associativvordes/family-index-v5/members/es/30.json.gz"", ""family_id"": ""surface:es:arregladl"", ""record_sha256"": ""21ab4d816d74107db84251ac45e9592098e082ca3c40a21b8389b617359c38a3""}]"	"{""lemma_id"": ""lemma:812b32856f25107ad569"", ""word"": ""arregladlas"", ""normalized"": ""arregladlas"", ""search_form"": ""arregladlas"", ""rank"": 431878, ""frequency_score"": 0.04529710280721981, ""category_breakdown"": {""subtitles"": {""ipm_values"": [0.002806, 0.002371], ""category_ipm"": 0.0025884999999999997, ""category_score"": 0.04529710280721981}}, ""sources"": [{""id"": ""subtitles/hermit_2016_es_full_lemmatized_ipm6_spacy_lookup_cleaned_v8.json"", ""file"": ""hermit_2016_es_full_lemmatized_ipm6_spacy_lookup_cleaned_v8.json"", ""category"": ""subtitles"", ""ipm"": 0.002806}, {""id"": ""subtitles/hermit_2018_es_full_lemmatized_ipm6_spacy_lookup_cleaned_v8.json"", ""file"": ""hermit_2018_es_full_lemmatized_ipm6_spacy_lookup_cleaned_v8.json"", ""category"": ""subtitles"", ""ipm"": 0.002371}], ""corpus_quality"": {""status"": ""accepted"", ""reasons"": []}, ""components"": [{""surface"": ""arregladl"", ""canonical_candidate"": ""arregladl"", ""confidence"": 0.92, ""evidence"": [{""type"": ""morphological_parse"", ""source"": ""candidate_index"", ""path"": [""arregladlas"", ""arregladl"", ""arregladl""], ""confidence"": 0.92}]}]}"
es	lemma:82152c6de3c976d0cf1e	rearreglar	uncertain	not_admitted_candidate		aggregate_only_not_sense_frequency	"[{""path"": ""associativvordes/family-index-v5/members/es/26.json.gz"", ""family_id"": ""surface:es:arreglar"", ""record_sha256"": ""8c135caf6cb5cc41311fb2baf1d3fe9a7a1b511407475d09163d8e6a6ff31eb2""}, {""path"": ""associativvordes/family-index-v5/members/es/40.json.gz"", ""family_id"": ""surface:es:rea"", ""record_sha256"": ""f8a39ba71e64bdbcd41648d546b268af27ff5f20bef938f54baa579f3f96d531""}]"	"{""lemma_id"": ""lemma:82152c6de3c976d0cf1e"", ""word"": ""rearreglar"", ""normalized"": ""rearreglar"", ""search_form"": ""rearreglar"", ""rank"": 290742, ""frequency_score"": 0.13554151465136516, ""category_breakdown"": {""subtitles"": {""ipm_values"": [0.008419, 0.007112], ""category_ipm"": 0.0077655, ""category_score"": 0.13554151465136516}}, ""sources"": [{""id"": ""subtitles/hermit_2016_es_full_lemmatized_ipm6_spacy_lookup_cleaned_v8.json"", ""file"": ""hermit_2016_es_full_lemmatized_ipm6_spacy_lookup_cleaned_v8.json"", ""category"": ""subtitles"", ""ipm"": 0.008419}, {""id"": ""subtitles/hermit_2018_es_full_lemmatized_ipm6_spacy_lookup_cleaned_v8.json"", ""file"": ""hermit_2018_es_full_lemmatized_ipm6_spacy_lookup_cleaned_v8.json"", ""category"": ""subtitles"", ""ipm"": 0.007112}], ""corpus_quality"": {""status"": ""accepted"", ""reasons"": []}, ""components"": [{""surface"": ""arreglar"", ""canonical_candidate"": ""arreglar"", ""confidence"": 0.92, ""evidence"": [{""type"": ""morphological_parse"", ""source"": ""candidate_index"", ""path"": [""rearreglar"", ""arreglar"", ""arreglar""], ""confidence"": 0.92}]}]}"
es	lemma:8240fef54e24a1c9a940	arreglándome	uncertain	not_admitted_candidate		aggregate_only_not_sense_frequency	"[{""path"": ""associativvordes/family-index-v5/members/es/fa.json.gz"", ""family_id"": ""surface:es:arregland"", ""record_sha256"": ""238edb73014e5367f19619ec590ab390b029963e8e86bc9316b806deac1b48d8""}]"	"{""lemma_id"": ""lemma:8240fef54e24a1c9a940"", ""word"": ""arreglándome"", ""normalized"": ""arreglándome"", ""search_form"": ""arreglandome"", ""rank"": 52545, ""frequency_score"": 2.4656764832797227, ""category_breakdown"": {""subtitles"": {""ipm_values"": [0.159956, 0.142246], ""category_ipm"": 0.15110099999999999, ""category_score"": 2.4656764832797227}}, ""sources"": [{""id"": ""subtitles/hermit_2016_es_full_lemmatized_ipm6_spacy_lookup_cleaned_v8.json"", ""file"": ""hermit_2016_es_full_lemmatized_ipm6_spacy_lookup_cleaned_v8.json"", ""category"": ""subtitles"", ""ipm"": 0.159956}, {""id"": ""subtitles/hermit_2018_es_full_lemmatized_ipm6_spacy_lookup_cleaned_v8.json"", ""file"": ""hermit_2018_es_full_lemmatized_ipm6_spacy_lookup_cleaned_v8.json"", ""category"": ""subtitles"", ""ipm"": 0.142246}], ""corpus_quality"": {""status"": ""accepted"", ""reasons"": []}, ""components"": [{""surface"": ""arregland"", ""canonical_candidate"": ""arregland"", ""confidence"": 0.81, ""evidence"": [{""type"": ""compound_morphology"", ""source"": ""candidate_index"", ""path"": [""arreglandome"", ""arregland"", ""arregland""], ""confidence"": 0.81}]}]}"
es	lemma:8250e8ea12205ffd7526	desreglamentación	uncertain	not_admitted_candidate		aggregate_only_not_sense_frequency	"[{""path"": ""associativvordes/family-index-v5/members/es/2a.json.gz"", ""family_id"": ""surface:es:mentacion"", ""record_sha256"": ""32ede28ac3ea0fa9522982326fff36ca037318844126e732d20d59eda293e02e""}, {""path"": ""associativvordes/family-index-v5/members/es/59.json.gz"", ""family_id"": ""surface:es:desreglamentac"", ""record_sha256"": ""294d477932ee89f3483e23dc23ff0886e06f36cccf4c58b222673a6685201966""}]"	"{""lemma_id"": ""lemma:8250e8ea12205ffd7526"", ""word"": ""desreglamentación"", ""normalized"": ""desreglamentación"", ""search_form"": ""desreglamentacion"", ""rank"": 502146, ""frequency_score"": 0.04909788668913623, ""category_breakdown"": {""subtitles"": {""ipm_values"": [0.002806], ""category_ipm"": 0.002806, ""category_score"": 0.04909788668913623}}, ""sources"": [{""id"": ""subtitles/hermit_2016_es_full_lemmatized_ipm6_spacy_lookup_cleaned_v8.json"", ""file"": ""hermit_2016_es_full_lemmatized_ipm6_spacy_lookup_cleaned_v8.json"", ""category"": ""subtitles"", ""ipm"": 0.002806}], ""corpus_quality"": {""status"": ""accepted"", ""reasons"": []}, ""components"": [{""surface"": ""mentacion"", ""canonical_candidate"": ""mentacion"", ""confidence"": 0.89, ""evidence"": [{""type"": ""compound_morphology"", ""source"": ""candidate_index"", ""path"": [""desreglamentacion"", ""mentacion"", ""mentacion""], ""confidence"": 0.89}]}]}"
es	lemma:82dc4b1d71de076fed5f	arreglarí	uncertain	not_admitted_candidate		aggregate_only_not_sense_frequency	"[{""path"": ""associativvordes/family-index-v5/members/es/5d.json.gz"", ""family_id"": ""surface:es:arreglari"", ""record_sha256"": ""f1015188f42cda18c764a08cf95c7344150258f2318431ef18410c4cc365dcff""}]"	"{""lemma_id"": ""lemma:82dc4b1d71de076fed5f"", ""word"": ""arreglarí"", ""normalized"": ""arreglarí"", ""search_form"": ""arreglari"", ""rank"": 471491, ""frequency_score"": 0.041495494299664135, ""category_breakdown"": {""subtitles"": {""ipm_values"": [0.002371], ""category_ipm"": 0.002371, ""category_score"": 0.041495494299664135}}, ""sources"": [{""id"": ""subtitles/hermit_2018_es_full_lemmatized_ipm6_spacy_lookup_cleaned_v8.json"", ""file"": ""hermit_2018_es_full_lemmatized_ipm6_spacy_lookup_cleaned_v8.json"", ""category"": ""subtitles"", ""ipm"": 0.002371}], ""corpus_quality"": {""status"": ""accepted"", ""reasons"": []}, ""components"": [{""surface"": ""arreglari"", ""canonical_candidate"": ""arreglari"", ""confidence"": 0.92, ""evidence"": [{""type"": ""morphological_parse"", ""source"": ""candidate_index"", ""path"": [""arreglari"", ""arreglari"", ""arreglari""], ""confidence"": 0.92}]}]}"
es	lemma:82e2c74b41160b32bb3a	arreglémosle	uncertain	not_admitted_candidate		aggregate_only_not_sense_frequency	"[{""path"": ""associativvordes/family-index-v5/members/es/04.json.gz"", ""family_id"": ""surface:es:arreglemo"", ""record_sha256"": ""8cf0ba05293bf4d574ed0c253c790ec2f9d441d5dbf56d7af0e117e0c1df63fe""}]"	"{""lemma_id"": ""lemma:82e2c74b41160b32bb3a"", ""word"": ""arreglémosle"", ""normalized"": ""arreglémosle"", ""search_form"": ""arreglemosle"", ""rank"": 431943, ""frequency_score"": 0.04909788668913623, ""category_breakdown"": {""subtitles"": {""ipm_values"": [0.002806], ""category_ipm"": 0.002806, ""category_score"": 0.04909788668913623}}, ""sources"": [{""id"": ""subtitles/hermit_2016_es_full_lemmatized_ipm6_spacy_lookup_cleaned_v8.json"", ""file"": ""hermit_2016_es_full_lemmatized_ipm6_spacy_lookup_cleaned_v8.json"", ""category"": ""subtitles"", ""ipm"": 0.002806}], ""corpus_quality"": {""status"": ""accepted"", ""reasons"": []}, ""components"": [{""surface"": ""arreglemo"", ""canonical_candidate"": ""arreglemo"", ""confidence"": 0.81, ""evidence"": [{""type"": ""compound_morphology"", ""source"": ""candidate_index"", ""path"": [""arreglemosle"", ""arreglemo"", ""arreglemo""], ""confidence"": 0.81}]}]}"
es	lemma:82ed1aade1d74b0e079a	fregarelarreglo	uncertain	not_admitted_candidate		aggregate_only_not_sense_frequency	"[{""path"": ""associativvordes/family-index-v5/members/es/57.json.gz"", ""family_id"": ""surface:es:fregarelarregl"", ""record_sha256"": ""fb590133c5832f1006f049f1431cf147cb7a5f013f66315965a56fef2c83eef5""}, {""path"": ""associativvordes/family-index-v5/members/es/7a.json.gz"", ""family_id"": ""surface:es:arreglo"", ""record_sha256"": ""6640d661e98b2d55704ddba6351d2bc66dbd8d93972225ac4f045ca2520af560""}]"	"{""lemma_id"": ""lemma:82ed1aade1d74b0e079a"", ""word"": ""fregarelarreglo"", ""normalized"": ""fregarelarreglo"", ""search_form"": ""fregarelarreglo"", ""rank"": 595175, ""frequency_score"": 0.041495494299664135, ""category_breakdown"": {""subtitles"": {""ipm_values"": [0.002371], ""category_ipm"": 0.002371, ""category_score"": 0.041495494299664135}}, ""sources"": [{""id"": ""subtitles/hermit_2018_es_full_lemmatized_ipm6_spacy_lookup_cleaned_v8.json"", ""file"": ""hermit_2018_es_full_lemmatized_ipm6_spacy_lookup_cleaned_v8.json"", ""category"": ""subtitles"", ""ipm"": 0.002371}], ""corpus_quality"": {""status"": ""accepted"", ""reasons"": []}, ""components"": [{""surface"": ""fregarelarregl"", ""canonical_candidate"": ""fregarelarregl"", ""confidence"": 0.92, ""evidence"": [{""type"": ""morphological_parse"", ""source"": ""candidate_index"", ""path"": [""fregarelarreglo"", ""fregarelarregl"", ""fregarelarregl""], ""confidence"": 0.92}]}]}"
es	lemma:831ecdd5d6f8a4594878	iarreglate	uncertain	not_admitted_candidate		aggregate_only_not_sense_frequency	"[{""path"": ""associativvordes/family-index-v5/members/es/66.json.gz"", ""family_id"": ""surface:es:iarregl"", ""record_sha256"": ""dde6ed520410828478b6299cb4ac425c18d780f5830bab4aae8b4e5ec1055b96""}, {""path"": ""associativvordes/family-index-v5/members/es/84.json.gz"", ""family_id"": ""surface:es:late"", ""record_sha256"": ""8346b85ef68b0ac0d0d5c09cfa18d8d0b1cffa40590a87ee940c8a5e552bb8d0""}]"	"{""lemma_id"": ""lemma:831ecdd5d6f8a4594878"", ""word"": ""iarreglate"", ""normalized"": ""iarreglate"", ""search_form"": ""iarreglate"", ""rank"": 572752, ""frequency_score"": 0.04529710280721981, ""category_breakdown"": {""subtitles"": {""ipm_values"": [0.002806, 0.002371], ""category_ipm"": 0.0025884999999999997, ""category_score"": 0.04529710280721981}}, ""sources"": [{""id"": ""subtitles/hermit_2016_es_full_lemmatized_ipm6_spacy_lookup_cleaned_v8.json"", ""file"": ""hermit_2016_es_full_lemmatized_ipm6_spacy_lookup_cleaned_v8.json"", ""category"": ""subtitles"", ""ipm"": 0.002806}, {""id"": ""subtitles/hermit_2018_es_full_lemmatized_ipm6_spacy_lookup_cleaned_v8.json"", ""file"": ""hermit_2018_es_full_lemmatized_ipm6_spacy_lookup_cleaned_v8.json"", ""category"": ""subtitles"", ""ipm"": 0.002371}], ""corpus_quality"": {""status"": ""accepted"", ""reasons"": []}, ""components"": [{""surface"": ""iarregl"", ""canonical_candidate"": ""iarregl"", ""confidence"": 0.81, ""evidence"": [{""type"": ""compound_morphology"", ""source"": ""candidate_index"", ""path"": [""iarreglate"", ""iarregl"", ""iarregl""], ""confidence"": 0.81}]}]}"
es	lemma:8321d961ecee27e3a8a3	iarréglelo	uncertain	not_admitted_candidate		aggregate_only_not_sense_frequency	"[{""path"": ""associativvordes/family-index-v5/members/es/4f.json.gz"", ""family_id"": ""surface:es:iarreglel"", ""record_sha256"": ""f53b576f12639dbd72a348d68bb7d1e85a095bcdeb0ee0d099591bdecfa32414""}]"	"{""lemma_id"": ""lemma:8321d961ecee27e3a8a3"", ""word"": ""iarréglelo"", ""normalized"": ""iarréglelo"", ""search_form"": ""iarreglelo"", ""rank"": 624790, ""frequency_score"": 0.041495494299664135, ""category_breakdown"": {""subtitles"": {""ipm_values"": [0.002371], ""category_ipm"": 0.002371, ""category_score"": 0.041495494299664135}}, ""sources"": [{""id"": ""subtitles/hermit_2018_es_full_lemmatized_ipm6_spacy_lookup_cleaned_v8.json"", ""file"": ""hermit_2018_es_full_lemmatized_ipm6_spacy_lookup_cleaned_v8.json"", ""category"": ""subtitles"", ""ipm"": 0.002371}], ""corpus_quality"": {""status"": ""accepted"", ""reasons"": []}, ""components"": [{""surface"": ""iarreglel"", ""canonical_candidate"": ""iarreglel"", ""confidence"": 0.92, ""evidence"": [{""type"": ""morphological_parse"", ""source"": ""candidate_index"", ""path"": [""iarreglelo"", ""iarreglel"", ""iarreglel""], ""confidence"": 0.92}]}]}"
es	lemma:84c349213d08a95ff26d	arreglándomelas	uncertain	not_admitted_candidate		aggregate_only_not_sense_frequency	"[{""path"": ""associativvordes/family-index-v5/members/es/52.json.gz"", ""family_id"": ""surface:es:melas"", ""record_sha256"": ""e567131ca7138f342fe006452c9f98f6b309e42d5187439f6d52b08a4625bee8""}, {""path"": ""associativvordes/family-index-v5/members/es/af.json.gz"", ""family_id"": ""surface:es:arreglandomel"", ""record_sha256"": ""176b9cdafb649bbd7f724feed7e1a2330042bc1c50e397e1cba689243a50d3ed""}]"	"{""lemma_id"": ""lemma:84c349213d08a95ff26d"", ""word"": ""arreglándomelas"", ""normalized"": ""arreglándomelas"", ""search_form"": ""arreglandomelas"", ""rank"": 159914, ""frequency_score"": 0.3554056803062134, ""category_breakdown"": {""subtitles"": {""ipm_values"": [0.019644, 0.021337], ""category_ipm"": 0.0204905, ""category_score"": 0.3554056803062134}}, ""sources"": [{""id"": ""subtitles/hermit_2016_es_full_lemmatized_ipm6_spacy_lookup_cleaned_v8.json"", ""file"": ""hermit_2016_es_full_lemmatized_ipm6_spacy_lookup_cleaned_v8.json"", ""category"": ""subtitles"", ""ipm"": 0.019644}, {""id"": ""subtitles/hermit_2018_es_full_lemmatized_ipm6_spacy_lookup_cleaned_v8.json"", ""file"": ""hermit_2018_es_full_lemmatized_ipm6_spacy_lookup_cleaned_v8.json"", ""category"": ""subtitles"", ""ipm"": 0.021337}], ""corpus_quality"": {""status"": ""accepted"", ""reasons"": []}, ""components"": [{""surface"": ""melas"", ""canonical_candidate"": ""melas"", ""confidence"": 0.89, ""evidence"": [{""type"": ""compound_morphology"", ""source"": ""candidate_index"", ""path"": [""arreglandomelas"", ""melas"", ""melas""], ""confidence"": 0.89}]}]}"
es	lemma:864ffcf4c5d4b7eaddac	regúlenos	accepted	accepted	regular	aggregate_only_not_sense_frequency	"[{""path"": ""associativvordes/family-index-v5/members/es/40.json.gz"", ""family_id"": ""family:regul"", ""record_sha256"": ""85ddb1a5e05548baccbfd9cc7ba9a1049275d7681e641927df3384345588b6b4""}, {""path"": ""associativvordes/family-index-v5/members/es/85.json.gz"", ""family_id"": ""ety:3d694d27ebf6"", ""record_sha256"": ""040049bb80c9ee19d49044274de471835e6b2d83001d8c96c25b6195c7b1e92f""}, {""path"": ""associativvordes/family-index-v5/members/es/8c.json.gz"", ""family_id"": ""surface:es:regulen"", ""record_sha256"": ""1fe3f3248abf48f262c9f7ee1a2bfff288a4e2436581a819dc0001b3985a6a43""}, {""path"": ""associativvordes/family-index-v5/members/es/dd.json.gz"", ""family_id"": ""ety:c7f03ff6ac56"", ""record_sha256"": ""040049bb80c9ee19d49044274de471835e6b2d83001d8c96c25b6195c7b1e92f""}]"	"{""lemma_id"": ""lemma:864ffcf4c5d4b7eaddac"", ""word"": ""regúlenos"", ""normalized"": ""regúlenos"", ""search_form"": ""regulenos"", ""rank"": 692128, ""frequency_score"": 0.04909788668913623, ""category_breakdown"": {""subtitles"": {""ipm_values"": [0.002806], ""category_ipm"": 0.002806, ""category_score"": 0.04909788668913623}}, ""sources"": [{""id"": ""subtitles/hermit_2016_es_full_lemmatized_ipm6_spacy_lookup_cleaned_v8.json"", ""file"": ""hermit_2016_es_full_lemmatized_ipm6_spacy_lookup_cleaned_v8.json"", ""category"": ""subtitles"", ""ipm"": 0.002806}], ""corpus_quality"": {""status"": ""accepted"", ""reasons"": []}, ""components"": [{""surface"": ""regul"", ""canonical_candidate"": ""regul"", ""confidence"": 0.97, ""evidence"": [{""type"": ""compound_morphology"", ""source"": ""manually_verified"", ""path"": [""regulenos"", ""regul"", ""regul""], ""confidence"": 0.97}, {""type"": ""verified_seed_alias"", ""source"": ""methodology_control_seed"", ""path"": [""es"", ""regul"", ""family:regul""], ""confidence"": 1}]}]}"
es	lemma:867c53ed4a4a373bc937	arreglandolo	uncertain	not_admitted_candidate		aggregate_only_not_sense_frequency	"[{""path"": ""associativvordes/family-index-v5/members/es/59.json.gz"", ""family_id"": ""surface:es:arreglandol"", ""record_sha256"": ""7c25d978d255f2b6313a86742e980e70c18f2d070cd48032fd28abb141857b58""}]"	"{""lemma_id"": ""lemma:867c53ed4a4a373bc937"", ""word"": ""arreglandolo"", ""normalized"": ""arreglandolo"", ""search_form"": ""arreglandolo"", ""rank"": 119768, ""frequency_score"": 0.47915951706194987, ""category_breakdown"": {""subtitles"": {""ipm_values"": [0.036481, 0.018966], ""category_ipm"": 0.027723499999999998, ""category_score"": 0.47915951706194987}}, ""sources"": [{""id"": ""subtitles/hermit_2016_es_full_lemmatized_ipm6_spacy_lookup_cleaned_v8.json"", ""file"": ""hermit_2016_es_full_lemmatized_ipm6_spacy_lookup_cleaned_v8.json"", ""category"": ""subtitles"", ""ipm"": 0.036481}, {""id"": ""subtitles/hermit_2018_es_full_lemmatized_ipm6_spacy_lookup_cleaned_v8.json"", ""file"": ""hermit_2018_es_full_lemmatized_ipm6_spacy_lookup_cleaned_v8.json"", ""category"": ""subtitles"", ""ipm"": 0.018966}], ""corpus_quality"": {""status"": ""accepted"", ""reasons"": []}, ""components"": [{""surface"": ""arreglandol"", ""canonical_candidate"": ""arreglandol"", ""confidence"": 0.92, ""evidence"": [{""type"": ""morphological_parse"", ""source"": ""candidate_index"", ""path"": [""arreglandolo"", ""arreglandol"", ""arreglandol""], ""confidence"": 0.92}]}]}"
es	lemma:87143a44ab9cbf7b3191	regulary	uncertain	withheld_historical_uncertain		aggregate_only_not_sense_frequency	"[{""path"": ""associativvordes/family-index-v5/members/es/40.json.gz"", ""family_id"": ""family:regul"", ""record_sha256"": ""cb39a4743c67dbc7ce163bbe17a2eacc2b3295b0717d180e41fa8498e0baf6cb""}, {""path"": ""associativvordes/family-index-v5/members/es/e2.json.gz"", ""family_id"": ""surface:es:lary"", ""record_sha256"": ""7f3f84ebd14f77c3d6d087e1954b18585c190cbc75907852701669a51c06130d""}]"	"{""lemma_id"": ""lemma:87143a44ab9cbf7b3191"", ""word"": ""regulary"", ""normalized"": ""regulary"", ""search_form"": ""regulary"", ""rank"": 755343, ""frequency_score"": 0.041495494299664135, ""category_breakdown"": {""subtitles"": {""ipm_values"": [0.002371], ""category_ipm"": 0.002371, ""category_score"": 0.041495494299664135}}, ""sources"": [{""id"": ""subtitles/hermit_2018_es_full_lemmatized_ipm6_spacy_lookup_cleaned_v8.json"", ""file"": ""hermit_2018_es_full_lemmatized_ipm6_spacy_lookup_cleaned_v8.json"", ""category"": ""subtitles"", ""ipm"": 0.002371}], ""corpus_quality"": {""status"": ""accepted"", ""reasons"": []}, ""components"": [{""surface"": ""regul"", ""canonical_candidate"": ""regul"", ""confidence"": 0.97, ""evidence"": [{""type"": ""compound_morphology"", ""source"": ""manually_verified"", ""path"": [""regulary"", ""regul"", ""regul""], ""confidence"": 0.97}, {""type"": ""verified_seed_alias"", ""source"": ""methodology_control_seed"", ""path"": [""es"", ""regul"", ""family:regul""], ""confidence"": 1}]}]}"
es	lemma:87f4e6d34049ebd1af51	rearregle	uncertain	not_admitted_candidate		aggregate_only_not_sense_frequency	"[{""path"": ""associativvordes/family-index-v5/members/es/40.json.gz"", ""family_id"": ""surface:es:rea"", ""record_sha256"": ""1bdd19f5d61f3843ef85899447efb4d7775dfbb045ae4b705f71a890806aa4c4""}, {""path"": ""associativvordes/family-index-v5/members/es/ec.json.gz"", ""family_id"": ""ety:e85ddb14a186"", ""record_sha256"": ""e5b60af9aa51b199fda0a5c6dfc4a4220fa97990b4e2ffd1459c1caf399212ab""}]"	"{""lemma_id"": ""lemma:87f4e6d34049ebd1af51"", ""word"": ""rearregle"", ""normalized"": ""rearregle"", ""search_form"": ""rearregle"", ""rank"": 688041, ""frequency_score"": 0.04529710280721981, ""category_breakdown"": {""subtitles"": {""ipm_values"": [0.002806, 0.002371], ""category_ipm"": 0.0025884999999999997, ""category_score"": 0.04529710280721981}}, ""sources"": [{""id"": ""subtitles/hermit_2016_es_full_lemmatized_ipm6_spacy_lookup_cleaned_v8.json"", ""file"": ""hermit_2016_es_full_lemmatized_ipm6_spacy_lookup_cleaned_v8.json"", ""category"": ""subtitles"", ""ipm"": 0.002806}, {""id"": ""subtitles/hermit_2018_es_full_lemmatized_ipm6_spacy_lookup_cleaned_v8.json"", ""file"": ""hermit_2018_es_full_lemmatized_ipm6_spacy_lookup_cleaned_v8.json"", ""category"": ""subtitles"", ""ipm"": 0.002371}], ""corpus_quality"": {""status"": ""accepted"", ""reasons"": []}, ""components"": [{""surface"": ""rea"", ""canonical_candidate"": ""rea"", ""confidence"": 0.81, ""evidence"": [{""type"": ""compound_morphology"", ""source"": ""candidate_index"", ""path"": [""rearregle"", ""rea"", ""rea""], ""confidence"": 0.81}]}]}"
es	lemma:8859e24ae0f509a9c6e5	arregleís	uncertain	not_admitted_candidate		aggregate_only_not_sense_frequency	"[{""path"": ""associativvordes/family-index-v5/members/es/b1.json.gz"", ""family_id"": ""surface:es:arregl"", ""record_sha256"": ""442d53b7fb904b5efd1bde27b9bd45c03619a7810d487d79bcaf386abbac5105""}, {""path"": ""associativvordes/family-index-v5/members/es/ff.json.gz"", ""family_id"": ""surface:es:leis"", ""record_sha256"": ""93f8b4596f410385e54ff71a79315ff4efe4be3ef9113af90542195f262b4591""}]"	"{""lemma_id"": ""lemma:8859e24ae0f509a9c6e5"", ""word"": ""arregleís"", ""normalized"": ""arregleís"", ""search_form"": ""arregleis"", ""rank"": 431925, ""frequency_score"": 0.04909788668913623, ""category_breakdown"": {""subtitles"": {""ipm_values"": [0.002806], ""category_ipm"": 0.002806, ""category_score"": 0.04909788668913623}}, ""sources"": [{""id"": ""subtitles/hermit_2016_es_full_lemmatized_ipm6_spacy_lookup_cleaned_v8.json"", ""file"": ""hermit_2016_es_full_lemmatized_ipm6_spacy_lookup_cleaned_v8.json"", ""category"": ""subtitles"", ""ipm"": 0.002806}], ""corpus_quality"": {""status"": ""accepted"", ""reasons"": []}, ""components"": [{""surface"": ""arregl"", ""canonical_candidate"": ""arregl"", ""confidence"": 0.81, ""evidence"": [{""type"": ""compound_morphology"", ""source"": ""candidate_index"", ""path"": [""arregleis"", ""arregl"", ""arregl""], ""confidence"": 0.81}]}]}"
es	lemma:892bac4bcde55509c921	arreglándomelo	uncertain	not_admitted_candidate		aggregate_only_not_sense_frequency	"[{""path"": ""associativvordes/family-index-v5/members/es/af.json.gz"", ""family_id"": ""surface:es:arreglandomel"", ""record_sha256"": ""5566701a2ed02ffe0a998d402a0a75fdb6cc6570ddd28510b585210604ee3e3d""}, {""path"": ""associativvordes/family-index-v5/members/es/fb.json.gz"", ""family_id"": ""surface:es:melo"", ""record_sha256"": ""fd794fb07a7be4069253e8a4e2dc296edb796c0fc0ece22dc5ce9b238012cf3c""}]"	"{""lemma_id"": ""lemma:892bac4bcde55509c921"", ""word"": ""arreglándomelo"", ""normalized"": ""arreglándomelo"", ""search_form"": ""arreglandomelo"", ""rank"": 309283, ""frequency_score"": 0.090477407431868, ""category_breakdown"": {""subtitles"": {""ipm_values"": [0.005612, 0.004742], ""category_ipm"": 0.005176999999999999, ""category_score"": 0.090477407431868}}, ""sources"": [{""id"": ""subtitles/hermit_2016_es_full_lemmatized_ipm6_spacy_lookup_cleaned_v8.json"", ""file"": ""hermit_2016_es_full_lemmatized_ipm6_spacy_lookup_cleaned_v8.json"", ""category"": ""subtitles"", ""ipm"": 0.005612}, {""id"": ""subtitles/hermit_2018_es_full_lemmatized_ipm6_spacy_lookup_cleaned_v8.json"", ""file"": ""hermit_2018_es_full_lemmatized_ipm6_spacy_lookup_cleaned_v8.json"", ""category"": ""subtitles"", ""ipm"": 0.004742}], ""corpus_quality"": {""status"": ""accepted"", ""reasons"": []}, ""components"": [{""surface"": ""arreglandomel"", ""canonical_candidate"": ""arreglandomel"", ""confidence"": 0.92, ""evidence"": [{""type"": ""morphological_parse"", ""source"": ""candidate_index"", ""path"": [""arreglandomelo"", ""arreglandomel"", ""arreglandomel""], ""confidence"": 0.92}]}]}"
es	lemma:89339871716f11dbba9f	areglaría	uncertain	not_admitted_candidate		aggregate_only_not_sense_frequency	"[{""path"": ""associativvordes/family-index-v5/members/es/8d.json.gz"", ""family_id"": ""surface:es:areglari"", ""record_sha256"": ""bd89fe172e547de4ca5d06b114cf80ff91ea19e7f45f2ba52ca5f035777f29eb""}]"	"{""lemma_id"": ""lemma:89339871716f11dbba9f"", ""word"": ""areglaría"", ""normalized"": ""areglaría"", ""search_form"": ""areglaria"", ""rank"": 430696, ""frequency_score"": 0.04529710280721981, ""category_breakdown"": {""subtitles"": {""ipm_values"": [0.002806, 0.002371], ""category_ipm"": 0.0025884999999999997, ""category_score"": 0.04529710280721981}}, ""sources"": [{""id"": ""subtitles/hermit_2016_es_full_lemmatized_ipm6_spacy_lookup_cleaned_v8.json"", ""file"": ""hermit_2016_es_full_lemmatized_ipm6_spacy_lookup_cleaned_v8.json"", ""category"": ""subtitles"", ""ipm"": 0.002806}, {""id"": ""subtitles/hermit_2018_es_full_lemmatized_ipm6_spacy_lookup_cleaned_v8.json"", ""file"": ""hermit_2018_es_full_lemmatized_ipm6_spacy_lookup_cleaned_v8.json"", ""category"": ""subtitles"", ""ipm"": 0.002371}], ""corpus_quality"": {""status"": ""accepted"", ""reasons"": []}, ""components"": [{""surface"": ""areglari"", ""canonical_candidate"": ""areglari"", ""confidence"": 0.92, ""evidence"": [{""type"": ""morphological_parse"", ""source"": ""candidate_index"", ""path"": [""areglaria"", ""areglari"", ""areglari""], ""confidence"": 0.92}]}]}"
es	lemma:8ac42e3ec26b6579f088	arreglabamos	uncertain	not_admitted_candidate		aggregate_only_not_sense_frequency	"[{""path"": ""associativvordes/family-index-v5/members/es/68.json.gz"", ""family_id"": ""surface:es:arreglabam"", ""record_sha256"": ""595c61ec2f8c75e632567fdfe76046925462019fd1aaa8b71c9b08abba34a4a0""}]"	"{""lemma_id"": ""lemma:8ac42e3ec26b6579f088"", ""word"": ""arreglabamos"", ""normalized"": ""arreglabamos"", ""search_form"": ""arreglabamos"", ""rank"": 279921, ""frequency_score"": 0.08667687199795018, ""category_breakdown"": {""subtitles"": {""ipm_values"": [0.002806, 0.007112], ""category_ipm"": 0.004959, ""category_score"": 0.08667687199795018}}, ""sources"": [{""id"": ""subtitles/hermit_2016_es_full_lemmatized_ipm6_spacy_lookup_cleaned_v8.json"", ""file"": ""hermit_2016_es_full_lemmatized_ipm6_spacy_lookup_cleaned_v8.json"", ""category"": ""subtitles"", ""ipm"": 0.002806}, {""id"": ""subtitles/hermit_2018_es_full_lemmatized_ipm6_spacy_lookup_cleaned_v8.json"", ""file"": ""hermit_2018_es_full_lemmatized_ipm6_spacy_lookup_cleaned_v8.json"", ""category"": ""subtitles"", ""ipm"": 0.007112}], ""corpus_quality"": {""status"": ""accepted"", ""reasons"": []}, ""components"": [{""surface"": ""arreglabam"", ""canonical_candidate"": ""arreglabam"", ""confidence"": 0.92, ""evidence"": [{""type"": ""morphological_parse"", ""source"": ""candidate_index"", ""path"": [""arreglabamos"", ""arreglabam"", ""arreglabam""], ""confidence"": 0.92}]}]}"
es	lemma:8c0f87287e328b1e86b6	arréglenmelo	uncertain	not_admitted_candidate		aggregate_only_not_sense_frequency	"[{""path"": ""associativvordes/family-index-v5/members/es/20.json.gz"", ""family_id"": ""surface:es:arreglenmel"", ""record_sha256"": ""b17c7523d553903e988c6a8566a12c4280648b2e32717605f4df072e1363eada""}, {""path"": ""associativvordes/family-index-v5/members/es/fb.json.gz"", ""family_id"": ""surface:es:melo"", ""record_sha256"": ""355e23606400ff20719b510ed3f477072635d25e42b6dad6358ebd299a201034""}]"	"{""lemma_id"": ""lemma:8c0f87287e328b1e86b6"", ""word"": ""arréglenmelo"", ""normalized"": ""arréglenmelo"", ""search_form"": ""arreglenmelo"", ""rank"": 472288, ""frequency_score"": 0.041495494299664135, ""category_breakdown"": {""subtitles"": {""ipm_values"": [0.002371], ""category_ipm"": 0.002371, ""category_score"": 0.041495494299664135}}, ""sources"": [{""id"": ""subtitles/hermit_2018_es_full_lemmatized_ipm6_spacy_lookup_cleaned_v8.json"", ""file"": ""hermit_2018_es_full_lemmatized_ipm6_spacy_lookup_cleaned_v8.json"", ""category"": ""subtitles"", ""ipm"": 0.002371}], ""corpus_quality"": {""status"": ""accepted"", ""reasons"": []}, ""components"": [{""surface"": ""arreglenmel"", ""canonical_candidate"": ""arreglenmel"", ""confidence"": 0.92, ""evidence"": [{""type"": ""morphological_parse"", ""source"": ""candidate_index"", ""path"": [""arreglenmelo"", ""arreglenmel"", ""arreglenmel""], ""confidence"": 0.92}]}]}"
es	lemma:8c31c0df7b522b5a032a	arreglándonoslas	uncertain	not_admitted_candidate		aggregate_only_not_sense_frequency	"[{""path"": ""associativvordes/family-index-v5/members/es/ab.json.gz"", ""family_id"": ""surface:es:arreglandonosl"", ""record_sha256"": ""9eca635fd4af3f90b09064cfd35f3a64d990b8aa33db8fbab56a97f18999bccc""}]"	"{""lemma_id"": ""lemma:8c31c0df7b522b5a032a"", ""word"": ""arreglándonoslas"", ""normalized"": ""arreglándonoslas"", ""search_form"": ""arreglandonoslas"", ""rank"": 279928, ""frequency_score"": 0.11112187447585387, ""category_breakdown"": {""subtitles"": {""ipm_values"": [0.005612, 0.007112], ""category_ipm"": 0.006362, ""category_score"": 0.11112187447585387}}, ""sources"": [{""id"": ""subtitles/hermit_2016_es_full_lemmatized_ipm6_spacy_lookup_cleaned_v8.json"", ""file"": ""hermit_2016_es_full_lemmatized_ipm6_spacy_lookup_cleaned_v8.json"", ""category"": ""subtitles"", ""ipm"": 0.005612}, {""id"": ""subtitles/hermit_2018_es_full_lemmatized_ipm6_spacy_lookup_cleaned_v8.json"", ""file"": ""hermit_2018_es_full_lemmatized_ipm6_spacy_lookup_cleaned_v8.json"", ""category"": ""subtitles"", ""ipm"": 0.007112}], ""corpus_quality"": {""status"": ""accepted"", ""reasons"": []}, ""components"": [{""surface"": ""arreglandonosl"", ""canonical_candidate"": ""arreglandonosl"", ""confidence"": 0.92, ""evidence"": [{""type"": ""morphological_parse"", ""source"": ""candidate_index"", ""path"": [""arreglandonoslas"", ""arreglandonosl"", ""arreglandonosl""], ""confidence"": 0.92}]}]}"
es	lemma:8d32b9b566e1b6fb1432	arreglémoslo	uncertain	not_admitted_candidate		aggregate_only_not_sense_frequency	"[{""path"": ""associativvordes/family-index-v5/members/es/18.json.gz"", ""family_id"": ""surface:es:slo"", ""record_sha256"": ""a77360235edd6285f4133ba6f3adfb09cb5c86a72a971400f620a64e33c93742""}, {""path"": ""associativvordes/family-index-v5/members/es/bb.json.gz"", ""family_id"": ""surface:es:arreglemosl"", ""record_sha256"": ""1d733866537a42bba10cf85b386ec534ef3b826fcd31b50a43cfe1f15f452c0b""}]"	"{""lemma_id"": ""lemma:8d32b9b566e1b6fb1432"", ""word"": ""arreglémoslo"", ""normalized"": ""arreglémoslo"", ""search_form"": ""arreglemoslo"", ""rank"": 53920, ""frequency_score"": 2.452413145796889, ""category_breakdown"": {""subtitles"": {""ipm_values"": [0.148731, 0.151729], ""category_ipm"": 0.15023, ""category_score"": 2.452413145796889}}, ""sources"": [{""id"": ""subtitles/hermit_2016_es_full_lemmatized_ipm6_spacy_lookup_cleaned_v8.json"", ""file"": ""hermit_2016_es_full_lemmatized_ipm6_spacy_lookup_cleaned_v8.json"", ""category"": ""subtitles"", ""ipm"": 0.148731}, {""id"": ""subtitles/hermit_2018_es_full_lemmatized_ipm6_spacy_lookup_cleaned_v8.json"", ""file"": ""hermit_2018_es_full_lemmatized_ipm6_spacy_lookup_cleaned_v8.json"", ""category"": ""subtitles"", ""ipm"": 0.151729}], ""corpus_quality"": {""status"": ""accepted"", ""reasons"": []}, ""components"": [{""surface"": ""slo"", ""canonical_candidate"": ""slo"", ""confidence"": 0.89, ""evidence"": [{""type"": ""compound_morphology"", ""source"": ""candidate_index"", ""path"": [""arreglemoslo"", ""slo"", ""slo""], ""confidence"": 0.89}]}]}"
es	lemma:8dbbfcb1fd22dc659c83	arregláre	uncertain	not_admitted_candidate		aggregate_only_not_sense_frequency	"[{""path"": ""associativvordes/family-index-v5/members/es/b1.json.gz"", ""family_id"": ""surface:es:arregl"", ""record_sha256"": ""51ba2f9952f488d31da26d1ec012086eeabefd9e604433b901cdefff4ce5e6d8""}, {""path"": ""associativvordes/family-index-v5/members/es/fe.json.gz"", ""family_id"": ""surface:es:lare"", ""record_sha256"": ""f08745b494ef7a505d39490e9f0234bea5e697f87567ff7ddd3d264422bffaab""}]"	"{""lemma_id"": ""lemma:8dbbfcb1fd22dc659c83"", ""word"": ""arregláre"", ""normalized"": ""arregláre"", ""search_form"": ""arreglare"", ""rank"": 471522, ""frequency_score"": 0.041495494299664135, ""category_breakdown"": {""subtitles"": {""ipm_values"": [0.002371], ""category_ipm"": 0.002371, ""category_score"": 0.041495494299664135}}, ""sources"": [{""id"": ""subtitles/hermit_2018_es_full_lemmatized_ipm6_spacy_lookup_cleaned_v8.json"", ""file"": ""hermit_2018_es_full_lemmatized_ipm6_spacy_lookup_cleaned_v8.json"", ""category"": ""subtitles"", ""ipm"": 0.002371}], ""corpus_quality"": {""status"": ""accepted"", ""reasons"": []}, ""components"": [{""surface"": ""arregl"", ""canonical_candidate"": ""arregl"", ""confidence"": 0.81, ""evidence"": [{""type"": ""compound_morphology"", ""source"": ""candidate_index"", ""path"": [""arreglare"", ""arregl"", ""arregl""], ""confidence"": 0.81}]}]}"
es	lemma:8e861e94fb4d527e9935	areglaremos	uncertain	not_admitted_candidate		aggregate_only_not_sense_frequency	"[{""path"": ""associativvordes/family-index-v5/members/es/46.json.gz"", ""family_id"": ""surface:es:remos"", ""record_sha256"": ""bc633962561cd95960c0a83e5e0fcb415e0fd05eefbbe8b5fce9fdba7d18fa81""}, {""path"": ""associativvordes/family-index-v5/members/es/8c.json.gz"", ""family_id"": ""surface:es:areglarem"", ""record_sha256"": ""5338479055f0f5371b57346275c416d26aef24ff7676c4aea5ee74933f78f297""}]"	"{""lemma_id"": ""lemma:8e861e94fb4d527e9935"", ""word"": ""areglaremos"", ""normalized"": ""areglaremos"", ""search_form"": ""areglaremos"", ""rank"": 430691, ""frequency_score"": 0.04529710280721981, ""category_breakdown"": {""subtitles"": {""ipm_values"": [0.002806, 0.002371], ""category_ipm"": 0.0025884999999999997, ""category_score"": 0.04529710280721981}}, ""sources"": [{""id"": ""subtitles/hermit_2016_es_full_lemmatized_ipm6_spacy_lookup_cleaned_v8.json"", ""file"": ""hermit_2016_es_full_lemmatized_ipm6_spacy_lookup_cleaned_v8.json"", ""category"": ""subtitles"", ""ipm"": 0.002806}, {""id"": ""subtitles/hermit_2018_es_full_lemmatized_ipm6_spacy_lookup_cleaned_v8.json"", ""file"": ""hermit_2018_es_full_lemmatized_ipm6_spacy_lookup_cleaned_v8.json"", ""category"": ""subtitles"", ""ipm"": 0.002371}], ""corpus_quality"": {""status"": ""accepted"", ""reasons"": []}, ""components"": [{""surface"": ""remos"", ""canonical_candidate"": ""remos"", ""confidence"": 0.89, ""evidence"": [{""type"": ""compound_morphology"", ""source"": ""candidate_index"", ""path"": [""areglaremos"", ""remos"", ""remos""], ""confidence"": 0.89}]}]}"
es	lemma:8f1c478ca1e52dce1cce	irreguladas	uncertain	not_admitted_candidate		aggregate_only_not_sense_frequency	"[{""path"": ""associativvordes/family-index-v5/members/es/34.json.gz"", ""family_id"": ""surface:es:das"", ""record_sha256"": ""d4643126665ab5beaf3aab69cc95f3b3dbd84179d8a29b10300d47b928d4442b""}, {""path"": ""associativvordes/family-index-v5/members/es/93.json.gz"", ""family_id"": ""surface:es:irregulad"", ""record_sha256"": ""b3312404cfe74e7e235bae962893b8df7f01432d02d8ff65cf025b61f5f92bdd""}]"	"{""lemma_id"": ""lemma:8f1c478ca1e52dce1cce"", ""word"": ""irreguladas"", ""normalized"": ""irreguladas"", ""search_form"": ""irreguladas"", ""rank"": 352929, ""frequency_score"": 0.090477407431868, ""category_breakdown"": {""subtitles"": {""ipm_values"": [0.005612, 0.004742], ""category_ipm"": 0.005176999999999999, ""category_score"": 0.090477407431868}}, ""sources"": [{""id"": ""subtitles/hermit_2016_es_full_lemmatized_ipm6_spacy_lookup_cleaned_v8.json"", ""file"": ""hermit_2016_es_full_lemmatized_ipm6_spacy_lookup_cleaned_v8.json"", ""category"": ""subtitles"", ""ipm"": 0.005612}, {""id"": ""subtitles/hermit_2018_es_full_lemmatized_ipm6_spacy_lookup_cleaned_v8.json"", ""file"": ""hermit_2018_es_full_lemmatized_ipm6_spacy_lookup_cleaned_v8.json"", ""category"": ""subtitles"", ""ipm"": 0.004742}], ""corpus_quality"": {""status"": ""accepted"", ""reasons"": []}, ""components"": [{""surface"": ""das"", ""canonical_candidate"": ""das"", ""confidence"": 0.89, ""evidence"": [{""type"": ""compound_morphology"", ""source"": ""candidate_index"", ""path"": [""irreguladas"", ""das"", ""das""], ""confidence"": 0.89}]}]}"
es	lemma:8fe29df59470aef81f9b	arreglárserlas	uncertain	not_admitted_candidate		aggregate_only_not_sense_frequency	"[{""path"": ""associativvordes/family-index-v5/members/es/38.json.gz"", ""family_id"": ""surface:es:arreglarserl"", ""record_sha256"": ""154b7c8a1653fa8fad689ba4a15f1bf61fff77d3b3ee4f7fddf9ad8f4ddc685e""}]"	"{""lemma_id"": ""lemma:8fe29df59470aef81f9b"", ""word"": ""arreglárserlas"", ""normalized"": ""arreglárserlas"", ""search_form"": ""arreglarserlas"", ""rank"": 255647, ""frequency_score"": 0.09427711870556565, ""category_breakdown"": {""subtitles"": {""ipm_values"": [0.008419, 0.002371], ""category_ipm"": 0.005395, ""category_score"": 0.09427711870556565}}, ""sources"": [{""id"": ""subtitles/hermit_2016_es_full_lemmatized_ipm6_spacy_lookup_cleaned_v8.json"", ""file"": ""hermit_2016_es_full_lemmatized_ipm6_spacy_lookup_cleaned_v8.json"", ""category"": ""subtitles"", ""ipm"": 0.008419}, {""id"": ""subtitles/hermit_2018_es_full_lemmatized_ipm6_spacy_lookup_cleaned_v8.json"", ""file"": ""hermit_2018_es_full_lemmatized_ipm6_spacy_lookup_cleaned_v8.json"", ""category"": ""subtitles"", ""ipm"": 0.002371}], ""corpus_quality"": {""status"": ""accepted"", ""reasons"": []}, ""components"": [{""surface"": ""arreglarserl"", ""canonical_candidate"": ""arreglarserl"", ""confidence"": 0.92, ""evidence"": [{""type"": ""morphological_parse"", ""source"": ""candidate_index"", ""path"": [""arreglarserlas"", ""arreglarserl"", ""arreglarserl""], ""confidence"": 0.92}]}]}"
es	lemma:903c632927f5e5ac7f24	reglamentacin	uncertain	not_admitted_candidate		aggregate_only_not_sense_frequency	"[{""path"": ""associativvordes/family-index-v5/members/es/18.json.gz"", ""family_id"": ""surface:es:reglamenta"", ""record_sha256"": ""2e66e2b980f3cf160ee92a4b2942ee7a82b44ab8485d07feaba01221a60f0da5""}, {""path"": ""associativvordes/family-index-v5/members/es/cb.json.gz"", ""family_id"": ""surface:es:tacin"", ""record_sha256"": ""03958eace5dbdcaa4fdfc3039b6a08755e6d7ebafdf08a5c7a685fe2f98923cb""}]"	"{""lemma_id"": ""lemma:903c632927f5e5ac7f24"", ""word"": ""reglamentacin"", ""normalized"": ""reglamentacin"", ""search_form"": ""reglamentacin"", ""rank"": 54360, ""frequency_score"": 2.3240284436718346, ""category_breakdown"": {""mixed"": {""ipm_values"": [0.141833], ""category_ipm"": 0.141833, ""category_score"": 2.3240284436718346}}, ""sources"": [{""id"": ""mixed/es_wordlist.lemmatized_stanza_ipm6.json"", ""file"": ""es_wordlist.lemmatized_stanza_ipm6.json"", ""category"": ""mixed"", ""ipm"": 0.141833}], ""corpus_quality"": {""status"": ""accepted"", ""reasons"": []}, ""components"": [{""surface"": ""reglamenta"", ""canonical_candidate"": ""reglamenta"", ""confidence"": 0.81, ""evidence"": [{""type"": ""compound_morphology"", ""source"": ""candidate_index"", ""path"": [""reglamentacin"", ""reglamenta"", ""reglamenta""], ""confidence"": 0.81}]}]}"
es	lemma:9047766d9ff129838fe3	arreglémosla	uncertain	not_admitted_candidate		aggregate_only_not_sense_frequency	"[{""path"": ""associativvordes/family-index-v5/members/es/bb.json.gz"", ""family_id"": ""surface:es:arreglemosl"", ""record_sha256"": ""75329acd1feb7035683500e446e6de90c14c10dd852ce89e7dc6f441bbe23f4b""}, {""path"": ""associativvordes/family-index-v5/members/es/f2.json.gz"", ""family_id"": ""surface:es:sla"", ""record_sha256"": ""b72bdef5ac0423bbceb2deff886620744596710071a67bcc336158be19ee8ccd""}]"	"{""lemma_id"": ""lemma:9047766d9ff129838fe3"", ""word"": ""arreglémosla"", ""normalized"": ""arreglémosla"", ""search_form"": ""arreglemosla"", ""rank"": 279929, ""frequency_score"": 0.11112187447585387, ""category_breakdown"": {""subtitles"": {""ipm_values"": [0.005612, 0.007112], ""category_ipm"": 0.006362, ""category_score"": 0.11112187447585387}}, ""sources"": [{""id"": ""subtitles/hermit_2016_es_full_lemmatized_ipm6_spacy_lookup_cleaned_v8.json"", ""file"": ""hermit_2016_es_full_lemmatized_ipm6_spacy_lookup_cleaned_v8.json"", ""category"": ""subtitles"", ""ipm"": 0.005612}, {""id"": ""subtitles/hermit_2018_es_full_lemmatized_ipm6_spacy_lookup_cleaned_v8.json"", ""file"": ""hermit_2018_es_full_lemmatized_ipm6_spacy_lookup_cleaned_v8.json"", ""category"": ""subtitles"", ""ipm"": 0.007112}], ""corpus_quality"": {""status"": ""accepted"", ""reasons"": []}, ""components"": [{""surface"": ""arreglemosl"", ""canonical_candidate"": ""arreglemosl"", ""confidence"": 0.92, ""evidence"": [{""type"": ""morphological_parse"", ""source"": ""candidate_index"", ""path"": [""arreglemosla"", ""arreglemosl"", ""arreglemosl""], ""confidence"": 0.92}]}]}"
es	lemma:906d78e6c84115c0f0ff	reglaje	uncertain	not_admitted_candidate		aggregate_only_not_sense_frequency	"[{""path"": ""associativvordes/family-index-v5/members/es/7a.json.gz"", ""family_id"": ""surface:es:regl"", ""record_sha256"": ""13f219fecd61e92d51f467e8302500f5cb6915a4f9dd4ffa34ef612f87c03c7f""}]"	"{""lemma_id"": ""lemma:906d78e6c84115c0f0ff"", ""word"": ""reglaje"", ""normalized"": ""reglaje"", ""search_form"": ""reglaje"", ""rank"": 62910, ""frequency_score"": 0.6320366251637591, ""category_breakdown"": {""subtitles"": {""ipm_values"": [0.016837, 0.011854], ""category_ipm"": 0.0143455, ""category_score"": 0.2495759895300626}, ""mixed"": {""ipm_values"": [0.106889], ""category_ipm"": 0.106889, ""category_score"": 1.7794185320648488}}, ""sources"": [{""id"": ""mixed/es_wordlist.lemmatized_stanza_ipm6.json"", ""file"": ""es_wordlist.lemmatized_stanza_ipm6.json"", ""category"": ""mixed"", ""ipm"": 0.106889}, {""id"": ""subtitles/hermit_2016_es_full_lemmatized_ipm6_spacy_lookup_cleaned_v8.json"", ""file"": ""hermit_2016_es_full_lemmatized_ipm6_spacy_lookup_cleaned_v8.json"", ""category"": ""subtitles"", ""ipm"": 0.016837}, {""id"": ""subtitles/hermit_2018_es_full_lemmatized_ipm6_spacy_lookup_cleaned_v8.json"", ""file"": ""hermit_2018_es_full_lemmatized_ipm6_spacy_lookup_cleaned_v8.json"", ""category"": ""subtitles"", ""ipm"": 0.011854}], ""corpus_quality"": {""status"": ""accepted"", ""reasons"": []}, ""components"": [{""surface"": ""regl"", ""canonical_candidate"": ""regl"", ""confidence"": 0.81, ""evidence"": [{""type"": ""compound_morphology"", ""source"": ""candidate_index"", ""path"": [""reglaje"", ""regl"", ""regl""], ""confidence"": 0.81}]}]}"
es	lemma:90730ae8fedb3d8061d3	regoldo	uncertain	not_admitted_candidate		aggregate_only_not_sense_frequency	"[{""path"": ""associativvordes/family-index-v5/members/es/ef.json.gz"", ""family_id"": ""surface:es:regold"", ""record_sha256"": ""908b4fb26bbdc17e40ec4cff5bf0d6436388ed8073f5c14ec9330f78d4463778""}]"	"{""lemma_id"": ""lemma:90730ae8fedb3d8061d3"", ""word"": ""regoldo"", ""normalized"": ""regoldo"", ""search_form"": ""regoldo"", ""rank"": 691845, ""frequency_score"": 0.04909788668913623, ""category_breakdown"": {""subtitles"": {""ipm_values"": [0.002806], ""category_ipm"": 0.002806, ""category_score"": 0.04909788668913623}}, ""sources"": [{""id"": ""subtitles/hermit_2016_es_full_lemmatized_ipm6_spacy_lookup_cleaned_v8.json"", ""file"": ""hermit_2016_es_full_lemmatized_ipm6_spacy_lookup_cleaned_v8.json"", ""category"": ""subtitles"", ""ipm"": 0.002806}], ""corpus_quality"": {""status"": ""accepted"", ""reasons"": []}, ""components"": [{""surface"": ""regold"", ""canonical_candidate"": ""regold"", ""confidence"": 0.92, ""evidence"": [{""type"": ""morphological_parse"", ""source"": ""candidate_index"", ""path"": [""regoldo"", ""regold"", ""regold""], ""confidence"": 0.92}]}]}"
es	lemma:923248833b3eeb27766d	reglasl	uncertain	not_admitted_candidate		aggregate_only_not_sense_frequency	"[{""path"": ""associativvordes/family-index-v5/members/es/50.json.gz"", ""family_id"": ""surface:es:lasl"", ""record_sha256"": ""54ffb9d46063b90f144040cfbdc7ce8e80f13bb0de7c1963bb68b4c8983dc651""}, {""path"": ""associativvordes/family-index-v5/members/es/7a.json.gz"", ""family_id"": ""surface:es:regl"", ""record_sha256"": ""ec32175cc05d02dbb73ee185b5a4ce3e5a9448089d00da2b6e439ac71ae06a29""}]"	"{""lemma_id"": ""lemma:923248833b3eeb27766d"", ""word"": ""reglasl"", ""normalized"": ""reglasl"", ""search_form"": ""reglasl"", ""rank"": 691794, ""frequency_score"": 0.04529710280721981, ""category_breakdown"": {""subtitles"": {""ipm_values"": [0.002806, 0.002371], ""category_ipm"": 0.0025884999999999997, ""category_score"": 0.04529710280721981}}, ""sources"": [{""id"": ""subtitles/hermit_2016_es_full_lemmatized_ipm6_spacy_lookup_cleaned_v8.json"", ""file"": ""hermit_2016_es_full_lemmatized_ipm6_spacy_lookup_cleaned_v8.json"", ""category"": ""subtitles"", ""ipm"": 0.002806}, {""id"": ""subtitles/hermit_2018_es_full_lemmatized_ipm6_spacy_lookup_cleaned_v8.json"", ""file"": ""hermit_2018_es_full_lemmatized_ipm6_spacy_lookup_cleaned_v8.json"", ""category"": ""subtitles"", ""ipm"": 0.002371}], ""corpus_quality"": {""status"": ""accepted"", ""reasons"": []}, ""components"": [{""surface"": ""lasl"", ""canonical_candidate"": ""lasl"", ""confidence"": 0.89, ""evidence"": [{""type"": ""compound_morphology"", ""source"": ""candidate_index"", ""path"": [""reglasl"", ""lasl"", ""lasl""], ""confidence"": 0.89}]}]}"
es	lemma:924713eae2fb2e4dae68	superregulador	accepted	accepted	regular	aggregate_only_not_sense_frequency	"[{""path"": ""associativvordes/family-index-v5/members/es/40.json.gz"", ""family_id"": ""family:regul"", ""record_sha256"": ""17295c5511ab06c250fb785468016a3cb05bf90871701973f2be65c48b69ef61""}, {""path"": ""associativvordes/family-index-v5/members/es/50.json.gz"", ""family_id"": ""surface:es:lador"", ""record_sha256"": ""8a288d390561d5c6fbd8f27e4f62a8587353778fe33e5f2052bda9fd242269c9""}, {""path"": ""associativvordes/family-index-v5/members/es/5e.json.gz"", ""family_id"": ""surface:es:regula"", ""record_sha256"": ""182a612395c4fedd8123325f61a9b4e8d9e5b34435d32df2ae79eaf3e51966c5""}, {""path"": ""associativvordes/family-index-v5/members/es/ef.json.gz"", ""family_id"": ""surface:es:superreg"", ""record_sha256"": ""e6b09c93be71ebbccbbb28a97370e59b0057650b2660456bd2189b3b5388c53e""}]"	"{""lemma_id"": ""lemma:924713eae2fb2e4dae68"", ""word"": ""superregulador"", ""normalized"": ""superregulador"", ""search_form"": ""superregulador"", ""rank"": 731416, ""frequency_score"": 0.04529710280721981, ""category_breakdown"": {""subtitles"": {""ipm_values"": [0.002806, 0.002371], ""category_ipm"": 0.0025884999999999997, ""category_score"": 0.04529710280721981}}, ""sources"": [{""id"": ""subtitles/hermit_2016_es_full_lemmatized_ipm6_spacy_lookup_cleaned_v8.json"", ""file"": ""hermit_2016_es_full_lemmatized_ipm6_spacy_lookup_cleaned_v8.json"", ""category"": ""subtitles"", ""ipm"": 0.002806}, {""id"": ""subtitles/hermit_2018_es_full_lemmatized_ipm6_spacy_lookup_cleaned_v8.json"", ""file"": ""hermit_2018_es_full_lemmatized_ipm6_spacy_lookup_cleaned_v8.json"", ""category"": ""subtitles"", ""ipm"": 0.002371}], ""corpus_quality"": {""status"": ""accepted"", ""reasons"": []}, ""components"": [{""surface"": ""regul"", ""canonical_candidate"": ""regul"", ""confidence"": 0.97, ""evidence"": [{""type"": ""compound_morphology"", ""source"": ""manually_verified"", ""path"": [""superregulador"", ""regul"", ""regul""], ""confidence"": 0.97}, {""type"": ""verified_seed_alias"", ""source"": ""methodology_control_seed"", ""path"": [""es"", ""regul"", ""family:regul""], ""confidence"": 1}]}]}"
es	lemma:9249e7c873140a353673	arreglari	uncertain	not_admitted_candidate		aggregate_only_not_sense_frequency	"[{""path"": ""associativvordes/family-index-v5/members/es/5d.json.gz"", ""family_id"": ""surface:es:arreglari"", ""record_sha256"": ""f3c76f83b99a4b8767f69c29b725216d34fd088e31a3869b2d1b5209dbb65acb""}]"	"{""lemma_id"": ""lemma:9249e7c873140a353673"", ""word"": ""arreglari"", ""normalized"": ""arreglari"", ""search_form"": ""arreglari"", ""rank"": 431904, ""frequency_score"": 0.04529710280721981, ""category_breakdown"": {""subtitles"": {""ipm_values"": [0.002806, 0.002371], ""category_ipm"": 0.0025884999999999997, ""category_score"": 0.04529710280721981}}, ""sources"": [{""id"": ""subtitles/hermit_2016_es_full_lemmatized_ipm6_spacy_lookup_cleaned_v8.json"", ""file"": ""hermit_2016_es_full_lemmatized_ipm6_spacy_lookup_cleaned_v8.json"", ""category"": ""subtitles"", ""ipm"": 0.002806}, {""id"": ""subtitles/hermit_2018_es_full_lemmatized_ipm6_spacy_lookup_cleaned_v8.json"", ""file"": ""hermit_2018_es_full_lemmatized_ipm6_spacy_lookup_cleaned_v8.json"", ""category"": ""subtitles"", ""ipm"": 0.002371}], ""corpus_quality"": {""status"": ""accepted"", ""reasons"": []}, ""components"": [{""surface"": ""arreglari"", ""canonical_candidate"": ""arreglari"", ""confidence"": 0.92, ""evidence"": [{""type"": ""morphological_parse"", ""source"": ""candidate_index"", ""path"": [""arreglari"", ""arreglari"", ""arreglari""], ""confidence"": 0.92}]}]}"
es	lemma:926381d65be7421ad238	arreglándola	uncertain	not_admitted_candidate		aggregate_only_not_sense_frequency	"[{""path"": ""associativvordes/family-index-v5/members/es/59.json.gz"", ""family_id"": ""surface:es:arreglandol"", ""record_sha256"": ""652115428d33b4e14f19590ddde493e5fc823072d11bf318984fb5a43bdb8ed3""}, {""path"": ""associativvordes/family-index-v5/members/es/c2.json.gz"", ""family_id"": ""surface:es:dola"", ""record_sha256"": ""40206408569269635ba50c78a99cc654db8bf605f76e067a13417ce45e921614""}]"	"{""lemma_id"": ""lemma:926381d65be7421ad238"", ""word"": ""arreglándola"", ""normalized"": ""arreglándola"", ""search_form"": ""arreglandola"", ""rank"": 87307, ""frequency_score"": 1.0684314311500738, ""category_breakdown"": {""subtitles"": {""ipm_values"": [0.061737, 0.064011], ""category_ipm"": 0.062874, ""category_score"": 1.0684314311500738}}, ""sources"": [{""id"": ""subtitles/hermit_2016_es_full_lemmatized_ipm6_spacy_lookup_cleaned_v8.json"", ""file"": ""hermit_2016_es_full_lemmatized_ipm6_spacy_lookup_cleaned_v8.json"", ""category"": ""subtitles"", ""ipm"": 0.061737}, {""id"": ""subtitles/hermit_2018_es_full_lemmatized_ipm6_spacy_lookup_cleaned_v8.json"", ""file"": ""hermit_2018_es_full_lemmatized_ipm6_spacy_lookup_cleaned_v8.json"", ""category"": ""subtitles"", ""ipm"": 0.064011}], ""corpus_quality"": {""status"": ""accepted"", ""reasons"": []}, ""components"": [{""surface"": ""arreglandol"", ""canonical_candidate"": ""arreglandol"", ""confidence"": 0.92, ""evidence"": [{""type"": ""morphological_parse"", ""source"": ""candidate_index"", ""path"": [""arreglandola"", ""arreglandol"", ""arreglandol""], ""confidence"": 0.92}]}]}"
es	lemma:9306fdbdd5ae4e428899	arréglenlo	uncertain	not_admitted_candidate		aggregate_only_not_sense_frequency	"[{""path"": ""associativvordes/family-index-v5/members/es/8e.json.gz"", ""family_id"": ""surface:es:arreglenl"", ""record_sha256"": ""66c81f0660aece18a78d6bf94aefb4d9b9ff665011d3559cafc95d8a643ead82""}]"	"{""lemma_id"": ""lemma:9306fdbdd5ae4e428899"", ""word"": ""arréglenlo"", ""normalized"": ""arréglenlo"", ""search_form"": ""arreglenlo"", ""rank"": 43698, ""frequency_score"": 3.332098537036744, ""category_breakdown"": {""subtitles"": {""ipm_values"": [0.224499, 0.194403], ""category_ipm"": 0.209451, ""category_score"": 3.332098537036744}}, ""sources"": [{""id"": ""subtitles/hermit_2016_es_full_lemmatized_ipm6_spacy_lookup_cleaned_v8.json"", ""file"": ""hermit_2016_es_full_lemmatized_ipm6_spacy_lookup_cleaned_v8.json"", ""category"": ""subtitles"", ""ipm"": 0.224499}, {""id"": ""subtitles/hermit_2018_es_full_lemmatized_ipm6_spacy_lookup_cleaned_v8.json"", ""file"": ""hermit_2018_es_full_lemmatized_ipm6_spacy_lookup_cleaned_v8.json"", ""category"": ""subtitles"", ""ipm"": 0.194403}], ""corpus_quality"": {""status"": ""accepted"", ""reasons"": []}, ""components"": [{""surface"": ""arreglenl"", ""canonical_candidate"": ""arreglenl"", ""confidence"": 0.92, ""evidence"": [{""type"": ""morphological_parse"", ""source"": ""candidate_index"", ""path"": [""arreglenlo"", ""arreglenl"", ""arreglenl""], ""confidence"": 0.92}]}]}"
es	lemma:932c034b82fd34e314aa	arreglaado	uncertain	not_admitted_candidate		aggregate_only_not_sense_frequency	"[{""path"": ""associativvordes/family-index-v5/members/es/c3.json.gz"", ""family_id"": ""surface:es:aado"", ""record_sha256"": ""16f0fb1db0691fe9172a431f7407a611389362960c073a036a54b586c8ac5aea""}, {""path"": ""associativvordes/family-index-v5/members/es/e5.json.gz"", ""family_id"": ""surface:es:arreglaad"", ""record_sha256"": ""3cf24974bf871e6a96843a8823414e8c22794bb26eda9de84c6cdb4798100b35""}]"	"{""lemma_id"": ""lemma:932c034b82fd34e314aa"", ""word"": ""arreglaado"", ""normalized"": ""arreglaado"", ""search_form"": ""arreglaado"", ""rank"": 431870, ""frequency_score"": 0.04529710280721981, ""category_breakdown"": {""subtitles"": {""ipm_values"": [0.002806, 0.002371], ""category_ipm"": 0.0025884999999999997, ""category_score"": 0.04529710280721981}}, ""sources"": [{""id"": ""subtitles/hermit_2016_es_full_lemmatized_ipm6_spacy_lookup_cleaned_v8.json"", ""file"": ""hermit_2016_es_full_lemmatized_ipm6_spacy_lookup_cleaned_v8.json"", ""category"": ""subtitles"", ""ipm"": 0.002806}, {""id"": ""subtitles/hermit_2018_es_full_lemmatized_ipm6_spacy_lookup_cleaned_v8.json"", ""file"": ""hermit_2018_es_full_lemmatized_ipm6_spacy_lookup_cleaned_v8.json"", ""category"": ""subtitles"", ""ipm"": 0.002371}], ""corpus_quality"": {""status"": ""accepted"", ""reasons"": []}, ""components"": [{""surface"": ""aado"", ""canonical_candidate"": ""aado"", ""confidence"": 0.89, ""evidence"": [{""type"": ""compound_morphology"", ""source"": ""candidate_index"", ""path"": [""arreglaado"", ""aado"", ""aado""], ""confidence"": 0.89}]}]}"
es	lemma:934b15341567d23e3c4e	arregláos	uncertain	not_admitted_candidate		aggregate_only_not_sense_frequency	"[{""path"": ""associativvordes/family-index-v5/members/es/70.json.gz"", ""family_id"": ""surface:es:arregla"", ""record_sha256"": ""2a87349195007357f685fac4935c74a0e832a20ab94ced87d80516eb3abf10ab""}, {""path"": ""associativvordes/family-index-v5/members/es/dd.json.gz"", ""family_id"": ""surface:es:aos"", ""record_sha256"": ""a4c8056e8613505828d344e464219ea1766d652e5e62106435616e7e885297e6""}]"	"{""lemma_id"": ""lemma:934b15341567d23e3c4e"", ""word"": ""arregláos"", ""normalized"": ""arregláos"", ""search_form"": ""arreglaos"", ""rank"": 431932, ""frequency_score"": 0.04909788668913623, ""category_breakdown"": {""subtitles"": {""ipm_values"": [0.002806], ""category_ipm"": 0.002806, ""category_score"": 0.04909788668913623}}, ""sources"": [{""id"": ""subtitles/hermit_2016_es_full_lemmatized_ipm6_spacy_lookup_cleaned_v8.json"", ""file"": ""hermit_2016_es_full_lemmatized_ipm6_spacy_lookup_cleaned_v8.json"", ""category"": ""subtitles"", ""ipm"": 0.002806}], ""corpus_quality"": {""status"": ""accepted"", ""reasons"": []}, ""components"": [{""surface"": ""arregla"", ""canonical_candidate"": ""arregla"", ""confidence"": 0.92, ""evidence"": [{""type"": ""morphological_parse"", ""source"": ""candidate_index"", ""path"": [""arreglaos"", ""arregla"", ""arregla""], ""confidence"": 0.92}]}]}"
es	lemma:938c9efdd89559d906d8	arreglaruna	uncertain	not_admitted_candidate		aggregate_only_not_sense_frequency	"[{""path"": ""associativvordes/family-index-v5/members/es/08.json.gz"", ""family_id"": ""ety:7aec5e3cd42c"", ""record_sha256"": ""2048050d550f9d734886b3c24a8e45b453a896cf6b40acaeaee5625d14b61055""}, {""path"": ""associativvordes/family-index-v5/members/es/45.json.gz"", ""family_id"": ""surface:es:arreglarun"", ""record_sha256"": ""27bf00f9b20064adcc5055f88911a388e2250f3bc7f2e6d77f8f54a0801f5c9e""}, {""path"": ""associativvordes/family-index-v5/members/es/b6.json.gz"", ""family_id"": ""ety:06edc8eafb52"", ""record_sha256"": ""2048050d550f9d734886b3c24a8e45b453a896cf6b40acaeaee5625d14b61055""}]"	"{""lemma_id"": ""lemma:938c9efdd89559d906d8"", ""word"": ""arreglaruna"", ""normalized"": ""arreglaruna"", ""search_form"": ""arreglaruna"", ""rank"": 471489, ""frequency_score"": 0.041495494299664135, ""category_breakdown"": {""subtitles"": {""ipm_values"": [0.002371], ""category_ipm"": 0.002371, ""category_score"": 0.041495494299664135}}, ""sources"": [{""id"": ""subtitles/hermit_2018_es_full_lemmatized_ipm6_spacy_lookup_cleaned_v8.json"", ""file"": ""hermit_2018_es_full_lemmatized_ipm6_spacy_lookup_cleaned_v8.json"", ""category"": ""subtitles"", ""ipm"": 0.002371}], ""corpus_quality"": {""status"": ""accepted"", ""reasons"": []}, ""components"": [{""surface"": ""una"", ""canonical_candidate"": ""una"", ""confidence"": 0.89, ""evidence"": [{""type"": ""compound_morphology"", ""source"": ""candidate_index"", ""path"": [""arreglaruna"", ""una"", ""una""], ""confidence"": 0.89}]}]}"
es	lemma:93aa97add52571dbb117	regulamiento	accepted	accepted	regular	aggregate_only_not_sense_frequency	"[{""path"": ""associativvordes/family-index-v5/members/es/40.json.gz"", ""family_id"": ""family:regul"", ""record_sha256"": ""53b2347c09e6b3346c333ea1a40252cb21f9ace5b6fdf7ce74ae58d9a8cc29b2""}, {""path"": ""associativvordes/family-index-v5/members/es/75.json.gz"", ""family_id"": ""surface:es:regulamient"", ""record_sha256"": ""51d47c28ff578e5a21fee8f41c7d5de940d7afbaef597430a5bf72de8b8bc034""}]"	"{""lemma_id"": ""lemma:93aa97add52571dbb117"", ""word"": ""regulamiento"", ""normalized"": ""regulamiento"", ""search_form"": ""regulamiento"", ""rank"": 384575, ""frequency_score"": 0.090477407431868, ""category_breakdown"": {""subtitles"": {""ipm_values"": [0.005612, 0.004742], ""category_ipm"": 0.005176999999999999, ""category_score"": 0.090477407431868}}, ""sources"": [{""id"": ""subtitles/hermit_2016_es_full_lemmatized_ipm6_spacy_lookup_cleaned_v8.json"", ""file"": ""hermit_2016_es_full_lemmatized_ipm6_spacy_lookup_cleaned_v8.json"", ""category"": ""subtitles"", ""ipm"": 0.005612}, {""id"": ""subtitles/hermit_2018_es_full_lemmatized_ipm6_spacy_lookup_cleaned_v8.json"", ""file"": ""hermit_2018_es_full_lemmatized_ipm6_spacy_lookup_cleaned_v8.json"", ""category"": ""subtitles"", ""ipm"": 0.004742}], ""corpus_quality"": {""status"": ""accepted"", ""reasons"": []}, ""components"": [{""surface"": ""regul"", ""canonical_candidate"": ""regul"", ""confidence"": 1, ""evidence"": [{""type"": ""compound_morphology"", ""source"": ""manually_verified"", ""path"": [""regulamiento"", ""regul"", ""regul""], ""confidence"": 1}, {""type"": ""verified_seed_alias"", ""source"": ""methodology_control_seed"", ""path"": [""es"", ""regul"", ""family:regul""], ""confidence"": 1}]}]}"
es	lemma:93f27d387981f1980170	arreglándote	uncertain	not_admitted_candidate		aggregate_only_not_sense_frequency	"[{""path"": ""associativvordes/family-index-v5/members/es/fa.json.gz"", ""family_id"": ""surface:es:arregland"", ""record_sha256"": ""ca388fce1554680e79f56334d481dac7dc54b1baa18fab5998db625bf876c0c8""}]"	"{""lemma_id"": ""lemma:93f27d387981f1980170"", ""word"": ""arreglándote"", ""normalized"": ""arreglándote"", ""search_form"": ""arreglandote"", ""rank"": 65867, ""frequency_score"": 1.6817132585813128, ""category_breakdown"": {""subtitles"": {""ipm_values"": [0.106637, 0.094831], ""category_ipm"": 0.10073399999999999, ""category_score"": 1.6817132585813128}}, ""sources"": [{""id"": ""subtitles/hermit_2016_es_full_lemmatized_ipm6_spacy_lookup_cleaned_v8.json"", ""file"": ""hermit_2016_es_full_lemmatized_ipm6_spacy_lookup_cleaned_v8.json"", ""category"": ""subtitles"", ""ipm"": 0.106637}, {""id"": ""subtitles/hermit_2018_es_full_lemmatized_ipm6_spacy_lookup_cleaned_v8.json"", ""file"": ""hermit_2018_es_full_lemmatized_ipm6_spacy_lookup_cleaned_v8.json"", ""category"": ""subtitles"", ""ipm"": 0.094831}], ""corpus_quality"": {""status"": ""accepted"", ""reasons"": []}, ""components"": [{""surface"": ""arregland"", ""canonical_candidate"": ""arregland"", ""confidence"": 0.81, ""evidence"": [{""type"": ""compound_morphology"", ""source"": ""candidate_index"", ""path"": [""arreglandote"", ""arregland"", ""arregland""], ""confidence"": 0.81}]}]}"
es	lemma:946e3373082d17584663	irregluar	uncertain	not_admitted_candidate		aggregate_only_not_sense_frequency	"[{""path"": ""associativvordes/family-index-v5/members/es/72.json.gz"", ""family_id"": ""surface:es:irre"", ""record_sha256"": ""f9905aad36899a1c61bca36d3f5684e00fee83c8900f02f817e4c43f52978114""}, {""path"": ""associativvordes/family-index-v5/members/es/a4.json.gz"", ""family_id"": ""surface:es:egl"", ""record_sha256"": ""63f4ba9f5c017037dddbf752cd869c2ef699dd60154ba917bce95bd2d5d9c2d3""}, {""path"": ""associativvordes/family-index-v5/members/es/c4.json.gz"", ""family_id"": ""surface:es:luar"", ""record_sha256"": ""998e91604b1711d1125ebb6a770a6d3f3c7577d63d37d6736701e49680cf596d""}]"	"{""lemma_id"": ""lemma:946e3373082d17584663"", ""word"": ""irregluar"", ""normalized"": ""irregluar"", ""search_form"": ""irregluar"", ""rank"": 584653, ""frequency_score"": 0.04529710280721981, ""category_breakdown"": {""subtitles"": {""ipm_values"": [0.002806, 0.002371], ""category_ipm"": 0.0025884999999999997, ""category_score"": 0.04529710280721981}}, ""sources"": [{""id"": ""subtitles/hermit_2016_es_full_lemmatized_ipm6_spacy_lookup_cleaned_v8.json"", ""file"": ""hermit_2016_es_full_lemmatized_ipm6_spacy_lookup_cleaned_v8.json"", ""category"": ""subtitles"", ""ipm"": 0.002806}, {""id"": ""subtitles/hermit_2018_es_full_lemmatized_ipm6_spacy_lookup_cleaned_v8.json"", ""file"": ""hermit_2018_es_full_lemmatized_ipm6_spacy_lookup_cleaned_v8.json"", ""category"": ""subtitles"", ""ipm"": 0.002371}], ""corpus_quality"": {""status"": ""accepted"", ""reasons"": []}, ""components"": [{""surface"": ""irre"", ""canonical_candidate"": ""irre"", ""confidence"": 0.81, ""evidence"": [{""type"": ""compound_morphology"", ""source"": ""candidate_index"", ""path"": [""irregluar"", ""irre"", ""irre""], ""confidence"": 0.81}]}]}"
es	lemma:95abef58be32f2b5695c	arréglelas	uncertain	not_admitted_candidate		aggregate_only_not_sense_frequency	"[{""path"": ""associativvordes/family-index-v5/members/es/70.json.gz"", ""family_id"": ""surface:es:arreglel"", ""record_sha256"": ""efcd633b2a33017764fad6d34c849dfae3dc79bd96e62e6b926aba81ca671104""}]"	"{""lemma_id"": ""lemma:95abef58be32f2b5695c"", ""word"": ""arréglelas"", ""normalized"": ""arréglelas"", ""search_form"": ""arreglelas"", ""rank"": 338881, ""frequency_score"": 0.08289295136015089, ""category_breakdown"": {""subtitles"": {""ipm_values"": [0.004742], ""category_ipm"": 0.004742, ""category_score"": 0.08289295136015089}}, ""sources"": [{""id"": ""subtitles/hermit_2018_es_full_lemmatized_ipm6_spacy_lookup_cleaned_v8.json"", ""file"": ""hermit_2018_es_full_lemmatized_ipm6_spacy_lookup_cleaned_v8.json"", ""category"": ""subtitles"", ""ipm"": 0.004742}], ""corpus_quality"": {""status"": ""accepted"", ""reasons"": []}, ""components"": [{""surface"": ""arreglel"", ""canonical_candidate"": ""arreglel"", ""confidence"": 0.92, ""evidence"": [{""type"": ""morphological_parse"", ""source"": ""candidate_index"", ""path"": [""arreglelas"", ""arreglel"", ""arreglel""], ""confidence"": 0.92}]}]}"
es	lemma:95b702a7eb04dff4da82	reglamentación	uncertain	not_admitted_candidate		aggregate_only_not_sense_frequency	"[{""path"": ""associativvordes/family-index-v5/members/es/2a.json.gz"", ""family_id"": ""surface:es:mentacion"", ""record_sha256"": ""83e46be50cd9c1a1b3fb1918b91947c6059d76cc9c7c9928665634cc830047aa""}, {""path"": ""associativvordes/family-index-v5/members/es/a1.json.gz"", ""family_id"": ""surface:es:reglamentac"", ""record_sha256"": ""6bfbfb5dab25fdc221fd3bf55123a8c9a4405dc9bbf8007e38d7002351fd768f""}]"	"{""lemma_id"": ""lemma:95b702a7eb04dff4da82"", ""word"": ""reglamentación"", ""normalized"": ""reglamentación"", ""search_form"": ""reglamentacion"", ""rank"": 8091, ""frequency_score"": 11.91611156399107, ""category_breakdown"": {""subtitles"": {""ipm_values"": [0.314299, 0.284492], ""category_ipm"": 0.29939550000000004, ""category_score"": 4.588997656820087}, ""mixed"": {""ipm_values"": [5.921033], ""category_ipm"": 5.921033, ""category_score"": 33.89745328550402}}, ""sources"": [{""id"": ""mixed/es_wordlist.lemmatized_stanza_ipm6.json"", ""file"": ""es_wordlist.lemmatized_stanza_ipm6.json"", ""category"": ""mixed"", ""ipm"": 5.921033}, {""id"": ""subtitles/hermit_2016_es_full_lemmatized_ipm6_spacy_lookup_cleaned_v8.json"", ""file"": ""hermit_2016_es_full_lemmatized_ipm6_spacy_lookup_cleaned_v8.json"", ""category"": ""subtitles"", ""ipm"": 0.314299}, {""id"": ""subtitles/hermit_2018_es_full_lemmatized_ipm6_spacy_lookup_cleaned_v8.json"", ""file"": ""hermit_2018_es_full_lemmatized_ipm6_spacy_lookup_cleaned_v8.json"", ""category"": ""subtitles"", ""ipm"": 0.284492}], ""corpus_quality"": {""status"": ""accepted"", ""reasons"": []}, ""components"": [{""surface"": ""mentacion"", ""canonical_candidate"": ""mentacion"", ""confidence"": 0.89, ""evidence"": [{""type"": ""compound_morphology"", ""source"": ""candidate_index"", ""path"": [""reglamentacion"", ""mentacion"", ""mentacion""], ""confidence"": 0.89}]}]}"
es	lemma:95e4a9d1447eaf246855	arréglalol	uncertain	not_admitted_candidate		aggregate_only_not_sense_frequency	"[{""path"": ""associativvordes/family-index-v5/members/es/70.json.gz"", ""family_id"": ""surface:es:arregla"", ""record_sha256"": ""809290a6e67ce9c0f16610a7d8e347a35172d04fce6612be64aa297c07773096""}, {""path"": ""associativvordes/family-index-v5/members/es/bf.json.gz"", ""family_id"": ""surface:es:lol"", ""record_sha256"": ""6e9f8b4b2bd89fdd367ada25c60a89f995c5cdfb1aa59277d8bae1bd8f54fd5a""}]"	"{""lemma_id"": ""lemma:95e4a9d1447eaf246855"", ""word"": ""arréglalol"", ""normalized"": ""arréglalol"", ""search_form"": ""arreglalol"", ""rank"": 472279, ""frequency_score"": 0.041495494299664135, ""category_breakdown"": {""subtitles"": {""ipm_values"": [0.002371], ""category_ipm"": 0.002371, ""category_score"": 0.041495494299664135}}, ""sources"": [{""id"": ""subtitles/hermit_2018_es_full_lemmatized_ipm6_spacy_lookup_cleaned_v8.json"", ""file"": ""hermit_2018_es_full_lemmatized_ipm6_spacy_lookup_cleaned_v8.json"", ""category"": ""subtitles"", ""ipm"": 0.002371}], ""corpus_quality"": {""status"": ""accepted"", ""reasons"": []}, ""components"": [{""surface"": ""arregla"", ""canonical_candidate"": ""arregla"", ""confidence"": 0.81, ""evidence"": [{""type"": ""compound_morphology"", ""source"": ""candidate_index"", ""path"": [""arreglalol"", ""arregla"", ""arregla""], ""confidence"": 0.81}]}]}"
es	lemma:9621f4309393a3004d17	regularmente	accepted	accepted	regular	aggregate_only_not_sense_frequency	"[{""path"": ""associativvordes/family-index-v5/members/es/40.json.gz"", ""family_id"": ""family:regul"", ""record_sha256"": ""2dbcf4f89fee898ac1beccf6c961beba8c81be2a47340ab79949ed25d4c10a24""}, {""path"": ""associativvordes/family-index-v5/members/es/44.json.gz"", ""family_id"": ""surface:es:regular"", ""record_sha256"": ""63664080ac9ea4d6d8c30eb53087acc91f7b9d14a2e1bf07a9e6f0e5100dc5d7""}, {""path"": ""associativvordes/family-index-v5/members/es/66.json.gz"", ""family_id"": ""surface:es:larm"", ""record_sha256"": ""b5cd589b3abdc602892af9dc9b2ed71c4cc7aea9fae9559af368a5d5e4577219""}, {""path"": ""associativvordes/family-index-v5/members/es/d3.json.gz"", ""family_id"": ""ety:d4e12af70156"", ""record_sha256"": ""cfa67698974ad607e85e772fa3d81b166228d17b2b1343810a5b2e173c05d44f""}]"	"{""lemma_id"": ""lemma:9621f4309393a3004d17"", ""word"": ""regularmente"", ""normalized"": ""regularmente"", ""search_form"": ""regularmente"", ""rank"": 6303, ""frequency_score"": 31.34375168064488, ""category_breakdown"": {""subtitles"": {""ipm_values"": [4.06063, 3.956811], ""category_ipm"": 4.0087205, ""category_score"": 28.23110853858246}, ""mixed"": {""ipm_values"": [9.193481], ""category_ipm"": 9.193481, ""category_score"": 40.68168110683214}}, ""sources"": [{""id"": ""mixed/es_wordlist.lemmatized_stanza_ipm6.json"", ""file"": ""es_wordlist.lemmatized_stanza_ipm6.json"", ""category"": ""mixed"", ""ipm"": 9.193481}, {""id"": ""subtitles/hermit_2016_es_full_lemmatized_ipm6_spacy_lookup_cleaned_v8.json"", ""file"": ""hermit_2016_es_full_lemmatized_ipm6_spacy_lookup_cleaned_v8.json"", ""category"": ""subtitles"", ""ipm"": 4.06063}, {""id"": ""subtitles/hermit_2018_es_full_lemmatized_ipm6_spacy_lookup_cleaned_v8.json"", ""file"": ""hermit_2018_es_full_lemmatized_ipm6_spacy_lookup_cleaned_v8.json"", ""category"": ""subtitles"", ""ipm"": 3.956811}], ""corpus_quality"": {""status"": ""accepted"", ""reasons"": []}, ""components"": [{""surface"": ""regul"", ""canonical_candidate"": ""regul"", ""confidence"": 0.97, ""evidence"": [{""type"": ""compound_morphology"", ""source"": ""manually_verified"", ""path"": [""regularmente"", ""regul"", ""regul""], ""confidence"": 0.97}, {""type"": ""verified_seed_alias"", ""source"": ""methodology_control_seed"", ""path"": [""es"", ""regul"", ""family:regul""], ""confidence"": 1}]}]}"
es	lemma:963079a0d9c1f1831f97	regulatoria	accepted	accepted	regular	aggregate_only_not_sense_frequency	"[{""path"": ""associativvordes/family-index-v5/members/es/1e.json.gz"", ""family_id"": ""surface:es:regulatori"", ""record_sha256"": ""db78970ea1039ecf73a8cb94cb0db6c54d5347b32372cd488687872c2010fb64""}, {""path"": ""associativvordes/family-index-v5/members/es/40.json.gz"", ""family_id"": ""family:regul"", ""record_sha256"": ""f523b9f4febc54e2396042a100fac2578958b65c98fcf7e91bf47d6281ba836e""}]"	"{""lemma_id"": ""lemma:963079a0d9c1f1831f97"", ""word"": ""regulatoria"", ""normalized"": ""regulatoria"", ""search_form"": ""regulatoria"", ""rank"": 129361, ""frequency_score"": 0.47545089420934283, ""category_breakdown"": {""subtitles"": {""ipm_values"": [0.033675, 0.021337], ""category_ipm"": 0.027505999999999996, ""category_score"": 0.47545089420934283}}, ""sources"": [{""id"": ""subtitles/hermit_2016_es_full_lemmatized_ipm6_spacy_lookup_cleaned_v8.json"", ""file"": ""hermit_2016_es_full_lemmatized_ipm6_spacy_lookup_cleaned_v8.json"", ""category"": ""subtitles"", ""ipm"": 0.033675}, {""id"": ""subtitles/hermit_2018_es_full_lemmatized_ipm6_spacy_lookup_cleaned_v8.json"", ""file"": ""hermit_2018_es_full_lemmatized_ipm6_spacy_lookup_cleaned_v8.json"", ""category"": ""subtitles"", ""ipm"": 0.021337}], ""corpus_quality"": {""status"": ""accepted"", ""reasons"": []}, ""components"": [{""surface"": ""regulatori"", ""canonical_candidate"": ""regulatori"", ""confidence"": 0.92, ""evidence"": [{""type"": ""morphological_parse"", ""source"": ""candidate_index"", ""path"": [""regulatoria"", ""regulatori"", ""regulatori""], ""confidence"": 0.92}]}]}"
es	lemma:9655ce6ccd302a8e87d6	areglando	uncertain	not_admitted_candidate		aggregate_only_not_sense_frequency	"[{""path"": ""associativvordes/family-index-v5/members/es/8a.json.gz"", ""family_id"": ""surface:es:aregland"", ""record_sha256"": ""3ec4884741e283ec0c0decb8f323a63ed5cf91e6bed9ef5890b6b6c61ed4d12e""}]"	"{""lemma_id"": ""lemma:9655ce6ccd302a8e87d6"", ""word"": ""areglando"", ""normalized"": ""areglando"", ""search_form"": ""areglando"", ""rank"": 255454, ""frequency_score"": 0.11492581576953789, ""category_breakdown"": {""subtitles"": {""ipm_values"": [0.008419, 0.004742], ""category_ipm"": 0.0065804999999999995, ""category_score"": 0.11492581576953789}}, ""sources"": [{""id"": ""subtitles/hermit_2016_es_full_lemmatized_ipm6_spacy_lookup_cleaned_v8.json"", ""file"": ""hermit_2016_es_full_lemmatized_ipm6_spacy_lookup_cleaned_v8.json"", ""category"": ""subtitles"", ""ipm"": 0.008419}, {""id"": ""subtitles/hermit_2018_es_full_lemmatized_ipm6_spacy_lookup_cleaned_v8.json"", ""file"": ""hermit_2018_es_full_lemmatized_ipm6_spacy_lookup_cleaned_v8.json"", ""category"": ""subtitles"", ""ipm"": 0.004742}], ""corpus_quality"": {""status"": ""accepted"", ""reasons"": []}, ""components"": [{""surface"": ""aregland"", ""canonical_candidate"": ""aregland"", ""confidence"": 0.92, ""evidence"": [{""type"": ""morphological_parse"", ""source"": ""candidate_index"", ""path"": [""areglando"", ""aregland"", ""aregland""], ""confidence"": 0.92}]}]}"
es	lemma:96eb3f343f011993166a	regulador	accepted	accepted	regular	aggregate_only_not_sense_frequency	"[{""path"": ""associativvordes/family-index-v5/members/es/40.json.gz"", ""family_id"": ""family:regul"", ""record_sha256"": ""116b524bbf1e76e64d947bd5c3475ace8420677ad9133a8a175a114db21d4255""}, {""path"": ""associativvordes/family-index-v5/members/es/50.json.gz"", ""family_id"": ""surface:es:lador"", ""record_sha256"": ""7cac829eeab07e421a379d4de8b26c4a5c3e324ca5facaa0885729712e61fe79""}, {""path"": ""associativvordes/family-index-v5/members/es/5e.json.gz"", ""family_id"": ""surface:es:regula"", ""record_sha256"": ""e99212894c4e378b6ef930e3498b5990de8a24a95a19fda0cba0846cf5b62553""}]"	"{""lemma_id"": ""lemma:96eb3f343f011993166a"", ""word"": ""regulador"", ""normalized"": ""regulador"", ""search_form"": ""regulador"", ""rank"": 4949, ""frequency_score"": 26.363992130957097, ""category_breakdown"": {""subtitles"": {""ipm_values"": [2.073812, 2.005669], ""category_ipm"": 2.0397405, ""category_score"": 19.480474326903792}, ""mixed"": {""ipm_values"": [13.63143], ""category_ipm"": 13.63143, ""category_score"": 47.01454554311702}}, ""sources"": [{""id"": ""mixed/es_wordlist.lemmatized_stanza_ipm6.json"", ""file"": ""es_wordlist.lemmatized_stanza_ipm6.json"", ""category"": ""mixed"", ""ipm"": 13.63143}, {""id"": ""subtitles/hermit_2016_es_full_lemmatized_ipm6_spacy_lookup_cleaned_v8.json"", ""file"": ""hermit_2016_es_full_lemmatized_ipm6_spacy_lookup_cleaned_v8.json"", ""category"": ""subtitles"", ""ipm"": 2.073812}, {""id"": ""subtitles/hermit_2018_es_full_lemmatized_ipm6_spacy_lookup_cleaned_v8.json"", ""file"": ""hermit_2018_es_full_lemmatized_ipm6_spacy_lookup_cleaned_v8.json"", ""category"": ""subtitles"", ""ipm"": 2.005669}], ""corpus_quality"": {""status"": ""accepted"", ""reasons"": []}, ""components"": [{""surface"": ""regul"", ""canonical_candidate"": ""regul"", ""confidence"": 0.97, ""evidence"": [{""type"": ""compound_morphology"", ""source"": ""manually_verified"", ""path"": [""regulador"", ""regul"", ""regul""], ""confidence"": 0.97}, {""type"": ""verified_seed_alias"", ""source"": ""methodology_control_seed"", ""path"": [""es"", ""regul"", ""family:regul""], ""confidence"": 1}]}]}"
es	lemma:9707bf692afb5e5ee07f	desregulación	accepted	accepted	regular	aggregate_only_not_sense_frequency	"[{""path"": ""associativvordes/family-index-v5/members/es/40.json.gz"", ""family_id"": ""family:regul"", ""record_sha256"": ""9af5f9e2bb8a0027d9903fcd1025c7898f3789d053f5f523ab2047d4f0ad56ca""}, {""path"": ""associativvordes/family-index-v5/members/es/63.json.gz"", ""family_id"": ""surface:es:regulacion"", ""record_sha256"": ""eef68c59367289ba5a81e073dcc11289aca4d5b7907d12efe224c2aad108b76c""}, {""path"": ""associativvordes/family-index-v5/members/es/7f.json.gz"", ""family_id"": ""surface:es:desregulac"", ""record_sha256"": ""38f81341fd2a552992bb30ae537fbb5da96b720e1087aa8828dbe464842ca6d0""}]"	"{""lemma_id"": ""lemma:9707bf692afb5e5ee07f"", ""word"": ""desregulación"", ""normalized"": ""desregulación"", ""search_form"": ""desregulacion"", ""rank"": 16311, ""frequency_score"": 7.123667591232416, ""category_breakdown"": {""subtitles"": {""ipm_values"": [0.275012, 0.210998], ""category_ipm"": 0.24300499999999997, ""category_score"": 3.8115933450639563}, ""mixed"": {""ipm_values"": [1.647529], ""category_ipm"": 1.647529, ""category_score"": 17.059890329737797}}, ""sources"": [{""id"": ""mixed/es_wordlist.lemmatized_stanza_ipm6.json"", ""file"": ""es_wordlist.lemmatized_stanza_ipm6.json"", ""category"": ""mixed"", ""ipm"": 1.647529}, {""id"": ""subtitles/hermit_2016_es_full_lemmatized_ipm6_spacy_lookup_cleaned_v8.json"", ""file"": ""hermit_2016_es_full_lemmatized_ipm6_spacy_lookup_cleaned_v8.json"", ""category"": ""subtitles"", ""ipm"": 0.275012}, {""id"": ""subtitles/hermit_2018_es_full_lemmatized_ipm6_spacy_lookup_cleaned_v8.json"", ""file"": ""hermit_2018_es_full_lemmatized_ipm6_spacy_lookup_cleaned_v8.json"", ""category"": ""subtitles"", ""ipm"": 0.210998}], ""corpus_quality"": {""status"": ""accepted"", ""reasons"": []}, ""components"": [{""surface"": ""regul"", ""canonical_candidate"": ""regul"", ""confidence"": 1, ""evidence"": [{""type"": ""compound_morphology"", ""source"": ""manually_verified"", ""path"": [""desregulacion"", ""regul"", ""regul""], ""confidence"": 1}, {""type"": ""verified_seed_alias"", ""source"": ""methodology_control_seed"", ""path"": [""es"", ""regul"", ""family:regul""], ""confidence"": 1}]}]}"
es	lemma:971f8e9ae2554a6206ff	arreglais	uncertain	not_admitted_candidate		aggregate_only_not_sense_frequency	"[{""path"": ""associativvordes/family-index-v5/members/es/7f.json.gz"", ""family_id"": ""surface:es:ais"", ""record_sha256"": ""a8b36c8bc5d307177e645cd04a9c64bb8858cdb50e8240bd2f7995f2b48f29b7""}, {""path"": ""associativvordes/family-index-v5/members/es/b1.json.gz"", ""family_id"": ""surface:es:arregl"", ""record_sha256"": ""5ef8bc587f16e9e845990508042952d4604a6538bb206bc5a76119869a2a2615""}]"	"{""lemma_id"": ""lemma:971f8e9ae2554a6206ff"", ""word"": ""arreglais"", ""normalized"": ""arreglais"", ""search_form"": ""arreglais"", ""rank"": 182669, ""frequency_score"": 0.2662808082445199, ""category_breakdown"": {""subtitles"": {""ipm_values"": [0.014031, 0.016595], ""category_ipm"": 0.015313, ""category_score"": 0.2662808082445199}}, ""sources"": [{""id"": ""subtitles/hermit_2016_es_full_lemmatized_ipm6_spacy_lookup_cleaned_v8.json"", ""file"": ""hermit_2016_es_full_lemmatized_ipm6_spacy_lookup_cleaned_v8.json"", ""category"": ""subtitles"", ""ipm"": 0.014031}, {""id"": ""subtitles/hermit_2018_es_full_lemmatized_ipm6_spacy_lookup_cleaned_v8.json"", ""file"": ""hermit_2018_es_full_lemmatized_ipm6_spacy_lookup_cleaned_v8.json"", ""category"": ""subtitles"", ""ipm"": 0.016595}], ""corpus_quality"": {""status"": ""accepted"", ""reasons"": []}, ""components"": [{""surface"": ""ais"", ""canonical_candidate"": ""ais"", ""confidence"": 0.89, ""evidence"": [{""type"": ""compound_morphology"", ""source"": ""candidate_index"", ""path"": [""arreglais"", ""ais"", ""ais""], ""confidence"": 0.89}]}]}"
es	lemma:972124bcd76cd4497238	regularlas	accepted	accepted	regular	aggregate_only_not_sense_frequency	"[{""path"": ""associativvordes/family-index-v5/members/es/40.json.gz"", ""family_id"": ""family:regul"", ""record_sha256"": ""1f823091809dad7ccc2053371105a9be2d82b0f1c642880bcf0ec6532021a966""}, {""path"": ""associativvordes/family-index-v5/members/es/f8.json.gz"", ""family_id"": ""surface:es:regularl"", ""record_sha256"": ""0b351f9ea3f4d12152468231a8b68c9f9401fcfeec4f9cf249042a756ff04217""}]"	"{""lemma_id"": ""lemma:972124bcd76cd4497238"", ""word"": ""regularlas"", ""normalized"": ""regularlas"", ""search_form"": ""regularlas"", ""rank"": 318802, ""frequency_score"": 0.11112187447585387, ""category_breakdown"": {""subtitles"": {""ipm_values"": [0.005612, 0.007112], ""category_ipm"": 0.006362, ""category_score"": 0.11112187447585387}}, ""sources"": [{""id"": ""subtitles/hermit_2016_es_full_lemmatized_ipm6_spacy_lookup_cleaned_v8.json"", ""file"": ""hermit_2016_es_full_lemmatized_ipm6_spacy_lookup_cleaned_v8.json"", ""category"": ""subtitles"", ""ipm"": 0.005612}, {""id"": ""subtitles/hermit_2018_es_full_lemmatized_ipm6_spacy_lookup_cleaned_v8.json"", ""file"": ""hermit_2018_es_full_lemmatized_ipm6_spacy_lookup_cleaned_v8.json"", ""category"": ""subtitles"", ""ipm"": 0.007112}], ""corpus_quality"": {""status"": ""accepted"", ""reasons"": []}, ""components"": [{""surface"": ""regul"", ""canonical_candidate"": ""regul"", ""confidence"": 0.97, ""evidence"": [{""type"": ""compound_morphology"", ""source"": ""manually_verified"", ""path"": [""regularlas"", ""regul"", ""regul""], ""confidence"": 0.97}, {""type"": ""verified_seed_alias"", ""source"": ""methodology_control_seed"", ""path"": [""es"", ""regul"", ""family:regul""], ""confidence"": 1}]}]}"
es	lemma:9777ae3e8531a909699e	arreglaróslas	uncertain	not_admitted_candidate		aggregate_only_not_sense_frequency	"[{""path"": ""associativvordes/family-index-v5/members/es/ac.json.gz"", ""family_id"": ""surface:es:arreglarosl"", ""record_sha256"": ""43e5103fed652bd1572b6efc3e523587a2a9fbbe9d9b07f42e94d3a3a0d69271""}]"	"{""lemma_id"": ""lemma:9777ae3e8531a909699e"", ""word"": ""arreglaróslas"", ""normalized"": ""arreglaróslas"", ""search_form"": ""arreglaroslas"", ""rank"": 471493, ""frequency_score"": 0.041495494299664135, ""category_breakdown"": {""subtitles"": {""ipm_values"": [0.002371], ""category_ipm"": 0.002371, ""category_score"": 0.041495494299664135}}, ""sources"": [{""id"": ""subtitles/hermit_2018_es_full_lemmatized_ipm6_spacy_lookup_cleaned_v8.json"", ""file"": ""hermit_2018_es_full_lemmatized_ipm6_spacy_lookup_cleaned_v8.json"", ""category"": ""subtitles"", ""ipm"": 0.002371}], ""corpus_quality"": {""status"": ""accepted"", ""reasons"": []}, ""components"": [{""surface"": ""arreglarosl"", ""canonical_candidate"": ""arreglarosl"", ""confidence"": 0.92, ""evidence"": [{""type"": ""morphological_parse"", ""source"": ""candidate_index"", ""path"": [""arreglaroslas"", ""arreglarosl"", ""arreglarosl""], ""confidence"": 0.92}]}]}"
es	lemma:998cee659f8eef069bb9	regulativo	accepted	accepted	regular	aggregate_only_not_sense_frequency	"[{""path"": ""associativvordes/family-index-v5/members/es/19.json.gz"", ""family_id"": ""surface:es:regulativ"", ""record_sha256"": ""62dc93d44314ea4cac871a7aec37de730ee56b6f027d429334ec8df72e30ef93""}, {""path"": ""associativvordes/family-index-v5/members/es/40.json.gz"", ""family_id"": ""family:regul"", ""record_sha256"": ""1efb29a3d7d44933c6d19eebf85e9a9a731ab620b5861f6581e9054dc5c214de""}]"	"{""lemma_id"": ""lemma:998cee659f8eef069bb9"", ""word"": ""regulativo"", ""normalized"": ""regulativo"", ""search_form"": ""regulativo"", ""rank"": 692069, ""frequency_score"": 0.04529710280721981, ""category_breakdown"": {""subtitles"": {""ipm_values"": [0.002806, 0.002371], ""category_ipm"": 0.0025884999999999997, ""category_score"": 0.04529710280721981}}, ""sources"": [{""id"": ""subtitles/hermit_2016_es_full_lemmatized_ipm6_spacy_lookup_cleaned_v8.json"", ""file"": ""hermit_2016_es_full_lemmatized_ipm6_spacy_lookup_cleaned_v8.json"", ""category"": ""subtitles"", ""ipm"": 0.002806}, {""id"": ""subtitles/hermit_2018_es_full_lemmatized_ipm6_spacy_lookup_cleaned_v8.json"", ""file"": ""hermit_2018_es_full_lemmatized_ipm6_spacy_lookup_cleaned_v8.json"", ""category"": ""subtitles"", ""ipm"": 0.002371}], ""corpus_quality"": {""status"": ""accepted"", ""reasons"": []}, ""components"": [{""surface"": ""regulativ"", ""canonical_candidate"": ""regulativ"", ""confidence"": 0.92, ""evidence"": [{""type"": ""morphological_parse"", ""source"": ""candidate_index"", ""path"": [""regulativo"", ""regulativ"", ""regulativ""], ""confidence"": 0.92}]}]}"
es	lemma:99cb1804727bba24af86	arréglalas	uncertain	not_admitted_candidate		aggregate_only_not_sense_frequency	"[{""path"": ""associativvordes/family-index-v5/members/es/14.json.gz"", ""family_id"": ""surface:es:arreglal"", ""record_sha256"": ""e6e8ab6b8a091d536673e831d7cf2e14bb4f1a2a157f15cad8ba497044bbde87""}]"	"{""lemma_id"": ""lemma:99cb1804727bba24af86"", ""word"": ""arréglalas"", ""normalized"": ""arréglalas"", ""search_form"": ""arreglalas"", ""rank"": 143717, ""frequency_score"": 0.44406243243896276, ""category_breakdown"": {""subtitles"": {""ipm_values"": [0.025256, 0.026078], ""category_ipm"": 0.025667000000000002, ""category_score"": 0.44406243243896276}}, ""sources"": [{""id"": ""subtitles/hermit_2016_es_full_lemmatized_ipm6_spacy_lookup_cleaned_v8.json"", ""file"": ""hermit_2016_es_full_lemmatized_ipm6_spacy_lookup_cleaned_v8.json"", ""category"": ""subtitles"", ""ipm"": 0.025256}, {""id"": ""subtitles/hermit_2018_es_full_lemmatized_ipm6_spacy_lookup_cleaned_v8.json"", ""file"": ""hermit_2018_es_full_lemmatized_ipm6_spacy_lookup_cleaned_v8.json"", ""category"": ""subtitles"", ""ipm"": 0.026078}], ""corpus_quality"": {""status"": ""accepted"", ""reasons"": []}, ""components"": [{""surface"": ""arreglal"", ""canonical_candidate"": ""arreglal"", ""confidence"": 0.92, ""evidence"": [{""type"": ""morphological_parse"", ""source"": ""candidate_index"", ""path"": [""arreglalas"", ""arreglal"", ""arreglal""], ""confidence"": 0.92}]}]}"
es	lemma:9a5e6a31820ed5ae7cb4	arreglanos	uncertain	not_admitted_candidate		aggregate_only_not_sense_frequency	"[{""path"": ""associativvordes/family-index-v5/members/es/22.json.gz"", ""family_id"": ""ety:815ce5157a11"", ""record_sha256"": ""a176ebd0f13f3f60727e1a7412638af17d982ea187303150721342df19fdc819""}, {""path"": ""associativvordes/family-index-v5/members/es/3a.json.gz"", ""family_id"": ""surface:es:arreglan"", ""record_sha256"": ""fc10ea0c884049614bdcb5a54f130cb1adaba42cbcad94fe00210452965d785f""}, {""path"": ""associativvordes/family-index-v5/members/es/d0.json.gz"", ""family_id"": ""ety:f3818b155d73"", ""record_sha256"": ""a176ebd0f13f3f60727e1a7412638af17d982ea187303150721342df19fdc819""}]"	"{""lemma_id"": ""lemma:9a5e6a31820ed5ae7cb4"", ""word"": ""arreglanos"", ""normalized"": ""arreglanos"", ""search_form"": ""arreglanos"", ""rank"": 431895, ""frequency_score"": 0.04529710280721981, ""category_breakdown"": {""subtitles"": {""ipm_values"": [0.002806, 0.002371], ""category_ipm"": 0.0025884999999999997, ""category_score"": 0.04529710280721981}}, ""sources"": [{""id"": ""subtitles/hermit_2016_es_full_lemmatized_ipm6_spacy_lookup_cleaned_v8.json"", ""file"": ""hermit_2016_es_full_lemmatized_ipm6_spacy_lookup_cleaned_v8.json"", ""category"": ""subtitles"", ""ipm"": 0.002806}, {""id"": ""subtitles/hermit_2018_es_full_lemmatized_ipm6_spacy_lookup_cleaned_v8.json"", ""file"": ""hermit_2018_es_full_lemmatized_ipm6_spacy_lookup_cleaned_v8.json"", ""category"": ""subtitles"", ""ipm"": 0.002371}], ""corpus_quality"": {""status"": ""accepted"", ""reasons"": []}, ""components"": [{""surface"": ""lanos"", ""canonical_candidate"": ""lanos"", ""confidence"": 0.89, ""evidence"": [{""type"": ""compound_morphology"", ""source"": ""candidate_index"", ""path"": [""arreglanos"", ""lanos"", ""lanos""], ""confidence"": 0.89}]}]}"
es	lemma:9b4cc9f575fe978d8a7e	arreglarmelas	uncertain	not_admitted_candidate		aggregate_only_not_sense_frequency	"[{""path"": ""associativvordes/family-index-v5/members/es/52.json.gz"", ""family_id"": ""surface:es:melas"", ""record_sha256"": ""8ce4c60889b56e88ccde9772090e32c59b770969b3936fd8cf795a321b72b868""}, {""path"": ""associativvordes/family-index-v5/members/es/d0.json.gz"", ""family_id"": ""surface:es:arreglarmel"", ""record_sha256"": ""fbbb65eb3a00f5bff0cf53e5b65765d9745d599b6138af0bbf9a60a8e4438e18""}]"	"{""lemma_id"": ""lemma:9b4cc9f575fe978d8a7e"", ""word"": ""arreglarmelas"", ""normalized"": ""arreglarmelas"", ""search_form"": ""arreglarmelas"", ""rank"": 60688, ""frequency_score"": 1.9829527090876702, ""category_breakdown"": {""subtitles"": {""ipm_values"": [0.123475, 0.116168], ""category_ipm"": 0.1198215, ""category_score"": 1.9829527090876702}}, ""sources"": [{""id"": ""subtitles/hermit_2016_es_full_lemmatized_ipm6_spacy_lookup_cleaned_v8.json"", ""file"": ""hermit_2016_es_full_lemmatized_ipm6_spacy_lookup_cleaned_v8.json"", ""category"": ""subtitles"", ""ipm"": 0.123475}, {""id"": ""subtitles/hermit_2018_es_full_lemmatized_ipm6_spacy_lookup_cleaned_v8.json"", ""file"": ""hermit_2018_es_full_lemmatized_ipm6_spacy_lookup_cleaned_v8.json"", ""category"": ""subtitles"", ""ipm"": 0.116168}], ""corpus_quality"": {""status"": ""accepted"", ""reasons"": []}, ""components"": [{""surface"": ""melas"", ""canonical_candidate"": ""melas"", ""confidence"": 0.89, ""evidence"": [{""type"": ""compound_morphology"", ""source"": ""candidate_index"", ""path"": [""arreglarmelas"", ""melas"", ""melas""], ""confidence"": 0.89}]}]}"
es	lemma:9b92be7fd68422e6ca1a	arreglándole	uncertain	not_admitted_candidate		aggregate_only_not_sense_frequency	"[{""path"": ""associativvordes/family-index-v5/members/es/76.json.gz"", ""family_id"": ""surface:es:dole"", ""record_sha256"": ""34949a56e1323fb1a0e5ef8da0c10eda223d158d61c10c5055a9a80bd543201d""}, {""path"": ""associativvordes/family-index-v5/members/es/fa.json.gz"", ""family_id"": ""surface:es:arregland"", ""record_sha256"": ""36dc8dbf90892d0b2e44da953e9682c98d65986b6cc33e8f7564edb05108aae6""}]"	"{""lemma_id"": ""lemma:9b92be7fd68422e6ca1a"", ""word"": ""arreglándole"", ""normalized"": ""arreglándole"", ""search_form"": ""arreglandole"", ""rank"": 109452, ""frequency_score"": 0.6327468041958798, ""category_breakdown"": {""subtitles"": {""ipm_values"": [0.030869, 0.042674], ""category_ipm"": 0.0367715, ""category_score"": 0.6327468041958798}}, ""sources"": [{""id"": ""subtitles/hermit_2016_es_full_lemmatized_ipm6_spacy_lookup_cleaned_v8.json"", ""file"": ""hermit_2016_es_full_lemmatized_ipm6_spacy_lookup_cleaned_v8.json"", ""category"": ""subtitles"", ""ipm"": 0.030869}, {""id"": ""subtitles/hermit_2018_es_full_lemmatized_ipm6_spacy_lookup_cleaned_v8.json"", ""file"": ""hermit_2018_es_full_lemmatized_ipm6_spacy_lookup_cleaned_v8.json"", ""category"": ""subtitles"", ""ipm"": 0.042674}], ""corpus_quality"": {""status"": ""accepted"", ""reasons"": []}, ""components"": [{""surface"": ""dole"", ""canonical_candidate"": ""dole"", ""confidence"": 0.89, ""evidence"": [{""type"": ""compound_morphology"", ""source"": ""candidate_index"", ""path"": [""arreglandole"", ""dole"", ""dole""], ""confidence"": 0.89}]}]}"
es	lemma:9b96542a864dcc45b9cf	iarregla	uncertain	not_admitted_candidate		aggregate_only_not_sense_frequency	"[{""path"": ""associativvordes/family-index-v5/members/es/66.json.gz"", ""family_id"": ""surface:es:iarregl"", ""record_sha256"": ""b1758fc9289f86c3511dc9488d5920fa3d8b46c7b745052b6e6fda28904be691""}, {""path"": ""associativvordes/family-index-v5/members/es/81.json.gz"", ""family_id"": ""surface:es:regla"", ""record_sha256"": ""8018dea6da9004801c84b7944e4b991493c676b6714a0f9b2467d106dd3cbe98""}]"	"{""lemma_id"": ""lemma:9b96542a864dcc45b9cf"", ""word"": ""iarregla"", ""normalized"": ""iarregla"", ""search_form"": ""iarregla"", ""rank"": 572751, ""frequency_score"": 0.04529710280721981, ""category_breakdown"": {""subtitles"": {""ipm_values"": [0.002806, 0.002371], ""category_ipm"": 0.0025884999999999997, ""category_score"": 0.04529710280721981}}, ""sources"": [{""id"": ""subtitles/hermit_2016_es_full_lemmatized_ipm6_spacy_lookup_cleaned_v8.json"", ""file"": ""hermit_2016_es_full_lemmatized_ipm6_spacy_lookup_cleaned_v8.json"", ""category"": ""subtitles"", ""ipm"": 0.002806}, {""id"": ""subtitles/hermit_2018_es_full_lemmatized_ipm6_spacy_lookup_cleaned_v8.json"", ""file"": ""hermit_2018_es_full_lemmatized_ipm6_spacy_lookup_cleaned_v8.json"", ""category"": ""subtitles"", ""ipm"": 0.002371}], ""corpus_quality"": {""status"": ""accepted"", ""reasons"": []}, ""components"": [{""surface"": ""iarregl"", ""canonical_candidate"": ""iarregl"", ""confidence"": 0.92, ""evidence"": [{""type"": ""morphological_parse"", ""source"": ""candidate_index"", ""path"": [""iarregla"", ""iarregl"", ""iarregl""], ""confidence"": 0.92}]}]}"
es	lemma:9badf3135eae0f32f9b9	arreglenselas	uncertain	not_admitted_candidate		aggregate_only_not_sense_frequency	"[{""path"": ""associativvordes/family-index-v5/members/es/a6.json.gz"", ""family_id"": ""surface:es:arreglensel"", ""record_sha256"": ""73985759a066d254e16d298d1ec6f4a4d32b9cfe5716704574f6ee32bae8a994""}]"	"{""lemma_id"": ""lemma:9badf3135eae0f32f9b9"", ""word"": ""arreglenselas"", ""normalized"": ""arreglenselas"", ""search_form"": ""arreglenselas"", ""rank"": 242584, ""frequency_score"": 0.10733452219039641, ""category_breakdown"": {""subtitles"": {""ipm_values"": [0.002806, 0.009483], ""category_ipm"": 0.0061445, ""category_score"": 0.10733452219039641}}, ""sources"": [{""id"": ""subtitles/hermit_2016_es_full_lemmatized_ipm6_spacy_lookup_cleaned_v8.json"", ""file"": ""hermit_2016_es_full_lemmatized_ipm6_spacy_lookup_cleaned_v8.json"", ""category"": ""subtitles"", ""ipm"": 0.002806}, {""id"": ""subtitles/hermit_2018_es_full_lemmatized_ipm6_spacy_lookup_cleaned_v8.json"", ""file"": ""hermit_2018_es_full_lemmatized_ipm6_spacy_lookup_cleaned_v8.json"", ""category"": ""subtitles"", ""ipm"": 0.009483}], ""corpus_quality"": {""status"": ""accepted"", ""reasons"": []}, ""components"": [{""surface"": ""arreglensel"", ""canonical_candidate"": ""arreglensel"", ""confidence"": 0.92, ""evidence"": [{""type"": ""morphological_parse"", ""source"": ""candidate_index"", ""path"": [""arreglenselas"", ""arreglensel"", ""arreglensel""], ""confidence"": 0.92}]}]}"
es	lemma:9bd111be43b60fedb6fb	arreglarems	uncertain	not_admitted_candidate		aggregate_only_not_sense_frequency	"[{""path"": ""associativvordes/family-index-v5/members/es/26.json.gz"", ""family_id"": ""surface:es:arreglar"", ""record_sha256"": ""f8264d71f57fc11533c1cd5485a1a6cc8ec9615e30e89d7896810b07e2cfcd3f""}]"	"{""lemma_id"": ""lemma:9bd111be43b60fedb6fb"", ""word"": ""arreglarems"", ""normalized"": ""arreglarems"", ""search_form"": ""arreglarems"", ""rank"": 431902, ""frequency_score"": 0.04529710280721981, ""category_breakdown"": {""subtitles"": {""ipm_values"": [0.002806, 0.002371], ""category_ipm"": 0.0025884999999999997, ""category_score"": 0.04529710280721981}}, ""sources"": [{""id"": ""subtitles/hermit_2016_es_full_lemmatized_ipm6_spacy_lookup_cleaned_v8.json"", ""file"": ""hermit_2016_es_full_lemmatized_ipm6_spacy_lookup_cleaned_v8.json"", ""category"": ""subtitles"", ""ipm"": 0.002806}, {""id"": ""subtitles/hermit_2018_es_full_lemmatized_ipm6_spacy_lookup_cleaned_v8.json"", ""file"": ""hermit_2018_es_full_lemmatized_ipm6_spacy_lookup_cleaned_v8.json"", ""category"": ""subtitles"", ""ipm"": 0.002371}], ""corpus_quality"": {""status"": ""accepted"", ""reasons"": []}, ""components"": [{""surface"": ""arreglar"", ""canonical_candidate"": ""arreglar"", ""confidence"": 0.81, ""evidence"": [{""type"": ""compound_morphology"", ""source"": ""candidate_index"", ""path"": [""arreglarems"", ""arreglar"", ""arreglar""], ""confidence"": 0.81}]}]}"
es	lemma:9d28e0168a9994689c35	arreglartodo	uncertain	not_admitted_candidate		aggregate_only_not_sense_frequency	"[{""path"": ""associativvordes/family-index-v5/members/es/93.json.gz"", ""family_id"": ""ety:f7e9723cd52e"", ""record_sha256"": ""3d04472a3506f7f7f284f97a5a1ac1e956e152a5dd597ac80f2426dba9aca447""}, {""path"": ""associativvordes/family-index-v5/members/es/cd.json.gz"", ""family_id"": ""surface:es:arreglartod"", ""record_sha256"": ""8213579048ec590127f33d0c988883e37fa39bce4b9bcc992b95c2939d5eb8b4""}]"	"{""lemma_id"": ""lemma:9d28e0168a9994689c35"", ""word"": ""arreglartodo"", ""normalized"": ""arreglartodo"", ""search_form"": ""arreglartodo"", ""rank"": 309278, ""frequency_score"": 0.090477407431868, ""category_breakdown"": {""subtitles"": {""ipm_values"": [0.005612, 0.004742], ""category_ipm"": 0.005176999999999999, ""category_score"": 0.090477407431868}}, ""sources"": [{""id"": ""subtitles/hermit_2016_es_full_lemmatized_ipm6_spacy_lookup_cleaned_v8.json"", ""file"": ""hermit_2016_es_full_lemmatized_ipm6_spacy_lookup_cleaned_v8.json"", ""category"": ""subtitles"", ""ipm"": 0.005612}, {""id"": ""subtitles/hermit_2018_es_full_lemmatized_ipm6_spacy_lookup_cleaned_v8.json"", ""file"": ""hermit_2018_es_full_lemmatized_ipm6_spacy_lookup_cleaned_v8.json"", ""category"": ""subtitles"", ""ipm"": 0.004742}], ""corpus_quality"": {""status"": ""accepted"", ""reasons"": []}, ""components"": [{""surface"": ""todo"", ""canonical_candidate"": ""todo"", ""confidence"": 0.89, ""evidence"": [{""type"": ""compound_morphology"", ""source"": ""candidate_index"", ""path"": [""arreglartodo"", ""todo"", ""todo""], ""confidence"": 0.89}]}]}"
es	lemma:9db436b980b3d4e7d531	irregularidares	uncertain	not_admitted_candidate		aggregate_only_not_sense_frequency	"[{""path"": ""associativvordes/family-index-v5/members/es/2f.json.gz"", ""family_id"": ""surface:es:dares"", ""record_sha256"": ""6f146916257986fc4a9730c2a1de17d1a1691630ac6233ce503f9a8759157d5a""}, {""path"": ""associativvordes/family-index-v5/members/es/43.json.gz"", ""family_id"": ""surface:es:irregularidar"", ""record_sha256"": ""b543a589c9fbd36d214abe751388739366117d30658b750e7e7967095edf2c87""}]"	"{""lemma_id"": ""lemma:9db436b980b3d4e7d531"", ""word"": ""irregularidares"", ""normalized"": ""irregularidares"", ""search_form"": ""irregularidares"", ""rank"": 584656, ""frequency_score"": 0.04909788668913623, ""category_breakdown"": {""subtitles"": {""ipm_values"": [0.002806], ""category_ipm"": 0.002806, ""category_score"": 0.04909788668913623}}, ""sources"": [{""id"": ""subtitles/hermit_2016_es_full_lemmatized_ipm6_spacy_lookup_cleaned_v8.json"", ""file"": ""hermit_2016_es_full_lemmatized_ipm6_spacy_lookup_cleaned_v8.json"", ""category"": ""subtitles"", ""ipm"": 0.002806}], ""corpus_quality"": {""status"": ""accepted"", ""reasons"": []}, ""components"": [{""surface"": ""dares"", ""canonical_candidate"": ""dares"", ""confidence"": 0.89, ""evidence"": [{""type"": ""compound_morphology"", ""source"": ""candidate_index"", ""path"": [""irregularidares"", ""dares"", ""dares""], ""confidence"": 0.89}]}]}"
es	lemma:9e761d48ac4b72a30bc1	regla	uncertain	not_admitted_candidate		aggregate_only_not_sense_frequency	"[{""path"": ""associativvordes/family-index-v5/members/es/81.json.gz"", ""family_id"": ""surface:es:regla"", ""record_sha256"": ""b994a0a4075c2ff744df37cf6cfd7dfdbbec32261e2bfabdd3d67c8a5900c6e2""}]"	"{""lemma_id"": ""lemma:9e761d48ac4b72a30bc1"", ""word"": ""regla"", ""normalized"": ""regla"", ""search_form"": ""regla"", ""rank"": 2146, ""frequency_score"": 67.34476331595363, ""category_breakdown"": {""mixed"": {""ipm_values"": [45.685793], ""category_ipm"": 45.685793, ""category_score"": 67.34476331595363}}, ""sources"": [{""id"": ""mixed/es_wordlist.lemmatized_stanza_ipm6.json"", ""file"": ""es_wordlist.lemmatized_stanza_ipm6.json"", ""category"": ""mixed"", ""ipm"": 45.685793}], ""corpus_quality"": {""status"": ""accepted"", ""reasons"": []}, ""components"": [{""surface"": ""regla"", ""canonical_candidate"": ""regla"", ""confidence"": 0.92, ""evidence"": [{""type"": ""morphological_parse"", ""source"": ""candidate_index"", ""path"": [""regla"", ""regla"", ""regla""], ""confidence"": 0.92}]}]}"
es	lemma:9e8943404ef664e43993	desregularización	accepted	accepted	regularizar	aggregate_only_not_sense_frequency	"[{""path"": ""associativvordes/family-index-v5/members/es/40.json.gz"", ""family_id"": ""family:regul"", ""record_sha256"": ""b0b7d6457a9b601c954869dc0be0581a9ad8a4ec8837f6a6e84ea727e70f8704""}]"	"{""lemma_id"": ""lemma:9e8943404ef664e43993"", ""word"": ""desregularización"", ""normalized"": ""desregularización"", ""search_form"": ""desregularizacion"", ""rank"": 221904, ""frequency_score"": 0.1523553517697093, ""category_breakdown"": {""subtitles"": {""ipm_values"": [0.005612, 0.011854], ""category_ipm"": 0.008733, ""category_score"": 0.1523553517697093}}, ""sources"": [{""id"": ""subtitles/hermit_2016_es_full_lemmatized_ipm6_spacy_lookup_cleaned_v8.json"", ""file"": ""hermit_2016_es_full_lemmatized_ipm6_spacy_lookup_cleaned_v8.json"", ""category"": ""subtitles"", ""ipm"": 0.005612}, {""id"": ""subtitles/hermit_2018_es_full_lemmatized_ipm6_spacy_lookup_cleaned_v8.json"", ""file"": ""hermit_2018_es_full_lemmatized_ipm6_spacy_lookup_cleaned_v8.json"", ""category"": ""subtitles"", ""ipm"": 0.011854}], ""corpus_quality"": {""status"": ""accepted"", ""reasons"": []}, ""components"": [{""surface"": ""regul"", ""canonical_candidate"": ""regul"", ""confidence"": 0.97, ""evidence"": [{""type"": ""compound_morphology"", ""source"": ""manually_verified"", ""path"": [""desregularizacion"", ""regul"", ""regul""], ""confidence"": 0.97}, {""type"": ""verified_seed_alias"", ""source"": ""methodology_control_seed"", ""path"": [""es"", ""regul"", ""family:regul""], ""confidence"": 1}]}]}"
es	lemma:9ef8bdbc58c39ec66606	desarreglar	uncertain	not_admitted_candidate		aggregate_only_not_sense_frequency	"[{""path"": ""associativvordes/family-index-v5/members/es/23.json.gz"", ""family_id"": ""surface:es:desarr"", ""record_sha256"": ""368657c91644f3e62a240e184b503d56dfa82e881f97cd060e12691c1e17dc9c""}, {""path"": ""associativvordes/family-index-v5/members/es/26.json.gz"", ""family_id"": ""surface:es:arreglar"", ""record_sha256"": ""294e3ac5016735221ad8c8d7b87d9a9efbf86688199ac256f32942b5e2d9f22e""}]"	"{""lemma_id"": ""lemma:9ef8bdbc58c39ec66606"", ""word"": ""desarreglar"", ""normalized"": ""desarreglar"", ""search_form"": ""desarreglar"", ""rank"": 25696, ""frequency_score"": 8.075998197930048, ""category_breakdown"": {""subtitles"": {""ipm_values"": [0.594923, 0.576097], ""category_ipm"": 0.58551, ""category_score"": 8.075998197930048}}, ""sources"": [{""id"": ""subtitles/hermit_2016_es_full_lemmatized_ipm6_spacy_lookup_cleaned_v8.json"", ""file"": ""hermit_2016_es_full_lemmatized_ipm6_spacy_lookup_cleaned_v8.json"", ""category"": ""subtitles"", ""ipm"": 0.594923}, {""id"": ""subtitles/hermit_2018_es_full_lemmatized_ipm6_spacy_lookup_cleaned_v8.json"", ""file"": ""hermit_2018_es_full_lemmatized_ipm6_spacy_lookup_cleaned_v8.json"", ""category"": ""subtitles"", ""ipm"": 0.576097}], ""corpus_quality"": {""status"": ""accepted"", ""reasons"": []}, ""components"": [{""surface"": ""desarr"", ""canonical_candidate"": ""desarr"", ""confidence"": 0.81, ""evidence"": [{""type"": ""compound_morphology"", ""source"": ""candidate_index"", ""path"": [""desarreglar"", ""desarr"", ""desarr""], ""confidence"": 0.81}]}]}"
es	lemma:9f81a5233bd6f7448c19	arreglate	uncertain	not_admitted_candidate		aggregate_only_not_sense_frequency	"[{""path"": ""associativvordes/family-index-v5/members/es/84.json.gz"", ""family_id"": ""surface:es:late"", ""record_sha256"": ""b1ebae2f1400d15177c0795b56cbadc7c2846abbd05e16547d56ed74d9853d98""}, {""path"": ""associativvordes/family-index-v5/members/es/b1.json.gz"", ""family_id"": ""surface:es:arregl"", ""record_sha256"": ""d5351322cface36fa2a951678c90accfb66d6f07020d039fbe31df3cacf10aa5""}]"	"{""lemma_id"": ""lemma:9f81a5233bd6f7448c19"", ""word"": ""arreglate"", ""normalized"": ""arreglate"", ""search_form"": ""arreglate"", ""rank"": 60689, ""frequency_score"": 2.02000504821787, ""category_breakdown"": {""subtitles"": {""ipm_values"": [0.123475, 0.120909], ""category_ipm"": 0.122192, ""category_score"": 2.02000504821787}}, ""sources"": [{""id"": ""subtitles/hermit_2016_es_full_lemmatized_ipm6_spacy_lookup_cleaned_v8.json"", ""file"": ""hermit_2016_es_full_lemmatized_ipm6_spacy_lookup_cleaned_v8.json"", ""category"": ""subtitles"", ""ipm"": 0.123475}, {""id"": ""subtitles/hermit_2018_es_full_lemmatized_ipm6_spacy_lookup_cleaned_v8.json"", ""file"": ""hermit_2018_es_full_lemmatized_ipm6_spacy_lookup_cleaned_v8.json"", ""category"": ""subtitles"", ""ipm"": 0.120909}], ""corpus_quality"": {""status"": ""accepted"", ""reasons"": []}, ""components"": [{""surface"": ""late"", ""canonical_candidate"": ""late"", ""confidence"": 0.89, ""evidence"": [{""type"": ""compound_morphology"", ""source"": ""candidate_index"", ""path"": [""arreglate"", ""late"", ""late""], ""confidence"": 0.89}]}]}"
es	lemma:9ffd01d886519668b484	arreglársela	uncertain	not_admitted_candidate		aggregate_only_not_sense_frequency	"[{""path"": ""associativvordes/family-index-v5/members/es/f6.json.gz"", ""family_id"": ""surface:es:arreglarsel"", ""record_sha256"": ""332e2daed0135e74e6835bea9f813423c92ae4ccd15bcb8c9944b0e7fd613c3b""}]"	"{""lemma_id"": ""lemma:9ffd01d886519668b484"", ""word"": ""arreglársela"", ""normalized"": ""arreglársela"", ""search_form"": ""arreglarsela"", ""rank"": 95482, ""frequency_score"": 0.8032187604413087, ""category_breakdown"": {""subtitles"": {""ipm_values"": [0.039287, 0.054528], ""category_ipm"": 0.046907500000000005, ""category_score"": 0.8032187604413087}}, ""sources"": [{""id"": ""subtitles/hermit_2016_es_full_lemmatized_ipm6_spacy_lookup_cleaned_v8.json"", ""file"": ""hermit_2016_es_full_lemmatized_ipm6_spacy_lookup_cleaned_v8.json"", ""category"": ""subtitles"", ""ipm"": 0.039287}, {""id"": ""subtitles/hermit_2018_es_full_lemmatized_ipm6_spacy_lookup_cleaned_v8.json"", ""file"": ""hermit_2018_es_full_lemmatized_ipm6_spacy_lookup_cleaned_v8.json"", ""category"": ""subtitles"", ""ipm"": 0.054528}], ""corpus_quality"": {""status"": ""accepted"", ""reasons"": []}, ""components"": [{""surface"": ""arreglarsel"", ""canonical_candidate"": ""arreglarsel"", ""confidence"": 0.92, ""evidence"": [{""type"": ""morphological_parse"", ""source"": ""candidate_index"", ""path"": [""arreglarsela"", ""arreglarsel"", ""arreglarsel""], ""confidence"": 0.92}]}]}"
es	lemma:a1907439a231843967ba	regularizado	accepted	accepted	regularizar	aggregate_only_not_sense_frequency	"[{""path"": ""associativvordes/family-index-v5/members/es/40.json.gz"", ""family_id"": ""family:regul"", ""record_sha256"": ""6b7ef7702e5062745e15b9d7ec0f27dd821c00081d1fadb8f327076696e406ad""}, {""path"": ""associativvordes/family-index-v5/members/es/92.json.gz"", ""family_id"": ""surface:es:regularizad"", ""record_sha256"": ""9e90c47cf4a0c0dcb7af0e05dbd3980e3c5ac3b3b0ccfdd34e095514136963e4""}]"	"{""lemma_id"": ""lemma:a1907439a231843967ba"", ""word"": ""regularizado"", ""normalized"": ""regularizado"", ""search_form"": ""regularizado"", ""rank"": 38202, ""frequency_score"": 4.543163834353085, ""category_breakdown"": {""mixed"": {""ipm_values"": [0.296001], ""category_ipm"": 0.296001, ""category_score"": 4.543163834353085}}, ""sources"": [{""id"": ""mixed/es_wordlist.lemmatized_stanza_ipm6.json"", ""file"": ""es_wordlist.lemmatized_stanza_ipm6.json"", ""category"": ""mixed"", ""ipm"": 0.296001}], ""corpus_quality"": {""status"": ""accepted"", ""reasons"": []}, ""components"": [{""surface"": ""regul"", ""canonical_candidate"": ""regul"", ""confidence"": 0.97, ""evidence"": [{""type"": ""compound_morphology"", ""source"": ""manually_verified"", ""path"": [""regularizado"", ""regul"", ""regul""], ""confidence"": 0.97}, {""type"": ""verified_seed_alias"", ""source"": ""methodology_control_seed"", ""path"": [""es"", ""regul"", ""family:regul""], ""confidence"": 1}]}]}"
es	lemma:a1c55750627ddc9577f6	arregladísima	uncertain	not_admitted_candidate		aggregate_only_not_sense_frequency	"[{""path"": ""associativvordes/family-index-v5/members/es/ba.json.gz"", ""family_id"": ""surface:es:sima"", ""record_sha256"": ""e65b92402345bc10644c4e54ab561659f8f87526b17c8bcae726f2683b5658c3""}, {""path"": ""associativvordes/family-index-v5/members/es/be.json.gz"", ""family_id"": ""surface:es:arregladisim"", ""record_sha256"": ""ad93d60fbb517fbf0bb80e6432ec4f085186f3df3fb3e37dc338011cf9719e1f""}]"	"{""lemma_id"": ""lemma:a1c55750627ddc9577f6"", ""word"": ""arregladísima"", ""normalized"": ""arregladísima"", ""search_form"": ""arregladisima"", ""rank"": 431881, ""frequency_score"": 0.04529710280721981, ""category_breakdown"": {""subtitles"": {""ipm_values"": [0.002806, 0.002371], ""category_ipm"": 0.0025884999999999997, ""category_score"": 0.04529710280721981}}, ""sources"": [{""id"": ""subtitles/hermit_2016_es_full_lemmatized_ipm6_spacy_lookup_cleaned_v8.json"", ""file"": ""hermit_2016_es_full_lemmatized_ipm6_spacy_lookup_cleaned_v8.json"", ""category"": ""subtitles"", ""ipm"": 0.002806}, {""id"": ""subtitles/hermit_2018_es_full_lemmatized_ipm6_spacy_lookup_cleaned_v8.json"", ""file"": ""hermit_2018_es_full_lemmatized_ipm6_spacy_lookup_cleaned_v8.json"", ""category"": ""subtitles"", ""ipm"": 0.002371}], ""corpus_quality"": {""status"": ""accepted"", ""reasons"": []}, ""components"": [{""surface"": ""sima"", ""canonical_candidate"": ""sima"", ""confidence"": 0.89, ""evidence"": [{""type"": ""compound_morphology"", ""source"": ""candidate_index"", ""path"": [""arregladisima"", ""sima"", ""sima""], ""confidence"": 0.89}]}]}"
es	lemma:a216adc2376b4c9235c5	arreglándolo	uncertain	not_admitted_candidate		aggregate_only_not_sense_frequency	"[{""path"": ""associativvordes/family-index-v5/members/es/59.json.gz"", ""family_id"": ""surface:es:arreglandol"", ""record_sha256"": ""d7691a4fe6c41632754b4edb894c8a0fde014e692bbc54c6842c113c776e5c57""}]"	"{""lemma_id"": ""lemma:a216adc2376b4c9235c5"", ""word"": ""arreglándolo"", ""normalized"": ""arreglándolo"", ""search_form"": ""arreglandolo"", ""rank"": 39795, ""frequency_score"": 4.11718893757624, ""category_breakdown"": {""subtitles"": {""ipm_values"": [0.266593, 0.263155], ""category_ipm"": 0.264874, ""category_score"": 4.11718893757624}}, ""sources"": [{""id"": ""subtitles/hermit_2016_es_full_lemmatized_ipm6_spacy_lookup_cleaned_v8.json"", ""file"": ""hermit_2016_es_full_lemmatized_ipm6_spacy_lookup_cleaned_v8.json"", ""category"": ""subtitles"", ""ipm"": 0.266593}, {""id"": ""subtitles/hermit_2018_es_full_lemmatized_ipm6_spacy_lookup_cleaned_v8.json"", ""file"": ""hermit_2018_es_full_lemmatized_ipm6_spacy_lookup_cleaned_v8.json"", ""category"": ""subtitles"", ""ipm"": 0.263155}], ""corpus_quality"": {""status"": ""accepted"", ""reasons"": []}, ""components"": [{""surface"": ""arreglandol"", ""canonical_candidate"": ""arreglandol"", ""confidence"": 0.92, ""evidence"": [{""type"": ""morphological_parse"", ""source"": ""candidate_index"", ""path"": [""arreglandolo"", ""arreglandol"", ""arreglandol""], ""confidence"": 0.92}]}]}"
es	lemma:a21ba13669e34d5ae5b6	arreglelos	uncertain	not_admitted_candidate		aggregate_only_not_sense_frequency	"[{""path"": ""associativvordes/family-index-v5/members/es/70.json.gz"", ""family_id"": ""surface:es:arreglel"", ""record_sha256"": ""b4f2141f53ff0f37d42d70d948a15adc3ad14143aa1bef32507572ea471e69d6""}]"	"{""lemma_id"": ""lemma:a21ba13669e34d5ae5b6"", ""word"": ""arreglelos"", ""normalized"": ""arreglelos"", ""search_form"": ""arreglelos"", ""rank"": 431914, ""frequency_score"": 0.04529710280721981, ""category_breakdown"": {""subtitles"": {""ipm_values"": [0.002806, 0.002371], ""category_ipm"": 0.0025884999999999997, ""category_score"": 0.04529710280721981}}, ""sources"": [{""id"": ""subtitles/hermit_2016_es_full_lemmatized_ipm6_spacy_lookup_cleaned_v8.json"", ""file"": ""hermit_2016_es_full_lemmatized_ipm6_spacy_lookup_cleaned_v8.json"", ""category"": ""subtitles"", ""ipm"": 0.002806}, {""id"": ""subtitles/hermit_2018_es_full_lemmatized_ipm6_spacy_lookup_cleaned_v8.json"", ""file"": ""hermit_2018_es_full_lemmatized_ipm6_spacy_lookup_cleaned_v8.json"", ""category"": ""subtitles"", ""ipm"": 0.002371}], ""corpus_quality"": {""status"": ""accepted"", ""reasons"": []}, ""components"": [{""surface"": ""arreglel"", ""canonical_candidate"": ""arreglel"", ""confidence"": 0.92, ""evidence"": [{""type"": ""morphological_parse"", ""source"": ""candidate_index"", ""path"": [""arreglelos"", ""arreglel"", ""arreglel""], ""confidence"": 0.92}]}]}"
es	lemma:a2971fbea3bf04bda651	arréglale	uncertain	not_admitted_candidate		aggregate_only_not_sense_frequency	"[{""path"": ""associativvordes/family-index-v5/members/es/30.json.gz"", ""family_id"": ""surface:es:ale"", ""record_sha256"": ""c0acbb54db50a59d3b800f5dba55a5df9afedad635fc572a1335ec6f37a8edc6""}, {""path"": ""associativvordes/family-index-v5/members/es/b1.json.gz"", ""family_id"": ""surface:es:arregl"", ""record_sha256"": ""556aac42fa0acb842c157b26f62014cf7e781c4e04896c65c41b128f455ca09d""}]"	"{""lemma_id"": ""lemma:a2971fbea3bf04bda651"", ""word"": ""arréglale"", ""normalized"": ""arréglale"", ""search_form"": ""arreglale"", ""rank"": 106269, ""frequency_score"": 0.7472616809207057, ""category_breakdown"": {""subtitles"": {""ipm_values"": [0.042094, 0.045045], ""category_ipm"": 0.0435695, ""category_score"": 0.7472616809207057}}, ""sources"": [{""id"": ""subtitles/hermit_2016_es_full_lemmatized_ipm6_spacy_lookup_cleaned_v8.json"", ""file"": ""hermit_2016_es_full_lemmatized_ipm6_spacy_lookup_cleaned_v8.json"", ""category"": ""subtitles"", ""ipm"": 0.042094}, {""id"": ""subtitles/hermit_2018_es_full_lemmatized_ipm6_spacy_lookup_cleaned_v8.json"", ""file"": ""hermit_2018_es_full_lemmatized_ipm6_spacy_lookup_cleaned_v8.json"", ""category"": ""subtitles"", ""ipm"": 0.045045}], ""corpus_quality"": {""status"": ""accepted"", ""reasons"": []}, ""components"": [{""surface"": ""ale"", ""canonical_candidate"": ""ale"", ""confidence"": 0.89, ""evidence"": [{""type"": ""compound_morphology"", ""source"": ""candidate_index"", ""path"": [""arreglale"", ""ale"", ""ale""], ""confidence"": 0.89}]}]}"
es	lemma:a5b8068505a7dbe90c02	regularizarlo	accepted	accepted	regularizar	aggregate_only_not_sense_frequency	"[{""path"": ""associativvordes/family-index-v5/members/es/40.json.gz"", ""family_id"": ""family:regul"", ""record_sha256"": ""f3c0f0ec74180d608d36768ba074e91c060a7f2b6c2d7033c22378d11d2c85b8""}, {""path"": ""associativvordes/family-index-v5/members/es/74.json.gz"", ""family_id"": ""surface:es:regularizarl"", ""record_sha256"": ""ca90af68f530f047b9fc652d8e3619d16c60270c960740b29c8310ae0c815faf""}]"	"{""lemma_id"": ""lemma:a5b8068505a7dbe90c02"", ""word"": ""regularizarlo"", ""normalized"": ""regularizarlo"", ""search_form"": ""regularizarlo"", ""rank"": 420264, ""frequency_score"": 0.06600356668229963, ""category_breakdown"": {""subtitles"": {""ipm_values"": [0.002806, 0.004742], ""category_ipm"": 0.0037739999999999996, ""category_score"": 0.06600356668229963}}, ""sources"": [{""id"": ""subtitles/hermit_2016_es_full_lemmatized_ipm6_spacy_lookup_cleaned_v8.json"", ""file"": ""hermit_2016_es_full_lemmatized_ipm6_spacy_lookup_cleaned_v8.json"", ""category"": ""subtitles"", ""ipm"": 0.002806}, {""id"": ""subtitles/hermit_2018_es_full_lemmatized_ipm6_spacy_lookup_cleaned_v8.json"", ""file"": ""hermit_2018_es_full_lemmatized_ipm6_spacy_lookup_cleaned_v8.json"", ""category"": ""subtitles"", ""ipm"": 0.004742}], ""corpus_quality"": {""status"": ""accepted"", ""reasons"": []}, ""components"": [{""surface"": ""regul"", ""canonical_candidate"": ""regul"", ""confidence"": 0.97, ""evidence"": [{""type"": ""compound_morphology"", ""source"": ""manually_verified"", ""path"": [""regularizarlo"", ""regul"", ""regul""], ""confidence"": 0.97}, {""type"": ""verified_seed_alias"", ""source"": ""methodology_control_seed"", ""path"": [""es"", ""regul"", ""family:regul""], ""confidence"": 1}]}]}"
es	lemma:a608653ee28776e605c6	arreglarselas	uncertain	not_admitted_candidate		aggregate_only_not_sense_frequency	"[{""path"": ""associativvordes/family-index-v5/members/es/f6.json.gz"", ""family_id"": ""surface:es:arreglarsel"", ""record_sha256"": ""fed6fd94a73479fa8e456541a88524e09a3fc7734c0516e530988ea66f2e878f""}]"	"{""lemma_id"": ""lemma:a608653ee28776e605c6"", ""word"": ""arreglarselas"", ""normalized"": ""arreglarselas"", ""search_form"": ""arreglarselas"", ""rank"": 63956, ""frequency_score"": 1.6508839111939912, ""category_breakdown"": {""subtitles"": {""ipm_values"": [0.11225, 0.085348], ""category_ipm"": 0.098799, ""category_score"": 1.6508839111939912}}, ""sources"": [{""id"": ""subtitles/hermit_2016_es_full_lemmatized_ipm6_spacy_lookup_cleaned_v8.json"", ""file"": ""hermit_2016_es_full_lemmatized_ipm6_spacy_lookup_cleaned_v8.json"", ""category"": ""subtitles"", ""ipm"": 0.11225}, {""id"": ""subtitles/hermit_2018_es_full_lemmatized_ipm6_spacy_lookup_cleaned_v8.json"", ""file"": ""hermit_2018_es_full_lemmatized_ipm6_spacy_lookup_cleaned_v8.json"", ""category"": ""subtitles"", ""ipm"": 0.085348}], ""corpus_quality"": {""status"": ""accepted"", ""reasons"": []}, ""components"": [{""surface"": ""arreglarsel"", ""canonical_candidate"": ""arreglarsel"", ""confidence"": 0.92, ""evidence"": [{""type"": ""morphological_parse"", ""source"": ""candidate_index"", ""path"": [""arreglarselas"", ""arreglarsel"", ""arreglarsel""], ""confidence"": 0.92}]}]}"
es	lemma:a66a6cb3120ee5da7c7f	termoregulatoria	uncertain	withheld_historical_uncertain		aggregate_only_not_sense_frequency	"[{""path"": ""associativvordes/family-index-v5/members/es/40.json.gz"", ""family_id"": ""family:regul"", ""record_sha256"": ""03aa244c3fc5deb93164ee7a68052971c496215bbb4a48433f54e59ccfab4997""}, {""path"": ""associativvordes/family-index-v5/members/es/6d.json.gz"", ""family_id"": ""surface:es:termoregulatori"", ""record_sha256"": ""40f931bce3a436468f07c7c4da0faa8f792caa2ef3d89b3a8524b580ced66b2d""}]"	"{""lemma_id"": ""lemma:a66a6cb3120ee5da7c7f"", ""word"": ""termoregulatoria"", ""normalized"": ""termoregulatoria"", ""search_form"": ""termoregulatoria"", ""rank"": 739713, ""frequency_score"": 0.04529710280721981, ""category_breakdown"": {""subtitles"": {""ipm_values"": [0.002806, 0.002371], ""category_ipm"": 0.0025884999999999997, ""category_score"": 0.04529710280721981}}, ""sources"": [{""id"": ""subtitles/hermit_2016_es_full_lemmatized_ipm6_spacy_lookup_cleaned_v8.json"", ""file"": ""hermit_2016_es_full_lemmatized_ipm6_spacy_lookup_cleaned_v8.json"", ""category"": ""subtitles"", ""ipm"": 0.002806}, {""id"": ""subtitles/hermit_2018_es_full_lemmatized_ipm6_spacy_lookup_cleaned_v8.json"", ""file"": ""hermit_2018_es_full_lemmatized_ipm6_spacy_lookup_cleaned_v8.json"", ""category"": ""subtitles"", ""ipm"": 0.002371}], ""corpus_quality"": {""status"": ""accepted"", ""reasons"": []}, ""components"": [{""surface"": ""regul"", ""canonical_candidate"": ""regul"", ""confidence"": 0.97, ""evidence"": [{""type"": ""compound_morphology"", ""source"": ""manually_verified"", ""path"": [""termoregulatoria"", ""regul"", ""regul""], ""confidence"": 0.97}, {""type"": ""verified_seed_alias"", ""source"": ""methodology_control_seed"", ""path"": [""es"", ""regul"", ""family:regul""], ""confidence"": 1}]}]}"
es	lemma:a6ba3683a7fa9e0e5f61	regularizarte	accepted	accepted	regularizar	aggregate_only_not_sense_frequency	"[{""path"": ""associativvordes/family-index-v5/members/es/02.json.gz"", ""family_id"": ""surface:es:regulariza"", ""record_sha256"": ""23b99bb2a97b297f11021bacde09707080dda5928b9d1255f9a31b1b05a745c5""}, {""path"": ""associativvordes/family-index-v5/members/es/40.json.gz"", ""family_id"": ""family:regul"", ""record_sha256"": ""06d44077cecac74f224e4f5e21d8f1823eb51d072f82294284e58100b567c981""}]"	"{""lemma_id"": ""lemma:a6ba3683a7fa9e0e5f61"", ""word"": ""regularizarte"", ""normalized"": ""regularizarte"", ""search_form"": ""regularizarte"", ""rank"": 755335, ""frequency_score"": 0.041495494299664135, ""category_breakdown"": {""subtitles"": {""ipm_values"": [0.002371], ""category_ipm"": 0.002371, ""category_score"": 0.041495494299664135}}, ""sources"": [{""id"": ""subtitles/hermit_2018_es_full_lemmatized_ipm6_spacy_lookup_cleaned_v8.json"", ""file"": ""hermit_2018_es_full_lemmatized_ipm6_spacy_lookup_cleaned_v8.json"", ""category"": ""subtitles"", ""ipm"": 0.002371}], ""corpus_quality"": {""status"": ""accepted"", ""reasons"": []}, ""components"": [{""surface"": ""regulariza"", ""canonical_candidate"": ""regulariza"", ""confidence"": 0.81, ""evidence"": [{""type"": ""compound_morphology"", ""source"": ""candidate_index"", ""path"": [""regularizarte"", ""regulariza"", ""regulariza""], ""confidence"": 0.81}]}]}"
es	lemma:a71771c994db4850025f	arreglándose	uncertain	not_admitted_candidate		aggregate_only_not_sense_frequency	"[{""path"": ""associativvordes/family-index-v5/members/es/fa.json.gz"", ""family_id"": ""surface:es:arregland"", ""record_sha256"": ""5318ba3b7f7fc45b3d47457533c69c0b787578411df873602fa19f35b2904017""}]"	"{""lemma_id"": ""lemma:a71771c994db4850025f"", ""word"": ""arreglándose"", ""normalized"": ""arreglándose"", ""search_form"": ""arreglandose"", ""rank"": 39566, ""frequency_score"": 4.153010179437025, ""category_breakdown"": {""subtitles"": {""ipm_values"": [0.269399, 0.265526], ""category_ipm"": 0.2674625, ""category_score"": 4.153010179437025}}, ""sources"": [{""id"": ""subtitles/hermit_2016_es_full_lemmatized_ipm6_spacy_lookup_cleaned_v8.json"", ""file"": ""hermit_2016_es_full_lemmatized_ipm6_spacy_lookup_cleaned_v8.json"", ""category"": ""subtitles"", ""ipm"": 0.269399}, {""id"": ""subtitles/hermit_2018_es_full_lemmatized_ipm6_spacy_lookup_cleaned_v8.json"", ""file"": ""hermit_2018_es_full_lemmatized_ipm6_spacy_lookup_cleaned_v8.json"", ""category"": ""subtitles"", ""ipm"": 0.265526}], ""corpus_quality"": {""status"": ""accepted"", ""reasons"": []}, ""components"": [{""surface"": ""arregland"", ""canonical_candidate"": ""arregland"", ""confidence"": 0.81, ""evidence"": [{""type"": ""compound_morphology"", ""source"": ""candidate_index"", ""path"": [""arreglandose"", ""arregland"", ""arregland""], ""confidence"": 0.81}]}]}"
es	lemma:a724035c0d2bbdd4f3c9	arreglarnos	uncertain	not_admitted_candidate		aggregate_only_not_sense_frequency	"[{""path"": ""associativvordes/family-index-v5/members/es/58.json.gz"", ""family_id"": ""surface:es:arreglarn"", ""record_sha256"": ""98905a232eae3dd1451f249e422c3ae09d6d55ea128d11adbee6ab6a7f542bad""}]"	"{""lemma_id"": ""lemma:a724035c0d2bbdd4f3c9"", ""word"": ""arreglarnos"", ""normalized"": ""arreglarnos"", ""search_form"": ""arreglarnos"", ""rank"": 20718, ""frequency_score"": 10.937323485924114, ""category_breakdown"": {""subtitles"": {""ipm_values"": [0.85871, 0.874813], ""category_ipm"": 0.8667615, ""category_score"": 10.937323485924114}}, ""sources"": [{""id"": ""subtitles/hermit_2016_es_full_lemmatized_ipm6_spacy_lookup_cleaned_v8.json"", ""file"": ""hermit_2016_es_full_lemmatized_ipm6_spacy_lookup_cleaned_v8.json"", ""category"": ""subtitles"", ""ipm"": 0.85871}, {""id"": ""subtitles/hermit_2018_es_full_lemmatized_ipm6_spacy_lookup_cleaned_v8.json"", ""file"": ""hermit_2018_es_full_lemmatized_ipm6_spacy_lookup_cleaned_v8.json"", ""category"": ""subtitles"", ""ipm"": 0.874813}], ""corpus_quality"": {""status"": ""accepted"", ""reasons"": []}, ""components"": [{""surface"": ""arreglarn"", ""canonical_candidate"": ""arreglarn"", ""confidence"": 0.92, ""evidence"": [{""type"": ""morphological_parse"", ""source"": ""candidate_index"", ""path"": [""arreglarnos"", ""arreglarn"", ""arreglarn""], ""confidence"": 0.92}]}]}"
es	lemma:a9016b16136c03e899de	regulieuze	uncertain	not_admitted_candidate		aggregate_only_not_sense_frequency	"[{""path"": ""associativvordes/family-index-v5/members/es/3e.json.gz"", ""family_id"": ""surface:es:lie"", ""record_sha256"": ""f93dcc841f3bcb724504d94eb24d1a8886a765f8ac69c6d1d2e696b17c420798""}, {""path"": ""associativvordes/family-index-v5/members/es/5f.json.gz"", ""family_id"": ""surface:es:guli"", ""record_sha256"": ""7aa85ad4a221c4d5661efa8747b7abc3a5b342fce2f3bd2094f535c21398c6e6""}, {""path"": ""associativvordes/family-index-v5/members/es/b2.json.gz"", ""family_id"": ""surface:es:reg"", ""record_sha256"": ""2788a50bddef5d7ac125cea575bb6bfc3fda261ab211f237252e98422b528a2a""}]"	"{""lemma_id"": ""lemma:a9016b16136c03e899de"", ""word"": ""regulieuze"", ""normalized"": ""regulieuze"", ""search_form"": ""regulieuze"", ""rank"": 692073, ""frequency_score"": 0.04909788668913623, ""category_breakdown"": {""subtitles"": {""ipm_values"": [0.002806], ""category_ipm"": 0.002806, ""category_score"": 0.04909788668913623}}, ""sources"": [{""id"": ""subtitles/hermit_2016_es_full_lemmatized_ipm6_spacy_lookup_cleaned_v8.json"", ""file"": ""hermit_2016_es_full_lemmatized_ipm6_spacy_lookup_cleaned_v8.json"", ""category"": ""subtitles"", ""ipm"": 0.002806}], ""corpus_quality"": {""status"": ""accepted"", ""reasons"": []}, ""components"": [{""surface"": ""lie"", ""canonical_candidate"": ""lie"", ""confidence"": 0.81, ""evidence"": [{""type"": ""compound_morphology"", ""source"": ""candidate_index"", ""path"": [""regulieuze"", ""lie"", ""lie""], ""confidence"": 0.81}]}]}"
es	lemma:aa5594b8320ddea32ac1	reguladísimos	accepted	accepted	regular	aggregate_only_not_sense_frequency	"[{""path"": ""associativvordes/family-index-v5/members/es/09.json.gz"", ""family_id"": ""surface:es:mos"", ""record_sha256"": ""697abee609a062d8142428037c7a31147c9cb0c6c61e70d6a99596db3f51087f""}, {""path"": ""associativvordes/family-index-v5/members/es/40.json.gz"", ""family_id"": ""family:regul"", ""record_sha256"": ""badde199ce52fbc6b3edfb1feb70551771cba04f0b763b139e5c7c1133805af5""}, {""path"": ""associativvordes/family-index-v5/members/es/b4.json.gz"", ""family_id"": ""surface:es:reguladisim"", ""record_sha256"": ""325d2a1bdbcca2bb775b358587d2278df5a077e4809f2ca9103e30a114c71a66""}]"	"{""lemma_id"": ""lemma:aa5594b8320ddea32ac1"", ""word"": ""reguladísimos"", ""normalized"": ""reguladísimos"", ""search_form"": ""reguladisimos"", ""rank"": 692049, ""frequency_score"": 0.04909788668913623, ""category_breakdown"": {""subtitles"": {""ipm_values"": [0.002806], ""category_ipm"": 0.002806, ""category_score"": 0.04909788668913623}}, ""sources"": [{""id"": ""subtitles/hermit_2016_es_full_lemmatized_ipm6_spacy_lookup_cleaned_v8.json"", ""file"": ""hermit_2016_es_full_lemmatized_ipm6_spacy_lookup_cleaned_v8.json"", ""category"": ""subtitles"", ""ipm"": 0.002806}], ""corpus_quality"": {""status"": ""accepted"", ""reasons"": []}, ""components"": [{""surface"": ""mos"", ""canonical_candidate"": ""mos"", ""confidence"": 0.89, ""evidence"": [{""type"": ""compound_morphology"", ""source"": ""candidate_index"", ""path"": [""reguladisimos"", ""mos"", ""mos""], ""confidence"": 0.89}]}]}"
es	lemma:ab10d6e7fd0e648a26be	arreglemoos	uncertain	not_admitted_candidate		aggregate_only_not_sense_frequency	"[{""path"": ""associativvordes/family-index-v5/members/es/04.json.gz"", ""family_id"": ""surface:es:arreglemo"", ""record_sha256"": ""2de02c719689974635dabc6eb9258c66eba4ede6e8d73cbe23581c1e52815278""}, {""path"": ""associativvordes/family-index-v5/members/es/4a.json.gz"", ""family_id"": ""surface:es:moos"", ""record_sha256"": ""f5d540aaacada1b006152d7fab262847d40236a965198c319a06aaf08f4a6464""}]"	"{""lemma_id"": ""lemma:ab10d6e7fd0e648a26be"", ""word"": ""arreglemoos"", ""normalized"": ""arreglemoos"", ""search_form"": ""arreglemoos"", ""rank"": 431917, ""frequency_score"": 0.04909788668913623, ""category_breakdown"": {""subtitles"": {""ipm_values"": [0.002806], ""category_ipm"": 0.002806, ""category_score"": 0.04909788668913623}}, ""sources"": [{""id"": ""subtitles/hermit_2016_es_full_lemmatized_ipm6_spacy_lookup_cleaned_v8.json"", ""file"": ""hermit_2016_es_full_lemmatized_ipm6_spacy_lookup_cleaned_v8.json"", ""category"": ""subtitles"", ""ipm"": 0.002806}], ""corpus_quality"": {""status"": ""accepted"", ""reasons"": []}, ""components"": [{""surface"": ""arreglemo"", ""canonical_candidate"": ""arreglemo"", ""confidence"": 0.92, ""evidence"": [{""type"": ""morphological_parse"", ""source"": ""candidate_index"", ""path"": [""arreglemoos"", ""arreglemo"", ""arreglemo""], ""confidence"": 0.92}]}]}"
es	lemma:ab3bb8386ec6562079ac	desregulacion	uncertain	withheld_historical_uncertain		aggregate_only_not_sense_frequency	"[{""path"": ""associativvordes/family-index-v5/members/es/40.json.gz"", ""family_id"": ""family:regul"", ""record_sha256"": ""02b6017499062ab1501a56b84496441667ccc8f99150dfdbd05b1698f4094425""}, {""path"": ""associativvordes/family-index-v5/members/es/63.json.gz"", ""family_id"": ""surface:es:regulacion"", ""record_sha256"": ""24333e2cbca57039bf3c0f9177fba1134e94624751b5493889c8b2d64e93b22c""}, {""path"": ""associativvordes/family-index-v5/members/es/7f.json.gz"", ""family_id"": ""surface:es:desregulac"", ""record_sha256"": ""a19e4d882494554972970bec04fdf009349da070b282b0600155f1ade3a623dc""}]"	"{""lemma_id"": ""lemma:ab3bb8386ec6562079ac"", ""word"": ""desregulacion"", ""normalized"": ""desregulacion"", ""search_form"": ""desregulacion"", ""rank"": 548082, ""frequency_score"": 0.041495494299664135, ""category_breakdown"": {""subtitles"": {""ipm_values"": [0.002371], ""category_ipm"": 0.002371, ""category_score"": 0.041495494299664135}}, ""sources"": [{""id"": ""subtitles/hermit_2018_es_full_lemmatized_ipm6_spacy_lookup_cleaned_v8.json"", ""file"": ""hermit_2018_es_full_lemmatized_ipm6_spacy_lookup_cleaned_v8.json"", ""category"": ""subtitles"", ""ipm"": 0.002371}], ""corpus_quality"": {""status"": ""accepted"", ""reasons"": []}, ""components"": [{""surface"": ""regul"", ""canonical_candidate"": ""regul"", ""confidence"": 1, ""evidence"": [{""type"": ""compound_morphology"", ""source"": ""manually_verified"", ""path"": [""desregulacion"", ""regul"", ""regul""], ""confidence"": 1}, {""type"": ""verified_seed_alias"", ""source"": ""methodology_control_seed"", ""path"": [""es"", ""regul"", ""family:regul""], ""confidence"": 1}]}]}"
es	lemma:ac14e3f90cab5f1f074f	osmorregulatorio	accepted	accepted	regular	aggregate_only_not_sense_frequency	"[{""path"": ""associativvordes/family-index-v5/members/es/22.json.gz"", ""family_id"": ""surface:es:osmorregulatori"", ""record_sha256"": ""70bde153aa670d2e7d967e83e597132202486cf05975fe5784ad551b1eca3880""}, {""path"": ""associativvordes/family-index-v5/members/es/40.json.gz"", ""family_id"": ""family:regul"", ""record_sha256"": ""4d0f317cfe9d6e34bfd0aef62e349185619a3807622856e157c5f51309b05ef3""}]"	"{""lemma_id"": ""lemma:ac14e3f90cab5f1f074f"", ""word"": ""osmorregulatorio"", ""normalized"": ""osmorregulatorio"", ""search_form"": ""osmorregulatorio"", ""rank"": 713430, ""frequency_score"": 0.041495494299664135, ""category_breakdown"": {""subtitles"": {""ipm_values"": [0.002371], ""category_ipm"": 0.002371, ""category_score"": 0.041495494299664135}}, ""sources"": [{""id"": ""subtitles/hermit_2018_es_full_lemmatized_ipm6_spacy_lookup_cleaned_v8.json"", ""file"": ""hermit_2018_es_full_lemmatized_ipm6_spacy_lookup_cleaned_v8.json"", ""category"": ""subtitles"", ""ipm"": 0.002371}], ""corpus_quality"": {""status"": ""accepted"", ""reasons"": []}, ""components"": [{""surface"": ""osmorregulatori"", ""canonical_candidate"": ""osmorregulatori"", ""confidence"": 0.92, ""evidence"": [{""type"": ""morphological_parse"", ""source"": ""candidate_index"", ""path"": [""osmorregulatorio"", ""osmorregulatori"", ""osmorregulatori""], ""confidence"": 0.92}]}]}"
es	lemma:ad72fb1d58f690a4dce9	arreglamas	uncertain	not_admitted_candidate		aggregate_only_not_sense_frequency	"[{""path"": ""associativvordes/family-index-v5/members/es/7e.json.gz"", ""family_id"": ""surface:es:amas"", ""record_sha256"": ""6ada77d24ad4c266b8104782951b6e087fb74dcfa20ccf7f00bd76f197355949""}, {""path"": ""associativvordes/family-index-v5/members/es/a7.json.gz"", ""family_id"": ""surface:es:arreglam"", ""record_sha256"": ""0e490a4edea5cad58b57f8b79042e91f3a8e9f045126d88f6c61c371801b45ee""}]"	"{""lemma_id"": ""lemma:ad72fb1d58f690a4dce9"", ""word"": ""arreglamas"", ""normalized"": ""arreglamas"", ""search_form"": ""arreglamas"", ""rank"": 431885, ""frequency_score"": 0.04529710280721981, ""category_breakdown"": {""subtitles"": {""ipm_values"": [0.002806, 0.002371], ""category_ipm"": 0.0025884999999999997, ""category_score"": 0.04529710280721981}}, ""sources"": [{""id"": ""subtitles/hermit_2016_es_full_lemmatized_ipm6_spacy_lookup_cleaned_v8.json"", ""file"": ""hermit_2016_es_full_lemmatized_ipm6_spacy_lookup_cleaned_v8.json"", ""category"": ""subtitles"", ""ipm"": 0.002806}, {""id"": ""subtitles/hermit_2018_es_full_lemmatized_ipm6_spacy_lookup_cleaned_v8.json"", ""file"": ""hermit_2018_es_full_lemmatized_ipm6_spacy_lookup_cleaned_v8.json"", ""category"": ""subtitles"", ""ipm"": 0.002371}], ""corpus_quality"": {""status"": ""accepted"", ""reasons"": []}, ""components"": [{""surface"": ""amas"", ""canonical_candidate"": ""amas"", ""confidence"": 0.89, ""evidence"": [{""type"": ""compound_morphology"", ""source"": ""candidate_index"", ""path"": [""arreglamas"", ""amas"", ""amas""], ""confidence"": 0.89}]}]}"
es	lemma:ad9134e07e8f36e0dfd8	regulable	accepted	accepted	regular	aggregate_only_not_sense_frequency	"[{""path"": ""associativvordes/family-index-v5/members/es/40.json.gz"", ""family_id"": ""family:regul"", ""record_sha256"": ""b4d011458cae12c69f8963e27133acd162259fd8040b48b72d53aa8ab3d83c62""}, {""path"": ""associativvordes/family-index-v5/members/es/59.json.gz"", ""family_id"": ""surface:es:ble"", ""record_sha256"": ""51e185c934fc491fc632835118ff7c88711a704ff8220299616a0eae35614236""}, {""path"": ""associativvordes/family-index-v5/members/es/5e.json.gz"", ""family_id"": ""surface:es:regula"", ""record_sha256"": ""2de8bb53e14ea295a063938c95b1165379611274ab3d5ea29b58b2fd83e6d219""}]"	"{""lemma_id"": ""lemma:ad9134e07e8f36e0dfd8"", ""word"": ""regulable"", ""normalized"": ""regulable"", ""search_form"": ""regulable"", ""rank"": 96309, ""frequency_score"": 0.8844135979866466, ""category_breakdown"": {""subtitles"": {""ipm_values"": [0.056125, 0.047415], ""category_ipm"": 0.05177, ""category_score"": 0.8844135979866466}}, ""sources"": [{""id"": ""subtitles/hermit_2016_es_full_lemmatized_ipm6_spacy_lookup_cleaned_v8.json"", ""file"": ""hermit_2016_es_full_lemmatized_ipm6_spacy_lookup_cleaned_v8.json"", ""category"": ""subtitles"", ""ipm"": 0.056125}, {""id"": ""subtitles/hermit_2018_es_full_lemmatized_ipm6_spacy_lookup_cleaned_v8.json"", ""file"": ""hermit_2018_es_full_lemmatized_ipm6_spacy_lookup_cleaned_v8.json"", ""category"": ""subtitles"", ""ipm"": 0.047415}], ""corpus_quality"": {""status"": ""accepted"", ""reasons"": []}, ""components"": [{""surface"": ""regul"", ""canonical_candidate"": ""regul"", ""confidence"": 0.97, ""evidence"": [{""type"": ""compound_morphology"", ""source"": ""manually_verified"", ""path"": [""regulable"", ""regul"", ""regul""], ""confidence"": 0.97}, {""type"": ""verified_seed_alias"", ""source"": ""methodology_control_seed"", ""path"": [""es"", ""regul"", ""family:regul""], ""confidence"": 1}]}]}"
es	lemma:adbacb9635136f29e417	reglazzi	uncertain	not_admitted_candidate		aggregate_only_not_sense_frequency	"[{""path"": ""associativvordes/family-index-v5/members/es/81.json.gz"", ""family_id"": ""surface:es:regla"", ""record_sha256"": ""ff9536ef4718e798845aedbe5f35b39e4faad61887b2d700eda3506db422d8fa""}]"	"{""lemma_id"": ""lemma:adbacb9635136f29e417"", ""word"": ""reglazzi"", ""normalized"": ""reglazzi"", ""search_form"": ""reglazzi"", ""rank"": 192862, ""frequency_score"": 0.2700425905844662, ""category_breakdown"": {""subtitles"": {""ipm_values"": [0.016837, 0.014225], ""category_ipm"": 0.015531, ""category_score"": 0.2700425905844662}}, ""sources"": [{""id"": ""subtitles/hermit_2016_es_full_lemmatized_ipm6_spacy_lookup_cleaned_v8.json"", ""file"": ""hermit_2016_es_full_lemmatized_ipm6_spacy_lookup_cleaned_v8.json"", ""category"": ""subtitles"", ""ipm"": 0.016837}, {""id"": ""subtitles/hermit_2018_es_full_lemmatized_ipm6_spacy_lookup_cleaned_v8.json"", ""file"": ""hermit_2018_es_full_lemmatized_ipm6_spacy_lookup_cleaned_v8.json"", ""category"": ""subtitles"", ""ipm"": 0.014225}], ""corpus_quality"": {""status"": ""accepted"", ""reasons"": []}, ""components"": [{""surface"": ""regla"", ""canonical_candidate"": ""regla"", ""confidence"": 0.81, ""evidence"": [{""type"": ""compound_morphology"", ""source"": ""candidate_index"", ""path"": [""reglazzi"", ""regla"", ""regla""], ""confidence"": 0.81}]}]}"
es	lemma:adcd57f1167b025d00b4	arréglenselas	uncertain	not_admitted_candidate		aggregate_only_not_sense_frequency	"[{""path"": ""associativvordes/family-index-v5/members/es/a6.json.gz"", ""family_id"": ""surface:es:arreglensel"", ""record_sha256"": ""6f9b1c7232585f370daeb4471ea5960413989fd7df8ad168cbc05e90443bc6dc""}]"	"{""lemma_id"": ""lemma:adcd57f1167b025d00b4"", ""word"": ""arréglenselas"", ""normalized"": ""arréglenselas"", ""search_form"": ""arreglenselas"", ""rank"": 94422, ""frequency_score"": 0.943563296034174, ""category_breakdown"": {""subtitles"": {""ipm_values"": [0.056125, 0.054528], ""category_ipm"": 0.0553265, ""category_score"": 0.943563296034174}}, ""sources"": [{""id"": ""subtitles/hermit_2016_es_full_lemmatized_ipm6_spacy_lookup_cleaned_v8.json"", ""file"": ""hermit_2016_es_full_lemmatized_ipm6_spacy_lookup_cleaned_v8.json"", ""category"": ""subtitles"", ""ipm"": 0.056125}, {""id"": ""subtitles/hermit_2018_es_full_lemmatized_ipm6_spacy_lookup_cleaned_v8.json"", ""file"": ""hermit_2018_es_full_lemmatized_ipm6_spacy_lookup_cleaned_v8.json"", ""category"": ""subtitles"", ""ipm"": 0.054528}], ""corpus_quality"": {""status"": ""accepted"", ""reasons"": []}, ""components"": [{""surface"": ""arreglensel"", ""canonical_candidate"": ""arreglensel"", ""confidence"": 0.92, ""evidence"": [{""type"": ""morphological_parse"", ""source"": ""candidate_index"", ""path"": [""arreglenselas"", ""arreglensel"", ""arreglensel""], ""confidence"": 0.92}]}]}"
es	lemma:ae5052ae2dc47d7623ab	arregladocon	uncertain	not_admitted_candidate		aggregate_only_not_sense_frequency	"[{""path"": ""associativvordes/family-index-v5/members/es/02.json.gz"", ""family_id"": ""surface:es:lado"", ""record_sha256"": ""145e578704bcc2aa860d6ea31084bd8cd2529f7f5dd96f320bc09928c70c3815""}, {""path"": ""associativvordes/family-index-v5/members/es/3b.json.gz"", ""family_id"": ""surface:es:ocon"", ""record_sha256"": ""48a31939aef27150197c598eae10ee0d43b0eea798370706dca970c273a6702e""}, {""path"": ""associativvordes/family-index-v5/members/es/7c.json.gz"", ""family_id"": ""surface:es:arreglad"", ""record_sha256"": ""a6773851483eb6980085c1ec84b7498fb5b75c946aea75ef82fce69aa5d90e92""}]"	"{""lemma_id"": ""lemma:ae5052ae2dc47d7623ab"", ""word"": ""arregladocon"", ""normalized"": ""arregladocon"", ""search_form"": ""arregladocon"", ""rank"": 431879, ""frequency_score"": 0.04529710280721981, ""category_breakdown"": {""subtitles"": {""ipm_values"": [0.002806, 0.002371], ""category_ipm"": 0.0025884999999999997, ""category_score"": 0.04529710280721981}}, ""sources"": [{""id"": ""subtitles/hermit_2016_es_full_lemmatized_ipm6_spacy_lookup_cleaned_v8.json"", ""file"": ""hermit_2016_es_full_lemmatized_ipm6_spacy_lookup_cleaned_v8.json"", ""category"": ""subtitles"", ""ipm"": 0.002806}, {""id"": ""subtitles/hermit_2018_es_full_lemmatized_ipm6_spacy_lookup_cleaned_v8.json"", ""file"": ""hermit_2018_es_full_lemmatized_ipm6_spacy_lookup_cleaned_v8.json"", ""category"": ""subtitles"", ""ipm"": 0.002371}], ""corpus_quality"": {""status"": ""accepted"", ""reasons"": []}, ""components"": [{""surface"": ""lado"", ""canonical_candidate"": ""lado"", ""confidence"": 0.81, ""evidence"": [{""type"": ""compound_morphology"", ""source"": ""candidate_index"", ""path"": [""arregladocon"", ""lado"", ""lado""], ""confidence"": 0.81}]}]}"
es	lemma:ae84ac8d4a7aea9c983e	desregulizará	uncertain	withheld_historical_uncertain		aggregate_only_not_sense_frequency	"[{""path"": ""associativvordes/family-index-v5/members/es/40.json.gz"", ""family_id"": ""family:regul"", ""record_sha256"": ""cbdebf3e0014f85c90c129854a888fd2516b456888d3ada7c143d51b38541068""}, {""path"": ""associativvordes/family-index-v5/members/es/be.json.gz"", ""family_id"": ""surface:es:ara"", ""record_sha256"": ""a699bb32b95ffa8e639b45e6e370377c10ac4c2ea61361d4ccc3de4875fe1c89""}, {""path"": ""associativvordes/family-index-v5/members/es/df.json.gz"", ""family_id"": ""surface:es:desregulizar"", ""record_sha256"": ""cfe47801119719fa7891a01d750745f029cc79f6976d8f24bd4bfcde90c2277f""}]"	"{""lemma_id"": ""lemma:ae84ac8d4a7aea9c983e"", ""word"": ""desregulizará"", ""normalized"": ""desregulizará"", ""search_form"": ""desregulizara"", ""rank"": 502153, ""frequency_score"": 0.04529710280721981, ""category_breakdown"": {""subtitles"": {""ipm_values"": [0.002806, 0.002371], ""category_ipm"": 0.0025884999999999997, ""category_score"": 0.04529710280721981}}, ""sources"": [{""id"": ""subtitles/hermit_2016_es_full_lemmatized_ipm6_spacy_lookup_cleaned_v8.json"", ""file"": ""hermit_2016_es_full_lemmatized_ipm6_spacy_lookup_cleaned_v8.json"", ""category"": ""subtitles"", ""ipm"": 0.002806}, {""id"": ""subtitles/hermit_2018_es_full_lemmatized_ipm6_spacy_lookup_cleaned_v8.json"", ""file"": ""hermit_2018_es_full_lemmatized_ipm6_spacy_lookup_cleaned_v8.json"", ""category"": ""subtitles"", ""ipm"": 0.002371}], ""corpus_quality"": {""status"": ""accepted"", ""reasons"": []}, ""components"": [{""surface"": ""regul"", ""canonical_candidate"": ""regul"", ""confidence"": 0.97, ""evidence"": [{""type"": ""compound_morphology"", ""source"": ""manually_verified"", ""path"": [""desregulizara"", ""regul"", ""regul""], ""confidence"": 0.97}, {""type"": ""verified_seed_alias"", ""source"": ""methodology_control_seed"", ""path"": [""es"", ""regul"", ""family:regul""], ""confidence"": 1}]}]}"
es	lemma:aebddf399ad24ea4a44d	antireglamentaria	uncertain	not_admitted_candidate		aggregate_only_not_sense_frequency	"[{""path"": ""associativvordes/family-index-v5/members/es/9c.json.gz"", ""family_id"": ""surface:es:reglamentaria"", ""record_sha256"": ""1ee861ef75d0612ef1c4b8d1565a1e6bd35181838fc1586e6abee83fb50adcb2""}, {""path"": ""associativvordes/family-index-v5/members/es/d5.json.gz"", ""family_id"": ""surface:es:antireglamentari"", ""record_sha256"": ""c15be39ea1775f19865e07eaa30ce99a8bb725e83f86ec0718c3ed72960aa0db""}]"	"{""lemma_id"": ""lemma:aebddf399ad24ea4a44d"", ""word"": ""antireglamentaria"", ""normalized"": ""antireglamentaria"", ""search_form"": ""antireglamentaria"", ""rank"": 426859, ""frequency_score"": 0.04529710280721981, ""category_breakdown"": {""subtitles"": {""ipm_values"": [0.002806, 0.002371], ""category_ipm"": 0.0025884999999999997, ""category_score"": 0.04529710280721981}}, ""sources"": [{""id"": ""subtitles/hermit_2016_es_full_lemmatized_ipm6_spacy_lookup_cleaned_v8.json"", ""file"": ""hermit_2016_es_full_lemmatized_ipm6_spacy_lookup_cleaned_v8.json"", ""category"": ""subtitles"", ""ipm"": 0.002806}, {""id"": ""subtitles/hermit_2018_es_full_lemmatized_ipm6_spacy_lookup_cleaned_v8.json"", ""file"": ""hermit_2018_es_full_lemmatized_ipm6_spacy_lookup_cleaned_v8.json"", ""category"": ""subtitles"", ""ipm"": 0.002371}], ""corpus_quality"": {""status"": ""accepted"", ""reasons"": []}, ""components"": [{""surface"": ""reglamentaria"", ""canonical_candidate"": ""reglamentaria"", ""confidence"": 0.89, ""evidence"": [{""type"": ""compound_morphology"", ""source"": ""candidate_index"", ""path"": [""antireglamentaria"", ""reglamentaria"", ""reglamentaria""], ""confidence"": 0.89}]}]}"
es	lemma:aef2cdd9ae2d4e6feca5	arreglá	uncertain	not_admitted_candidate		aggregate_only_not_sense_frequency	"[{""path"": ""associativvordes/family-index-v5/members/es/70.json.gz"", ""family_id"": ""surface:es:arregla"", ""record_sha256"": ""caeccd6612372232fe0f669766a0ab291f019a28a24cb589b12b26bcaf872acc""}]"	"{""lemma_id"": ""lemma:aef2cdd9ae2d4e6feca5"", ""word"": ""arreglá"", ""normalized"": ""arreglá"", ""search_form"": ""arregla"", ""rank"": 131166, ""frequency_score"": 0.5121274709867446, ""category_breakdown"": {""subtitles"": {""ipm_values"": [0.030869, 0.028449], ""category_ipm"": 0.029658999999999998, ""category_score"": 0.5121274709867446}}, ""sources"": [{""id"": ""subtitles/hermit_2016_es_full_lemmatized_ipm6_spacy_lookup_cleaned_v8.json"", ""file"": ""hermit_2016_es_full_lemmatized_ipm6_spacy_lookup_cleaned_v8.json"", ""category"": ""subtitles"", ""ipm"": 0.030869}, {""id"": ""subtitles/hermit_2018_es_full_lemmatized_ipm6_spacy_lookup_cleaned_v8.json"", ""file"": ""hermit_2018_es_full_lemmatized_ipm6_spacy_lookup_cleaned_v8.json"", ""category"": ""subtitles"", ""ipm"": 0.028449}], ""corpus_quality"": {""status"": ""accepted"", ""reasons"": []}, ""components"": [{""surface"": ""arregla"", ""canonical_candidate"": ""arregla"", ""confidence"": 0.92, ""evidence"": [{""type"": ""morphological_parse"", ""source"": ""candidate_index"", ""path"": [""arregla"", ""arregla"", ""arregla""], ""confidence"": 0.92}]}]}"
es	lemma:af18467b891a6e0e9e16	regulations	uncertain	withheld_historical_uncertain		aggregate_only_not_sense_frequency	"[{""path"": ""associativvordes/family-index-v5/members/es/16.json.gz"", ""family_id"": ""surface:es:ons"", ""record_sha256"": ""7550c7958f110023c566df72fb97f3d5ebae3d149e35737cd7738d25be9c7b0f""}, {""path"": ""associativvordes/family-index-v5/members/es/1e.json.gz"", ""family_id"": ""surface:es:regulat"", ""record_sha256"": ""f079b70799099eb419d52579e4778aaefcdf86c7ada3ba50598b7fc494d7f5db""}, {""path"": ""associativvordes/family-index-v5/members/es/40.json.gz"", ""family_id"": ""family:regul"", ""record_sha256"": ""d5b87255b972e73bb13e6f42c351670d70fe3741c34f2d7496d7a23ff7587be5""}, {""path"": ""associativvordes/family-index-v5/members/es/a0.json.gz"", ""family_id"": ""surface:es:lati"", ""record_sha256"": ""416ab783939b3cd85372ec0238cc1bcb4e8b40ff7f0b14f1bfb8ef6aef21b252""}]"	"{""lemma_id"": ""lemma:af18467b891a6e0e9e16"", ""word"": ""regulations"", ""normalized"": ""regulations"", ""search_form"": ""regulations"", ""rank"": 214198, ""frequency_score"": 0.14311191047145339, ""category_breakdown"": {""subtitles"": {""ipm_values"": [0.014031, 0.002371], ""category_ipm"": 0.008201, ""category_score"": 0.14311191047145339}}, ""sources"": [{""id"": ""subtitles/hermit_2016_es_full_lemmatized_ipm6_spacy_lookup_cleaned_v8.json"", ""file"": ""hermit_2016_es_full_lemmatized_ipm6_spacy_lookup_cleaned_v8.json"", ""category"": ""subtitles"", ""ipm"": 0.014031}, {""id"": ""subtitles/hermit_2018_es_full_lemmatized_ipm6_spacy_lookup_cleaned_v8.json"", ""file"": ""hermit_2018_es_full_lemmatized_ipm6_spacy_lookup_cleaned_v8.json"", ""category"": ""subtitles"", ""ipm"": 0.002371}], ""corpus_quality"": {""status"": ""accepted"", ""reasons"": []}, ""components"": [{""surface"": ""ons"", ""canonical_candidate"": ""ons"", ""confidence"": 0.89, ""evidence"": [{""type"": ""compound_morphology"", ""source"": ""candidate_index"", ""path"": [""regulations"", ""ons"", ""ons""], ""confidence"": 0.89}]}]}"
es	lemma:af77604f34a11272b98d	regleg	uncertain	not_admitted_candidate		aggregate_only_not_sense_frequency	"[{""path"": ""associativvordes/family-index-v5/members/es/65.json.gz"", ""family_id"": ""ety:bb9970cfa89f"", ""record_sha256"": ""eebc3990290185941afa232a286e47c0e5729c12e111a84be3ff3c25dbccb242""}, {""path"": ""associativvordes/family-index-v5/members/es/6b.json.gz"", ""family_id"": ""ety:e4bdce12c54d"", ""record_sha256"": ""eebc3990290185941afa232a286e47c0e5729c12e111a84be3ff3c25dbccb242""}, {""path"": ""associativvordes/family-index-v5/members/es/b2.json.gz"", ""family_id"": ""surface:es:reg"", ""record_sha256"": ""cbc8dd93a39ce370dc5aaf76af74af1475fb4677fe9cb0a91b12535c04120323""}, {""path"": ""associativvordes/family-index-v5/members/es/fc.json.gz"", ""family_id"": ""ety:51cd0071e9dd"", ""record_sha256"": ""eebc3990290185941afa232a286e47c0e5729c12e111a84be3ff3c25dbccb242""}]"	"{""lemma_id"": ""lemma:af77604f34a11272b98d"", ""word"": ""regleg"", ""normalized"": ""regleg"", ""search_form"": ""regleg"", ""rank"": 691797, ""frequency_score"": 0.04529710280721981, ""category_breakdown"": {""subtitles"": {""ipm_values"": [0.002806, 0.002371], ""category_ipm"": 0.0025884999999999997, ""category_score"": 0.04529710280721981}}, ""sources"": [{""id"": ""subtitles/hermit_2016_es_full_lemmatized_ipm6_spacy_lookup_cleaned_v8.json"", ""file"": ""hermit_2016_es_full_lemmatized_ipm6_spacy_lookup_cleaned_v8.json"", ""category"": ""subtitles"", ""ipm"": 0.002806}, {""id"": ""subtitles/hermit_2018_es_full_lemmatized_ipm6_spacy_lookup_cleaned_v8.json"", ""file"": ""hermit_2018_es_full_lemmatized_ipm6_spacy_lookup_cleaned_v8.json"", ""category"": ""subtitles"", ""ipm"": 0.002371}], ""corpus_quality"": {""status"": ""accepted"", ""reasons"": []}, ""components"": [{""surface"": ""leg"", ""canonical_candidate"": ""leg"", ""confidence"": 0.89, ""evidence"": [{""type"": ""compound_morphology"", ""source"": ""candidate_index"", ""path"": [""regleg"", ""leg"", ""leg""], ""confidence"": 0.89}]}]}"
es	lemma:b0ad49276ad97fd09533	arreglármela	uncertain	not_admitted_candidate		aggregate_only_not_sense_frequency	"[{""path"": ""associativvordes/family-index-v5/members/es/d0.json.gz"", ""family_id"": ""surface:es:arreglarmel"", ""record_sha256"": ""107f7edd2ffd2f19c8e0a79fae216ae39a39efbdcc46e065678764e58cd94aed""}]"	"{""lemma_id"": ""lemma:b0ad49276ad97fd09533"", ""word"": ""arreglármela"", ""normalized"": ""arreglármela"", ""search_form"": ""arreglarmela"", ""rank"": 136952, ""frequency_score"": 0.44034637287278294, ""category_breakdown"": {""subtitles"": {""ipm_values"": [0.02245, 0.028449], ""category_ipm"": 0.0254495, ""category_score"": 0.44034637287278294}}, ""sources"": [{""id"": ""subtitles/hermit_2016_es_full_lemmatized_ipm6_spacy_lookup_cleaned_v8.json"", ""file"": ""hermit_2016_es_full_lemmatized_ipm6_spacy_lookup_cleaned_v8.json"", ""category"": ""subtitles"", ""ipm"": 0.02245}, {""id"": ""subtitles/hermit_2018_es_full_lemmatized_ipm6_spacy_lookup_cleaned_v8.json"", ""file"": ""hermit_2018_es_full_lemmatized_ipm6_spacy_lookup_cleaned_v8.json"", ""category"": ""subtitles"", ""ipm"": 0.028449}], ""corpus_quality"": {""status"": ""accepted"", ""reasons"": []}, ""components"": [{""surface"": ""arreglarmel"", ""canonical_candidate"": ""arreglarmel"", ""confidence"": 0.92, ""evidence"": [{""type"": ""morphological_parse"", ""source"": ""candidate_index"", ""path"": [""arreglarmela"", ""arreglarmel"", ""arreglarmel""], ""confidence"": 0.92}]}]}"
es	lemma:b109905bd80c060b1b17	irregular	accepted	accepted	regular	aggregate_only_not_sense_frequency	"[{""path"": ""associativvordes/family-index-v5/members/es/35.json.gz"", ""family_id"": ""surface:es:irregular"", ""record_sha256"": ""9e635c6b32a37e5f705ca0e0cb47af1924c2000b868b96d4d42ad2cfe6ce4450""}]"	"{""lemma_id"": ""lemma:b109905bd80c060b1b17"", ""word"": ""irregular"", ""normalized"": ""irregular"", ""search_form"": ""irregular"", ""rank"": 3571, ""frequency_score"": 34.38468220381242, ""category_breakdown"": {""subtitles"": {""ipm_values"": [3.816487, 3.764779], ""category_ipm"": 3.7906329999999997, ""category_score"": 27.451065080723993}, ""mixed"": {""ipm_values"": [22.324382], ""category_ipm"": 22.324382, ""category_score"": 55.18553357307772}}, ""sources"": [{""id"": ""mixed/es_wordlist.lemmatized_stanza_ipm6.json"", ""file"": ""es_wordlist.lemmatized_stanza_ipm6.json"", ""category"": ""mixed"", ""ipm"": 22.324382}, {""id"": ""subtitles/hermit_2016_es_full_lemmatized_ipm6_spacy_lookup_cleaned_v8.json"", ""file"": ""hermit_2016_es_full_lemmatized_ipm6_spacy_lookup_cleaned_v8.json"", ""category"": ""subtitles"", ""ipm"": 3.816487}, {""id"": ""subtitles/hermit_2018_es_full_lemmatized_ipm6_spacy_lookup_cleaned_v8.json"", ""file"": ""hermit_2018_es_full_lemmatized_ipm6_spacy_lookup_cleaned_v8.json"", ""category"": ""subtitles"", ""ipm"": 3.764779}], ""corpus_quality"": {""status"": ""accepted"", ""reasons"": []}, ""components"": [{""surface"": ""irregular"", ""canonical_candidate"": ""irregular"", ""confidence"": 0.92, ""evidence"": [{""type"": ""morphological_parse"", ""source"": ""candidate_index"", ""path"": [""irregular"", ""irregular"", ""irregular""], ""confidence"": 0.92}]}]}"
es	lemma:b15759c6f853e780c8a7	arreglártelaz	uncertain	not_admitted_candidate		aggregate_only_not_sense_frequency	"[{""path"": ""associativvordes/family-index-v5/members/es/14.json.gz"", ""family_id"": ""ety:a706e18d38ff"", ""record_sha256"": ""2270d5648cc610fa13543438a8d97630b9bbe6c5c7e76a03bb2a0deccfa31e33""}, {""path"": ""associativvordes/family-index-v5/members/es/26.json.gz"", ""family_id"": ""surface:es:arreglar"", ""record_sha256"": ""a70b1771fd12ecefe2c9b15d0109bfdce3ee58001efbd829558330d1d6bfc47d""}, {""path"": ""associativvordes/family-index-v5/members/es/84.json.gz"", ""family_id"": ""ety:f12f96fc9ccc"", ""record_sha256"": ""2270d5648cc610fa13543438a8d97630b9bbe6c5c7e76a03bb2a0deccfa31e33""}, {""path"": ""associativvordes/family-index-v5/members/es/c1.json.gz"", ""family_id"": ""surface:es:lart"", ""record_sha256"": ""d8ecb480b836635b4ea24fe191dea602007b5faffa8d83fda0b32fcb885750c4""}, {""path"": ""associativvordes/family-index-v5/members/es/de.json.gz"", ""family_id"": ""ety:f4118d31b1ec"", ""record_sha256"": ""2270d5648cc610fa13543438a8d97630b9bbe6c5c7e76a03bb2a0deccfa31e33""}]"	"{""lemma_id"": ""lemma:b15759c6f853e780c8a7"", ""word"": ""arreglártelaz"", ""normalized"": ""arreglártelaz"", ""search_form"": ""arreglartelaz"", ""rank"": 431939, ""frequency_score"": 0.04529710280721981, ""category_breakdown"": {""subtitles"": {""ipm_values"": [0.002806, 0.002371], ""category_ipm"": 0.0025884999999999997, ""category_score"": 0.04529710280721981}}, ""sources"": [{""id"": ""subtitles/hermit_2016_es_full_lemmatized_ipm6_spacy_lookup_cleaned_v8.json"", ""file"": ""hermit_2016_es_full_lemmatized_ipm6_spacy_lookup_cleaned_v8.json"", ""category"": ""subtitles"", ""ipm"": 0.002806}, {""id"": ""subtitles/hermit_2018_es_full_lemmatized_ipm6_spacy_lookup_cleaned_v8.json"", ""file"": ""hermit_2018_es_full_lemmatized_ipm6_spacy_lookup_cleaned_v8.json"", ""category"": ""subtitles"", ""ipm"": 0.002371}], ""corpus_quality"": {""status"": ""accepted"", ""reasons"": []}, ""components"": [{""surface"": ""laz"", ""canonical_candidate"": ""laz"", ""confidence"": 0.89, ""evidence"": [{""type"": ""compound_morphology"", ""source"": ""candidate_index"", ""path"": [""arreglartelaz"", ""laz"", ""laz""], ""confidence"": 0.89}]}]}"
es	lemma:b293d42b6de6d5d2c9be	pedregullo	excluded	not_admitted_candidate		aggregate_only_not_sense_frequency	"[{""path"": ""associativvordes/family-index-v5/members/es/c8.json.gz"", ""family_id"": ""surface:es:ullo"", ""record_sha256"": ""f2fe25231ccc0c4e5dcf72e7891afc1078e075de288c8989470b37db2ea1a2e5""}, {""path"": ""associativvordes/family-index-v5/members/es/d4.json.gz"", ""family_id"": ""surface:es:pedregull"", ""record_sha256"": ""dc5f5c825861478f47f0cf80168a51e86b5ee9105c8725bf3d6d667349ab2221""}]"	"{""lemma_id"": ""lemma:b293d42b6de6d5d2c9be"", ""word"": ""pedregullo"", ""normalized"": ""pedregullo"", ""search_form"": ""pedregullo"", ""rank"": 241997, ""frequency_score"": 0.159918488208521, ""category_breakdown"": {""subtitles"": {""ipm_values"": [0.011225, 0.007112], ""category_ipm"": 0.0091685, ""category_score"": 0.159918488208521}}, ""sources"": [{""id"": ""subtitles/hermit_2016_es_full_lemmatized_ipm6_spacy_lookup_cleaned_v8.json"", ""file"": ""hermit_2016_es_full_lemmatized_ipm6_spacy_lookup_cleaned_v8.json"", ""category"": ""subtitles"", ""ipm"": 0.011225}, {""id"": ""subtitles/hermit_2018_es_full_lemmatized_ipm6_spacy_lookup_cleaned_v8.json"", ""file"": ""hermit_2018_es_full_lemmatized_ipm6_spacy_lookup_cleaned_v8.json"", ""category"": ""subtitles"", ""ipm"": 0.007112}], ""corpus_quality"": {""status"": ""accepted"", ""reasons"": []}, ""components"": [{""surface"": ""ullo"", ""canonical_candidate"": ""ullo"", ""confidence"": 0.89, ""evidence"": [{""type"": ""compound_morphology"", ""source"": ""candidate_index"", ""path"": [""pedregullo"", ""ullo"", ""ullo""], ""confidence"": 0.89}]}]}"
es	lemma:b2d4365c244d0a4a203c	arregladla	uncertain	not_admitted_candidate		aggregate_only_not_sense_frequency	"[{""path"": ""associativvordes/family-index-v5/members/es/30.json.gz"", ""family_id"": ""surface:es:arregladl"", ""record_sha256"": ""4ed6a701ed90852230d46d967e3c9b47767196a1db5cf2365b55de82c56f2baa""}]"	"{""lemma_id"": ""lemma:b2d4365c244d0a4a203c"", ""word"": ""arregladla"", ""normalized"": ""arregladla"", ""search_form"": ""arregladla"", ""rank"": 338680, ""frequency_score"": 0.06600356668229963, ""category_breakdown"": {""subtitles"": {""ipm_values"": [0.002806, 0.004742], ""category_ipm"": 0.0037739999999999996, ""category_score"": 0.06600356668229963}}, ""sources"": [{""id"": ""subtitles/hermit_2016_es_full_lemmatized_ipm6_spacy_lookup_cleaned_v8.json"", ""file"": ""hermit_2016_es_full_lemmatized_ipm6_spacy_lookup_cleaned_v8.json"", ""category"": ""subtitles"", ""ipm"": 0.002806}, {""id"": ""subtitles/hermit_2018_es_full_lemmatized_ipm6_spacy_lookup_cleaned_v8.json"", ""file"": ""hermit_2018_es_full_lemmatized_ipm6_spacy_lookup_cleaned_v8.json"", ""category"": ""subtitles"", ""ipm"": 0.004742}], ""corpus_quality"": {""status"": ""accepted"", ""reasons"": []}, ""components"": [{""surface"": ""arregladl"", ""canonical_candidate"": ""arregladl"", ""confidence"": 0.92, ""evidence"": [{""type"": ""morphological_parse"", ""source"": ""candidate_index"", ""path"": [""arregladla"", ""arregladl"", ""arregladl""], ""confidence"": 0.92}]}]}"
es	lemma:b317fe211ac098d97e0a	deregulaciones	uncertain	withheld_historical_uncertain		aggregate_only_not_sense_frequency	"[{""path"": ""associativvordes/family-index-v5/members/es/40.json.gz"", ""family_id"": ""family:regul"", ""record_sha256"": ""94911fe222045ca9bd4755cdd18b49b7b8406fc1e3ffe8df0efe81dbd26209fa""}, {""path"": ""associativvordes/family-index-v5/members/es/cc.json.gz"", ""family_id"": ""surface:es:deregulacion"", ""record_sha256"": ""f63cc42d030ab99c420cfffe2443465025d534ca01d4a49a2313eec7f73a582b""}]"	"{""lemma_id"": ""lemma:b317fe211ac098d97e0a"", ""word"": ""deregulaciones"", ""normalized"": ""deregulaciones"", ""search_form"": ""deregulaciones"", ""rank"": 542107, ""frequency_score"": 0.041495494299664135, ""category_breakdown"": {""subtitles"": {""ipm_values"": [0.002371], ""category_ipm"": 0.002371, ""category_score"": 0.041495494299664135}}, ""sources"": [{""id"": ""subtitles/hermit_2018_es_full_lemmatized_ipm6_spacy_lookup_cleaned_v8.json"", ""file"": ""hermit_2018_es_full_lemmatized_ipm6_spacy_lookup_cleaned_v8.json"", ""category"": ""subtitles"", ""ipm"": 0.002371}], ""corpus_quality"": {""status"": ""accepted"", ""reasons"": []}, ""components"": [{""surface"": ""regul"", ""canonical_candidate"": ""regul"", ""confidence"": 1, ""evidence"": [{""type"": ""compound_morphology"", ""source"": ""manually_verified"", ""path"": [""deregulaciones"", ""regul"", ""regul""], ""confidence"": 1}, {""type"": ""verified_seed_alias"", ""source"": ""methodology_control_seed"", ""path"": [""es"", ""regul"", ""family:regul""], ""confidence"": 1}]}]}"
es	lemma:b33ffa4f250590de2460	regler	uncertain	not_admitted_candidate		aggregate_only_not_sense_frequency	"[{""path"": ""associativvordes/family-index-v5/members/es/ad.json.gz"", ""family_id"": ""surface:es:regler"", ""record_sha256"": ""0e60996049aa9492bd4287d46ff7d6522f6a659bad5a162060cf07cc5cac9d04""}]"	"{""lemma_id"": ""lemma:b33ffa4f250590de2460"", ""word"": ""regler"", ""normalized"": ""regler"", ""search_form"": ""regler"", ""rank"": 244583, ""frequency_score"": 0.19558877765264499, ""category_breakdown"": {""subtitles"": {""ipm_values"": [0.011225], ""category_ipm"": 0.011225, ""category_score"": 0.19558877765264499}}, ""sources"": [{""id"": ""subtitles/hermit_2016_es_full_lemmatized_ipm6_spacy_lookup_cleaned_v8.json"", ""file"": ""hermit_2016_es_full_lemmatized_ipm6_spacy_lookup_cleaned_v8.json"", ""category"": ""subtitles"", ""ipm"": 0.011225}], ""corpus_quality"": {""status"": ""accepted"", ""reasons"": []}, ""components"": [{""surface"": ""regler"", ""canonical_candidate"": ""regler"", ""confidence"": 0.92, ""evidence"": [{""type"": ""morphological_parse"", ""source"": ""candidate_index"", ""path"": [""regler"", ""regler"", ""regler""], ""confidence"": 0.92}]}]}"
es	lemma:b355c630be69fb0aa427	arréglenme	uncertain	not_admitted_candidate		aggregate_only_not_sense_frequency	"[{""path"": ""associativvordes/family-index-v5/members/es/b1.json.gz"", ""family_id"": ""surface:es:arregl"", ""record_sha256"": ""25c199863c7f91e8e8b353650cff1dc89ea380f18fee149f8a6be3db7369e9e8""}]"	"{""lemma_id"": ""lemma:b355c630be69fb0aa427"", ""word"": ""arréglenme"", ""normalized"": ""arréglenme"", ""search_form"": ""arreglenme"", ""rank"": 338883, ""frequency_score"": 0.06600356668229963, ""category_breakdown"": {""subtitles"": {""ipm_values"": [0.002806, 0.004742], ""category_ipm"": 0.0037739999999999996, ""category_score"": 0.06600356668229963}}, ""sources"": [{""id"": ""subtitles/hermit_2016_es_full_lemmatized_ipm6_spacy_lookup_cleaned_v8.json"", ""file"": ""hermit_2016_es_full_lemmatized_ipm6_spacy_lookup_cleaned_v8.json"", ""category"": ""subtitles"", ""ipm"": 0.002806}, {""id"": ""subtitles/hermit_2018_es_full_lemmatized_ipm6_spacy_lookup_cleaned_v8.json"", ""file"": ""hermit_2018_es_full_lemmatized_ipm6_spacy_lookup_cleaned_v8.json"", ""category"": ""subtitles"", ""ipm"": 0.004742}], ""corpus_quality"": {""status"": ""accepted"", ""reasons"": []}, ""components"": [{""surface"": ""arregl"", ""canonical_candidate"": ""arregl"", ""confidence"": 0.81, ""evidence"": [{""type"": ""compound_morphology"", ""source"": ""candidate_index"", ""path"": [""arreglenme"", ""arregl"", ""arregl""], ""confidence"": 0.81}]}]}"
es	lemma:b40a9a7e7a91a77e0970	arreglárlo	uncertain	not_admitted_candidate		aggregate_only_not_sense_frequency	"[{""path"": ""associativvordes/family-index-v5/members/es/7e.json.gz"", ""family_id"": ""surface:es:arreglarl"", ""record_sha256"": ""67581f39b7286d3aecd152be6dc52f5d22e262bc68046171dd1f50b751b91447""}]"	"{""lemma_id"": ""lemma:b40a9a7e7a91a77e0970"", ""word"": ""arreglárlo"", ""normalized"": ""arreglárlo"", ""search_form"": ""arreglarlo"", ""rank"": 338698, ""frequency_score"": 0.08289295136015089, ""category_breakdown"": {""subtitles"": {""ipm_values"": [0.004742], ""category_ipm"": 0.004742, ""category_score"": 0.08289295136015089}}, ""sources"": [{""id"": ""subtitles/hermit_2018_es_full_lemmatized_ipm6_spacy_lookup_cleaned_v8.json"", ""file"": ""hermit_2018_es_full_lemmatized_ipm6_spacy_lookup_cleaned_v8.json"", ""category"": ""subtitles"", ""ipm"": 0.004742}], ""corpus_quality"": {""status"": ""accepted"", ""reasons"": []}, ""components"": [{""surface"": ""arreglarl"", ""canonical_candidate"": ""arreglarl"", ""confidence"": 0.92, ""evidence"": [{""type"": ""morphological_parse"", ""source"": ""candidate_index"", ""path"": [""arreglarlo"", ""arreglarl"", ""arreglarl""], ""confidence"": 0.92}]}]}"
es	lemma:b41308fddf30f71e8615	regulín	uncertain	not_admitted_candidate		aggregate_only_not_sense_frequency	"[{""path"": ""associativvordes/family-index-v5/members/es/23.json.gz"", ""family_id"": ""surface:es:gulin"", ""record_sha256"": ""735cf8fab96786a169cac860e3aeedeaac03a158249850b1214239a62551a3ac""}, {""path"": ""associativvordes/family-index-v5/members/es/b2.json.gz"", ""family_id"": ""surface:es:reg"", ""record_sha256"": ""2c56202e157e547704692db5f895a740f295cd7c73b950b398a283453e7f0fc7""}]"	"{""lemma_id"": ""lemma:b41308fddf30f71e8615"", ""word"": ""regulín"", ""normalized"": ""regulín"", ""search_form"": ""regulin"", ""rank"": 318805, ""frequency_score"": 0.11112187447585387, ""category_breakdown"": {""subtitles"": {""ipm_values"": [0.005612, 0.007112], ""category_ipm"": 0.006362, ""category_score"": 0.11112187447585387}}, ""sources"": [{""id"": ""subtitles/hermit_2016_es_full_lemmatized_ipm6_spacy_lookup_cleaned_v8.json"", ""file"": ""hermit_2016_es_full_lemmatized_ipm6_spacy_lookup_cleaned_v8.json"", ""category"": ""subtitles"", ""ipm"": 0.005612}, {""id"": ""subtitles/hermit_2018_es_full_lemmatized_ipm6_spacy_lookup_cleaned_v8.json"", ""file"": ""hermit_2018_es_full_lemmatized_ipm6_spacy_lookup_cleaned_v8.json"", ""category"": ""subtitles"", ""ipm"": 0.007112}], ""corpus_quality"": {""status"": ""accepted"", ""reasons"": []}, ""components"": [{""surface"": ""gulin"", ""canonical_candidate"": ""gulin"", ""confidence"": 0.92, ""evidence"": [{""type"": ""morphological_parse"", ""source"": ""candidate_index"", ""path"": [""regulin"", ""gulin"", ""gulin""], ""confidence"": 0.92}]}]}"
es	lemma:b41478c948a2aa4e9b06	arreglado	uncertain	not_admitted_candidate		aggregate_only_not_sense_frequency	"[{""path"": ""associativvordes/family-index-v5/members/es/02.json.gz"", ""family_id"": ""surface:es:lado"", ""record_sha256"": ""18b010d19b6ab8577ea23da4bf79426d44165c5698da9301983388debed7ae78""}, {""path"": ""associativvordes/family-index-v5/members/es/7c.json.gz"", ""family_id"": ""surface:es:arreglad"", ""record_sha256"": ""e3e0e0ea6ed98bbe6a5c5452b0aa2c7ce99eb966ec46988cd8dd1664da76d5dd""}]"	"{""lemma_id"": ""lemma:b41478c948a2aa4e9b06"", ""word"": ""arreglado"", ""normalized"": ""arreglado"", ""search_form"": ""arreglado"", ""rank"": 21719, ""frequency_score"": 11.643212677175757, ""category_breakdown"": {""mixed"": {""ipm_values"": [0.943501], ""category_ipm"": 0.943501, ""category_score"": 11.643212677175757}}, ""sources"": [{""id"": ""mixed/es_wordlist.lemmatized_stanza_ipm6.json"", ""file"": ""es_wordlist.lemmatized_stanza_ipm6.json"", ""category"": ""mixed"", ""ipm"": 0.943501}], ""corpus_quality"": {""status"": ""accepted"", ""reasons"": []}, ""components"": [{""surface"": ""lado"", ""canonical_candidate"": ""lado"", ""confidence"": 0.89, ""evidence"": [{""type"": ""compound_morphology"", ""source"": ""candidate_index"", ""path"": [""arreglado"", ""lado"", ""lado""], ""confidence"": 0.89}]}]}"
es	lemma:b44000afa99e7986f8bf	arreglarian	uncertain	not_admitted_candidate		aggregate_only_not_sense_frequency	"[{""path"": ""associativvordes/family-index-v5/members/es/26.json.gz"", ""family_id"": ""surface:es:arreglar"", ""record_sha256"": ""d5a267ec2351d1a0fd5e482dde6b10c615b7bec5badbecbbb52a19c93b7edd00""}, {""path"": ""associativvordes/family-index-v5/members/es/31.json.gz"", ""family_id"": ""surface:es:arian"", ""record_sha256"": ""b7b30d62aad90afe62faaf72bb2ed76018a2de0bd9c57a9b8d7d73ffacadaa45""}]"	"{""lemma_id"": ""lemma:b44000afa99e7986f8bf"", ""word"": ""arreglarian"", ""normalized"": ""arreglarian"", ""search_form"": ""arreglarian"", ""rank"": 255636, ""frequency_score"": 0.11492581576953789, ""category_breakdown"": {""subtitles"": {""ipm_values"": [0.008419, 0.004742], ""category_ipm"": 0.0065804999999999995, ""category_score"": 0.11492581576953789}}, ""sources"": [{""id"": ""subtitles/hermit_2016_es_full_lemmatized_ipm6_spacy_lookup_cleaned_v8.json"", ""file"": ""hermit_2016_es_full_lemmatized_ipm6_spacy_lookup_cleaned_v8.json"", ""category"": ""subtitles"", ""ipm"": 0.008419}, {""id"": ""subtitles/hermit_2018_es_full_lemmatized_ipm6_spacy_lookup_cleaned_v8.json"", ""file"": ""hermit_2018_es_full_lemmatized_ipm6_spacy_lookup_cleaned_v8.json"", ""category"": ""subtitles"", ""ipm"": 0.004742}], ""corpus_quality"": {""status"": ""accepted"", ""reasons"": []}, ""components"": [{""surface"": ""arreglar"", ""canonical_candidate"": ""arreglar"", ""confidence"": 0.81, ""evidence"": [{""type"": ""compound_morphology"", ""source"": ""candidate_index"", ""path"": [""arreglarian"", ""arreglar"", ""arreglar""], ""confidence"": 0.81}]}]}"
es	lemma:b48dca293c63c82dd850	desregulador	accepted	accepted	regular	aggregate_only_not_sense_frequency	"[{""path"": ""associativvordes/family-index-v5/members/es/40.json.gz"", ""family_id"": ""family:regul"", ""record_sha256"": ""1f9f1e3343c20f0c010735523d13ce63f08dec3cda7be924a94c3d822433496b""}, {""path"": ""associativvordes/family-index-v5/members/es/50.json.gz"", ""family_id"": ""surface:es:lador"", ""record_sha256"": ""c40dbfd665e008f0c800fb631bddcd01f4855441450a8babad4ace2dbf34dccc""}, {""path"": ""associativvordes/family-index-v5/members/es/86.json.gz"", ""family_id"": ""surface:es:desregula"", ""record_sha256"": ""114e60b642b9cb653332918598d9a7a246b3598ffb6e8db5469168f85f5909db""}]"	"{""lemma_id"": ""lemma:b48dca293c63c82dd850"", ""word"": ""desregulador"", ""normalized"": ""desregulador"", ""search_form"": ""desregulador"", ""rank"": 548083, ""frequency_score"": 0.041495494299664135, ""category_breakdown"": {""subtitles"": {""ipm_values"": [0.002371], ""category_ipm"": 0.002371, ""category_score"": 0.041495494299664135}}, ""sources"": [{""id"": ""subtitles/hermit_2018_es_full_lemmatized_ipm6_spacy_lookup_cleaned_v8.json"", ""file"": ""hermit_2018_es_full_lemmatized_ipm6_spacy_lookup_cleaned_v8.json"", ""category"": ""subtitles"", ""ipm"": 0.002371}], ""corpus_quality"": {""status"": ""accepted"", ""reasons"": []}, ""components"": [{""surface"": ""regul"", ""canonical_candidate"": ""regul"", ""confidence"": 0.97, ""evidence"": [{""type"": ""compound_morphology"", ""source"": ""manually_verified"", ""path"": [""desregulador"", ""regul"", ""regul""], ""confidence"": 0.97}, {""type"": ""verified_seed_alias"", ""source"": ""methodology_control_seed"", ""path"": [""es"", ""regul"", ""family:regul""], ""confidence"": 1}]}]}"
es	lemma:b5412840a40e952f188f	reglamentanciona	uncertain	not_admitted_candidate		aggregate_only_not_sense_frequency	"[{""path"": ""associativvordes/family-index-v5/members/es/c0.json.gz"", ""family_id"": ""surface:es:ona"", ""record_sha256"": ""47e554b88f5e185c4e81e16ccf5075d93e128d646e47793e40683ceb6898c954""}, {""path"": ""associativvordes/family-index-v5/members/es/c7.json.gz"", ""family_id"": ""surface:es:reglamentancion"", ""record_sha256"": ""8e66e622b2ed66f8ae93ca9f99825de3d9bbffffdff18b71734f5241958216d8""}]"	"{""lemma_id"": ""lemma:b5412840a40e952f188f"", ""word"": ""reglamentanciona"", ""normalized"": ""reglamentanciona"", ""search_form"": ""reglamentanciona"", ""rank"": 755067, ""frequency_score"": 0.041495494299664135, ""category_breakdown"": {""subtitles"": {""ipm_values"": [0.002371], ""category_ipm"": 0.002371, ""category_score"": 0.041495494299664135}}, ""sources"": [{""id"": ""subtitles/hermit_2018_es_full_lemmatized_ipm6_spacy_lookup_cleaned_v8.json"", ""file"": ""hermit_2018_es_full_lemmatized_ipm6_spacy_lookup_cleaned_v8.json"", ""category"": ""subtitles"", ""ipm"": 0.002371}], ""corpus_quality"": {""status"": ""accepted"", ""reasons"": []}, ""components"": [{""surface"": ""ona"", ""canonical_candidate"": ""ona"", ""confidence"": 0.89, ""evidence"": [{""type"": ""compound_morphology"", ""source"": ""candidate_index"", ""path"": [""reglamentanciona"", ""ona"", ""ona""], ""confidence"": 0.89}]}]}"
es	lemma:b55150a45c5e4f3c7ccc	regularísimo	accepted	accepted	regular	aggregate_only_not_sense_frequency	"[{""path"": ""associativvordes/family-index-v5/members/es/40.json.gz"", ""family_id"": ""family:regul"", ""record_sha256"": ""09de846f4ac08ab5df2dbd190738375cdbc19fe06c04df19349a0f558b1f6ccb""}, {""path"": ""associativvordes/family-index-v5/members/es/b0.json.gz"", ""family_id"": ""surface:es:simo"", ""record_sha256"": ""e6d5c449cb00d3eda820cb225af2cf61b32b9e88537af1660a4c2bedfbf303c0""}, {""path"": ""associativvordes/family-index-v5/members/es/f6.json.gz"", ""family_id"": ""surface:es:regularisim"", ""record_sha256"": ""826cfe2a1b6aee75d56f02b78b16ee832cfc3eb05d06e70a81b6da7b65e12105""}]"	"{""lemma_id"": ""lemma:b55150a45c5e4f3c7ccc"", ""word"": ""regularísimo"", ""normalized"": ""regularísimo"", ""search_form"": ""regularisimo"", ""rank"": 692065, ""frequency_score"": 0.04529710280721981, ""category_breakdown"": {""subtitles"": {""ipm_values"": [0.002806, 0.002371], ""category_ipm"": 0.0025884999999999997, ""category_score"": 0.04529710280721981}}, ""sources"": [{""id"": ""subtitles/hermit_2016_es_full_lemmatized_ipm6_spacy_lookup_cleaned_v8.json"", ""file"": ""hermit_2016_es_full_lemmatized_ipm6_spacy_lookup_cleaned_v8.json"", ""category"": ""subtitles"", ""ipm"": 0.002806}, {""id"": ""subtitles/hermit_2018_es_full_lemmatized_ipm6_spacy_lookup_cleaned_v8.json"", ""file"": ""hermit_2018_es_full_lemmatized_ipm6_spacy_lookup_cleaned_v8.json"", ""category"": ""subtitles"", ""ipm"": 0.002371}], ""corpus_quality"": {""status"": ""accepted"", ""reasons"": []}, ""components"": [{""surface"": ""regul"", ""canonical_candidate"": ""regul"", ""confidence"": 0.97, ""evidence"": [{""type"": ""compound_morphology"", ""source"": ""manually_verified"", ""path"": [""regularisimo"", ""regul"", ""regul""], ""confidence"": 0.97}, {""type"": ""verified_seed_alias"", ""source"": ""methodology_control_seed"", ""path"": [""es"", ""regul"", ""family:regul""], ""confidence"": 1}]}]}"
es	lemma:b56ff2b143d05697cf96	zrreglo	uncertain	not_admitted_candidate		aggregate_only_not_sense_frequency	"[{""path"": ""associativvordes/family-index-v5/members/es/74.json.gz"", ""family_id"": ""surface:es:glo"", ""record_sha256"": ""3ad1a219a51160faf960b20a4f0c113f7723ad77da3ffc5721af9e22f04a4995""}, {""path"": ""associativvordes/family-index-v5/members/es/86.json.gz"", ""family_id"": ""surface:es:zrregl"", ""record_sha256"": ""bd0407e79542aed625896fecef7ef2bc1acb5f1d7ef471ecf49deed851ff9fa8""}]"	"{""lemma_id"": ""lemma:b56ff2b143d05697cf96"", ""word"": ""zrreglo"", ""normalized"": ""zrreglo"", ""search_form"": ""zrreglo"", ""rank"": 775964, ""frequency_score"": 0.04909788668913623, ""category_breakdown"": {""subtitles"": {""ipm_values"": [0.002806], ""category_ipm"": 0.002806, ""category_score"": 0.04909788668913623}}, ""sources"": [{""id"": ""subtitles/hermit_2016_es_full_lemmatized_ipm6_spacy_lookup_cleaned_v8.json"", ""file"": ""hermit_2016_es_full_lemmatized_ipm6_spacy_lookup_cleaned_v8.json"", ""category"": ""subtitles"", ""ipm"": 0.002806}], ""corpus_quality"": {""status"": ""accepted"", ""reasons"": []}, ""components"": [{""surface"": ""glo"", ""canonical_candidate"": ""glo"", ""confidence"": 0.89, ""evidence"": [{""type"": ""compound_morphology"", ""source"": ""candidate_index"", ""path"": [""zrreglo"", ""glo"", ""glo""], ""confidence"": 0.89}]}]}"
es	lemma:b693ef0ee15c0e5dc7bb	arreglándolos	uncertain	not_admitted_candidate		aggregate_only_not_sense_frequency	"[{""path"": ""associativvordes/family-index-v5/members/es/01.json.gz"", ""family_id"": ""surface:es:dolos"", ""record_sha256"": ""3f7371d22d7cefadd2a815b84fb7378acbb3440a6e46bce7da4ed8c8d237a8f0""}, {""path"": ""associativvordes/family-index-v5/members/es/59.json.gz"", ""family_id"": ""surface:es:arreglandol"", ""record_sha256"": ""e40c6fdcf343e1b435e5068fa59afc18671db0b56296a68d497538f5b2a85702""}]"	"{""lemma_id"": ""lemma:b693ef0ee15c0e5dc7bb"", ""word"": ""arreglándolos"", ""normalized"": ""arreglándolos"", ""search_form"": ""arreglandolos"", ""rank"": 136951, ""frequency_score"": 0.44034637287278294, ""category_breakdown"": {""subtitles"": {""ipm_values"": [0.02245, 0.028449], ""category_ipm"": 0.0254495, ""category_score"": 0.44034637287278294}}, ""sources"": [{""id"": ""subtitles/hermit_2016_es_full_lemmatized_ipm6_spacy_lookup_cleaned_v8.json"", ""file"": ""hermit_2016_es_full_lemmatized_ipm6_spacy_lookup_cleaned_v8.json"", ""category"": ""subtitles"", ""ipm"": 0.02245}, {""id"": ""subtitles/hermit_2018_es_full_lemmatized_ipm6_spacy_lookup_cleaned_v8.json"", ""file"": ""hermit_2018_es_full_lemmatized_ipm6_spacy_lookup_cleaned_v8.json"", ""category"": ""subtitles"", ""ipm"": 0.028449}], ""corpus_quality"": {""status"": ""accepted"", ""reasons"": []}, ""components"": [{""surface"": ""dolos"", ""canonical_candidate"": ""dolos"", ""confidence"": 0.89, ""evidence"": [{""type"": ""compound_morphology"", ""source"": ""candidate_index"", ""path"": [""arreglandolos"", ""dolos"", ""dolos""], ""confidence"": 0.89}]}]}"
es	lemma:b71ca04fe9e3313d4064	areglo	uncertain	not_admitted_candidate		aggregate_only_not_sense_frequency	"[{""path"": ""associativvordes/family-index-v5/members/es/21.json.gz"", ""family_id"": ""surface:es:aregl"", ""record_sha256"": ""7c990b11ed40edb7df797d5dbb3c343b7bde236a302f22f8bfed61002e46c8d8""}, {""path"": ""associativvordes/family-index-v5/members/es/74.json.gz"", ""family_id"": ""surface:es:glo"", ""record_sha256"": ""6c0ffb749209c8b56c7c1078f8cea8a546ad91523dee9446fd910a8035e1e533""}]"	"{""lemma_id"": ""lemma:b71ca04fe9e3313d4064"", ""word"": ""areglo"", ""normalized"": ""areglo"", ""search_form"": ""areglo"", ""rank"": 430699, ""frequency_score"": 0.04529710280721981, ""category_breakdown"": {""subtitles"": {""ipm_values"": [0.002806, 0.002371], ""category_ipm"": 0.0025884999999999997, ""category_score"": 0.04529710280721981}}, ""sources"": [{""id"": ""subtitles/hermit_2016_es_full_lemmatized_ipm6_spacy_lookup_cleaned_v8.json"", ""file"": ""hermit_2016_es_full_lemmatized_ipm6_spacy_lookup_cleaned_v8.json"", ""category"": ""subtitles"", ""ipm"": 0.002806}, {""id"": ""subtitles/hermit_2018_es_full_lemmatized_ipm6_spacy_lookup_cleaned_v8.json"", ""file"": ""hermit_2018_es_full_lemmatized_ipm6_spacy_lookup_cleaned_v8.json"", ""category"": ""subtitles"", ""ipm"": 0.002371}], ""corpus_quality"": {""status"": ""accepted"", ""reasons"": []}, ""components"": [{""surface"": ""aregl"", ""canonical_candidate"": ""aregl"", ""confidence"": 0.92, ""evidence"": [{""type"": ""morphological_parse"", ""source"": ""candidate_index"", ""path"": [""areglo"", ""aregl"", ""aregl""], ""confidence"": 0.92}]}]}"
es	lemma:b7397c75c4a41424dfbe	regulabre	uncertain	withheld_historical_uncertain		aggregate_only_not_sense_frequency	"[{""path"": ""associativvordes/family-index-v5/members/es/40.json.gz"", ""family_id"": ""family:regul"", ""record_sha256"": ""20cc28c0122a6fd95279a4ddb862c843da8651bad64f77cd6b7df5a18531108f""}, {""path"": ""associativvordes/family-index-v5/members/es/56.json.gz"", ""family_id"": ""surface:es:labre"", ""record_sha256"": ""4f2b2cff63177a7aeba1f0a7f2b58e7d2af2b1547635d7d44d16fe3933e8aa77""}, {""path"": ""associativvordes/family-index-v5/members/es/5e.json.gz"", ""family_id"": ""surface:es:regula"", ""record_sha256"": ""0f2f6b7458235387cb86bd176f82733fa97e74a1aa3b848b742e4d2de9d6e7da""}]"	"{""lemma_id"": ""lemma:b7397c75c4a41424dfbe"", ""word"": ""regulabre"", ""normalized"": ""regulabre"", ""search_form"": ""regulabre"", ""rank"": 692047, ""frequency_score"": 0.04909788668913623, ""category_breakdown"": {""subtitles"": {""ipm_values"": [0.002806], ""category_ipm"": 0.002806, ""category_score"": 0.04909788668913623}}, ""sources"": [{""id"": ""subtitles/hermit_2016_es_full_lemmatized_ipm6_spacy_lookup_cleaned_v8.json"", ""file"": ""hermit_2016_es_full_lemmatized_ipm6_spacy_lookup_cleaned_v8.json"", ""category"": ""subtitles"", ""ipm"": 0.002806}], ""corpus_quality"": {""status"": ""accepted"", ""reasons"": []}, ""components"": [{""surface"": ""regul"", ""canonical_candidate"": ""regul"", ""confidence"": 0.97, ""evidence"": [{""type"": ""compound_morphology"", ""source"": ""manually_verified"", ""path"": [""regulabre"", ""regul"", ""regul""], ""confidence"": 0.97}, {""type"": ""verified_seed_alias"", ""source"": ""methodology_control_seed"", ""path"": [""es"", ""regul"", ""family:regul""], ""confidence"": 1}]}]}"
es	lemma:b83adef02c2653c89621	reguleras	uncertain	withheld_historical_uncertain		aggregate_only_not_sense_frequency	"[{""path"": ""associativvordes/family-index-v5/members/es/08.json.gz"", ""family_id"": ""surface:es:reguler"", ""record_sha256"": ""0e1539582b7a3d0395759b3efccb399cdca028dc2b4d11a44697ad4cb77629f2""}, {""path"": ""associativvordes/family-index-v5/members/es/40.json.gz"", ""family_id"": ""family:regul"", ""record_sha256"": ""65a6deb92cc49a2bb6f78c6a39ac95c92e03d42ec813ecf1e299fffc839ad6ec""}]"	"{""lemma_id"": ""lemma:b83adef02c2653c89621"", ""word"": ""reguleras"", ""normalized"": ""reguleras"", ""search_form"": ""reguleras"", ""rank"": 692072, ""frequency_score"": 0.04529710280721981, ""category_breakdown"": {""subtitles"": {""ipm_values"": [0.002806, 0.002371], ""category_ipm"": 0.0025884999999999997, ""category_score"": 0.04529710280721981}}, ""sources"": [{""id"": ""subtitles/hermit_2016_es_full_lemmatized_ipm6_spacy_lookup_cleaned_v8.json"", ""file"": ""hermit_2016_es_full_lemmatized_ipm6_spacy_lookup_cleaned_v8.json"", ""category"": ""subtitles"", ""ipm"": 0.002806}, {""id"": ""subtitles/hermit_2018_es_full_lemmatized_ipm6_spacy_lookup_cleaned_v8.json"", ""file"": ""hermit_2018_es_full_lemmatized_ipm6_spacy_lookup_cleaned_v8.json"", ""category"": ""subtitles"", ""ipm"": 0.002371}], ""corpus_quality"": {""status"": ""accepted"", ""reasons"": []}, ""components"": [{""surface"": ""reguler"", ""canonical_candidate"": ""reguler"", ""confidence"": 0.92, ""evidence"": [{""type"": ""morphological_parse"", ""source"": ""candidate_index"", ""path"": [""reguleras"", ""reguler"", ""reguler""], ""confidence"": 0.92}]}]}"
es	lemma:b89b01cb0fdcf6f51e0f	arreglaremo	uncertain	not_admitted_candidate		aggregate_only_not_sense_frequency	"[{""path"": ""associativvordes/family-index-v5/members/es/14.json.gz"", ""family_id"": ""ety:9cdce3f84fd6"", ""record_sha256"": ""5c719b2265a45fec57218867b71c11b645fe1f0ab2836789d1abd68cac199e39""}, {""path"": ""associativvordes/family-index-v5/members/es/7c.json.gz"", ""family_id"": ""surface:es:arreglarem"", ""record_sha256"": ""1dd1ddbe736f258faf6f36c768e6ccc7d67b41f5696c81d116cabfadeee94b14""}]"	"{""lemma_id"": ""lemma:b89b01cb0fdcf6f51e0f"", ""word"": ""arreglaremo"", ""normalized"": ""arreglaremo"", ""search_form"": ""arreglaremo"", ""rank"": 431901, ""frequency_score"": 0.04529710280721981, ""category_breakdown"": {""subtitles"": {""ipm_values"": [0.002806, 0.002371], ""category_ipm"": 0.0025884999999999997, ""category_score"": 0.04529710280721981}}, ""sources"": [{""id"": ""subtitles/hermit_2016_es_full_lemmatized_ipm6_spacy_lookup_cleaned_v8.json"", ""file"": ""hermit_2016_es_full_lemmatized_ipm6_spacy_lookup_cleaned_v8.json"", ""category"": ""subtitles"", ""ipm"": 0.002806}, {""id"": ""subtitles/hermit_2018_es_full_lemmatized_ipm6_spacy_lookup_cleaned_v8.json"", ""file"": ""hermit_2018_es_full_lemmatized_ipm6_spacy_lookup_cleaned_v8.json"", ""category"": ""subtitles"", ""ipm"": 0.002371}], ""corpus_quality"": {""status"": ""accepted"", ""reasons"": []}, ""components"": [{""surface"": ""remo"", ""canonical_candidate"": ""remo"", ""confidence"": 0.89, ""evidence"": [{""type"": ""compound_morphology"", ""source"": ""candidate_index"", ""path"": [""arreglaremo"", ""remo"", ""remo""], ""confidence"": 0.89}]}]}"
es	lemma:b8eb16d3e63e331b833e	regulanas	uncertain	withheld_historical_uncertain		aggregate_only_not_sense_frequency	"[{""path"": ""associativvordes/family-index-v5/members/es/40.json.gz"", ""family_id"": ""family:regul"", ""record_sha256"": ""f288387e60a0c6ca7fb861c190fd02d013016b40b9409fa877cc81677abfdf30""}, {""path"": ""associativvordes/family-index-v5/members/es/5b.json.gz"", ""family_id"": ""surface:es:anas"", ""record_sha256"": ""1ffb1213c2293a64e78efc1460ceb16a6d0420adc66207a5c50d7463a834da5b""}, {""path"": ""associativvordes/family-index-v5/members/es/90.json.gz"", ""family_id"": ""surface:es:regulan"", ""record_sha256"": ""8d2c10c7264dec8266f07a9262a9c7109361a429196d258685d651091509802a""}]"	"{""lemma_id"": ""lemma:b8eb16d3e63e331b833e"", ""word"": ""regulanas"", ""normalized"": ""regulanas"", ""search_form"": ""regulanas"", ""rank"": 384577, ""frequency_score"": 0.06979986216223158, ""category_breakdown"": {""subtitles"": {""ipm_values"": [0.005612, 0.002371], ""category_ipm"": 0.0039915, ""category_score"": 0.06979986216223158}}, ""sources"": [{""id"": ""subtitles/hermit_2016_es_full_lemmatized_ipm6_spacy_lookup_cleaned_v8.json"", ""file"": ""hermit_2016_es_full_lemmatized_ipm6_spacy_lookup_cleaned_v8.json"", ""category"": ""subtitles"", ""ipm"": 0.005612}, {""id"": ""subtitles/hermit_2018_es_full_lemmatized_ipm6_spacy_lookup_cleaned_v8.json"", ""file"": ""hermit_2018_es_full_lemmatized_ipm6_spacy_lookup_cleaned_v8.json"", ""category"": ""subtitles"", ""ipm"": 0.002371}], ""corpus_quality"": {""status"": ""accepted"", ""reasons"": []}, ""components"": [{""surface"": ""regul"", ""canonical_candidate"": ""regul"", ""confidence"": 0.97, ""evidence"": [{""type"": ""compound_morphology"", ""source"": ""manually_verified"", ""path"": [""regulanas"", ""regul"", ""regul""], ""confidence"": 0.97}, {""type"": ""verified_seed_alias"", ""source"": ""methodology_control_seed"", ""path"": [""es"", ""regul"", ""family:regul""], ""confidence"": 1}]}]}"
es	lemma:b9722ebef9eaf816ef2f	irregulars	uncertain	not_admitted_candidate		aggregate_only_not_sense_frequency	"[{""path"": ""associativvordes/family-index-v5/members/es/46.json.gz"", ""family_id"": ""surface:es:irregul"", ""record_sha256"": ""7d767789607ca7dad5691a8e8e4cb060e95a85119c6964e1a7af7464eb2ab869""}, {""path"": ""associativvordes/family-index-v5/members/es/54.json.gz"", ""family_id"": ""surface:es:lars"", ""record_sha256"": ""d5b9394ce3a2c192d4274d1f74a44bae8fe0339923495e6d94ef2d0e10091df6""}]"	"{""lemma_id"": ""lemma:b9722ebef9eaf816ef2f"", ""word"": ""irregulars"", ""normalized"": ""irregulars"", ""search_form"": ""irregulars"", ""rank"": 187543, ""frequency_score"": 0.2700425905844662, ""category_breakdown"": {""subtitles"": {""ipm_values"": [0.016837, 0.014225], ""category_ipm"": 0.015531, ""category_score"": 0.2700425905844662}}, ""sources"": [{""id"": ""subtitles/hermit_2016_es_full_lemmatized_ipm6_spacy_lookup_cleaned_v8.json"", ""file"": ""hermit_2016_es_full_lemmatized_ipm6_spacy_lookup_cleaned_v8.json"", ""category"": ""subtitles"", ""ipm"": 0.016837}, {""id"": ""subtitles/hermit_2018_es_full_lemmatized_ipm6_spacy_lookup_cleaned_v8.json"", ""file"": ""hermit_2018_es_full_lemmatized_ipm6_spacy_lookup_cleaned_v8.json"", ""category"": ""subtitles"", ""ipm"": 0.014225}], ""corpus_quality"": {""status"": ""accepted"", ""reasons"": []}, ""components"": [{""surface"": ""irregul"", ""canonical_candidate"": ""irregul"", ""confidence"": 0.81, ""evidence"": [{""type"": ""compound_morphology"", ""source"": ""candidate_index"", ""path"": [""irregulars"", ""irregul"", ""irregul""], ""confidence"": 0.81}]}]}"
es	lemma:ba6a0321c023e1100d7b	regularícese	accepted	accepted	regular	aggregate_only_not_sense_frequency	"[{""path"": ""associativvordes/family-index-v5/members/es/40.json.gz"", ""family_id"": ""family:regul"", ""record_sha256"": ""ff6ca7661ada85398c9624d9076909b4be89ad02b966ae5474664996f1b1880e""}, {""path"": ""associativvordes/family-index-v5/members/es/44.json.gz"", ""family_id"": ""surface:es:regular"", ""record_sha256"": ""c9e1213c1459e7a5c32de79aa0771f5d6bd1c890f08e1ce1a2e86c2679c151df""}, {""path"": ""associativvordes/family-index-v5/members/es/9f.json.gz"", ""family_id"": ""surface:es:aric"", ""record_sha256"": ""5b0b41f08420525201aa4edd47c844daca2a5a67131dfb2f1f5afa929623f00d""}, {""path"": ""associativvordes/family-index-v5/members/es/cd.json.gz"", ""family_id"": ""surface:es:ulari"", ""record_sha256"": ""6b69c3ab587863d2e542441b926791a13c74cf0f742b26683eafb4d583d2658f""}, {""path"": ""associativvordes/family-index-v5/members/es/fb.json.gz"", ""family_id"": ""surface:es:ese"", ""record_sha256"": ""efc1e60b06580daacb7ce61c6cfd74a611bb98e0d2ad0dd6412e6d2fa39edf88""}]"	"{""lemma_id"": ""lemma:ba6a0321c023e1100d7b"", ""word"": ""regularícese"", ""normalized"": ""regularícese"", ""search_form"": ""regularicese"", ""rank"": 234531, ""frequency_score"": 0.20648438765267335, ""category_breakdown"": {""subtitles"": {""ipm_values"": [0.011854], ""category_ipm"": 0.011854, ""category_score"": 0.20648438765267335}}, ""sources"": [{""id"": ""subtitles/hermit_2018_es_full_lemmatized_ipm6_spacy_lookup_cleaned_v8.json"", ""file"": ""hermit_2018_es_full_lemmatized_ipm6_spacy_lookup_cleaned_v8.json"", ""category"": ""subtitles"", ""ipm"": 0.011854}], ""corpus_quality"": {""status"": ""accepted"", ""reasons"": []}, ""components"": [{""surface"": ""regul"", ""canonical_candidate"": ""regul"", ""confidence"": 0.97, ""evidence"": [{""type"": ""compound_morphology"", ""source"": ""manually_verified"", ""path"": [""regularicese"", ""regul"", ""regul""], ""confidence"": 0.97}, {""type"": ""verified_seed_alias"", ""source"": ""methodology_control_seed"", ""path"": [""es"", ""regul"", ""family:regul""], ""confidence"": 1}]}]}"
es	lemma:ba80d0382b3b249d71cc	reglita	uncertain	not_admitted_candidate		aggregate_only_not_sense_frequency	"[{""path"": ""associativvordes/family-index-v5/members/es/20.json.gz"", ""family_id"": ""surface:es:lita"", ""record_sha256"": ""de1214e89481b75bdef30bca6a0214a13b7511aeffe2df25e578e7c474ed5381""}, {""path"": ""associativvordes/family-index-v5/members/es/27.json.gz"", ""family_id"": ""surface:es:reglit"", ""record_sha256"": ""dbbd45faf0f9d15eb80a410ad3b11d69aca690ea62aab5ac57c292166220e561""}]"	"{""lemma_id"": ""lemma:ba80d0382b3b249d71cc"", ""word"": ""reglita"", ""normalized"": ""reglita"", ""search_form"": ""reglita"", ""rank"": 691800, ""frequency_score"": 0.04529710280721981, ""category_breakdown"": {""subtitles"": {""ipm_values"": [0.002806, 0.002371], ""category_ipm"": 0.0025884999999999997, ""category_score"": 0.04529710280721981}}, ""sources"": [{""id"": ""subtitles/hermit_2016_es_full_lemmatized_ipm6_spacy_lookup_cleaned_v8.json"", ""file"": ""hermit_2016_es_full_lemmatized_ipm6_spacy_lookup_cleaned_v8.json"", ""category"": ""subtitles"", ""ipm"": 0.002806}, {""id"": ""subtitles/hermit_2018_es_full_lemmatized_ipm6_spacy_lookup_cleaned_v8.json"", ""file"": ""hermit_2018_es_full_lemmatized_ipm6_spacy_lookup_cleaned_v8.json"", ""category"": ""subtitles"", ""ipm"": 0.002371}], ""corpus_quality"": {""status"": ""accepted"", ""reasons"": []}, ""components"": [{""surface"": ""lita"", ""canonical_candidate"": ""lita"", ""confidence"": 0.89, ""evidence"": [{""type"": ""compound_morphology"", ""source"": ""candidate_index"", ""path"": [""reglita"", ""lita"", ""lita""], ""confidence"": 0.89}]}]}"
es	lemma:bb5bde7644e6b654227b	greglisa	uncertain	not_admitted_candidate		aggregate_only_not_sense_frequency	"[{""path"": ""associativvordes/family-index-v5/members/es/af.json.gz"", ""family_id"": ""surface:es:lisa"", ""record_sha256"": ""de9b88ab0f47e3dc0fdd7fd0607a627187bab1b24be18e0550f68d297e26484d""}, {""path"": ""associativvordes/family-index-v5/members/es/e7.json.gz"", ""family_id"": ""surface:es:greglis"", ""record_sha256"": ""602c1d3b2d0b0ab83ad61da688f5e1d42c866dfca31b7b5b88a5f4330e660149""}]"	"{""lemma_id"": ""lemma:bb5bde7644e6b654227b"", ""word"": ""greglisa"", ""normalized"": ""greglisa"", ""search_form"": ""greglisa"", ""rank"": 556829, ""frequency_score"": 0.04909788668913623, ""category_breakdown"": {""subtitles"": {""ipm_values"": [0.002806], ""category_ipm"": 0.002806, ""category_score"": 0.04909788668913623}}, ""sources"": [{""id"": ""subtitles/hermit_2016_es_full_lemmatized_ipm6_spacy_lookup_cleaned_v8.json"", ""file"": ""hermit_2016_es_full_lemmatized_ipm6_spacy_lookup_cleaned_v8.json"", ""category"": ""subtitles"", ""ipm"": 0.002806}], ""corpus_quality"": {""status"": ""accepted"", ""reasons"": []}, ""components"": [{""surface"": ""lisa"", ""canonical_candidate"": ""lisa"", ""confidence"": 0.89, ""evidence"": [{""type"": ""compound_morphology"", ""source"": ""candidate_index"", ""path"": [""greglisa"", ""lisa"", ""lisa""], ""confidence"": 0.89}]}]}"
es	lemma:bb6da8bcb502136e5c6b	reglaj	uncertain	not_admitted_candidate		aggregate_only_not_sense_frequency	"[{""path"": ""associativvordes/family-index-v5/members/es/17.json.gz"", ""family_id"": ""surface:es:laj"", ""record_sha256"": ""a6e0325c2363f92d34e74e5c73f4e22b5f1e721ad663f5a838a0cef1913e687f""}, {""path"": ""associativvordes/family-index-v5/members/es/b2.json.gz"", ""family_id"": ""surface:es:reg"", ""record_sha256"": ""c5a7e08e1a2e28ea08cc5a4d93c411bbbc2291f9c69453cc5731a02065e4c9e5""}]"	"{""lemma_id"": ""lemma:bb6da8bcb502136e5c6b"", ""word"": ""reglaj"", ""normalized"": ""reglaj"", ""search_form"": ""reglaj"", ""rank"": 691784, ""frequency_score"": 0.04909788668913623, ""category_breakdown"": {""subtitles"": {""ipm_values"": [0.002806], ""category_ipm"": 0.002806, ""category_score"": 0.04909788668913623}}, ""sources"": [{""id"": ""subtitles/hermit_2016_es_full_lemmatized_ipm6_spacy_lookup_cleaned_v8.json"", ""file"": ""hermit_2016_es_full_lemmatized_ipm6_spacy_lookup_cleaned_v8.json"", ""category"": ""subtitles"", ""ipm"": 0.002806}], ""corpus_quality"": {""status"": ""accepted"", ""reasons"": []}, ""components"": [{""surface"": ""laj"", ""canonical_candidate"": ""laj"", ""confidence"": 0.89, ""evidence"": [{""type"": ""compound_morphology"", ""source"": ""candidate_index"", ""path"": [""reglaj"", ""laj"", ""laj""], ""confidence"": 0.89}]}]}"
es	lemma:bc05eb86dbb852854c7d	regulándome	accepted	accepted	regular	aggregate_only_not_sense_frequency	"[{""path"": ""associativvordes/family-index-v5/members/es/15.json.gz"", ""family_id"": ""ety:569130f56100"", ""record_sha256"": ""9951f4801e88d31c268406deb1774b03cab90aca8c0f66623f6084672b9529a9""}, {""path"": ""associativvordes/family-index-v5/members/es/3f.json.gz"", ""family_id"": ""ety:bce8f55fa60e"", ""record_sha256"": ""9951f4801e88d31c268406deb1774b03cab90aca8c0f66623f6084672b9529a9""}, {""path"": ""associativvordes/family-index-v5/members/es/40.json.gz"", ""family_id"": ""family:regul"", ""record_sha256"": ""2fea2f23091365b45538c44c9e13386602e6473ac3f44f90552fd90e81ecba69""}, {""path"": ""associativvordes/family-index-v5/members/es/85.json.gz"", ""family_id"": ""ety:8a59f9a2e798"", ""record_sha256"": ""9951f4801e88d31c268406deb1774b03cab90aca8c0f66623f6084672b9529a9""}, {""path"": ""associativvordes/family-index-v5/members/es/90.json.gz"", ""family_id"": ""surface:es:regulan"", ""record_sha256"": ""39e9951884d411f94ac40fd06466f315b8a1a7fa716649a45c2925393c252e59""}]"	"{""lemma_id"": ""lemma:bc05eb86dbb852854c7d"", ""word"": ""regulándome"", ""normalized"": ""regulándome"", ""search_form"": ""regulandome"", ""rank"": 692076, ""frequency_score"": 0.04529710280721981, ""category_breakdown"": {""subtitles"": {""ipm_values"": [0.002806, 0.002371], ""category_ipm"": 0.0025884999999999997, ""category_score"": 0.04529710280721981}}, ""sources"": [{""id"": ""subtitles/hermit_2016_es_full_lemmatized_ipm6_spacy_lookup_cleaned_v8.json"", ""file"": ""hermit_2016_es_full_lemmatized_ipm6_spacy_lookup_cleaned_v8.json"", ""category"": ""subtitles"", ""ipm"": 0.002806}, {""id"": ""subtitles/hermit_2018_es_full_lemmatized_ipm6_spacy_lookup_cleaned_v8.json"", ""file"": ""hermit_2018_es_full_lemmatized_ipm6_spacy_lookup_cleaned_v8.json"", ""category"": ""subtitles"", ""ipm"": 0.002371}], ""corpus_quality"": {""status"": ""accepted"", ""reasons"": []}, ""components"": [{""surface"": ""land"", ""canonical_candidate"": ""land"", ""confidence"": 0.81, ""evidence"": [{""type"": ""compound_morphology"", ""source"": ""candidate_index"", ""path"": [""regulandome"", ""land"", ""land""], ""confidence"": 0.81}]}]}"
es	lemma:bcf880794e15b1214d98	arreglatelass	uncertain	not_admitted_candidate		aggregate_only_not_sense_frequency	"[{""path"": ""associativvordes/family-index-v5/members/es/a5.json.gz"", ""family_id"": ""surface:es:arreglatel"", ""record_sha256"": ""c7663bf684b69476d8787bd529a60bf1a7fc86c23a27feb65a237a3c52d51b75""}, {""path"": ""associativvordes/family-index-v5/members/es/bd.json.gz"", ""family_id"": ""surface:es:lass"", ""record_sha256"": ""0ff29a49724c0a68b1afbe74727d1e546ef303c897035c6bafd773d519f897e2""}]"	"{""lemma_id"": ""lemma:bcf880794e15b1214d98"", ""word"": ""arreglatelass"", ""normalized"": ""arreglatelass"", ""search_form"": ""arreglatelass"", ""rank"": 471497, ""frequency_score"": 0.041495494299664135, ""category_breakdown"": {""subtitles"": {""ipm_values"": [0.002371], ""category_ipm"": 0.002371, ""category_score"": 0.041495494299664135}}, ""sources"": [{""id"": ""subtitles/hermit_2018_es_full_lemmatized_ipm6_spacy_lookup_cleaned_v8.json"", ""file"": ""hermit_2018_es_full_lemmatized_ipm6_spacy_lookup_cleaned_v8.json"", ""category"": ""subtitles"", ""ipm"": 0.002371}], ""corpus_quality"": {""status"": ""accepted"", ""reasons"": []}, ""components"": [{""surface"": ""arreglatel"", ""canonical_candidate"": ""arreglatel"", ""confidence"": 0.81, ""evidence"": [{""type"": ""compound_morphology"", ""source"": ""candidate_index"", ""path"": [""arreglatelass"", ""arreglatel"", ""arreglatel""], ""confidence"": 0.81}]}]}"
es	lemma:bcfdf16df081fa3fac6b	regolpear	uncertain	withheld_historical_uncertain		aggregate_only_not_sense_frequency	"[{""path"": ""associativvordes/family-index-v5/members/es/40.json.gz"", ""family_id"": ""family:regul"", ""record_sha256"": ""27a88873e18221e1002b6391bee19287f0d5b3f43e9036545a38281f7a3f6ed5""}, {""path"": ""associativvordes/family-index-v5/members/es/92.json.gz"", ""family_id"": ""surface:es:golpear"", ""record_sha256"": ""da31b3b85fb2ad4706b00323c64aac5d2105bf35572706e3d4a74e07f4526e24""}]"	"{""lemma_id"": ""lemma:bcfdf16df081fa3fac6b"", ""word"": ""regolpear"", ""normalized"": ""regolpear"", ""search_form"": ""regolpear"", ""rank"": 691847, ""frequency_score"": 0.04529710280721981, ""category_breakdown"": {""subtitles"": {""ipm_values"": [0.002806, 0.002371], ""category_ipm"": 0.0025884999999999997, ""category_score"": 0.04529710280721981}}, ""sources"": [{""id"": ""subtitles/hermit_2016_es_full_lemmatized_ipm6_spacy_lookup_cleaned_v8.json"", ""file"": ""hermit_2016_es_full_lemmatized_ipm6_spacy_lookup_cleaned_v8.json"", ""category"": ""subtitles"", ""ipm"": 0.002806}, {""id"": ""subtitles/hermit_2018_es_full_lemmatized_ipm6_spacy_lookup_cleaned_v8.json"", ""file"": ""hermit_2018_es_full_lemmatized_ipm6_spacy_lookup_cleaned_v8.json"", ""category"": ""subtitles"", ""ipm"": 0.002371}], ""corpus_quality"": {""status"": ""accepted"", ""reasons"": []}, ""components"": [{""surface"": ""regol"", ""canonical_candidate"": ""regol"", ""confidence"": 0.81, ""evidence"": [{""type"": ""compound_morphology"", ""source"": ""candidate_index"", ""path"": [""regolpear"", ""regol"", ""regol""], ""confidence"": 0.81}, {""type"": ""verified_seed_alias"", ""source"": ""methodology_control_seed"", ""path"": [""es"", ""regol"", ""family:regul""], ""confidence"": 1}]}]}"
es	lemma:bcffcc8db61bd3557184	areglaran	uncertain	not_admitted_candidate		aggregate_only_not_sense_frequency	"[{""path"": ""associativvordes/family-index-v5/members/es/21.json.gz"", ""family_id"": ""surface:es:aregl"", ""record_sha256"": ""98f5f4e89d1f3a305e3f56f881e75b969823acefcacdce1501b2691b6f8c0974""}, {""path"": ""associativvordes/family-index-v5/members/es/70.json.gz"", ""family_id"": ""surface:es:aran"", ""record_sha256"": ""6cd531f985146295d0b3ec003c4649fe3041a309801fa0ef9bcd59307390b3e3""}]"	"{""lemma_id"": ""lemma:bcffcc8db61bd3557184"", ""word"": ""areglaran"", ""normalized"": ""areglaran"", ""search_form"": ""areglaran"", ""rank"": 430689, ""frequency_score"": 0.04529710280721981, ""category_breakdown"": {""subtitles"": {""ipm_values"": [0.002806, 0.002371], ""category_ipm"": 0.0025884999999999997, ""category_score"": 0.04529710280721981}}, ""sources"": [{""id"": ""subtitles/hermit_2016_es_full_lemmatized_ipm6_spacy_lookup_cleaned_v8.json"", ""file"": ""hermit_2016_es_full_lemmatized_ipm6_spacy_lookup_cleaned_v8.json"", ""category"": ""subtitles"", ""ipm"": 0.002806}, {""id"": ""subtitles/hermit_2018_es_full_lemmatized_ipm6_spacy_lookup_cleaned_v8.json"", ""file"": ""hermit_2018_es_full_lemmatized_ipm6_spacy_lookup_cleaned_v8.json"", ""category"": ""subtitles"", ""ipm"": 0.002371}], ""corpus_quality"": {""status"": ""accepted"", ""reasons"": []}, ""components"": [{""surface"": ""aregl"", ""canonical_candidate"": ""aregl"", ""confidence"": 0.81, ""evidence"": [{""type"": ""compound_morphology"", ""source"": ""candidate_index"", ""path"": [""areglaran"", ""aregl"", ""aregl""], ""confidence"": 0.81}]}]}"
es	lemma:bd913b5e5eaf0f9f759d	reglamentariamente	uncertain	not_admitted_candidate		aggregate_only_not_sense_frequency	"[{""path"": ""associativvordes/family-index-v5/members/es/9c.json.gz"", ""family_id"": ""surface:es:reglamentaria"", ""record_sha256"": ""0833e203c4b4de15ba7e459b79ee46587b0d99d3a9f107168a6f1b323bb609bf""}, {""path"": ""associativvordes/family-index-v5/members/es/d3.json.gz"", ""family_id"": ""ety:d4e12af70156"", ""record_sha256"": ""c8a2661ab5b1d81313ea88df6b08b6ff9dd57a6b6e6703d5b6ee280dc4b241e7""}, {""path"": ""associativvordes/family-index-v5/members/es/fd.json.gz"", ""family_id"": ""surface:es:lamentariam"", ""record_sha256"": ""12f40f39856d6e0c3b209a273fe64bea4cedefe09cd0ffce87ede788aa7c60c9""}]"	"{""lemma_id"": ""lemma:bd913b5e5eaf0f9f759d"", ""word"": ""reglamentariamente"", ""normalized"": ""reglamentariamente"", ""search_form"": ""reglamentariamente"", ""rank"": 63916, ""frequency_score"": 0.5497429247467494, ""category_breakdown"": {""subtitles"": {""ipm_values"": [0.008419, 0.009483], ""category_ipm"": 0.008951, ""category_score"": 0.15614166969400384}, ""mixed"": {""ipm_values"": [0.103806], ""category_ipm"": 0.103806, ""category_score"": 1.7305466899049862}}, ""sources"": [{""id"": ""mixed/es_wordlist.lemmatized_stanza_ipm6.json"", ""file"": ""es_wordlist.lemmatized_stanza_ipm6.json"", ""category"": ""mixed"", ""ipm"": 0.103806}, {""id"": ""subtitles/hermit_2016_es_full_lemmatized_ipm6_spacy_lookup_cleaned_v8.json"", ""file"": ""hermit_2016_es_full_lemmatized_ipm6_spacy_lookup_cleaned_v8.json"", ""category"": ""subtitles"", ""ipm"": 0.008419}, {""id"": ""subtitles/hermit_2018_es_full_lemmatized_ipm6_spacy_lookup_cleaned_v8.json"", ""file"": ""hermit_2018_es_full_lemmatized_ipm6_spacy_lookup_cleaned_v8.json"", ""category"": ""subtitles"", ""ipm"": 0.009483}], ""corpus_quality"": {""status"": ""accepted"", ""reasons"": []}, ""components"": [{""surface"": ""reglamentaria"", ""canonical_candidate"": ""reglamentaria"", ""confidence"": 0.89, ""evidence"": [{""type"": ""compound_morphology"", ""source"": ""candidate_index"", ""path"": [""reglamentariamente"", ""reglamentaria"", ""reglamentaria""], ""confidence"": 0.89}]}]}"
es	lemma:bd9873a1ec5b43e24e84	arreglarelojes	uncertain	not_admitted_candidate		aggregate_only_not_sense_frequency	"[{""path"": ""associativvordes/family-index-v5/members/es/7e.json.gz"", ""family_id"": ""surface:es:arreglareloj"", ""record_sha256"": ""53b7e671415193cb8487d25b4987fd971234fb2582b50a8f6f19c952f614cd77""}, {""path"": ""associativvordes/family-index-v5/members/es/ae.json.gz"", ""family_id"": ""surface:es:jes"", ""record_sha256"": ""2148703fe3311dfa591fbb10a86cb9db1c4d8f20287f923d0d338da31716d1b3""}]"	"{""lemma_id"": ""lemma:bd9873a1ec5b43e24e84"", ""word"": ""arreglarelojes"", ""normalized"": ""arreglarelojes"", ""search_form"": ""arreglarelojes"", ""rank"": 431900, ""frequency_score"": 0.04529710280721981, ""category_breakdown"": {""subtitles"": {""ipm_values"": [0.002806, 0.002371], ""category_ipm"": 0.0025884999999999997, ""category_score"": 0.04529710280721981}}, ""sources"": [{""id"": ""subtitles/hermit_2016_es_full_lemmatized_ipm6_spacy_lookup_cleaned_v8.json"", ""file"": ""hermit_2016_es_full_lemmatized_ipm6_spacy_lookup_cleaned_v8.json"", ""category"": ""subtitles"", ""ipm"": 0.002806}, {""id"": ""subtitles/hermit_2018_es_full_lemmatized_ipm6_spacy_lookup_cleaned_v8.json"", ""file"": ""hermit_2018_es_full_lemmatized_ipm6_spacy_lookup_cleaned_v8.json"", ""category"": ""subtitles"", ""ipm"": 0.002371}], ""corpus_quality"": {""status"": ""accepted"", ""reasons"": []}, ""components"": [{""surface"": ""arreglareloj"", ""canonical_candidate"": ""arreglareloj"", ""confidence"": 0.92, ""evidence"": [{""type"": ""morphological_parse"", ""source"": ""candidate_index"", ""path"": [""arreglarelojes"", ""arreglareloj"", ""arreglareloj""], ""confidence"": 0.92}]}]}"
es	lemma:bda1c4a4547059639bea	arreglaroslas	uncertain	not_admitted_candidate		aggregate_only_not_sense_frequency	"[{""path"": ""associativvordes/family-index-v5/members/es/ac.json.gz"", ""family_id"": ""surface:es:arreglarosl"", ""record_sha256"": ""8d7c2d1864f5fd94a838696eb98ff5b7d34deb33c39b1f73240ad6d1c3544df3""}]"	"{""lemma_id"": ""lemma:bda1c4a4547059639bea"", ""word"": ""arreglaroslas"", ""normalized"": ""arreglaroslas"", ""search_form"": ""arreglaroslas"", ""rank"": 255640, ""frequency_score"": 0.13554151465136516, ""category_breakdown"": {""subtitles"": {""ipm_values"": [0.008419, 0.007112], ""category_ipm"": 0.0077655, ""category_score"": 0.13554151465136516}}, ""sources"": [{""id"": ""subtitles/hermit_2016_es_full_lemmatized_ipm6_spacy_lookup_cleaned_v8.json"", ""file"": ""hermit_2016_es_full_lemmatized_ipm6_spacy_lookup_cleaned_v8.json"", ""category"": ""subtitles"", ""ipm"": 0.008419}, {""id"": ""subtitles/hermit_2018_es_full_lemmatized_ipm6_spacy_lookup_cleaned_v8.json"", ""file"": ""hermit_2018_es_full_lemmatized_ipm6_spacy_lookup_cleaned_v8.json"", ""category"": ""subtitles"", ""ipm"": 0.007112}], ""corpus_quality"": {""status"": ""accepted"", ""reasons"": []}, ""components"": [{""surface"": ""arreglarosl"", ""canonical_candidate"": ""arreglarosl"", ""confidence"": 0.92, ""evidence"": [{""type"": ""morphological_parse"", ""source"": ""candidate_index"", ""path"": [""arreglaroslas"", ""arreglarosl"", ""arreglarosl""], ""confidence"": 0.92}]}]}"
es	lemma:bde024b5ca9f9f25ed56	regulación	uncertain	withheld_historical_uncertain		aggregate_only_not_sense_frequency	"[{""path"": ""associativvordes/family-index-v5/members/es/40.json.gz"", ""family_id"": ""family:regul"", ""record_sha256"": ""554e6c56f6649b85d59f6e117551719c1781da515c9e720114794a8bb09b5a17""}]"	"{""lemma_id"": ""lemma:bde024b5ca9f9f25ed56"", ""word"": ""regulación"", ""normalized"": ""regulación"", ""search_form"": ""regulacion"", ""rank"": 3925, ""frequency_score"": 29.93071847195479, ""category_breakdown"": {""subtitles"": {""ipm_values"": [2.47791, 2.676597], ""category_ipm"": 2.5772535000000003, ""category_score"": 22.333462436887277}, ""mixed"": {""ipm_values"": [19.265713], ""category_ipm"": 19.265713, ""category_score"": 52.72248657715735}}, ""sources"": [{""id"": ""mixed/es_wordlist.lemmatized_stanza_ipm6.json"", ""file"": ""es_wordlist.lemmatized_stanza_ipm6.json"", ""category"": ""mixed"", ""ipm"": 19.265713}, {""id"": ""subtitles/hermit_2016_es_full_lemmatized_ipm6_spacy_lookup_cleaned_v8.json"", ""file"": ""hermit_2016_es_full_lemmatized_ipm6_spacy_lookup_cleaned_v8.json"", ""category"": ""subtitles"", ""ipm"": 2.47791}, {""id"": ""subtitles/hermit_2018_es_full_lemmatized_ipm6_spacy_lookup_cleaned_v8.json"", ""file"": ""hermit_2018_es_full_lemmatized_ipm6_spacy_lookup_cleaned_v8.json"", ""category"": ""subtitles"", ""ipm"": 2.676597}], ""corpus_quality"": {""status"": ""accepted"", ""reasons"": []}, ""components"": [{""surface"": ""regulacion"", ""canonical_candidate"": ""regul"", ""confidence"": 1, ""evidence"": [{""type"": ""manual_override"", ""source"": ""methodology_control_word"", ""path"": [""es"", ""regulación"", ""family:regul""], ""confidence"": 1}]}]}"
es	lemma:bdfc9e4dfd8d452f5947	arreglaroslo	uncertain	not_admitted_candidate		aggregate_only_not_sense_frequency	"[{""path"": ""associativvordes/family-index-v5/members/es/18.json.gz"", ""family_id"": ""surface:es:slo"", ""record_sha256"": ""b6f5ef39d3a6030ca066715398a81a2cd88815170cc4096ac2b9ffdd5c4d6053""}, {""path"": ""associativvordes/family-index-v5/members/es/ac.json.gz"", ""family_id"": ""surface:es:arreglarosl"", ""record_sha256"": ""d2fde013fdfd4e2c621c10803f935db999d83a4d5f340739a8c2707c716fa117""}]"	"{""lemma_id"": ""lemma:bdfc9e4dfd8d452f5947"", ""word"": ""arreglaroslo"", ""normalized"": ""arreglaroslo"", ""search_form"": ""arreglaroslo"", ""rank"": 431908, ""frequency_score"": 0.04909788668913623, ""category_breakdown"": {""subtitles"": {""ipm_values"": [0.002806], ""category_ipm"": 0.002806, ""category_score"": 0.04909788668913623}}, ""sources"": [{""id"": ""subtitles/hermit_2016_es_full_lemmatized_ipm6_spacy_lookup_cleaned_v8.json"", ""file"": ""hermit_2016_es_full_lemmatized_ipm6_spacy_lookup_cleaned_v8.json"", ""category"": ""subtitles"", ""ipm"": 0.002806}], ""corpus_quality"": {""status"": ""accepted"", ""reasons"": []}, ""components"": [{""surface"": ""slo"", ""canonical_candidate"": ""slo"", ""confidence"": 0.89, ""evidence"": [{""type"": ""compound_morphology"", ""source"": ""candidate_index"", ""path"": [""arreglaroslo"", ""slo"", ""slo""], ""confidence"": 0.89}]}]}"
es	lemma:bdfcba7aa8e9bf78fe01	arréglenle	uncertain	not_admitted_candidate		aggregate_only_not_sense_frequency	"[{""path"": ""associativvordes/family-index-v5/members/es/b1.json.gz"", ""family_id"": ""surface:es:arregl"", ""record_sha256"": ""4a91f86e67ba1eeea6a765162c592d2ddd1aaff07ad80848d7728b843430764b""}]"	"{""lemma_id"": ""lemma:bdfcba7aa8e9bf78fe01"", ""word"": ""arréglenle"", ""normalized"": ""arréglenle"", ""search_form"": ""arreglenle"", ""rank"": 255726, ""frequency_score"": 0.11492581576953789, ""category_breakdown"": {""subtitles"": {""ipm_values"": [0.008419, 0.004742], ""category_ipm"": 0.0065804999999999995, ""category_score"": 0.11492581576953789}}, ""sources"": [{""id"": ""subtitles/hermit_2016_es_full_lemmatized_ipm6_spacy_lookup_cleaned_v8.json"", ""file"": ""hermit_2016_es_full_lemmatized_ipm6_spacy_lookup_cleaned_v8.json"", ""category"": ""subtitles"", ""ipm"": 0.008419}, {""id"": ""subtitles/hermit_2018_es_full_lemmatized_ipm6_spacy_lookup_cleaned_v8.json"", ""file"": ""hermit_2018_es_full_lemmatized_ipm6_spacy_lookup_cleaned_v8.json"", ""category"": ""subtitles"", ""ipm"": 0.004742}], ""corpus_quality"": {""status"": ""accepted"", ""reasons"": []}, ""components"": [{""surface"": ""arregl"", ""canonical_candidate"": ""arregl"", ""confidence"": 0.81, ""evidence"": [{""type"": ""compound_morphology"", ""source"": ""candidate_index"", ""path"": [""arreglenle"", ""arregl"", ""arregl""], ""confidence"": 0.81}]}]}"
es	lemma:be2b8305b471d295c453	irregularidad	accepted	accepted	regular	aggregate_only_not_sense_frequency	"[{""path"": ""associativvordes/family-index-v5/members/es/35.json.gz"", ""family_id"": ""surface:es:irregular"", ""record_sha256"": ""ac0a6b87edbd811fda064bdde1bdb552b649f4ec4e0675f46cd4628197c218d7""}, {""path"": ""associativvordes/family-index-v5/members/es/58.json.gz"", ""family_id"": ""surface:es:idad"", ""record_sha256"": ""a18ecbbb995c54b0b04a85d6cf63e018aed7d73db7920a13d6accf5c912e699e""}, {""path"": ""associativvordes/family-index-v5/members/es/cd.json.gz"", ""family_id"": ""surface:es:ulari"", ""record_sha256"": ""0715db57eadd069eb41a9382257b688936d95991a3380c2fcb4ff70d4c9163c9""}]"	"{""lemma_id"": ""lemma:be2b8305b471d295c453"", ""word"": ""irregularidad"", ""normalized"": ""irregularidad"", ""search_form"": ""irregularidad"", ""rank"": 3097, ""frequency_score"": 27.09744573616504, ""category_breakdown"": {""subtitles"": {""ipm_values"": [1.535013, 1.619234], ""category_ipm"": 1.5771235, ""category_score"": 16.587621590418614}, ""mixed"": {""ipm_values"": [27.386193], ""category_ipm"": 27.386193, ""category_score"": 58.62691817340432}}, ""sources"": [{""id"": ""mixed/es_wordlist.lemmatized_stanza_ipm6.json"", ""file"": ""es_wordlist.lemmatized_stanza_ipm6.json"", ""category"": ""mixed"", ""ipm"": 27.386193}, {""id"": ""subtitles/hermit_2016_es_full_lemmatized_ipm6_spacy_lookup_cleaned_v8.json"", ""file"": ""hermit_2016_es_full_lemmatized_ipm6_spacy_lookup_cleaned_v8.json"", ""category"": ""subtitles"", ""ipm"": 1.535013}, {""id"": ""subtitles/hermit_2018_es_full_lemmatized_ipm6_spacy_lookup_cleaned_v8.json"", ""file"": ""hermit_2018_es_full_lemmatized_ipm6_spacy_lookup_cleaned_v8.json"", ""category"": ""subtitles"", ""ipm"": 1.619234}], ""corpus_quality"": {""status"": ""accepted"", ""reasons"": []}, ""components"": [{""surface"": ""irregular"", ""canonical_candidate"": ""irregular"", ""confidence"": 0.89, ""evidence"": [{""type"": ""compound_morphology"", ""source"": ""candidate_index"", ""path"": [""irregularidad"", ""irregular"", ""irregular""], ""confidence"": 0.89}]}]}"
es	lemma:be4add7dafb347a323c9	rearreglador	uncertain	not_admitted_candidate		aggregate_only_not_sense_frequency	"[{""path"": ""associativvordes/family-index-v5/members/es/50.json.gz"", ""family_id"": ""surface:es:lador"", ""record_sha256"": ""cf167f489cf6d9d5e321115a0b567aae99f3ed7195503835e3468758b206a3cd""}, {""path"": ""associativvordes/family-index-v5/members/es/70.json.gz"", ""family_id"": ""surface:es:arregla"", ""record_sha256"": ""a542b1aeff8d609024c63cc90cfa7e3582dc4ce5345639b4b0a0035109a3fa0f""}, {""path"": ""associativvordes/family-index-v5/members/es/78.json.gz"", ""family_id"": ""surface:es:rearregl"", ""record_sha256"": ""a8f794341f0381676e774d63244371a13734e36762652a9d9e7e6bb9803b5558""}]"	"{""lemma_id"": ""lemma:be4add7dafb347a323c9"", ""word"": ""rearreglador"", ""normalized"": ""rearreglador"", ""search_form"": ""rearreglador"", ""rank"": 688038, ""frequency_score"": 0.04909788668913623, ""category_breakdown"": {""subtitles"": {""ipm_values"": [0.002806], ""category_ipm"": 0.002806, ""category_score"": 0.04909788668913623}}, ""sources"": [{""id"": ""subtitles/hermit_2016_es_full_lemmatized_ipm6_spacy_lookup_cleaned_v8.json"", ""file"": ""hermit_2016_es_full_lemmatized_ipm6_spacy_lookup_cleaned_v8.json"", ""category"": ""subtitles"", ""ipm"": 0.002806}], ""corpus_quality"": {""status"": ""accepted"", ""reasons"": []}, ""components"": [{""surface"": ""lador"", ""canonical_candidate"": ""lador"", ""confidence"": 0.89, ""evidence"": [{""type"": ""compound_morphology"", ""source"": ""candidate_index"", ""path"": [""rearreglador"", ""lador"", ""lador""], ""confidence"": 0.89}]}]}"
es	lemma:be8a0e96188d128b1b40	arréglarte	uncertain	not_admitted_candidate		aggregate_only_not_sense_frequency	"[{""path"": ""associativvordes/family-index-v5/members/es/70.json.gz"", ""family_id"": ""surface:es:arregla"", ""record_sha256"": ""bfb8729d918bf8cde73cab92fe1dc801be97f474d93f2e3b65be3f34232b1b85""}]"	"{""lemma_id"": ""lemma:be8a0e96188d128b1b40"", ""word"": ""arréglarte"", ""normalized"": ""arréglarte"", ""search_form"": ""arreglarte"", ""rank"": 309449, ""frequency_score"": 0.090477407431868, ""category_breakdown"": {""subtitles"": {""ipm_values"": [0.005612, 0.004742], ""category_ipm"": 0.005176999999999999, ""category_score"": 0.090477407431868}}, ""sources"": [{""id"": ""subtitles/hermit_2016_es_full_lemmatized_ipm6_spacy_lookup_cleaned_v8.json"", ""file"": ""hermit_2016_es_full_lemmatized_ipm6_spacy_lookup_cleaned_v8.json"", ""category"": ""subtitles"", ""ipm"": 0.005612}, {""id"": ""subtitles/hermit_2018_es_full_lemmatized_ipm6_spacy_lookup_cleaned_v8.json"", ""file"": ""hermit_2018_es_full_lemmatized_ipm6_spacy_lookup_cleaned_v8.json"", ""category"": ""subtitles"", ""ipm"": 0.004742}], ""corpus_quality"": {""status"": ""accepted"", ""reasons"": []}, ""components"": [{""surface"": ""arregla"", ""canonical_candidate"": ""arregla"", ""confidence"": 0.81, ""evidence"": [{""type"": ""compound_morphology"", ""source"": ""candidate_index"", ""path"": [""arreglarte"", ""arregla"", ""arregla""], ""confidence"": 0.81}]}]}"
es	lemma:bec3fd48be5b1f7df689	régula	uncertain	withheld_historical_uncertain		aggregate_only_not_sense_frequency	"[{""path"": ""associativvordes/family-index-v5/members/es/40.json.gz"", ""family_id"": ""family:regul"", ""record_sha256"": ""315f63713368922bbda6b9064b92f73d3a96b265625e64c8abd8a611c4b3fc19""}]"	"{""lemma_id"": ""lemma:bec3fd48be5b1f7df689"", ""word"": ""régula"", ""normalized"": ""régula"", ""search_form"": ""regula"", ""rank"": 96387, ""frequency_score"": 0.8844135979866466, ""category_breakdown"": {""subtitles"": {""ipm_values"": [0.056125, 0.047415], ""category_ipm"": 0.05177, ""category_score"": 0.8844135979866466}}, ""sources"": [{""id"": ""subtitles/hermit_2016_es_full_lemmatized_ipm6_spacy_lookup_cleaned_v8.json"", ""file"": ""hermit_2016_es_full_lemmatized_ipm6_spacy_lookup_cleaned_v8.json"", ""category"": ""subtitles"", ""ipm"": 0.056125}, {""id"": ""subtitles/hermit_2018_es_full_lemmatized_ipm6_spacy_lookup_cleaned_v8.json"", ""file"": ""hermit_2018_es_full_lemmatized_ipm6_spacy_lookup_cleaned_v8.json"", ""category"": ""subtitles"", ""ipm"": 0.047415}], ""corpus_quality"": {""status"": ""accepted"", ""reasons"": []}, ""components"": [{""surface"": ""regul"", ""canonical_candidate"": ""regul"", ""confidence"": 1, ""evidence"": [{""type"": ""morphological_parse"", ""source"": ""manually_verified"", ""path"": [""regula"", ""regul"", ""regul""], ""confidence"": 1}, {""type"": ""verified_seed_alias"", ""source"": ""methodology_control_seed"", ""path"": [""es"", ""regul"", ""family:regul""], ""confidence"": 1}]}]}"
es	lemma:bf31ab4b337a9443aa07	arregleló	uncertain	not_admitted_candidate		aggregate_only_not_sense_frequency	"[{""path"": ""associativvordes/family-index-v5/members/es/70.json.gz"", ""family_id"": ""surface:es:arreglel"", ""record_sha256"": ""cac0fd55e1e82cc0e89d215d98ad1f4c6120bd32d1a24245e808d9b91a357472""}]"	"{""lemma_id"": ""lemma:bf31ab4b337a9443aa07"", ""word"": ""arregleló"", ""normalized"": ""arregleló"", ""search_form"": ""arreglelo"", ""rank"": 431915, ""frequency_score"": 0.04529710280721981, ""category_breakdown"": {""subtitles"": {""ipm_values"": [0.002806, 0.002371], ""category_ipm"": 0.0025884999999999997, ""category_score"": 0.04529710280721981}}, ""sources"": [{""id"": ""subtitles/hermit_2016_es_full_lemmatized_ipm6_spacy_lookup_cleaned_v8.json"", ""file"": ""hermit_2016_es_full_lemmatized_ipm6_spacy_lookup_cleaned_v8.json"", ""category"": ""subtitles"", ""ipm"": 0.002806}, {""id"": ""subtitles/hermit_2018_es_full_lemmatized_ipm6_spacy_lookup_cleaned_v8.json"", ""file"": ""hermit_2018_es_full_lemmatized_ipm6_spacy_lookup_cleaned_v8.json"", ""category"": ""subtitles"", ""ipm"": 0.002371}], ""corpus_quality"": {""status"": ""accepted"", ""reasons"": []}, ""components"": [{""surface"": ""arreglel"", ""canonical_candidate"": ""arreglel"", ""confidence"": 0.92, ""evidence"": [{""type"": ""morphological_parse"", ""source"": ""candidate_index"", ""path"": [""arreglelo"", ""arreglel"", ""arreglel""], ""confidence"": 0.92}]}]}"
es	lemma:bf7699b4f9c4426523b0	erreglado	uncertain	not_admitted_candidate		aggregate_only_not_sense_frequency	"[{""path"": ""associativvordes/family-index-v5/members/es/02.json.gz"", ""family_id"": ""surface:es:lado"", ""record_sha256"": ""b5b54622591accd0990c98ca5227b7ed0fce74a676b971d856005ebbb230652b""}, {""path"": ""associativvordes/family-index-v5/members/es/40.json.gz"", ""family_id"": ""surface:es:erreglad"", ""record_sha256"": ""0a9a3fc039a44851f4cfe301403564adae9dac5f0a347350664aa1f33a3ed7bc""}]"	"{""lemma_id"": ""lemma:bf7699b4f9c4426523b0"", ""word"": ""erreglado"", ""normalized"": ""erreglado"", ""search_form"": ""erreglado"", ""rank"": 526658, ""frequency_score"": 0.04909788668913623, ""category_breakdown"": {""subtitles"": {""ipm_values"": [0.002806], ""category_ipm"": 0.002806, ""category_score"": 0.04909788668913623}}, ""sources"": [{""id"": ""subtitles/hermit_2016_es_full_lemmatized_ipm6_spacy_lookup_cleaned_v8.json"", ""file"": ""hermit_2016_es_full_lemmatized_ipm6_spacy_lookup_cleaned_v8.json"", ""category"": ""subtitles"", ""ipm"": 0.002806}], ""corpus_quality"": {""status"": ""accepted"", ""reasons"": []}, ""components"": [{""surface"": ""lado"", ""canonical_candidate"": ""lado"", ""confidence"": 0.89, ""evidence"": [{""type"": ""compound_morphology"", ""source"": ""candidate_index"", ""path"": [""erreglado"", ""lado"", ""lado""], ""confidence"": 0.89}]}]}"
es	lemma:c01543a882e7f3b7cd03	arreglandola	uncertain	not_admitted_candidate		aggregate_only_not_sense_frequency	"[{""path"": ""associativvordes/family-index-v5/members/es/59.json.gz"", ""family_id"": ""surface:es:arreglandol"", ""record_sha256"": ""8fb9ac9abbc1f4611c8aee359d33875f9c14928d6eabe0dc1f615d1a1278a4b6""}, {""path"": ""associativvordes/family-index-v5/members/es/c2.json.gz"", ""family_id"": ""surface:es:dola"", ""record_sha256"": ""c9f7cd6c9084b438e6e2ab0dab574c8dd0bfd3e59da86eeff0cf7990fbdd3f8b""}]"	"{""lemma_id"": ""lemma:c01543a882e7f3b7cd03"", ""word"": ""arreglandola"", ""normalized"": ""arreglandola"", ""search_form"": ""arreglandola"", ""rank"": 309273, ""frequency_score"": 0.06979986216223158, ""category_breakdown"": {""subtitles"": {""ipm_values"": [0.005612, 0.002371], ""category_ipm"": 0.0039915, ""category_score"": 0.06979986216223158}}, ""sources"": [{""id"": ""subtitles/hermit_2016_es_full_lemmatized_ipm6_spacy_lookup_cleaned_v8.json"", ""file"": ""hermit_2016_es_full_lemmatized_ipm6_spacy_lookup_cleaned_v8.json"", ""category"": ""subtitles"", ""ipm"": 0.005612}, {""id"": ""subtitles/hermit_2018_es_full_lemmatized_ipm6_spacy_lookup_cleaned_v8.json"", ""file"": ""hermit_2018_es_full_lemmatized_ipm6_spacy_lookup_cleaned_v8.json"", ""category"": ""subtitles"", ""ipm"": 0.002371}], ""corpus_quality"": {""status"": ""accepted"", ""reasons"": []}, ""components"": [{""surface"": ""arreglandol"", ""canonical_candidate"": ""arreglandol"", ""confidence"": 0.92, ""evidence"": [{""type"": ""morphological_parse"", ""source"": ""candidate_index"", ""path"": [""arreglandola"", ""arreglandol"", ""arreglandol""], ""confidence"": 0.92}]}]}"
es	lemma:c0ecc244046be0f8d859	arréglalo	uncertain	not_admitted_candidate		aggregate_only_not_sense_frequency	"[{""path"": ""associativvordes/family-index-v5/members/es/14.json.gz"", ""family_id"": ""surface:es:arreglal"", ""record_sha256"": ""9701b4ed420199ef99783a71790f31254cc1b75c2e81c68e6bb04e6eec9ca35e""}, {""path"": ""associativvordes/family-index-v5/members/es/ba.json.gz"", ""family_id"": ""surface:es:lalo"", ""record_sha256"": ""82dd960501697b29e046fdf66fe75c40e990e36d1f4ca5bd4716ceb9c24300e5""}]"	"{""lemma_id"": ""lemma:c0ecc244046be0f8d859"", ""word"": ""arréglalo"", ""normalized"": ""arréglalo"", ""search_form"": ""arreglalo"", ""rank"": 10831, ""frequency_score"": 22.429182634012957, ""category_breakdown"": {""subtitles"": {""ipm_values"": [2.592966, 2.600732], ""category_ipm"": 2.5968489999999997, ""category_score"": 22.429182634012957}}, ""sources"": [{""id"": ""subtitles/hermit_2016_es_full_lemmatized_ipm6_spacy_lookup_cleaned_v8.json"", ""file"": ""hermit_2016_es_full_lemmatized_ipm6_spacy_lookup_cleaned_v8.json"", ""category"": ""subtitles"", ""ipm"": 2.592966}, {""id"": ""subtitles/hermit_2018_es_full_lemmatized_ipm6_spacy_lookup_cleaned_v8.json"", ""file"": ""hermit_2018_es_full_lemmatized_ipm6_spacy_lookup_cleaned_v8.json"", ""category"": ""subtitles"", ""ipm"": 2.600732}], ""corpus_quality"": {""status"": ""accepted"", ""reasons"": []}, ""components"": [{""surface"": ""arreglal"", ""canonical_candidate"": ""arreglal"", ""confidence"": 0.92, ""evidence"": [{""type"": ""morphological_parse"", ""source"": ""candidate_index"", ""path"": [""arreglalo"", ""arreglal"", ""arreglal""], ""confidence"": 0.92}]}]}"
es	lemma:c10b06b076cca583b501	regulándose	accepted	accepted	regular	aggregate_only_not_sense_frequency	"[{""path"": ""associativvordes/family-index-v5/members/es/15.json.gz"", ""family_id"": ""ety:569130f56100"", ""record_sha256"": ""77efa40eae7ed82ee76accddb782f9130d17ca3322aa954081c7fed197955b67""}, {""path"": ""associativvordes/family-index-v5/members/es/3f.json.gz"", ""family_id"": ""ety:bce8f55fa60e"", ""record_sha256"": ""77efa40eae7ed82ee76accddb782f9130d17ca3322aa954081c7fed197955b67""}, {""path"": ""associativvordes/family-index-v5/members/es/40.json.gz"", ""family_id"": ""family:regul"", ""record_sha256"": ""d00797a86f1f9e130417afdfb77ddeb084b48256f1fd8fa84e65751a835f1946""}, {""path"": ""associativvordes/family-index-v5/members/es/85.json.gz"", ""family_id"": ""ety:8a59f9a2e798"", ""record_sha256"": ""77efa40eae7ed82ee76accddb782f9130d17ca3322aa954081c7fed197955b67""}, {""path"": ""associativvordes/family-index-v5/members/es/90.json.gz"", ""family_id"": ""surface:es:regulan"", ""record_sha256"": ""01659803686cd2d9352665ee7ca8e378ac08f620fb124f57baa3360f8847528a""}]"	"{""lemma_id"": ""lemma:c10b06b076cca583b501"", ""word"": ""regulándose"", ""normalized"": ""regulándose"", ""search_form"": ""regulandose"", ""rank"": 755354, ""frequency_score"": 0.041495494299664135, ""category_breakdown"": {""subtitles"": {""ipm_values"": [0.002371], ""category_ipm"": 0.002371, ""category_score"": 0.041495494299664135}}, ""sources"": [{""id"": ""subtitles/hermit_2018_es_full_lemmatized_ipm6_spacy_lookup_cleaned_v8.json"", ""file"": ""hermit_2018_es_full_lemmatized_ipm6_spacy_lookup_cleaned_v8.json"", ""category"": ""subtitles"", ""ipm"": 0.002371}], ""corpus_quality"": {""status"": ""accepted"", ""reasons"": []}, ""components"": [{""surface"": ""land"", ""canonical_candidate"": ""land"", ""confidence"": 0.81, ""evidence"": [{""type"": ""compound_morphology"", ""source"": ""candidate_index"", ""path"": [""regulandose"", ""land"", ""land""], ""confidence"": 0.81}]}]}"
es	lemma:c31fd6ac493fc3116fd3	reglamental	uncertain	not_admitted_candidate		aggregate_only_not_sense_frequency	"[{""path"": ""associativvordes/family-index-v5/members/es/76.json.gz"", ""family_id"": ""surface:es:lamental"", ""record_sha256"": ""47030d298c2ae5678d00640f658bfd1763d6de84ebd88a235fcf72ada04f50c2""}, {""path"": ""associativvordes/family-index-v5/members/es/e9.json.gz"", ""family_id"": ""surface:es:reglament"", ""record_sha256"": ""2c55ec89d4c41f2b7f45aafa15be93f3593bef139372e98ca3c74169a8c9feec""}]"	"{""lemma_id"": ""lemma:c31fd6ac493fc3116fd3"", ""word"": ""reglamental"", ""normalized"": ""reglamental"", ""search_form"": ""reglamental"", ""rank"": 691785, ""frequency_score"": 0.04529710280721981, ""category_breakdown"": {""subtitles"": {""ipm_values"": [0.002806, 0.002371], ""category_ipm"": 0.0025884999999999997, ""category_score"": 0.04529710280721981}}, ""sources"": [{""id"": ""subtitles/hermit_2016_es_full_lemmatized_ipm6_spacy_lookup_cleaned_v8.json"", ""file"": ""hermit_2016_es_full_lemmatized_ipm6_spacy_lookup_cleaned_v8.json"", ""category"": ""subtitles"", ""ipm"": 0.002806}, {""id"": ""subtitles/hermit_2018_es_full_lemmatized_ipm6_spacy_lookup_cleaned_v8.json"", ""file"": ""hermit_2018_es_full_lemmatized_ipm6_spacy_lookup_cleaned_v8.json"", ""category"": ""subtitles"", ""ipm"": 0.002371}], ""corpus_quality"": {""status"": ""accepted"", ""reasons"": []}, ""components"": [{""surface"": ""lamental"", ""canonical_candidate"": ""lamental"", ""confidence"": 0.89, ""evidence"": [{""type"": ""compound_morphology"", ""source"": ""candidate_index"", ""path"": [""reglamental"", ""lamental"", ""lamental""], ""confidence"": 0.89}]}]}"
es	lemma:c325527bfde2e034c695	frégoli	uncertain	not_admitted_candidate		aggregate_only_not_sense_frequency	"[{""path"": ""associativvordes/family-index-v5/members/es/00.json.gz"", ""family_id"": ""surface:es:freg"", ""record_sha256"": ""4f38331af6dde2a072de57ef5ce552521d1de1998152b3dd01191df912110df4""}, {""path"": ""associativvordes/family-index-v5/members/es/f5.json.gz"", ""family_id"": ""surface:es:goli"", ""record_sha256"": ""7e43bdf3e204169ca525468b81033f0a21bf445b3ba4fd55c792f7a542956a46""}]"	"{""lemma_id"": ""lemma:c325527bfde2e034c695"", ""word"": ""frégoli"", ""normalized"": ""frégoli"", ""search_form"": ""fregoli"", ""rank"": 596298, ""frequency_score"": 0.041495494299664135, ""category_breakdown"": {""subtitles"": {""ipm_values"": [0.002371], ""category_ipm"": 0.002371, ""category_score"": 0.041495494299664135}}, ""sources"": [{""id"": ""subtitles/hermit_2018_es_full_lemmatized_ipm6_spacy_lookup_cleaned_v8.json"", ""file"": ""hermit_2018_es_full_lemmatized_ipm6_spacy_lookup_cleaned_v8.json"", ""category"": ""subtitles"", ""ipm"": 0.002371}], ""corpus_quality"": {""status"": ""accepted"", ""reasons"": []}, ""components"": [{""surface"": ""freg"", ""canonical_candidate"": ""freg"", ""confidence"": 0.81, ""evidence"": [{""type"": ""compound_morphology"", ""source"": ""candidate_index"", ""path"": [""fregoli"", ""freg"", ""freg""], ""confidence"": 0.81}]}]}"
es	lemma:c3c7e0e6612038d5368c	dearreglarlo	uncertain	not_admitted_candidate		aggregate_only_not_sense_frequency	"[{""path"": ""associativvordes/family-index-v5/members/es/db.json.gz"", ""family_id"": ""surface:es:dearreglarl"", ""record_sha256"": ""a5f5f20dd568773104ef8011b479416aa9a1e5275929d476da57288271379bc0""}]"	"{""lemma_id"": ""lemma:c3c7e0e6612038d5368c"", ""word"": ""dearreglarlo"", ""normalized"": ""dearreglarlo"", ""search_form"": ""dearreglarlo"", ""rank"": 537078, ""frequency_score"": 0.041495494299664135, ""category_breakdown"": {""subtitles"": {""ipm_values"": [0.002371], ""category_ipm"": 0.002371, ""category_score"": 0.041495494299664135}}, ""sources"": [{""id"": ""subtitles/hermit_2018_es_full_lemmatized_ipm6_spacy_lookup_cleaned_v8.json"", ""file"": ""hermit_2018_es_full_lemmatized_ipm6_spacy_lookup_cleaned_v8.json"", ""category"": ""subtitles"", ""ipm"": 0.002371}], ""corpus_quality"": {""status"": ""accepted"", ""reasons"": []}, ""components"": [{""surface"": ""dearreglarl"", ""canonical_candidate"": ""dearreglarl"", ""confidence"": 0.92, ""evidence"": [{""type"": ""morphological_parse"", ""source"": ""candidate_index"", ""path"": [""dearreglarlo"", ""dearreglarl"", ""dearreglarl""], ""confidence"": 0.92}]}]}"
es	lemma:c43573888172bdd098e3	pedregulho	uncertain	not_admitted_candidate		aggregate_only_not_sense_frequency	"[{""path"": ""associativvordes/family-index-v5/members/es/88.json.gz"", ""family_id"": ""surface:es:pedregulh"", ""record_sha256"": ""bf3fbf86c0c7a91f2b881a0ec7042b4338a30501fecb545c84c39d871604f7e8""}]"	"{""lemma_id"": ""lemma:c43573888172bdd098e3"", ""word"": ""pedregulho"", ""normalized"": ""pedregulho"", ""search_form"": ""pedregulho"", ""rank"": 410927, ""frequency_score"": 0.08289295136015089, ""category_breakdown"": {""subtitles"": {""ipm_values"": [0.004742], ""category_ipm"": 0.004742, ""category_score"": 0.08289295136015089}}, ""sources"": [{""id"": ""subtitles/hermit_2018_es_full_lemmatized_ipm6_spacy_lookup_cleaned_v8.json"", ""file"": ""hermit_2018_es_full_lemmatized_ipm6_spacy_lookup_cleaned_v8.json"", ""category"": ""subtitles"", ""ipm"": 0.004742}], ""corpus_quality"": {""status"": ""accepted"", ""reasons"": []}, ""components"": [{""surface"": ""pedregulh"", ""canonical_candidate"": ""pedregulh"", ""confidence"": 0.92, ""evidence"": [{""type"": ""morphological_parse"", ""source"": ""candidate_index"", ""path"": [""pedregulho"", ""pedregulh"", ""pedregulh""], ""confidence"": 0.92}]}]}"
es	lemma:c51e90baa3ae2c51de12	arreglarr	uncertain	not_admitted_candidate		aggregate_only_not_sense_frequency	"[{""path"": ""associativvordes/family-index-v5/members/es/b1.json.gz"", ""family_id"": ""surface:es:arregl"", ""record_sha256"": ""ca839f8fb34164b52a1abc63d146c011e3a98b87a82650ab6e17ede3b3bff2b9""}, {""path"": ""associativvordes/family-index-v5/members/es/e7.json.gz"", ""family_id"": ""surface:es:larr"", ""record_sha256"": ""74703cfcc2dae603373b04c17c66b0a5d8092b5263fa9a34a8f991200756cc56""}]"	"{""lemma_id"": ""lemma:c51e90baa3ae2c51de12"", ""word"": ""arreglarr"", ""normalized"": ""arreglarr"", ""search_form"": ""arreglarr"", ""rank"": 431909, ""frequency_score"": 0.04909788668913623, ""category_breakdown"": {""subtitles"": {""ipm_values"": [0.002806], ""category_ipm"": 0.002806, ""category_score"": 0.04909788668913623}}, ""sources"": [{""id"": ""subtitles/hermit_2016_es_full_lemmatized_ipm6_spacy_lookup_cleaned_v8.json"", ""file"": ""hermit_2016_es_full_lemmatized_ipm6_spacy_lookup_cleaned_v8.json"", ""category"": ""subtitles"", ""ipm"": 0.002806}], ""corpus_quality"": {""status"": ""accepted"", ""reasons"": []}, ""components"": [{""surface"": ""arregl"", ""canonical_candidate"": ""arregl"", ""confidence"": 0.81, ""evidence"": [{""type"": ""compound_morphology"", ""source"": ""candidate_index"", ""path"": [""arreglarr"", ""arregl"", ""arregl""], ""confidence"": 0.81}]}]}"
es	lemma:c54c41003129ac810c2c	regúlez	uncertain	not_admitted_candidate		aggregate_only_not_sense_frequency	"[{""path"": ""associativvordes/family-index-v5/members/es/53.json.gz"", ""family_id"": ""surface:es:lez"", ""record_sha256"": ""20672211cee78b741c7ab99759c178f223ce05d38ea188fd3ee0f763c92108bc""}, {""path"": ""associativvordes/family-index-v5/members/es/b2.json.gz"", ""family_id"": ""surface:es:reg"", ""record_sha256"": ""a828377ac8b6727eb5daeb5571a73c72c292f15ab6aeadcdec0852b1e7efc8bc""}]"	"{""lemma_id"": ""lemma:c54c41003129ac810c2c"", ""word"": ""regúlez"", ""normalized"": ""regúlez"", ""search_form"": ""regulez"", ""rank"": 268011, ""frequency_score"": 0.13175074215357438, ""category_breakdown"": {""subtitles"": {""ipm_values"": [0.005612, 0.009483], ""category_ipm"": 0.0075475, ""category_score"": 0.13175074215357438}}, ""sources"": [{""id"": ""subtitles/hermit_2016_es_full_lemmatized_ipm6_spacy_lookup_cleaned_v8.json"", ""file"": ""hermit_2016_es_full_lemmatized_ipm6_spacy_lookup_cleaned_v8.json"", ""category"": ""subtitles"", ""ipm"": 0.005612}, {""id"": ""subtitles/hermit_2018_es_full_lemmatized_ipm6_spacy_lookup_cleaned_v8.json"", ""file"": ""hermit_2018_es_full_lemmatized_ipm6_spacy_lookup_cleaned_v8.json"", ""category"": ""subtitles"", ""ipm"": 0.009483}], ""corpus_quality"": {""status"": ""accepted"", ""reasons"": []}, ""components"": [{""surface"": ""lez"", ""canonical_candidate"": ""lez"", ""confidence"": 0.89, ""evidence"": [{""type"": ""compound_morphology"", ""source"": ""candidate_index"", ""path"": [""regulez"", ""lez"", ""lez""], ""confidence"": 0.89}]}]}"
es	lemma:c5fbe3ee52a7916a497f	reglend	uncertain	not_admitted_candidate		aggregate_only_not_sense_frequency	"[{""path"": ""associativvordes/family-index-v5/members/es/20.json.gz"", ""family_id"": ""surface:es:glend"", ""record_sha256"": ""1de97f35d4acc17210b4d2f0488b6abddda5105cb21322d7b665f053156c9c4a""}, {""path"": ""associativvordes/family-index-v5/members/es/7a.json.gz"", ""family_id"": ""surface:es:regl"", ""record_sha256"": ""cccd3dfc9036e14744710cb97d078d9525e542587f2874927f121d5cb7c18cb0""}]"	"{""lemma_id"": ""lemma:c5fbe3ee52a7916a497f"", ""word"": ""reglend"", ""normalized"": ""reglend"", ""search_form"": ""reglend"", ""rank"": 691798, ""frequency_score"": 0.04909788668913623, ""category_breakdown"": {""subtitles"": {""ipm_values"": [0.002806], ""category_ipm"": 0.002806, ""category_score"": 0.04909788668913623}}, ""sources"": [{""id"": ""subtitles/hermit_2016_es_full_lemmatized_ipm6_spacy_lookup_cleaned_v8.json"", ""file"": ""hermit_2016_es_full_lemmatized_ipm6_spacy_lookup_cleaned_v8.json"", ""category"": ""subtitles"", ""ipm"": 0.002806}], ""corpus_quality"": {""status"": ""accepted"", ""reasons"": []}, ""components"": [{""surface"": ""glend"", ""canonical_candidate"": ""glend"", ""confidence"": 0.92, ""evidence"": [{""type"": ""morphological_parse"", ""source"": ""candidate_index"", ""path"": [""reglend"", ""glend"", ""glend""], ""confidence"": 0.92}]}]}"
es	lemma:c71bca9919d6769128cd	arreglémolo	uncertain	not_admitted_candidate		aggregate_only_not_sense_frequency	"[{""path"": ""associativvordes/family-index-v5/members/es/b8.json.gz"", ""family_id"": ""surface:es:arreglemol"", ""record_sha256"": ""3bf7a66e52a98088e63e9782f174a3f7f486c94a751f93472beb3afdcc13122f""}]"	"{""lemma_id"": ""lemma:c71bca9919d6769128cd"", ""word"": ""arreglémolo"", ""normalized"": ""arreglémolo"", ""search_form"": ""arreglemolo"", ""rank"": 431942, ""frequency_score"": 0.04529710280721981, ""category_breakdown"": {""subtitles"": {""ipm_values"": [0.002806, 0.002371], ""category_ipm"": 0.0025884999999999997, ""category_score"": 0.04529710280721981}}, ""sources"": [{""id"": ""subtitles/hermit_2016_es_full_lemmatized_ipm6_spacy_lookup_cleaned_v8.json"", ""file"": ""hermit_2016_es_full_lemmatized_ipm6_spacy_lookup_cleaned_v8.json"", ""category"": ""subtitles"", ""ipm"": 0.002806}, {""id"": ""subtitles/hermit_2018_es_full_lemmatized_ipm6_spacy_lookup_cleaned_v8.json"", ""file"": ""hermit_2018_es_full_lemmatized_ipm6_spacy_lookup_cleaned_v8.json"", ""category"": ""subtitles"", ""ipm"": 0.002371}], ""corpus_quality"": {""status"": ""accepted"", ""reasons"": []}, ""components"": [{""surface"": ""arreglemol"", ""canonical_candidate"": ""arreglemol"", ""confidence"": 0.92, ""evidence"": [{""type"": ""morphological_parse"", ""source"": ""candidate_index"", ""path"": [""arreglemolo"", ""arreglemol"", ""arreglemol""], ""confidence"": 0.92}]}]}"
es	lemma:c79069a3b65d5712cca2	reglez	uncertain	not_admitted_candidate		aggregate_only_not_sense_frequency	"[{""path"": ""associativvordes/family-index-v5/members/es/b2.json.gz"", ""family_id"": ""surface:es:reg"", ""record_sha256"": ""12656d38aca9a312b180b6aa9cedef063d8b2f39bb421ea19a864d8ddc22a618""}, {""path"": ""associativvordes/family-index-v5/members/es/e8.json.gz"", ""family_id"": ""surface:es:glez"", ""record_sha256"": ""be28bd40ded61ebd6aeac928a91e23237ca0c850503dada40def70fb19dd32d4""}]"	"{""lemma_id"": ""lemma:c79069a3b65d5712cca2"", ""word"": ""reglez"", ""normalized"": ""reglez"", ""search_form"": ""reglez"", ""rank"": 691799, ""frequency_score"": 0.04909788668913623, ""category_breakdown"": {""subtitles"": {""ipm_values"": [0.002806], ""category_ipm"": 0.002806, ""category_score"": 0.04909788668913623}}, ""sources"": [{""id"": ""subtitles/hermit_2016_es_full_lemmatized_ipm6_spacy_lookup_cleaned_v8.json"", ""file"": ""hermit_2016_es_full_lemmatized_ipm6_spacy_lookup_cleaned_v8.json"", ""category"": ""subtitles"", ""ipm"": 0.002806}], ""corpus_quality"": {""status"": ""accepted"", ""reasons"": []}, ""components"": [{""surface"": ""reg"", ""canonical_candidate"": ""reg"", ""confidence"": 0.81, ""evidence"": [{""type"": ""compound_morphology"", ""source"": ""candidate_index"", ""path"": [""reglez"", ""reg"", ""reg""], ""confidence"": 0.81}]}]}"
es	lemma:c79dc4a59ff12bdfeabc	arreglarla	uncertain	not_admitted_candidate		aggregate_only_not_sense_frequency	"[{""path"": ""associativvordes/family-index-v5/members/es/7e.json.gz"", ""family_id"": ""surface:es:arreglarl"", ""record_sha256"": ""d248269d5d0107a7e56e9d0d939e8756d568e3645686e9feda04ee13367ad14b""}]"	"{""lemma_id"": ""lemma:c79dc4a59ff12bdfeabc"", ""word"": ""arreglarla"", ""normalized"": ""arreglarla"", ""search_form"": ""arreglarla"", ""rank"": 12469, ""frequency_score"": 19.538525520946692, ""category_breakdown"": {""subtitles"": {""ipm_values"": [2.020493, 2.079163], ""category_ipm"": 2.0498279999999998, ""category_score"": 19.538525520946692}}, ""sources"": [{""id"": ""subtitles/hermit_2016_es_full_lemmatized_ipm6_spacy_lookup_cleaned_v8.json"", ""file"": ""hermit_2016_es_full_lemmatized_ipm6_spacy_lookup_cleaned_v8.json"", ""category"": ""subtitles"", ""ipm"": 2.020493}, {""id"": ""subtitles/hermit_2018_es_full_lemmatized_ipm6_spacy_lookup_cleaned_v8.json"", ""file"": ""hermit_2018_es_full_lemmatized_ipm6_spacy_lookup_cleaned_v8.json"", ""category"": ""subtitles"", ""ipm"": 2.079163}], ""corpus_quality"": {""status"": ""accepted"", ""reasons"": []}, ""components"": [{""surface"": ""arreglarl"", ""canonical_candidate"": ""arreglarl"", ""confidence"": 0.92, ""evidence"": [{""type"": ""morphological_parse"", ""source"": ""candidate_index"", ""path"": [""arreglarla"", ""arreglarl"", ""arreglarl""], ""confidence"": 0.92}]}]}"
es	lemma:c7a48c3958bdad168f26	regulándolas	accepted	accepted	regular	aggregate_only_not_sense_frequency	"[{""path"": ""associativvordes/family-index-v5/members/es/40.json.gz"", ""family_id"": ""family:regul"", ""record_sha256"": ""5b668faa4ab04fedaaf854c1a2b4000f529e0a61abae429fccb8e36bcd662d48""}, {""path"": ""associativvordes/family-index-v5/members/es/ff.json.gz"", ""family_id"": ""surface:es:regulandol"", ""record_sha256"": ""509d1a09a88795abd6b68f496c7a12e360f5f011ae653bb02968a7a5980d6a95""}]"	"{""lemma_id"": ""lemma:c7a48c3958bdad168f26"", ""word"": ""regulándolas"", ""normalized"": ""regulándolas"", ""search_form"": ""regulandolas"", ""rank"": 692075, ""frequency_score"": 0.04529710280721981, ""category_breakdown"": {""subtitles"": {""ipm_values"": [0.002806, 0.002371], ""category_ipm"": 0.0025884999999999997, ""category_score"": 0.04529710280721981}}, ""sources"": [{""id"": ""subtitles/hermit_2016_es_full_lemmatized_ipm6_spacy_lookup_cleaned_v8.json"", ""file"": ""hermit_2016_es_full_lemmatized_ipm6_spacy_lookup_cleaned_v8.json"", ""category"": ""subtitles"", ""ipm"": 0.002806}, {""id"": ""subtitles/hermit_2018_es_full_lemmatized_ipm6_spacy_lookup_cleaned_v8.json"", ""file"": ""hermit_2018_es_full_lemmatized_ipm6_spacy_lookup_cleaned_v8.json"", ""category"": ""subtitles"", ""ipm"": 0.002371}], ""corpus_quality"": {""status"": ""accepted"", ""reasons"": []}, ""components"": [{""surface"": ""regul"", ""canonical_candidate"": ""regul"", ""confidence"": 0.97, ""evidence"": [{""type"": ""compound_morphology"", ""source"": ""manually_verified"", ""path"": [""regulandolas"", ""regul"", ""regul""], ""confidence"": 0.97}, {""type"": ""verified_seed_alias"", ""source"": ""methodology_control_seed"", ""path"": [""es"", ""regul"", ""family:regul""], ""confidence"": 1}]}]}"
es	lemma:c8332397fbc245033b5f	areglarlo	uncertain	not_admitted_candidate		aggregate_only_not_sense_frequency	"[{""path"": ""associativvordes/family-index-v5/members/es/ae.json.gz"", ""family_id"": ""surface:es:areglarl"", ""record_sha256"": ""d65d3c58e47d87e462c0512e97f74902909bd0b0beeac229c948b2d6be98a7a0""}]"	"{""lemma_id"": ""lemma:c8332397fbc245033b5f"", ""word"": ""areglarlo"", ""normalized"": ""areglarlo"", ""search_form"": ""areglarlo"", ""rank"": 242458, ""frequency_score"": 0.13175074215357438, ""category_breakdown"": {""subtitles"": {""ipm_values"": [0.005612, 0.009483], ""category_ipm"": 0.0075475, ""category_score"": 0.13175074215357438}}, ""sources"": [{""id"": ""subtitles/hermit_2016_es_full_lemmatized_ipm6_spacy_lookup_cleaned_v8.json"", ""file"": ""hermit_2016_es_full_lemmatized_ipm6_spacy_lookup_cleaned_v8.json"", ""category"": ""subtitles"", ""ipm"": 0.005612}, {""id"": ""subtitles/hermit_2018_es_full_lemmatized_ipm6_spacy_lookup_cleaned_v8.json"", ""file"": ""hermit_2018_es_full_lemmatized_ipm6_spacy_lookup_cleaned_v8.json"", ""category"": ""subtitles"", ""ipm"": 0.009483}], ""corpus_quality"": {""status"": ""accepted"", ""reasons"": []}, ""components"": [{""surface"": ""areglarl"", ""canonical_candidate"": ""areglarl"", ""confidence"": 0.92, ""evidence"": [{""type"": ""morphological_parse"", ""source"": ""candidate_index"", ""path"": [""areglarlo"", ""areglarl"", ""areglarl""], ""confidence"": 0.92}]}]}"
es	lemma:c96cba6fe7493f88ffa5	arreglaró	uncertain	not_admitted_candidate		aggregate_only_not_sense_frequency	"[{""path"": ""associativvordes/family-index-v5/members/es/26.json.gz"", ""family_id"": ""surface:es:arreglar"", ""record_sha256"": ""e9dc0183dae5069dc3b70df53d7c6d61648045b4e7e0be08f99b91ea0fc4eec6""}, {""path"": ""associativvordes/family-index-v5/members/es/40.json.gz"", ""family_id"": ""surface:es:laro"", ""record_sha256"": ""a0f2fefb0a35763a6c2e3323a31b1f79619d17aa092e10714c7eed1be097e611""}]"	"{""lemma_id"": ""lemma:c96cba6fe7493f88ffa5"", ""word"": ""arreglaró"", ""normalized"": ""arreglaró"", ""search_form"": ""arreglaro"", ""rank"": 471492, ""frequency_score"": 0.041495494299664135, ""category_breakdown"": {""subtitles"": {""ipm_values"": [0.002371], ""category_ipm"": 0.002371, ""category_score"": 0.041495494299664135}}, ""sources"": [{""id"": ""subtitles/hermit_2018_es_full_lemmatized_ipm6_spacy_lookup_cleaned_v8.json"", ""file"": ""hermit_2018_es_full_lemmatized_ipm6_spacy_lookup_cleaned_v8.json"", ""category"": ""subtitles"", ""ipm"": 0.002371}], ""corpus_quality"": {""status"": ""accepted"", ""reasons"": []}, ""components"": [{""surface"": ""arreglar"", ""canonical_candidate"": ""arreglar"", ""confidence"": 0.92, ""evidence"": [{""type"": ""morphological_parse"", ""source"": ""candidate_index"", ""path"": [""arreglaro"", ""arreglar"", ""arreglar""], ""confidence"": 0.92}]}]}"
es	lemma:c9d151fe7a3ad71d0f53	arreglóo	uncertain	not_admitted_candidate		aggregate_only_not_sense_frequency	"[{""path"": ""associativvordes/family-index-v5/members/es/7a.json.gz"", ""family_id"": ""surface:es:arreglo"", ""record_sha256"": ""3123d2e5f96254aa2ebd699341f5591cbbc246469be47f8aa0bf5ec9a4601c4a""}, {""path"": ""associativvordes/family-index-v5/members/es/81.json.gz"", ""family_id"": ""surface:es:gloo"", ""record_sha256"": ""a33b542e674f9a0230794c485d519d5710c24c7ff1b120c724f7375dfa5d2c89""}]"	"{""lemma_id"": ""lemma:c9d151fe7a3ad71d0f53"", ""word"": ""arreglóo"", ""normalized"": ""arreglóo"", ""search_form"": ""arregloo"", ""rank"": 471533, ""frequency_score"": 0.041495494299664135, ""category_breakdown"": {""subtitles"": {""ipm_values"": [0.002371], ""category_ipm"": 0.002371, ""category_score"": 0.041495494299664135}}, ""sources"": [{""id"": ""subtitles/hermit_2018_es_full_lemmatized_ipm6_spacy_lookup_cleaned_v8.json"", ""file"": ""hermit_2018_es_full_lemmatized_ipm6_spacy_lookup_cleaned_v8.json"", ""category"": ""subtitles"", ""ipm"": 0.002371}], ""corpus_quality"": {""status"": ""accepted"", ""reasons"": []}, ""components"": [{""surface"": ""arreglo"", ""canonical_candidate"": ""arreglo"", ""confidence"": 0.92, ""evidence"": [{""type"": ""morphological_parse"", ""source"": ""candidate_index"", ""path"": [""arregloo"", ""arreglo"", ""arreglo""], ""confidence"": 0.92}]}]}"
es	lemma:cae3c9789c3452d174eb	pregledal	uncertain	not_admitted_candidate		aggregate_only_not_sense_frequency	"[{""path"": ""associativvordes/family-index-v5/members/es/ab.json.gz"", ""family_id"": ""surface:es:pregled"", ""record_sha256"": ""15e201566374d435d0a4dd10622cb5483c33c7a37a0285fce96b7d827a0dabb8""}, {""path"": ""associativvordes/family-index-v5/members/es/d9.json.gz"", ""family_id"": ""surface:es:dal"", ""record_sha256"": ""3fb21241a9a6b1397cf7338a63825f080320eed9770a7b3b3a1035adf59cab28""}]"	"{""lemma_id"": ""lemma:cae3c9789c3452d174eb"", ""word"": ""pregledal"", ""normalized"": ""pregledal"", ""search_form"": ""pregledal"", ""rank"": 674413, ""frequency_score"": 0.04529710280721981, ""category_breakdown"": {""subtitles"": {""ipm_values"": [0.002806, 0.002371], ""category_ipm"": 0.0025884999999999997, ""category_score"": 0.04529710280721981}}, ""sources"": [{""id"": ""subtitles/hermit_2016_es_full_lemmatized_ipm6_spacy_lookup_cleaned_v8.json"", ""file"": ""hermit_2016_es_full_lemmatized_ipm6_spacy_lookup_cleaned_v8.json"", ""category"": ""subtitles"", ""ipm"": 0.002806}, {""id"": ""subtitles/hermit_2018_es_full_lemmatized_ipm6_spacy_lookup_cleaned_v8.json"", ""file"": ""hermit_2018_es_full_lemmatized_ipm6_spacy_lookup_cleaned_v8.json"", ""category"": ""subtitles"", ""ipm"": 0.002371}], ""corpus_quality"": {""status"": ""accepted"", ""reasons"": []}, ""components"": [{""surface"": ""pregled"", ""canonical_candidate"": ""pregled"", ""confidence"": 0.92, ""evidence"": [{""type"": ""morphological_parse"", ""source"": ""candidate_index"", ""path"": [""pregledal"", ""pregled"", ""pregled""], ""confidence"": 0.92}]}]}"
es	lemma:cb0e7638ff787251651e	autoregulándose	uncertain	withheld_historical_uncertain		aggregate_only_not_sense_frequency	"[{""path"": ""associativvordes/family-index-v5/members/es/15.json.gz"", ""family_id"": ""ety:569130f56100"", ""record_sha256"": ""3a4352db2199fef3cb8a5e494c8b05ff22858cdcecb872266f70d20a17b646e4""}, {""path"": ""associativvordes/family-index-v5/members/es/21.json.gz"", ""family_id"": ""surface:es:autoregula"", ""record_sha256"": ""ab93fad7bed24de093aa6753fecf892208f6a08e597b219921de697e09869012""}, {""path"": ""associativvordes/family-index-v5/members/es/3f.json.gz"", ""family_id"": ""ety:bce8f55fa60e"", ""record_sha256"": ""3a4352db2199fef3cb8a5e494c8b05ff22858cdcecb872266f70d20a17b646e4""}, {""path"": ""associativvordes/family-index-v5/members/es/40.json.gz"", ""family_id"": ""family:regul"", ""record_sha256"": ""9d56560ad7e88629a658308d4a01982f7c141fcc549d41199a5e6f2ad0057ed6""}, {""path"": ""associativvordes/family-index-v5/members/es/85.json.gz"", ""family_id"": ""ety:8a59f9a2e798"", ""record_sha256"": ""3a4352db2199fef3cb8a5e494c8b05ff22858cdcecb872266f70d20a17b646e4""}, {""path"": ""associativvordes/family-index-v5/members/es/90.json.gz"", ""family_id"": ""surface:es:regulan"", ""record_sha256"": ""4236e39e8be08d7f3dd8ac6757c0409ca5b754ebb1fb80858dd18ae6b20e14af""}]"	"{""lemma_id"": ""lemma:cb0e7638ff787251651e"", ""word"": ""autoregulándose"", ""normalized"": ""autoregulándose"", ""search_form"": ""autoregulandose"", ""rank"": 438042, ""frequency_score"": 0.04529710280721981, ""category_breakdown"": {""subtitles"": {""ipm_values"": [0.002806, 0.002371], ""category_ipm"": 0.0025884999999999997, ""category_score"": 0.04529710280721981}}, ""sources"": [{""id"": ""subtitles/hermit_2016_es_full_lemmatized_ipm6_spacy_lookup_cleaned_v8.json"", ""file"": ""hermit_2016_es_full_lemmatized_ipm6_spacy_lookup_cleaned_v8.json"", ""category"": ""subtitles"", ""ipm"": 0.002806}, {""id"": ""subtitles/hermit_2018_es_full_lemmatized_ipm6_spacy_lookup_cleaned_v8.json"", ""file"": ""hermit_2018_es_full_lemmatized_ipm6_spacy_lookup_cleaned_v8.json"", ""category"": ""subtitles"", ""ipm"": 0.002371}], ""corpus_quality"": {""status"": ""accepted"", ""reasons"": []}, ""components"": [{""surface"": ""land"", ""canonical_candidate"": ""land"", ""confidence"": 0.81, ""evidence"": [{""type"": ""compound_morphology"", ""source"": ""candidate_index"", ""path"": [""autoregulandose"", ""land"", ""land""], ""confidence"": 0.81}]}]}"
es	lemma:cb47af4973ff0784bb9a	areglándolo	uncertain	not_admitted_candidate		aggregate_only_not_sense_frequency	"[{""path"": ""associativvordes/family-index-v5/members/es/e9.json.gz"", ""family_id"": ""surface:es:areglandol"", ""record_sha256"": ""e1af54197bca9e9ce923490c048126d2f275094a16e07e62c539b03f8c9d6fb5""}]"	"{""lemma_id"": ""lemma:cb47af4973ff0784bb9a"", ""word"": ""areglándolo"", ""normalized"": ""areglándolo"", ""search_form"": ""areglandolo"", ""rank"": 430700, ""frequency_score"": 0.04529710280721981, ""category_breakdown"": {""subtitles"": {""ipm_values"": [0.002806, 0.002371], ""category_ipm"": 0.0025884999999999997, ""category_score"": 0.04529710280721981}}, ""sources"": [{""id"": ""subtitles/hermit_2016_es_full_lemmatized_ipm6_spacy_lookup_cleaned_v8.json"", ""file"": ""hermit_2016_es_full_lemmatized_ipm6_spacy_lookup_cleaned_v8.json"", ""category"": ""subtitles"", ""ipm"": 0.002806}, {""id"": ""subtitles/hermit_2018_es_full_lemmatized_ipm6_spacy_lookup_cleaned_v8.json"", ""file"": ""hermit_2018_es_full_lemmatized_ipm6_spacy_lookup_cleaned_v8.json"", ""category"": ""subtitles"", ""ipm"": 0.002371}], ""corpus_quality"": {""status"": ""accepted"", ""reasons"": []}, ""components"": [{""surface"": ""areglandol"", ""canonical_candidate"": ""areglandol"", ""confidence"": 0.92, ""evidence"": [{""type"": ""morphological_parse"", ""source"": ""candidate_index"", ""path"": [""areglandolo"", ""areglandol"", ""areglandol""], ""confidence"": 0.92}]}]}"
es	lemma:cb7c8c31f58f1f01c196	arregladospor	uncertain	not_admitted_candidate		aggregate_only_not_sense_frequency	"[{""path"": ""associativvordes/family-index-v5/members/es/02.json.gz"", ""family_id"": ""surface:es:lado"", ""record_sha256"": ""6720f4455635a6e474da7b5ff85f1780dd33ea32a021517b0fbc87b6f91aa028""}, {""path"": ""associativvordes/family-index-v5/members/es/6f.json.gz"", ""family_id"": ""surface:es:ados"", ""record_sha256"": ""2e7bb14631d5a7c1c0635c1662a68c5a44e5528ebace67086d21e6f5e0d616f9""}, {""path"": ""associativvordes/family-index-v5/members/es/7c.json.gz"", ""family_id"": ""surface:es:arreglad"", ""record_sha256"": ""786c79e4a76030c0561f8e976e021752a0a3e9dc18de4a648ac57384b1a144e9""}, {""path"": ""associativvordes/family-index-v5/members/es/f2.json.gz"", ""family_id"": ""surface:es:spor"", ""record_sha256"": ""809ce977a5d2427fb26af0433c192e98214d7dcd97f903385fa6a06487265d5d""}]"	"{""lemma_id"": ""lemma:cb7c8c31f58f1f01c196"", ""word"": ""arregladospor"", ""normalized"": ""arregladospor"", ""search_form"": ""arregladospor"", ""rank"": 471455, ""frequency_score"": 0.041495494299664135, ""category_breakdown"": {""subtitles"": {""ipm_values"": [0.002371], ""category_ipm"": 0.002371, ""category_score"": 0.041495494299664135}}, ""sources"": [{""id"": ""subtitles/hermit_2018_es_full_lemmatized_ipm6_spacy_lookup_cleaned_v8.json"", ""file"": ""hermit_2018_es_full_lemmatized_ipm6_spacy_lookup_cleaned_v8.json"", ""category"": ""subtitles"", ""ipm"": 0.002371}], ""corpus_quality"": {""status"": ""accepted"", ""reasons"": []}, ""components"": [{""surface"": ""lado"", ""canonical_candidate"": ""lado"", ""confidence"": 0.81, ""evidence"": [{""type"": ""compound_morphology"", ""source"": ""candidate_index"", ""path"": [""arregladospor"", ""lado"", ""lado""], ""confidence"": 0.81}]}]}"
es	lemma:cb9fc0dbaf544ea2ac50	regulacin	uncertain	withheld_historical_uncertain		aggregate_only_not_sense_frequency	"[{""path"": ""associativvordes/family-index-v5/members/es/40.json.gz"", ""family_id"": ""family:regul"", ""record_sha256"": ""09603bca911653abfd4323831650fed81558c5065d5f0acf9f97266806d94060""}, {""path"": ""associativvordes/family-index-v5/members/es/5e.json.gz"", ""family_id"": ""surface:es:regula"", ""record_sha256"": ""1763ea07ae56fe12eafc1c2925fb1be2866693e0a4a0b72138ac5d0db9f3be88""}, {""path"": ""associativvordes/family-index-v5/members/es/c2.json.gz"", ""family_id"": ""surface:es:cin"", ""record_sha256"": ""7fb9901d232798f1d56b53fbdd49d90f4d9746157e3860477cd44729d5c8a23f""}]"	"{""lemma_id"": ""lemma:cb9fc0dbaf544ea2ac50"", ""word"": ""regulacin"", ""normalized"": ""regulacin"", ""search_form"": ""regulacin"", ""rank"": 19566, ""frequency_score"": 13.49677445351567, ""category_breakdown"": {""mixed"": {""ipm_values"": [1.160362], ""category_ipm"": 1.160362, ""category_score"": 13.49677445351567}}, ""sources"": [{""id"": ""mixed/es_wordlist.lemmatized_stanza_ipm6.json"", ""file"": ""es_wordlist.lemmatized_stanza_ipm6.json"", ""category"": ""mixed"", ""ipm"": 1.160362}], ""corpus_quality"": {""status"": ""accepted"", ""reasons"": []}, ""components"": [{""surface"": ""regul"", ""canonical_candidate"": ""regul"", ""confidence"": 0.97, ""evidence"": [{""type"": ""compound_morphology"", ""source"": ""manually_verified"", ""path"": [""regulacin"", ""regul"", ""regul""], ""confidence"": 0.97}, {""type"": ""verified_seed_alias"", ""source"": ""methodology_control_seed"", ""path"": [""es"", ""regul"", ""family:regul""], ""confidence"": 1}]}]}"
es	lemma:cbfbcac85495721556fa	arreglártelas	uncertain	not_admitted_candidate		aggregate_only_not_sense_frequency	"[{""path"": ""associativvordes/family-index-v5/members/es/ff.json.gz"", ""family_id"": ""surface:es:arreglartel"", ""record_sha256"": ""2f0c0e8beedca58ba666813f525930bf3026c444cfed8f25863e246c9e99a955""}]"	"{""lemma_id"": ""lemma:cbfbcac85495721556fa"", ""word"": ""arreglártelas"", ""normalized"": ""arreglártelas"", ""search_form"": ""arreglartelas"", ""rank"": 20406, ""frequency_score"": 11.157776280617536, ""category_breakdown"": {""subtitles"": {""ipm_values"": [0.903609, 0.877184], ""category_ipm"": 0.8903965, ""category_score"": 11.157776280617536}}, ""sources"": [{""id"": ""subtitles/hermit_2016_es_full_lemmatized_ipm6_spacy_lookup_cleaned_v8.json"", ""file"": ""hermit_2016_es_full_lemmatized_ipm6_spacy_lookup_cleaned_v8.json"", ""category"": ""subtitles"", ""ipm"": 0.903609}, {""id"": ""subtitles/hermit_2018_es_full_lemmatized_ipm6_spacy_lookup_cleaned_v8.json"", ""file"": ""hermit_2018_es_full_lemmatized_ipm6_spacy_lookup_cleaned_v8.json"", ""category"": ""subtitles"", ""ipm"": 0.877184}], ""corpus_quality"": {""status"": ""accepted"", ""reasons"": []}, ""components"": [{""surface"": ""arreglartel"", ""canonical_candidate"": ""arreglartel"", ""confidence"": 0.92, ""evidence"": [{""type"": ""morphological_parse"", ""source"": ""candidate_index"", ""path"": [""arreglartelas"", ""arreglartel"", ""arreglartel""], ""confidence"": 0.92}]}]}"
es	lemma:cc3898dcc2894d3700e1	desregularizó	accepted	accepted	regularizar	aggregate_only_not_sense_frequency	"[{""path"": ""associativvordes/family-index-v5/members/es/40.json.gz"", ""family_id"": ""family:regul"", ""record_sha256"": ""5015ec64554bc69e2fdf338f8b6581802f3999c2dcc4e3ff2d924e0867c3f5cc""}, {""path"": ""associativvordes/family-index-v5/members/es/9c.json.gz"", ""family_id"": ""surface:es:izo"", ""record_sha256"": ""9889fc11e9752160cd8daaab0507d97698af26e19c8fac7fcdbc67078511d799""}, {""path"": ""associativvordes/family-index-v5/members/es/cf.json.gz"", ""family_id"": ""surface:es:desregulariz"", ""record_sha256"": ""39d63c1cb613bf0cae048ca45ba73c9d97f3d028fd8492d7a2989dc49e77b4e2""}]"	"{""lemma_id"": ""lemma:cc3898dcc2894d3700e1"", ""word"": ""desregularizó"", ""normalized"": ""desregularizó"", ""search_form"": ""desregularizo"", ""rank"": 502149, ""frequency_score"": 0.04529710280721981, ""category_breakdown"": {""subtitles"": {""ipm_values"": [0.002806, 0.002371], ""category_ipm"": 0.0025884999999999997, ""category_score"": 0.04529710280721981}}, ""sources"": [{""id"": ""subtitles/hermit_2016_es_full_lemmatized_ipm6_spacy_lookup_cleaned_v8.json"", ""file"": ""hermit_2016_es_full_lemmatized_ipm6_spacy_lookup_cleaned_v8.json"", ""category"": ""subtitles"", ""ipm"": 0.002806}, {""id"": ""subtitles/hermit_2018_es_full_lemmatized_ipm6_spacy_lookup_cleaned_v8.json"", ""file"": ""hermit_2018_es_full_lemmatized_ipm6_spacy_lookup_cleaned_v8.json"", ""category"": ""subtitles"", ""ipm"": 0.002371}], ""corpus_quality"": {""status"": ""accepted"", ""reasons"": []}, ""components"": [{""surface"": ""regul"", ""canonical_candidate"": ""regul"", ""confidence"": 0.97, ""evidence"": [{""type"": ""compound_morphology"", ""source"": ""manually_verified"", ""path"": [""desregularizo"", ""regul"", ""regul""], ""confidence"": 0.97}, {""type"": ""verified_seed_alias"", ""source"": ""methodology_control_seed"", ""path"": [""es"", ""regul"", ""family:regul""], ""confidence"": 1}]}]}"
es	lemma:cc5adc03151f60339127	grupoarreglaron	uncertain	not_admitted_candidate		aggregate_only_not_sense_frequency	"[{""path"": ""associativvordes/family-index-v5/members/es/4a.json.gz"", ""family_id"": ""surface:es:poar"", ""record_sha256"": ""0ef0e8ac9c53d8496f5d30cb00c8bb746a97699b8d2de79c68badd274d383e37""}, {""path"": ""associativvordes/family-index-v5/members/es/70.json.gz"", ""family_id"": ""surface:es:arregla"", ""record_sha256"": ""0453b1d944fd78bc08b622c697d430c67f7b207ba2280c176580c547147d1c9c""}, {""path"": ""associativvordes/family-index-v5/members/es/7f.json.gz"", ""family_id"": ""ety:cdc8c8d134f7"", ""record_sha256"": ""0ff74038aec99ef1edc18494c27ff07734cdff23a3ff89448440422f75bcf993""}, {""path"": ""associativvordes/family-index-v5/members/es/85.json.gz"", ""family_id"": ""ety:eb2973059f42"", ""record_sha256"": ""0ff74038aec99ef1edc18494c27ff07734cdff23a3ff89448440422f75bcf993""}, {""path"": ""associativvordes/family-index-v5/members/es/86.json.gz"", ""family_id"": ""surface:es:aron"", ""record_sha256"": ""ea014f90cf8a179ea9b18f76ceef7f3cb87c1d5b42583e9e058758ea57eb48cb""}, {""path"": ""associativvordes/family-index-v5/members/es/88.json.gz"", ""family_id"": ""surface:es:oarr"", ""record_sha256"": ""1b2655a678c2e508f2effa09111e60cc5e9a1a93f19534da441038a6e013a4ab""}, {""path"": ""associativvordes/family-index-v5/members/es/bd.json.gz"", ""family_id"": ""ety:510d060a1d62"", ""record_sha256"": ""0ff74038aec99ef1edc18494c27ff07734cdff23a3ff89448440422f75bcf993""}, {""path"": ""associativvordes/family-index-v5/members/es/c0.json.gz"", ""family_id"": ""ety:084a79003539"", ""record_sha256"": ""0ff74038aec99ef1edc18494c27ff07734cdff23a3ff89448440422f75bcf993""}]"	"{""lemma_id"": ""lemma:cc5adc03151f60339127"", ""word"": ""grupoarreglaron"", ""normalized"": ""grupoarreglaron"", ""search_form"": ""grupoarreglaron"", ""rank"": 557818, ""frequency_score"": 0.04529710280721981, ""category_breakdown"": {""subtitles"": {""ipm_values"": [0.002806, 0.002371], ""category_ipm"": 0.0025884999999999997, ""category_score"": 0.04529710280721981}}, ""sources"": [{""id"": ""subtitles/hermit_2016_es_full_lemmatized_ipm6_spacy_lookup_cleaned_v8.json"", ""file"": ""hermit_2016_es_full_lemmatized_ipm6_spacy_lookup_cleaned_v8.json"", ""category"": ""subtitles"", ""ipm"": 0.002806}, {""id"": ""subtitles/hermit_2018_es_full_lemmatized_ipm6_spacy_lookup_cleaned_v8.json"", ""file"": ""hermit_2018_es_full_lemmatized_ipm6_spacy_lookup_cleaned_v8.json"", ""category"": ""subtitles"", ""ipm"": 0.002371}], ""corpus_quality"": {""status"": ""accepted"", ""reasons"": []}, ""components"": [{""surface"": ""poar"", ""canonical_candidate"": ""poar"", ""confidence"": 0.81, ""evidence"": [{""type"": ""compound_morphology"", ""source"": ""candidate_index"", ""path"": [""grupoarreglaron"", ""poar"", ""poar""], ""confidence"": 0.81}]}]}"
es	lemma:ccb9affc5f1e1c7d8972	sobrerregulación	accepted	accepted	regular	aggregate_only_not_sense_frequency	"[{""path"": ""associativvordes/family-index-v5/members/es/40.json.gz"", ""family_id"": ""family:regul"", ""record_sha256"": ""46097d7277b65edcee4eee41b688de9abaf42858833f66c03d542bcbc1a48ce2""}, {""path"": ""associativvordes/family-index-v5/members/es/63.json.gz"", ""family_id"": ""surface:es:regulacion"", ""record_sha256"": ""f9f7869cad50e41a487fd7d6eaba95217698a12d4833c30462c4bf28dd9dfe22""}, {""path"": ""associativvordes/family-index-v5/members/es/a0.json.gz"", ""family_id"": ""surface:es:sobrerregulac"", ""record_sha256"": ""dfc41e7ffe8b84e8c7edd080b538f484a318578e4cb921ad82ef8210e6149f8d""}]"	"{""lemma_id"": ""lemma:ccb9affc5f1e1c7d8972"", ""word"": ""sobrerregulación"", ""normalized"": ""sobrerregulación"", ""search_form"": ""sobrerregulacion"", ""rank"": 787707, ""frequency_score"": 0.041495494299664135, ""category_breakdown"": {""subtitles"": {""ipm_values"": [0.002371], ""category_ipm"": 0.002371, ""category_score"": 0.041495494299664135}}, ""sources"": [{""id"": ""subtitles/hermit_2018_es_full_lemmatized_ipm6_spacy_lookup_cleaned_v8.json"", ""file"": ""hermit_2018_es_full_lemmatized_ipm6_spacy_lookup_cleaned_v8.json"", ""category"": ""subtitles"", ""ipm"": 0.002371}], ""corpus_quality"": {""status"": ""accepted"", ""reasons"": []}, ""components"": [{""surface"": ""regul"", ""canonical_candidate"": ""regul"", ""confidence"": 1, ""evidence"": [{""type"": ""compound_morphology"", ""source"": ""manually_verified"", ""path"": [""sobrerregulacion"", ""regul"", ""regul""], ""confidence"": 1}, {""type"": ""verified_seed_alias"", ""source"": ""methodology_control_seed"", ""path"": [""es"", ""regul"", ""family:regul""], ""confidence"": 1}]}]}"
es	lemma:ccc69f3a872167d17990	arreglándotelas	uncertain	not_admitted_candidate		aggregate_only_not_sense_frequency	"[{""path"": ""associativvordes/family-index-v5/members/es/20.json.gz"", ""family_id"": ""surface:es:arreglandotel"", ""record_sha256"": ""f969baa246263a420e50117d6a4c3526dea755b8db3d90162ca8bd17b5b5afd8""}]"	"{""lemma_id"": ""lemma:ccc69f3a872167d17990"", ""word"": ""arreglándotelas"", ""normalized"": ""arreglándotelas"", ""search_form"": ""arreglandotelas"", ""rank"": 131181, ""frequency_score"": 0.4845207127174161, ""category_breakdown"": {""subtitles"": {""ipm_values"": [0.025256, 0.03082], ""category_ipm"": 0.028038, ""category_score"": 0.4845207127174161}}, ""sources"": [{""id"": ""subtitles/hermit_2016_es_full_lemmatized_ipm6_spacy_lookup_cleaned_v8.json"", ""file"": ""hermit_2016_es_full_lemmatized_ipm6_spacy_lookup_cleaned_v8.json"", ""category"": ""subtitles"", ""ipm"": 0.025256}, {""id"": ""subtitles/hermit_2018_es_full_lemmatized_ipm6_spacy_lookup_cleaned_v8.json"", ""file"": ""hermit_2018_es_full_lemmatized_ipm6_spacy_lookup_cleaned_v8.json"", ""category"": ""subtitles"", ""ipm"": 0.03082}], ""corpus_quality"": {""status"": ""accepted"", ""reasons"": []}, ""components"": [{""surface"": ""arreglandotel"", ""canonical_candidate"": ""arreglandotel"", ""confidence"": 0.92, ""evidence"": [{""type"": ""morphological_parse"", ""source"": ""candidate_index"", ""path"": [""arreglandotelas"", ""arreglandotel"", ""arreglandotel""], ""confidence"": 0.92}]}]}"
es	lemma:cd49b3ef60550d243736	reglaos	uncertain	not_admitted_candidate		aggregate_only_not_sense_frequency	"[{""path"": ""associativvordes/family-index-v5/members/es/81.json.gz"", ""family_id"": ""surface:es:regla"", ""record_sha256"": ""ab6823023f88c68d1e402e2dd2c7a126cc24e8979fdb8ab507e6b08dcfd07bb3""}, {""path"": ""associativvordes/family-index-v5/members/es/dd.json.gz"", ""family_id"": ""surface:es:aos"", ""record_sha256"": ""a1f6cff3d0206a3b20bce324d524fc977f86588f6f95f6a36e23dc0355eac85d""}]"	"{""lemma_id"": ""lemma:cd49b3ef60550d243736"", ""word"": ""reglaos"", ""normalized"": ""reglaos"", ""search_form"": ""reglaos"", ""rank"": 691792, ""frequency_score"": 0.04909788668913623, ""category_breakdown"": {""subtitles"": {""ipm_values"": [0.002806], ""category_ipm"": 0.002806, ""category_score"": 0.04909788668913623}}, ""sources"": [{""id"": ""subtitles/hermit_2016_es_full_lemmatized_ipm6_spacy_lookup_cleaned_v8.json"", ""file"": ""hermit_2016_es_full_lemmatized_ipm6_spacy_lookup_cleaned_v8.json"", ""category"": ""subtitles"", ""ipm"": 0.002806}], ""corpus_quality"": {""status"": ""accepted"", ""reasons"": []}, ""components"": [{""surface"": ""regla"", ""canonical_candidate"": ""regla"", ""confidence"": 0.92, ""evidence"": [{""type"": ""morphological_parse"", ""source"": ""candidate_index"", ""path"": [""reglaos"", ""regla"", ""regla""], ""confidence"": 0.92}]}]}"
es	lemma:cdd81c63fff4ae50529c	desarreglarme	uncertain	not_admitted_candidate		aggregate_only_not_sense_frequency	"[{""path"": ""associativvordes/family-index-v5/members/es/70.json.gz"", ""family_id"": ""surface:es:arregla"", ""record_sha256"": ""05c3bb9bfbd751a4fa100b6043475e3a865620037ba0c0e12baddb778a6e7409""}, {""path"": ""associativvordes/family-index-v5/members/es/99.json.gz"", ""family_id"": ""surface:es:desarregl"", ""record_sha256"": ""5fe3d4b862e21c64a98976507428c94ba45e6715f8f14908a25cce4a9031ce9a""}]"	"{""lemma_id"": ""lemma:cdd81c63fff4ae50529c"", ""word"": ""desarreglarme"", ""normalized"": ""desarreglarme"", ""search_form"": ""desarreglarme"", ""rank"": 497714, ""frequency_score"": 0.04909788668913623, ""category_breakdown"": {""subtitles"": {""ipm_values"": [0.002806], ""category_ipm"": 0.002806, ""category_score"": 0.04909788668913623}}, ""sources"": [{""id"": ""subtitles/hermit_2016_es_full_lemmatized_ipm6_spacy_lookup_cleaned_v8.json"", ""file"": ""hermit_2016_es_full_lemmatized_ipm6_spacy_lookup_cleaned_v8.json"", ""category"": ""subtitles"", ""ipm"": 0.002806}], ""corpus_quality"": {""status"": ""accepted"", ""reasons"": []}, ""components"": [{""surface"": ""arregla"", ""canonical_candidate"": ""arregla"", ""confidence"": 0.81, ""evidence"": [{""type"": ""compound_morphology"", ""source"": ""candidate_index"", ""path"": [""desarreglarme"", ""arregla"", ""arregla""], ""confidence"": 0.81}]}]}"
es	lemma:ce7e1e203cfc25fc1f92	porarreglarlas	uncertain	not_admitted_candidate		aggregate_only_not_sense_frequency	"[{""path"": ""associativvordes/family-index-v5/members/es/61.json.gz"", ""family_id"": ""surface:es:porarreglarl"", ""record_sha256"": ""e3a93d4f37be21e39518be19939455ccbdfd0ec145f5c85497e13ab995909088""}]"	"{""lemma_id"": ""lemma:ce7e1e203cfc25fc1f92"", ""word"": ""porarreglarlas"", ""normalized"": ""porarreglarlas"", ""search_form"": ""porarreglarlas"", ""rank"": 671577, ""frequency_score"": 0.04529710280721981, ""category_breakdown"": {""subtitles"": {""ipm_values"": [0.002806, 0.002371], ""category_ipm"": 0.0025884999999999997, ""category_score"": 0.04529710280721981}}, ""sources"": [{""id"": ""subtitles/hermit_2016_es_full_lemmatized_ipm6_spacy_lookup_cleaned_v8.json"", ""file"": ""hermit_2016_es_full_lemmatized_ipm6_spacy_lookup_cleaned_v8.json"", ""category"": ""subtitles"", ""ipm"": 0.002806}, {""id"": ""subtitles/hermit_2018_es_full_lemmatized_ipm6_spacy_lookup_cleaned_v8.json"", ""file"": ""hermit_2018_es_full_lemmatized_ipm6_spacy_lookup_cleaned_v8.json"", ""category"": ""subtitles"", ""ipm"": 0.002371}], ""corpus_quality"": {""status"": ""accepted"", ""reasons"": []}, ""components"": [{""surface"": ""porarreglarl"", ""canonical_candidate"": ""porarreglarl"", ""confidence"": 0.92, ""evidence"": [{""type"": ""morphological_parse"", ""source"": ""candidate_index"", ""path"": [""porarreglarlas"", ""porarreglarl"", ""porarreglarl""], ""confidence"": 0.92}]}]}"
es	lemma:ce8b625e18d51c78b3e2	arreglador	uncertain	not_admitted_candidate		aggregate_only_not_sense_frequency	"[{""path"": ""associativvordes/family-index-v5/members/es/50.json.gz"", ""family_id"": ""surface:es:lador"", ""record_sha256"": ""5ef3e1268717e6647286be5782f4b348b5bdf470684a3590a031e79168273544""}, {""path"": ""associativvordes/family-index-v5/members/es/70.json.gz"", ""family_id"": ""surface:es:arregla"", ""record_sha256"": ""142fcfd246b524dcea339f206348edba5e42b516b3a640588344ae74621989fd""}]"	"{""lemma_id"": ""lemma:ce8b625e18d51c78b3e2"", ""word"": ""arreglador"", ""normalized"": ""arreglador"", ""search_form"": ""arreglador"", ""rank"": 45944, ""frequency_score"": 3.1892280099282306, ""category_breakdown"": {""subtitles"": {""ipm_values"": [0.204856, 0.194403], ""category_ipm"": 0.19962950000000002, ""category_score"": 3.1892280099282306}}, ""sources"": [{""id"": ""subtitles/hermit_2016_es_full_lemmatized_ipm6_spacy_lookup_cleaned_v8.json"", ""file"": ""hermit_2016_es_full_lemmatized_ipm6_spacy_lookup_cleaned_v8.json"", ""category"": ""subtitles"", ""ipm"": 0.204856}, {""id"": ""subtitles/hermit_2018_es_full_lemmatized_ipm6_spacy_lookup_cleaned_v8.json"", ""file"": ""hermit_2018_es_full_lemmatized_ipm6_spacy_lookup_cleaned_v8.json"", ""category"": ""subtitles"", ""ipm"": 0.194403}], ""corpus_quality"": {""status"": ""accepted"", ""reasons"": []}, ""components"": [{""surface"": ""lador"", ""canonical_candidate"": ""lador"", ""confidence"": 0.89, ""evidence"": [{""type"": ""compound_morphology"", ""source"": ""candidate_index"", ""path"": [""arreglador"", ""lador"", ""lador""], ""confidence"": 0.89}]}]}"
es	lemma:ceb709bacebd813d6eb5	arreglárnorlas	uncertain	not_admitted_candidate		aggregate_only_not_sense_frequency	"[{""path"": ""associativvordes/family-index-v5/members/es/6b.json.gz"", ""family_id"": ""surface:es:arreglarnorl"", ""record_sha256"": ""b62a29dd25d45efd36527167a5a84151018b40ed58fb0f15154b91016b291a5e""}]"	"{""lemma_id"": ""lemma:ceb709bacebd813d6eb5"", ""word"": ""arreglárnorlas"", ""normalized"": ""arreglárnorlas"", ""search_form"": ""arreglarnorlas"", ""rank"": 471525, ""frequency_score"": 0.041495494299664135, ""category_breakdown"": {""subtitles"": {""ipm_values"": [0.002371], ""category_ipm"": 0.002371, ""category_score"": 0.041495494299664135}}, ""sources"": [{""id"": ""subtitles/hermit_2018_es_full_lemmatized_ipm6_spacy_lookup_cleaned_v8.json"", ""file"": ""hermit_2018_es_full_lemmatized_ipm6_spacy_lookup_cleaned_v8.json"", ""category"": ""subtitles"", ""ipm"": 0.002371}], ""corpus_quality"": {""status"": ""accepted"", ""reasons"": []}, ""components"": [{""surface"": ""arreglarnorl"", ""canonical_candidate"": ""arreglarnorl"", ""confidence"": 0.92, ""evidence"": [{""type"": ""morphological_parse"", ""source"": ""candidate_index"", ""path"": [""arreglarnorlas"", ""arreglarnorl"", ""arreglarnorl""], ""confidence"": 0.92}]}]}"
es	lemma:cff14d19c2031a47be9b	arreglame	uncertain	not_admitted_candidate		aggregate_only_not_sense_frequency	"[{""path"": ""associativvordes/family-index-v5/members/es/b1.json.gz"", ""family_id"": ""surface:es:arregl"", ""record_sha256"": ""2f6a1872d3ba61cd1aa906b13397269371e4cd7a4db59c199ec99d75c8e1f9fd""}, {""path"": ""associativvordes/family-index-v5/members/es/e1.json.gz"", ""family_id"": ""surface:es:lame"", ""record_sha256"": ""75824fc4aaa70bd32197dd1f4100b226a9fa2756f908e17ec2bd69aab64c1b22""}]"	"{""lemma_id"": ""lemma:cff14d19c2031a47be9b"", ""word"": ""arreglame"", ""normalized"": ""arreglame"", ""search_form"": ""arreglame"", ""rank"": 136948, ""frequency_score"": 0.4882274165955456, ""category_breakdown"": {""subtitles"": {""ipm_values"": [0.028062, 0.028449], ""category_ipm"": 0.0282555, ""category_score"": 0.4882274165955456}}, ""sources"": [{""id"": ""subtitles/hermit_2016_es_full_lemmatized_ipm6_spacy_lookup_cleaned_v8.json"", ""file"": ""hermit_2016_es_full_lemmatized_ipm6_spacy_lookup_cleaned_v8.json"", ""category"": ""subtitles"", ""ipm"": 0.028062}, {""id"": ""subtitles/hermit_2018_es_full_lemmatized_ipm6_spacy_lookup_cleaned_v8.json"", ""file"": ""hermit_2018_es_full_lemmatized_ipm6_spacy_lookup_cleaned_v8.json"", ""category"": ""subtitles"", ""ipm"": 0.028449}], ""corpus_quality"": {""status"": ""accepted"", ""reasons"": []}, ""components"": [{""surface"": ""arregl"", ""canonical_candidate"": ""arregl"", ""confidence"": 0.81, ""evidence"": [{""type"": ""compound_morphology"", ""source"": ""candidate_index"", ""path"": [""arreglame"", ""arregl"", ""arregl""], ""confidence"": 0.81}]}]}"
es	lemma:d0aec4e2c7c10c3e1569	arreglarse	uncertain	not_admitted_candidate		aggregate_only_not_sense_frequency	"[{""path"": ""associativvordes/family-index-v5/members/es/70.json.gz"", ""family_id"": ""surface:es:arregla"", ""record_sha256"": ""21335bca14a098fe1fd683ca3156ee91e1c27c85c52e035035f9060b848ae739""}]"	"{""lemma_id"": ""lemma:d0aec4e2c7c10c3e1569"", ""word"": ""arreglarse"", ""normalized"": ""arreglarse"", ""search_form"": ""arreglarse"", ""rank"": 11014, ""frequency_score"": 21.90464171514911, ""category_breakdown"": {""subtitles"": {""ipm_values"": [2.539647, 2.441891], ""category_ipm"": 2.4907690000000002, ""category_score"": 21.90464171514911}}, ""sources"": [{""id"": ""subtitles/hermit_2016_es_full_lemmatized_ipm6_spacy_lookup_cleaned_v8.json"", ""file"": ""hermit_2016_es_full_lemmatized_ipm6_spacy_lookup_cleaned_v8.json"", ""category"": ""subtitles"", ""ipm"": 2.539647}, {""id"": ""subtitles/hermit_2018_es_full_lemmatized_ipm6_spacy_lookup_cleaned_v8.json"", ""file"": ""hermit_2018_es_full_lemmatized_ipm6_spacy_lookup_cleaned_v8.json"", ""category"": ""subtitles"", ""ipm"": 2.441891}], ""corpus_quality"": {""status"": ""accepted"", ""reasons"": []}, ""components"": [{""surface"": ""arregla"", ""canonical_candidate"": ""arregla"", ""confidence"": 0.81, ""evidence"": [{""type"": ""compound_morphology"", ""source"": ""candidate_index"", ""path"": [""arreglarse"", ""arregla"", ""arregla""], ""confidence"": 0.81}]}]}"
es	lemma:d0e000359067e3aafc6d	reglazos	uncertain	not_admitted_candidate		aggregate_only_not_sense_frequency	"[{""path"": ""associativvordes/family-index-v5/members/es/21.json.gz"", ""family_id"": ""surface:es:reglaz"", ""record_sha256"": ""14bfc36bdd7ebb0d4aba538296da74457007ed9badae6c72c137a79c7a2441f4""}, {""path"": ""associativvordes/family-index-v5/members/es/a8.json.gz"", ""family_id"": ""surface:es:zos"", ""record_sha256"": ""4da0c345e0398365eb06a729c75b790bda5e0a04d64e7cc5cbbe5e4ed2b0ff55""}]"	"{""lemma_id"": ""lemma:d0e000359067e3aafc6d"", ""word"": ""reglazos"", ""normalized"": ""reglazos"", ""search_form"": ""reglazos"", ""rank"": 192861, ""frequency_score"": 0.2700425905844662, ""category_breakdown"": {""subtitles"": {""ipm_values"": [0.016837, 0.014225], ""category_ipm"": 0.015531, ""category_score"": 0.2700425905844662}}, ""sources"": [{""id"": ""subtitles/hermit_2016_es_full_lemmatized_ipm6_spacy_lookup_cleaned_v8.json"", ""file"": ""hermit_2016_es_full_lemmatized_ipm6_spacy_lookup_cleaned_v8.json"", ""category"": ""subtitles"", ""ipm"": 0.016837}, {""id"": ""subtitles/hermit_2018_es_full_lemmatized_ipm6_spacy_lookup_cleaned_v8.json"", ""file"": ""hermit_2018_es_full_lemmatized_ipm6_spacy_lookup_cleaned_v8.json"", ""category"": ""subtitles"", ""ipm"": 0.014225}], ""corpus_quality"": {""status"": ""accepted"", ""reasons"": []}, ""components"": [{""surface"": ""reglaz"", ""canonical_candidate"": ""reglaz"", ""confidence"": 0.92, ""evidence"": [{""type"": ""morphological_parse"", ""source"": ""candidate_index"", ""path"": [""reglazos"", ""reglaz"", ""reglaz""], ""confidence"": 0.92}]}]}"
es	lemma:d128d54e28f15ba37a95	arreglelas	uncertain	not_admitted_candidate		aggregate_only_not_sense_frequency	"[{""path"": ""associativvordes/family-index-v5/members/es/70.json.gz"", ""family_id"": ""surface:es:arreglel"", ""record_sha256"": ""ebdaa0d8cb0e423d9908684daaaf9d1f495beca3e45cad5b6a2c76bf6260c76c""}]"	"{""lemma_id"": ""lemma:d128d54e28f15ba37a95"", ""word"": ""arreglelas"", ""normalized"": ""arreglelas"", ""search_form"": ""arreglelas"", ""rank"": 309281, ""frequency_score"": 0.06979986216223158, ""category_breakdown"": {""subtitles"": {""ipm_values"": [0.005612, 0.002371], ""category_ipm"": 0.0039915, ""category_score"": 0.06979986216223158}}, ""sources"": [{""id"": ""subtitles/hermit_2016_es_full_lemmatized_ipm6_spacy_lookup_cleaned_v8.json"", ""file"": ""hermit_2016_es_full_lemmatized_ipm6_spacy_lookup_cleaned_v8.json"", ""category"": ""subtitles"", ""ipm"": 0.005612}, {""id"": ""subtitles/hermit_2018_es_full_lemmatized_ipm6_spacy_lookup_cleaned_v8.json"", ""file"": ""hermit_2018_es_full_lemmatized_ipm6_spacy_lookup_cleaned_v8.json"", ""category"": ""subtitles"", ""ipm"": 0.002371}], ""corpus_quality"": {""status"": ""accepted"", ""reasons"": []}, ""components"": [{""surface"": ""arreglel"", ""canonical_candidate"": ""arreglel"", ""confidence"": 0.92, ""evidence"": [{""type"": ""morphological_parse"", ""source"": ""candidate_index"", ""path"": [""arreglelas"", ""arreglel"", ""arreglel""], ""confidence"": 0.92}]}]}"
es	lemma:d15e68e8acf6e87cbcd7	arréglalos	uncertain	not_admitted_candidate		aggregate_only_not_sense_frequency	"[{""path"": ""associativvordes/family-index-v5/members/es/14.json.gz"", ""family_id"": ""surface:es:arreglal"", ""record_sha256"": ""073a1ebc71e582cc3b363114f734d6a4e6c6df7546c6cd08de1900014e5c94ab""}, {""path"": ""associativvordes/family-index-v5/members/es/27.json.gz"", ""family_id"": ""surface:es:alos"", ""record_sha256"": ""68fdfe93f1b3422f5bf9adeb911709cf13b85a5e15a0c60db7faf23fe5b00118""}]"	"{""lemma_id"": ""lemma:d15e68e8acf6e87cbcd7"", ""word"": ""arréglalos"", ""normalized"": ""arréglalos"", ""search_form"": ""arreglalos"", ""rank"": 100484, ""frequency_score"": 0.7399395146361734, ""category_breakdown"": {""subtitles"": {""ipm_values"": [0.036481, 0.049786], ""category_ipm"": 0.0431335, ""category_score"": 0.7399395146361734}}, ""sources"": [{""id"": ""subtitles/hermit_2016_es_full_lemmatized_ipm6_spacy_lookup_cleaned_v8.json"", ""file"": ""hermit_2016_es_full_lemmatized_ipm6_spacy_lookup_cleaned_v8.json"", ""category"": ""subtitles"", ""ipm"": 0.036481}, {""id"": ""subtitles/hermit_2018_es_full_lemmatized_ipm6_spacy_lookup_cleaned_v8.json"", ""file"": ""hermit_2018_es_full_lemmatized_ipm6_spacy_lookup_cleaned_v8.json"", ""category"": ""subtitles"", ""ipm"": 0.049786}], ""corpus_quality"": {""status"": ""accepted"", ""reasons"": []}, ""components"": [{""surface"": ""arreglal"", ""canonical_candidate"": ""arreglal"", ""confidence"": 0.92, ""evidence"": [{""type"": ""morphological_parse"", ""source"": ""candidate_index"", ""path"": [""arreglalos"", ""arreglal"", ""arreglal""], ""confidence"": 0.92}]}]}"
es	lemma:d29acb8c32f91db923fa	arréglamelas	uncertain	not_admitted_candidate		aggregate_only_not_sense_frequency	"[{""path"": ""associativvordes/family-index-v5/members/es/52.json.gz"", ""family_id"": ""surface:es:melas"", ""record_sha256"": ""b6afe9902668c59d22e6c8bd28cf427efec120718ba21602e3111e283cf48ffe""}, {""path"": ""associativvordes/family-index-v5/members/es/be.json.gz"", ""family_id"": ""surface:es:arreglamel"", ""record_sha256"": ""c4373210931a607d25edc08f6d94834d8dc17b806d9ad53952b7f4394620ad84""}]"	"{""lemma_id"": ""lemma:d29acb8c32f91db923fa"", ""word"": ""arréglamelas"", ""normalized"": ""arréglamelas"", ""search_form"": ""arreglamelas"", ""rank"": 280021, ""frequency_score"": 0.11112187447585387, ""category_breakdown"": {""subtitles"": {""ipm_values"": [0.005612, 0.007112], ""category_ipm"": 0.006362, ""category_score"": 0.11112187447585387}}, ""sources"": [{""id"": ""subtitles/hermit_2016_es_full_lemmatized_ipm6_spacy_lookup_cleaned_v8.json"", ""file"": ""hermit_2016_es_full_lemmatized_ipm6_spacy_lookup_cleaned_v8.json"", ""category"": ""subtitles"", ""ipm"": 0.005612}, {""id"": ""subtitles/hermit_2018_es_full_lemmatized_ipm6_spacy_lookup_cleaned_v8.json"", ""file"": ""hermit_2018_es_full_lemmatized_ipm6_spacy_lookup_cleaned_v8.json"", ""category"": ""subtitles"", ""ipm"": 0.007112}], ""corpus_quality"": {""status"": ""accepted"", ""reasons"": []}, ""components"": [{""surface"": ""melas"", ""canonical_candidate"": ""melas"", ""confidence"": 0.89, ""evidence"": [{""type"": ""compound_morphology"", ""source"": ""candidate_index"", ""path"": [""arreglamelas"", ""melas"", ""melas""], ""confidence"": 0.89}]}]}"
es	lemma:d2ab9881be1d3a1ad5c7	arreglárndose	uncertain	not_admitted_candidate		aggregate_only_not_sense_frequency	"[{""path"": ""associativvordes/family-index-v5/members/es/58.json.gz"", ""family_id"": ""surface:es:arreglarn"", ""record_sha256"": ""07af3c151c545f185b27e3e367bd93b6fbee08230d2626ab893662c98841d056""}]"	"{""lemma_id"": ""lemma:d2ab9881be1d3a1ad5c7"", ""word"": ""arreglárndose"", ""normalized"": ""arreglárndose"", ""search_form"": ""arreglarndose"", ""rank"": 431935, ""frequency_score"": 0.04529710280721981, ""category_breakdown"": {""subtitles"": {""ipm_values"": [0.002806, 0.002371], ""category_ipm"": 0.0025884999999999997, ""category_score"": 0.04529710280721981}}, ""sources"": [{""id"": ""subtitles/hermit_2016_es_full_lemmatized_ipm6_spacy_lookup_cleaned_v8.json"", ""file"": ""hermit_2016_es_full_lemmatized_ipm6_spacy_lookup_cleaned_v8.json"", ""category"": ""subtitles"", ""ipm"": 0.002806}, {""id"": ""subtitles/hermit_2018_es_full_lemmatized_ipm6_spacy_lookup_cleaned_v8.json"", ""file"": ""hermit_2018_es_full_lemmatized_ipm6_spacy_lookup_cleaned_v8.json"", ""category"": ""subtitles"", ""ipm"": 0.002371}], ""corpus_quality"": {""status"": ""accepted"", ""reasons"": []}, ""components"": [{""surface"": ""arreglarn"", ""canonical_candidate"": ""arreglarn"", ""confidence"": 0.81, ""evidence"": [{""type"": ""compound_morphology"", ""source"": ""candidate_index"", ""path"": [""arreglarndose"", ""arreglarn"", ""arreglarn""], ""confidence"": 0.81}]}]}"
es	lemma:d2be2e3434b18c3918c0	arregleis	uncertain	not_admitted_candidate		aggregate_only_not_sense_frequency	"[{""path"": ""associativvordes/family-index-v5/members/es/b1.json.gz"", ""family_id"": ""surface:es:arregl"", ""record_sha256"": ""47a72d23d9b9c6a00547e303356bd1c17ece799685940f4bee9a9da95f7bc647""}, {""path"": ""associativvordes/family-index-v5/members/es/ff.json.gz"", ""family_id"": ""surface:es:leis"", ""record_sha256"": ""4e3480ec8434f426901fde487cb9f77e9ac880ed003c5ffe9cd73f267e5c1234""}]"	"{""lemma_id"": ""lemma:d2be2e3434b18c3918c0"", ""word"": ""arregleis"", ""normalized"": ""arregleis"", ""search_form"": ""arregleis"", ""rank"": 198441, ""frequency_score"": 0.22532351691456265, ""category_breakdown"": {""subtitles"": {""ipm_values"": [0.014031, 0.011854], ""category_ipm"": 0.0129425, ""category_score"": 0.22532351691456265}}, ""sources"": [{""id"": ""subtitles/hermit_2016_es_full_lemmatized_ipm6_spacy_lookup_cleaned_v8.json"", ""file"": ""hermit_2016_es_full_lemmatized_ipm6_spacy_lookup_cleaned_v8.json"", ""category"": ""subtitles"", ""ipm"": 0.014031}, {""id"": ""subtitles/hermit_2018_es_full_lemmatized_ipm6_spacy_lookup_cleaned_v8.json"", ""file"": ""hermit_2018_es_full_lemmatized_ipm6_spacy_lookup_cleaned_v8.json"", ""category"": ""subtitles"", ""ipm"": 0.011854}], ""corpus_quality"": {""status"": ""accepted"", ""reasons"": []}, ""components"": [{""surface"": ""arregl"", ""canonical_candidate"": ""arregl"", ""confidence"": 0.81, ""evidence"": [{""type"": ""compound_morphology"", ""source"": ""candidate_index"", ""path"": [""arregleis"", ""arregl"", ""arregl""], ""confidence"": 0.81}]}]}"
es	lemma:d2def735387646185dc8	desareglado	uncertain	not_admitted_candidate		aggregate_only_not_sense_frequency	"[{""path"": ""associativvordes/family-index-v5/members/es/02.json.gz"", ""family_id"": ""surface:es:lado"", ""record_sha256"": ""61b53f1ba9eee4a9e4d2128c59a8af7b4c8a4e27e5d2a45d5860b1bc3639fb7b""}, {""path"": ""associativvordes/family-index-v5/members/es/84.json.gz"", ""family_id"": ""surface:es:desareglad"", ""record_sha256"": ""5089b82536b39bffedd520d039a95847a3b0efb2a8601f340068fd5cc729398f""}]"	"{""lemma_id"": ""lemma:d2def735387646185dc8"", ""word"": ""desareglado"", ""normalized"": ""desareglado"", ""search_form"": ""desareglado"", ""rank"": 497673, ""frequency_score"": 0.04909788668913623, ""category_breakdown"": {""subtitles"": {""ipm_values"": [0.002806], ""category_ipm"": 0.002806, ""category_score"": 0.04909788668913623}}, ""sources"": [{""id"": ""subtitles/hermit_2016_es_full_lemmatized_ipm6_spacy_lookup_cleaned_v8.json"", ""file"": ""hermit_2016_es_full_lemmatized_ipm6_spacy_lookup_cleaned_v8.json"", ""category"": ""subtitles"", ""ipm"": 0.002806}], ""corpus_quality"": {""status"": ""accepted"", ""reasons"": []}, ""components"": [{""surface"": ""lado"", ""canonical_candidate"": ""lado"", ""confidence"": 0.89, ""evidence"": [{""type"": ""compound_morphology"", ""source"": ""candidate_index"", ""path"": [""desareglado"", ""lado"", ""lado""], ""confidence"": 0.89}]}]}"
es	lemma:d30faae9b990918a643f	arreglarles	uncertain	not_admitted_candidate		aggregate_only_not_sense_frequency	"[{""path"": ""associativvordes/family-index-v5/members/es/7e.json.gz"", ""family_id"": ""surface:es:arreglarl"", ""record_sha256"": ""96107de03ec6a11cac295a82ce224d1dd4fb64ae8e956ddb62805f7fe0ad17bb""}]"	"{""lemma_id"": ""lemma:d30faae9b990918a643f"", ""word"": ""arreglarles"", ""normalized"": ""arreglarles"", ""search_form"": ""arreglarles"", ""rank"": 87306, ""frequency_score"": 1.0684314311500738, ""category_breakdown"": {""subtitles"": {""ipm_values"": [0.061737, 0.064011], ""category_ipm"": 0.062874, ""category_score"": 1.0684314311500738}}, ""sources"": [{""id"": ""subtitles/hermit_2016_es_full_lemmatized_ipm6_spacy_lookup_cleaned_v8.json"", ""file"": ""hermit_2016_es_full_lemmatized_ipm6_spacy_lookup_cleaned_v8.json"", ""category"": ""subtitles"", ""ipm"": 0.061737}, {""id"": ""subtitles/hermit_2018_es_full_lemmatized_ipm6_spacy_lookup_cleaned_v8.json"", ""file"": ""hermit_2018_es_full_lemmatized_ipm6_spacy_lookup_cleaned_v8.json"", ""category"": ""subtitles"", ""ipm"": 0.064011}], ""corpus_quality"": {""status"": ""accepted"", ""reasons"": []}, ""components"": [{""surface"": ""arreglarl"", ""canonical_candidate"": ""arreglarl"", ""confidence"": 0.92, ""evidence"": [{""type"": ""morphological_parse"", ""source"": ""candidate_index"", ""path"": [""arreglarles"", ""arreglarl"", ""arreglarl""], ""confidence"": 0.92}]}]}"
es	lemma:d373571fd59d8270e501	arreglémosnos	uncertain	not_admitted_candidate		aggregate_only_not_sense_frequency	"[{""path"": ""associativvordes/family-index-v5/members/es/e1.json.gz"", ""family_id"": ""surface:es:arreglemosn"", ""record_sha256"": ""3c7c43526d7cf136d55e0eb90b9f11d4868d4c48d36abe931e0b6a3ea561af79""}]"	"{""lemma_id"": ""lemma:d373571fd59d8270e501"", ""word"": ""arreglémosnos"", ""normalized"": ""arreglémosnos"", ""search_form"": ""arreglemosnos"", ""rank"": 279930, ""frequency_score"": 0.08667687199795018, ""category_breakdown"": {""subtitles"": {""ipm_values"": [0.002806, 0.007112], ""category_ipm"": 0.004959, ""category_score"": 0.08667687199795018}}, ""sources"": [{""id"": ""subtitles/hermit_2016_es_full_lemmatized_ipm6_spacy_lookup_cleaned_v8.json"", ""file"": ""hermit_2016_es_full_lemmatized_ipm6_spacy_lookup_cleaned_v8.json"", ""category"": ""subtitles"", ""ipm"": 0.002806}, {""id"": ""subtitles/hermit_2018_es_full_lemmatized_ipm6_spacy_lookup_cleaned_v8.json"", ""file"": ""hermit_2018_es_full_lemmatized_ipm6_spacy_lookup_cleaned_v8.json"", ""category"": ""subtitles"", ""ipm"": 0.007112}], ""corpus_quality"": {""status"": ""accepted"", ""reasons"": []}, ""components"": [{""surface"": ""arreglemosn"", ""canonical_candidate"": ""arreglemosn"", ""confidence"": 0.92, ""evidence"": [{""type"": ""morphological_parse"", ""source"": ""candidate_index"", ""path"": [""arreglemosnos"", ""arreglemosn"", ""arreglemosn""], ""confidence"": 0.92}]}]}"
es	lemma:d421897d77171da0cc88	arrégleselas	uncertain	not_admitted_candidate		aggregate_only_not_sense_frequency	"[{""path"": ""associativvordes/family-index-v5/members/es/8c.json.gz"", ""family_id"": ""surface:es:arreglesel"", ""record_sha256"": ""9c9203891148466ad56ea5ed4764b8f01e2e05ada0fc9d58e0b1e50d85b51401""}]"	"{""lemma_id"": ""lemma:d421897d77171da0cc88"", ""word"": ""arrégleselas"", ""normalized"": ""arrégleselas"", ""search_form"": ""arregleselas"", ""rank"": 61450, ""frequency_score"": 1.867874286507851, ""category_breakdown"": {""subtitles"": {""ipm_values"": [0.120668, 0.104314], ""category_ipm"": 0.11249100000000001, ""category_score"": 1.867874286507851}}, ""sources"": [{""id"": ""subtitles/hermit_2016_es_full_lemmatized_ipm6_spacy_lookup_cleaned_v8.json"", ""file"": ""hermit_2016_es_full_lemmatized_ipm6_spacy_lookup_cleaned_v8.json"", ""category"": ""subtitles"", ""ipm"": 0.120668}, {""id"": ""subtitles/hermit_2018_es_full_lemmatized_ipm6_spacy_lookup_cleaned_v8.json"", ""file"": ""hermit_2018_es_full_lemmatized_ipm6_spacy_lookup_cleaned_v8.json"", ""category"": ""subtitles"", ""ipm"": 0.104314}], ""corpus_quality"": {""status"": ""accepted"", ""reasons"": []}, ""components"": [{""surface"": ""arreglesel"", ""canonical_candidate"": ""arreglesel"", ""confidence"": 0.92, ""evidence"": [{""type"": ""morphological_parse"", ""source"": ""candidate_index"", ""path"": [""arregleselas"", ""arreglesel"", ""arreglesel""], ""confidence"": 0.92}]}]}"
es	lemma:d4eda74dd117e569d9d6	arréglado	uncertain	not_admitted_candidate		aggregate_only_not_sense_frequency	"[{""path"": ""associativvordes/family-index-v5/members/es/02.json.gz"", ""family_id"": ""surface:es:lado"", ""record_sha256"": ""b77a99cfff4121015ce5c4275754ed395c25d74c9fc66d2aab7a9ba49cf187f5""}, {""path"": ""associativvordes/family-index-v5/members/es/7c.json.gz"", ""family_id"": ""surface:es:arreglad"", ""record_sha256"": ""416ee1915aa0b243c68e7a3d9a6365538f3172991e1774111984bc7e1caabe49""}]"	"{""lemma_id"": ""lemma:d4eda74dd117e569d9d6"", ""word"": ""arréglado"", ""normalized"": ""arréglado"", ""search_form"": ""arreglado"", ""rank"": 309446, ""frequency_score"": 0.090477407431868, ""category_breakdown"": {""subtitles"": {""ipm_values"": [0.005612, 0.004742], ""category_ipm"": 0.005176999999999999, ""category_score"": 0.090477407431868}}, ""sources"": [{""id"": ""subtitles/hermit_2016_es_full_lemmatized_ipm6_spacy_lookup_cleaned_v8.json"", ""file"": ""hermit_2016_es_full_lemmatized_ipm6_spacy_lookup_cleaned_v8.json"", ""category"": ""subtitles"", ""ipm"": 0.005612}, {""id"": ""subtitles/hermit_2018_es_full_lemmatized_ipm6_spacy_lookup_cleaned_v8.json"", ""file"": ""hermit_2018_es_full_lemmatized_ipm6_spacy_lookup_cleaned_v8.json"", ""category"": ""subtitles"", ""ipm"": 0.004742}], ""corpus_quality"": {""status"": ""accepted"", ""reasons"": []}, ""components"": [{""surface"": ""lado"", ""canonical_candidate"": ""lado"", ""confidence"": 0.89, ""evidence"": [{""type"": ""compound_morphology"", ""source"": ""candidate_index"", ""path"": [""arreglado"", ""lado"", ""lado""], ""confidence"": 0.89}]}]}"
es	lemma:d500fabcc68d37f34427	regulate	uncertain	withheld_historical_uncertain		aggregate_only_not_sense_frequency	"[{""path"": ""associativvordes/family-index-v5/members/es/40.json.gz"", ""family_id"": ""family:regul"", ""record_sha256"": ""6a30bbe5f34081a7bb9fc23b21fcfa54c7e6c0d6480e05116c546673248539f1""}, {""path"": ""associativvordes/family-index-v5/members/es/84.json.gz"", ""family_id"": ""surface:es:late"", ""record_sha256"": ""8481f2fc3d456575e08951820187725bb28621878a88824032f65ec93a8a9655""}]"	"{""lemma_id"": ""lemma:d500fabcc68d37f34427"", ""word"": ""regulate"", ""normalized"": ""regulate"", ""search_form"": ""regulate"", ""rank"": 318803, ""frequency_score"": 0.12417543507793512, ""category_breakdown"": {""subtitles"": {""ipm_values"": [0.007112], ""category_ipm"": 0.007112, ""category_score"": 0.12417543507793512}}, ""sources"": [{""id"": ""subtitles/hermit_2018_es_full_lemmatized_ipm6_spacy_lookup_cleaned_v8.json"", ""file"": ""hermit_2018_es_full_lemmatized_ipm6_spacy_lookup_cleaned_v8.json"", ""category"": ""subtitles"", ""ipm"": 0.007112}], ""corpus_quality"": {""status"": ""accepted"", ""reasons"": []}, ""components"": [{""surface"": ""regul"", ""canonical_candidate"": ""regul"", ""confidence"": 0.97, ""evidence"": [{""type"": ""compound_morphology"", ""source"": ""manually_verified"", ""path"": [""regulate"", ""regul"", ""regul""], ""confidence"": 0.97}, {""type"": ""verified_seed_alias"", ""source"": ""methodology_control_seed"", ""path"": [""es"", ""regul"", ""family:regul""], ""confidence"": 1}]}]}"
es	lemma:d5a83440807bc7c751e2	reglamentado	uncertain	not_admitted_candidate		aggregate_only_not_sense_frequency	"[{""path"": ""associativvordes/family-index-v5/members/es/34.json.gz"", ""family_id"": ""surface:es:reglamentad"", ""record_sha256"": ""ad6054006a5935444049b94ea5708b9316a594dff25c664399fa25e5863ca1b3""}]"	"{""lemma_id"": ""lemma:d5a83440807bc7c751e2"", ""word"": ""reglamentado"", ""normalized"": ""reglamentado"", ""search_form"": ""reglamentado"", ""rank"": 24833, ""frequency_score"": 9.570120395993625, ""category_breakdown"": {""mixed"": {""ipm_values"": [0.72664], ""category_ipm"": 0.72664, ""category_score"": 9.570120395993625}}, ""sources"": [{""id"": ""mixed/es_wordlist.lemmatized_stanza_ipm6.json"", ""file"": ""es_wordlist.lemmatized_stanza_ipm6.json"", ""category"": ""mixed"", ""ipm"": 0.72664}], ""corpus_quality"": {""status"": ""accepted"", ""reasons"": []}, ""components"": [{""surface"": ""reglamentad"", ""canonical_candidate"": ""reglamentad"", ""confidence"": 0.92, ""evidence"": [{""type"": ""morphological_parse"", ""source"": ""candidate_index"", ""path"": [""reglamentado"", ""reglamentad"", ""reglamentad""], ""confidence"": 0.92}]}]}"
es	lemma:d5c8292789a8f6f479ce	arrrreglarr	uncertain	not_admitted_candidate		aggregate_only_not_sense_frequency	"[{""path"": ""associativvordes/family-index-v5/members/es/5b.json.gz"", ""family_id"": ""surface:es:arr"", ""record_sha256"": ""85965d4b9f04139eb0e423af9373c8d57be6a934034d0db965a6307a83c2c651""}, {""path"": ""associativvordes/family-index-v5/members/es/7a.json.gz"", ""family_id"": ""surface:es:regl"", ""record_sha256"": ""ee7b81eba275610f378833038da71a817abe377ae3a6034bd53c7ef4482fde49""}, {""path"": ""associativvordes/family-index-v5/members/es/b3.json.gz"", ""family_id"": ""surface:es:rre"", ""record_sha256"": ""013ed4933fa8414ae68d45c85ca86e7a5ac5da6b0b7998403b1187d54438a718""}, {""path"": ""associativvordes/family-index-v5/members/es/e7.json.gz"", ""family_id"": ""surface:es:larr"", ""record_sha256"": ""cddb8a0b8b06b8d4104951c42ec54a8c3167a6a27bf4d6dc2a2ca48007273cc6""}]"	"{""lemma_id"": ""lemma:d5c8292789a8f6f479ce"", ""word"": ""arrrreglarr"", ""normalized"": ""arrrreglarr"", ""search_form"": ""arrrreglarr"", ""rank"": 338830, ""frequency_score"": 0.06600356668229963, ""category_breakdown"": {""subtitles"": {""ipm_values"": [0.002806, 0.004742], ""category_ipm"": 0.0037739999999999996, ""category_score"": 0.06600356668229963}}, ""sources"": [{""id"": ""subtitles/hermit_2016_es_full_lemmatized_ipm6_spacy_lookup_cleaned_v8.json"", ""file"": ""hermit_2016_es_full_lemmatized_ipm6_spacy_lookup_cleaned_v8.json"", ""category"": ""subtitles"", ""ipm"": 0.002806}, {""id"": ""subtitles/hermit_2018_es_full_lemmatized_ipm6_spacy_lookup_cleaned_v8.json"", ""file"": ""hermit_2018_es_full_lemmatized_ipm6_spacy_lookup_cleaned_v8.json"", ""category"": ""subtitles"", ""ipm"": 0.004742}], ""corpus_quality"": {""status"": ""accepted"", ""reasons"": []}, ""components"": [{""surface"": ""arr"", ""canonical_candidate"": ""arr"", ""confidence"": 0.81, ""evidence"": [{""type"": ""compound_morphology"", ""source"": ""candidate_index"", ""path"": [""arrrreglarr"", ""arr"", ""arr""], ""confidence"": 0.81}]}]}"
es	lemma:d74712dac410e68c2369	arreglándonosla	uncertain	not_admitted_candidate		aggregate_only_not_sense_frequency	"[{""path"": ""associativvordes/family-index-v5/members/es/ab.json.gz"", ""family_id"": ""surface:es:arreglandonosl"", ""record_sha256"": ""439771f97b6873e90359dfa0e6e741a3856e8273bf5cccf6c792516c933169c8""}, {""path"": ""associativvordes/family-index-v5/members/es/f2.json.gz"", ""family_id"": ""surface:es:sla"", ""record_sha256"": ""35c68f4462379168f7adeacb728c198915a4503545acf6b0b2376b2af89df8c8""}]"	"{""lemma_id"": ""lemma:d74712dac410e68c2369"", ""word"": ""arreglándonosla"", ""normalized"": ""arreglándonosla"", ""search_form"": ""arreglandonosla"", ""rank"": 471519, ""frequency_score"": 0.041495494299664135, ""category_breakdown"": {""subtitles"": {""ipm_values"": [0.002371], ""category_ipm"": 0.002371, ""category_score"": 0.041495494299664135}}, ""sources"": [{""id"": ""subtitles/hermit_2018_es_full_lemmatized_ipm6_spacy_lookup_cleaned_v8.json"", ""file"": ""hermit_2018_es_full_lemmatized_ipm6_spacy_lookup_cleaned_v8.json"", ""category"": ""subtitles"", ""ipm"": 0.002371}], ""corpus_quality"": {""status"": ""accepted"", ""reasons"": []}, ""components"": [{""surface"": ""arreglandonosl"", ""canonical_candidate"": ""arreglandonosl"", ""confidence"": 0.92, ""evidence"": [{""type"": ""morphological_parse"", ""source"": ""candidate_index"", ""path"": [""arreglandonosla"", ""arreglandonosl"", ""arreglandonosl""], ""confidence"": 0.92}]}]}"
es	lemma:d74d8c570297d903d2cd	regolfan	excluded	removed_historical_excluded		aggregate_only_not_sense_frequency	"[{""path"": ""associativvordes/family-index-v5/members/es/40.json.gz"", ""family_id"": ""family:regul"", ""record_sha256"": ""257ed03ebf464c8120a531fa384f1e9865d91a375b423e5081407a2f9685e3f5""}, {""path"": ""associativvordes/family-index-v5/members/es/68.json.gz"", ""family_id"": ""ety:2b5847a13819"", ""record_sha256"": ""ab42baa6e8f296b1d767981d0fbbe1266cb6961867357c5cda6777f41448825c""}]"	"{""lemma_id"": ""lemma:d74d8c570297d903d2cd"", ""word"": ""regolfan"", ""normalized"": ""regolfan"", ""search_form"": ""regolfan"", ""rank"": 691846, ""frequency_score"": 0.04909788668913623, ""category_breakdown"": {""subtitles"": {""ipm_values"": [0.002806], ""category_ipm"": 0.002806, ""category_score"": 0.04909788668913623}}, ""sources"": [{""id"": ""subtitles/hermit_2016_es_full_lemmatized_ipm6_spacy_lookup_cleaned_v8.json"", ""file"": ""hermit_2016_es_full_lemmatized_ipm6_spacy_lookup_cleaned_v8.json"", ""category"": ""subtitles"", ""ipm"": 0.002806}], ""corpus_quality"": {""status"": ""accepted"", ""reasons"": []}, ""components"": [{""surface"": ""regol"", ""canonical_candidate"": ""regol"", ""confidence"": 0.81, ""evidence"": [{""type"": ""compound_morphology"", ""source"": ""candidate_index"", ""path"": [""regolfan"", ""regol"", ""regol""], ""confidence"": 0.81}, {""type"": ""verified_seed_alias"", ""source"": ""methodology_control_seed"", ""path"": [""es"", ""regol"", ""family:regul""], ""confidence"": 1}]}]}"
es	lemma:d7987c54c2a8c69608d3	areglare	uncertain	not_admitted_candidate		aggregate_only_not_sense_frequency	"[{""path"": ""associativvordes/family-index-v5/members/es/21.json.gz"", ""family_id"": ""surface:es:aregl"", ""record_sha256"": ""917748d28b3442dbf41248f92a913c8ea34128dbd435c65faccdf4c8550183b6""}, {""path"": ""associativvordes/family-index-v5/members/es/fe.json.gz"", ""family_id"": ""surface:es:lare"", ""record_sha256"": ""9fc89128272e1da637d541a75e989165dbecf8cf8eb4292572f3b6133dc3188e""}]"	"{""lemma_id"": ""lemma:d7987c54c2a8c69608d3"", ""word"": ""areglare"", ""normalized"": ""areglare"", ""search_form"": ""areglare"", ""rank"": 430690, ""frequency_score"": 0.04529710280721981, ""category_breakdown"": {""subtitles"": {""ipm_values"": [0.002806, 0.002371], ""category_ipm"": 0.0025884999999999997, ""category_score"": 0.04529710280721981}}, ""sources"": [{""id"": ""subtitles/hermit_2016_es_full_lemmatized_ipm6_spacy_lookup_cleaned_v8.json"", ""file"": ""hermit_2016_es_full_lemmatized_ipm6_spacy_lookup_cleaned_v8.json"", ""category"": ""subtitles"", ""ipm"": 0.002806}, {""id"": ""subtitles/hermit_2018_es_full_lemmatized_ipm6_spacy_lookup_cleaned_v8.json"", ""file"": ""hermit_2018_es_full_lemmatized_ipm6_spacy_lookup_cleaned_v8.json"", ""category"": ""subtitles"", ""ipm"": 0.002371}], ""corpus_quality"": {""status"": ""accepted"", ""reasons"": []}, ""components"": [{""surface"": ""aregl"", ""canonical_candidate"": ""aregl"", ""confidence"": 0.81, ""evidence"": [{""type"": ""compound_morphology"", ""source"": ""candidate_index"", ""path"": [""areglare"", ""aregl"", ""aregl""], ""confidence"": 0.81}]}]}"
es	lemma:d7d81ddd20cbf1d0cc66	rearregló	uncertain	not_admitted_candidate		aggregate_only_not_sense_frequency	"[{""path"": ""associativvordes/family-index-v5/members/es/78.json.gz"", ""family_id"": ""surface:es:rearregl"", ""record_sha256"": ""e45120d1faf2488a987acffbbb596501717b4ccbd9b70eb26181d8554472b691""}, {""path"": ""associativvordes/family-index-v5/members/es/7a.json.gz"", ""family_id"": ""surface:es:arreglo"", ""record_sha256"": ""582118df8c7ba055ef16259ccdf43d29b04c76eb7d59e560b575bb53b6cd1395""}]"	"{""lemma_id"": ""lemma:d7d81ddd20cbf1d0cc66"", ""word"": ""rearregló"", ""normalized"": ""rearregló"", ""search_form"": ""rearreglo"", ""rank"": 751051, ""frequency_score"": 0.041495494299664135, ""category_breakdown"": {""subtitles"": {""ipm_values"": [0.002371], ""category_ipm"": 0.002371, ""category_score"": 0.041495494299664135}}, ""sources"": [{""id"": ""subtitles/hermit_2018_es_full_lemmatized_ipm6_spacy_lookup_cleaned_v8.json"", ""file"": ""hermit_2018_es_full_lemmatized_ipm6_spacy_lookup_cleaned_v8.json"", ""category"": ""subtitles"", ""ipm"": 0.002371}], ""corpus_quality"": {""status"": ""accepted"", ""reasons"": []}, ""components"": [{""surface"": ""rearregl"", ""canonical_candidate"": ""rearregl"", ""confidence"": 0.92, ""evidence"": [{""type"": ""morphological_parse"", ""source"": ""candidate_index"", ""path"": [""rearreglo"", ""rearregl"", ""rearregl""], ""confidence"": 0.92}]}]}"
es	lemma:d810b17c3c77143747ba	regularotias	uncertain	withheld_historical_uncertain		aggregate_only_not_sense_frequency	"[{""path"": ""associativvordes/family-index-v5/members/es/40.json.gz"", ""family_id"": ""family:regul"", ""record_sha256"": ""6d6861df0b610c112514f2ad110420398f643b9200dbee280263fa9984e1c929""}, {""path"": ""associativvordes/family-index-v5/members/es/c2.json.gz"", ""family_id"": ""surface:es:regularoti"", ""record_sha256"": ""83ed78a93d471098881fd6e0593c53c6be4afb62ec7a5d4ed97a7a235d4c086a""}]"	"{""lemma_id"": ""lemma:d810b17c3c77143747ba"", ""word"": ""regularotias"", ""normalized"": ""regularotias"", ""search_form"": ""regularotias"", ""rank"": 692064, ""frequency_score"": 0.04529710280721981, ""category_breakdown"": {""subtitles"": {""ipm_values"": [0.002806, 0.002371], ""category_ipm"": 0.0025884999999999997, ""category_score"": 0.04529710280721981}}, ""sources"": [{""id"": ""subtitles/hermit_2016_es_full_lemmatized_ipm6_spacy_lookup_cleaned_v8.json"", ""file"": ""hermit_2016_es_full_lemmatized_ipm6_spacy_lookup_cleaned_v8.json"", ""category"": ""subtitles"", ""ipm"": 0.002806}, {""id"": ""subtitles/hermit_2018_es_full_lemmatized_ipm6_spacy_lookup_cleaned_v8.json"", ""file"": ""hermit_2018_es_full_lemmatized_ipm6_spacy_lookup_cleaned_v8.json"", ""category"": ""subtitles"", ""ipm"": 0.002371}], ""corpus_quality"": {""status"": ""accepted"", ""reasons"": []}, ""components"": [{""surface"": ""regul"", ""canonical_candidate"": ""regul"", ""confidence"": 0.97, ""evidence"": [{""type"": ""compound_morphology"", ""source"": ""manually_verified"", ""path"": [""regularotias"", ""regul"", ""regul""], ""confidence"": 0.97}, {""type"": ""verified_seed_alias"", ""source"": ""methodology_control_seed"", ""path"": [""es"", ""regul"", ""family:regul""], ""confidence"": 1}]}]}"
es	lemma:d947f6d741ac3cd3ef43	arreglarnoslas	uncertain	not_admitted_candidate		aggregate_only_not_sense_frequency	"[{""path"": ""associativvordes/family-index-v5/members/es/5a.json.gz"", ""family_id"": ""surface:es:arreglarnosl"", ""record_sha256"": ""1f9e651baae535e50833f540e9cb73812ff3a76e86abe4469f3e26630652e757""}]"	"{""lemma_id"": ""lemma:d947f6d741ac3cd3ef43"", ""word"": ""arreglarnoslas"", ""normalized"": ""arreglarnoslas"", ""search_form"": ""arreglarnoslas"", ""rank"": 146081, ""frequency_score"": 0.38320788344342654, ""category_breakdown"": {""subtitles"": {""ipm_values"": [0.025256, 0.018966], ""category_ipm"": 0.022111, ""category_score"": 0.38320788344342654}}, ""sources"": [{""id"": ""subtitles/hermit_2016_es_full_lemmatized_ipm6_spacy_lookup_cleaned_v8.json"", ""file"": ""hermit_2016_es_full_lemmatized_ipm6_spacy_lookup_cleaned_v8.json"", ""category"": ""subtitles"", ""ipm"": 0.025256}, {""id"": ""subtitles/hermit_2018_es_full_lemmatized_ipm6_spacy_lookup_cleaned_v8.json"", ""file"": ""hermit_2018_es_full_lemmatized_ipm6_spacy_lookup_cleaned_v8.json"", ""category"": ""subtitles"", ""ipm"": 0.018966}], ""corpus_quality"": {""status"": ""accepted"", ""reasons"": []}, ""components"": [{""surface"": ""arreglarnosl"", ""canonical_candidate"": ""arreglarnosl"", ""confidence"": 0.92, ""evidence"": [{""type"": ""morphological_parse"", ""source"": ""candidate_index"", ""path"": [""arreglarnoslas"", ""arreglarnosl"", ""arreglarnosl""], ""confidence"": 0.92}]}]}"
es	lemma:d99ea001a2c4fab6e3a9	rearreglo	uncertain	not_admitted_candidate		aggregate_only_not_sense_frequency	"[{""path"": ""associativvordes/family-index-v5/members/es/78.json.gz"", ""family_id"": ""surface:es:rearregl"", ""record_sha256"": ""b1107febed17518a72122720df54ee0116d12f8a214e53126f55a692d5e42095""}, {""path"": ""associativvordes/family-index-v5/members/es/7a.json.gz"", ""family_id"": ""surface:es:arreglo"", ""record_sha256"": ""a8a60ddbb0b177f493dd5609e0a1fd4099dd9a3ba7479b5a51eca2b1758cc90b""}]"	"{""lemma_id"": ""lemma:d99ea001a2c4fab6e3a9"", ""word"": ""rearreglo"", ""normalized"": ""rearreglo"", ""search_form"": ""rearreglo"", ""rank"": 688042, ""frequency_score"": 0.04529710280721981, ""category_breakdown"": {""subtitles"": {""ipm_values"": [0.002806, 0.002371], ""category_ipm"": 0.0025884999999999997, ""category_score"": 0.04529710280721981}}, ""sources"": [{""id"": ""subtitles/hermit_2016_es_full_lemmatized_ipm6_spacy_lookup_cleaned_v8.json"", ""file"": ""hermit_2016_es_full_lemmatized_ipm6_spacy_lookup_cleaned_v8.json"", ""category"": ""subtitles"", ""ipm"": 0.002806}, {""id"": ""subtitles/hermit_2018_es_full_lemmatized_ipm6_spacy_lookup_cleaned_v8.json"", ""file"": ""hermit_2018_es_full_lemmatized_ipm6_spacy_lookup_cleaned_v8.json"", ""category"": ""subtitles"", ""ipm"": 0.002371}], ""corpus_quality"": {""status"": ""accepted"", ""reasons"": []}, ""components"": [{""surface"": ""rearregl"", ""canonical_candidate"": ""rearregl"", ""confidence"": 0.92, ""evidence"": [{""type"": ""morphological_parse"", ""source"": ""candidate_index"", ""path"": [""rearreglo"", ""rearregl"", ""rearregl""], ""confidence"": 0.92}]}]}"
es	lemma:dab40f4dca0606f9bd8f	regularidad	accepted	accepted	regular	aggregate_only_not_sense_frequency	"[{""path"": ""associativvordes/family-index-v5/members/es/40.json.gz"", ""family_id"": ""family:regul"", ""record_sha256"": ""5472b385ab6ad7e67e5db0866d3e1d41571110352fa1d3d99daf09b817a9a932""}, {""path"": ""associativvordes/family-index-v5/members/es/44.json.gz"", ""family_id"": ""surface:es:regular"", ""record_sha256"": ""929fe47c6f7b3862fde4755f0080287db456539eea57b5dfd1e2ea7e7556c3a7""}, {""path"": ""associativvordes/family-index-v5/members/es/58.json.gz"", ""family_id"": ""surface:es:idad"", ""record_sha256"": ""471878e2dd20ff7e84cb73a246eaae79a435df62e52437808a5cbbb4696723a3""}, {""path"": ""associativvordes/family-index-v5/members/es/cd.json.gz"", ""family_id"": ""surface:es:ulari"", ""record_sha256"": ""74834addbf86a3d214ca5ae059be1b2022c6961f7ea276db1ab478490746ace1""}]"	"{""lemma_id"": ""lemma:dab40f4dca0606f9bd8f"", ""word"": ""regularidad"", ""normalized"": ""regularidad"", ""search_form"": ""regularidad"", ""rank"": 12219, ""frequency_score"": 16.769030728919745, ""category_breakdown"": {""subtitles"": {""ipm_values"": [1.307708, 1.273102], ""category_ipm"": 1.290405, ""category_score"": 14.520985566776154}, ""mixed"": {""ipm_values"": [2.826392], ""category_ipm"": 2.826392, ""category_score"": 23.513166215350516}}, ""sources"": [{""id"": ""mixed/es_wordlist.lemmatized_stanza_ipm6.json"", ""file"": ""es_wordlist.lemmatized_stanza_ipm6.json"", ""category"": ""mixed"", ""ipm"": 2.826392}, {""id"": ""subtitles/hermit_2016_es_full_lemmatized_ipm6_spacy_lookup_cleaned_v8.json"", ""file"": ""hermit_2016_es_full_lemmatized_ipm6_spacy_lookup_cleaned_v8.json"", ""category"": ""subtitles"", ""ipm"": 1.307708}, {""id"": ""subtitles/hermit_2018_es_full_lemmatized_ipm6_spacy_lookup_cleaned_v8.json"", ""file"": ""hermit_2018_es_full_lemmatized_ipm6_spacy_lookup_cleaned_v8.json"", ""category"": ""subtitles"", ""ipm"": 1.273102}], ""corpus_quality"": {""status"": ""accepted"", ""reasons"": []}, ""components"": [{""surface"": ""regul"", ""canonical_candidate"": ""regul"", ""confidence"": 0.97, ""evidence"": [{""type"": ""compound_morphology"", ""source"": ""manually_verified"", ""path"": [""regularidad"", ""regul"", ""regul""], ""confidence"": 0.97}, {""type"": ""verified_seed_alias"", ""source"": ""methodology_control_seed"", ""path"": [""es"", ""regul"", ""family:regul""], ""confidence"": 1}]}]}"
es	lemma:dacdaef30dd63bc22630	arreglártelo	uncertain	not_admitted_candidate		aggregate_only_not_sense_frequency	"[{""path"": ""associativvordes/family-index-v5/members/es/ff.json.gz"", ""family_id"": ""surface:es:arreglartel"", ""record_sha256"": ""6bf3235c47763d4b80734acf82fadaa99db42a6dd6b9c00fd246c862396d569c""}]"	"{""lemma_id"": ""lemma:dacdaef30dd63bc22630"", ""word"": ""arreglártelo"", ""normalized"": ""arreglártelo"", ""search_form"": ""arreglartelo"", ""rank"": 93281, ""frequency_score"": 0.9399433820864738, ""category_breakdown"": {""subtitles"": {""ipm_values"": [0.053319, 0.056898], ""category_ipm"": 0.0551085, ""category_score"": 0.9399433820864738}}, ""sources"": [{""id"": ""subtitles/hermit_2016_es_full_lemmatized_ipm6_spacy_lookup_cleaned_v8.json"", ""file"": ""hermit_2016_es_full_lemmatized_ipm6_spacy_lookup_cleaned_v8.json"", ""category"": ""subtitles"", ""ipm"": 0.053319}, {""id"": ""subtitles/hermit_2018_es_full_lemmatized_ipm6_spacy_lookup_cleaned_v8.json"", ""file"": ""hermit_2018_es_full_lemmatized_ipm6_spacy_lookup_cleaned_v8.json"", ""category"": ""subtitles"", ""ipm"": 0.056898}], ""corpus_quality"": {""status"": ""accepted"", ""reasons"": []}, ""components"": [{""surface"": ""arreglartel"", ""canonical_candidate"": ""arreglartel"", ""confidence"": 0.92, ""evidence"": [{""type"": ""morphological_parse"", ""source"": ""candidate_index"", ""path"": [""arreglartelo"", ""arreglartel"", ""arreglartel""], ""confidence"": 0.92}]}]}"
es	lemma:db024228522ea5a10396	arreglese	uncertain	not_admitted_candidate		aggregate_only_not_sense_frequency	"[{""path"": ""associativvordes/family-index-v5/members/es/07.json.gz"", ""family_id"": ""surface:es:lese"", ""record_sha256"": ""697a953335766f6d5262cd92f2abae695fa8cc846533721c5b58656cae917d27""}, {""path"": ""associativvordes/family-index-v5/members/es/b1.json.gz"", ""family_id"": ""surface:es:arregl"", ""record_sha256"": ""8f34e1e9b1a942366b1aa8ed5c9eac35cc160dce7c5fe9fdaec009344a8b50b8""}]"	"{""lemma_id"": ""lemma:db024228522ea5a10396"", ""word"": ""arreglese"", ""normalized"": ""arreglese"", ""search_form"": ""arreglese"", ""rank"": 198444, ""frequency_score"": 0.22532351691456265, ""category_breakdown"": {""subtitles"": {""ipm_values"": [0.014031, 0.011854], ""category_ipm"": 0.0129425, ""category_score"": 0.22532351691456265}}, ""sources"": [{""id"": ""subtitles/hermit_2016_es_full_lemmatized_ipm6_spacy_lookup_cleaned_v8.json"", ""file"": ""hermit_2016_es_full_lemmatized_ipm6_spacy_lookup_cleaned_v8.json"", ""category"": ""subtitles"", ""ipm"": 0.014031}, {""id"": ""subtitles/hermit_2018_es_full_lemmatized_ipm6_spacy_lookup_cleaned_v8.json"", ""file"": ""hermit_2018_es_full_lemmatized_ipm6_spacy_lookup_cleaned_v8.json"", ""category"": ""subtitles"", ""ipm"": 0.011854}], ""corpus_quality"": {""status"": ""accepted"", ""reasons"": []}, ""components"": [{""surface"": ""lese"", ""canonical_candidate"": ""lese"", ""confidence"": 0.89, ""evidence"": [{""type"": ""compound_morphology"", ""source"": ""candidate_index"", ""path"": [""arreglese"", ""lese"", ""lese""], ""confidence"": 0.89}]}]}"
es	lemma:dbc6dd42e1a05d326015	regularse	accepted	accepted	regular	aggregate_only_not_sense_frequency	"[{""path"": ""associativvordes/family-index-v5/members/es/40.json.gz"", ""family_id"": ""family:regul"", ""record_sha256"": ""24a4d51ee86d404223614b83fbc5262e1165fe39ab69c14a6a2c4162b4991092""}, {""path"": ""associativvordes/family-index-v5/members/es/5e.json.gz"", ""family_id"": ""surface:es:regula"", ""record_sha256"": ""080c4b4db437ca53c7c063ca9c142c3db89296026ed69f208225f01898cd962f""}]"	"{""lemma_id"": ""lemma:dbc6dd42e1a05d326015"", ""word"": ""regularse"", ""normalized"": ""regularse"", ""search_form"": ""regularse"", ""rank"": 135962, ""frequency_score"": 0.49194185495551057, ""category_breakdown"": {""subtitles"": {""ipm_values"": [0.030869, 0.026078], ""category_ipm"": 0.0284735, ""category_score"": 0.49194185495551057}}, ""sources"": [{""id"": ""subtitles/hermit_2016_es_full_lemmatized_ipm6_spacy_lookup_cleaned_v8.json"", ""file"": ""hermit_2016_es_full_lemmatized_ipm6_spacy_lookup_cleaned_v8.json"", ""category"": ""subtitles"", ""ipm"": 0.030869}, {""id"": ""subtitles/hermit_2018_es_full_lemmatized_ipm6_spacy_lookup_cleaned_v8.json"", ""file"": ""hermit_2018_es_full_lemmatized_ipm6_spacy_lookup_cleaned_v8.json"", ""category"": ""subtitles"", ""ipm"": 0.026078}], ""corpus_quality"": {""status"": ""accepted"", ""reasons"": []}, ""components"": [{""surface"": ""regul"", ""canonical_candidate"": ""regul"", ""confidence"": 0.97, ""evidence"": [{""type"": ""compound_morphology"", ""source"": ""manually_verified"", ""path"": [""regularse"", ""regul"", ""regul""], ""confidence"": 0.97}, {""type"": ""verified_seed_alias"", ""source"": ""methodology_control_seed"", ""path"": [""es"", ""regul"", ""family:regul""], ""confidence"": 1}]}]}"
es	lemma:dbd71b911d3239595f3c	areglan	uncertain	not_admitted_candidate		aggregate_only_not_sense_frequency	"[{""path"": ""associativvordes/family-index-v5/members/es/6a.json.gz"", ""family_id"": ""ety:0d8b253b6d83"", ""record_sha256"": ""aa1ec6b9d8abd90a9f6f940250c39a5cba5c108171465db51249f504272ab001""}, {""path"": ""associativvordes/family-index-v5/members/es/cb.json.gz"", ""family_id"": ""surface:es:lan"", ""record_sha256"": ""2c637eac33c56fe3b5a3fbadbd9e7dee318df6aefba8442d77d2a29960b9ad86""}]"	"{""lemma_id"": ""lemma:dbd71b911d3239595f3c"", ""word"": ""areglan"", ""normalized"": ""areglan"", ""search_form"": ""areglan"", ""rank"": 430688, ""frequency_score"": 0.04529710280721981, ""category_breakdown"": {""subtitles"": {""ipm_values"": [0.002806, 0.002371], ""category_ipm"": 0.0025884999999999997, ""category_score"": 0.04529710280721981}}, ""sources"": [{""id"": ""subtitles/hermit_2016_es_full_lemmatized_ipm6_spacy_lookup_cleaned_v8.json"", ""file"": ""hermit_2016_es_full_lemmatized_ipm6_spacy_lookup_cleaned_v8.json"", ""category"": ""subtitles"", ""ipm"": 0.002806}, {""id"": ""subtitles/hermit_2018_es_full_lemmatized_ipm6_spacy_lookup_cleaned_v8.json"", ""file"": ""hermit_2018_es_full_lemmatized_ipm6_spacy_lookup_cleaned_v8.json"", ""category"": ""subtitles"", ""ipm"": 0.002371}], ""corpus_quality"": {""status"": ""accepted"", ""reasons"": []}, ""components"": [{""surface"": ""are"", ""canonical_candidate"": ""are"", ""confidence"": 0.81, ""evidence"": [{""type"": ""compound_morphology"", ""source"": ""candidate_index"", ""path"": [""areglan"", ""are"", ""are""], ""confidence"": 0.81}]}]}"
es	lemma:dcbba9646c01bbe6bb77	regulacion	uncertain	withheld_historical_uncertain		aggregate_only_not_sense_frequency	"[{""path"": ""associativvordes/family-index-v5/members/es/40.json.gz"", ""family_id"": ""family:regul"", ""record_sha256"": ""0016126853261ec132a8b3df2ef028dde5ca8f19ad3e6ca0126de397bc97c50d""}]"	"{""lemma_id"": ""lemma:dcbba9646c01bbe6bb77"", ""word"": ""regulacion"", ""normalized"": ""regulacion"", ""search_form"": ""regulacion"", ""rank"": 143616, ""frequency_score"": 0.4680142326502473, ""category_breakdown"": {""subtitles"": {""ipm_values"": [0.028062, 0.026078], ""category_ipm"": 0.02707, ""category_score"": 0.4680142326502473}}, ""sources"": [{""id"": ""subtitles/hermit_2016_es_full_lemmatized_ipm6_spacy_lookup_cleaned_v8.json"", ""file"": ""hermit_2016_es_full_lemmatized_ipm6_spacy_lookup_cleaned_v8.json"", ""category"": ""subtitles"", ""ipm"": 0.028062}, {""id"": ""subtitles/hermit_2018_es_full_lemmatized_ipm6_spacy_lookup_cleaned_v8.json"", ""file"": ""hermit_2018_es_full_lemmatized_ipm6_spacy_lookup_cleaned_v8.json"", ""category"": ""subtitles"", ""ipm"": 0.026078}], ""corpus_quality"": {""status"": ""accepted"", ""reasons"": []}, ""components"": [{""surface"": ""regul"", ""canonical_candidate"": ""regul"", ""confidence"": 1, ""evidence"": [{""type"": ""compound_morphology"", ""source"": ""manually_verified"", ""path"": [""regulacion"", ""regul"", ""regul""], ""confidence"": 1}, {""type"": ""verified_seed_alias"", ""source"": ""methodology_control_seed"", ""path"": [""es"", ""regul"", ""family:regul""], ""confidence"": 1}]}]}"
es	lemma:dd7db0690b3b212daf2b	arregllo	uncertain	not_admitted_candidate		aggregate_only_not_sense_frequency	"[{""path"": ""associativvordes/family-index-v5/members/es/e7.json.gz"", ""family_id"": ""surface:es:arregll"", ""record_sha256"": ""d4bd435fe5568f2f50bd6595149986f3b87c37b280418b1fa1683c982540ef6c""}]"	"{""lemma_id"": ""lemma:dd7db0690b3b212daf2b"", ""word"": ""arregllo"", ""normalized"": ""arregllo"", ""search_form"": ""arregllo"", ""rank"": 431928, ""frequency_score"": 0.04529710280721981, ""category_breakdown"": {""subtitles"": {""ipm_values"": [0.002806, 0.002371], ""category_ipm"": 0.0025884999999999997, ""category_score"": 0.04529710280721981}}, ""sources"": [{""id"": ""subtitles/hermit_2016_es_full_lemmatized_ipm6_spacy_lookup_cleaned_v8.json"", ""file"": ""hermit_2016_es_full_lemmatized_ipm6_spacy_lookup_cleaned_v8.json"", ""category"": ""subtitles"", ""ipm"": 0.002806}, {""id"": ""subtitles/hermit_2018_es_full_lemmatized_ipm6_spacy_lookup_cleaned_v8.json"", ""file"": ""hermit_2018_es_full_lemmatized_ipm6_spacy_lookup_cleaned_v8.json"", ""category"": ""subtitles"", ""ipm"": 0.002371}], ""corpus_quality"": {""status"": ""accepted"", ""reasons"": []}, ""components"": [{""surface"": ""arregll"", ""canonical_candidate"": ""arregll"", ""confidence"": 0.92, ""evidence"": [{""type"": ""morphological_parse"", ""source"": ""candidate_index"", ""path"": [""arregllo"", ""arregll"", ""arregll""], ""confidence"": 0.92}]}]}"
es	lemma:ddcecf5709e87d515e66	arreglenla	uncertain	not_admitted_candidate		aggregate_only_not_sense_frequency	"[{""path"": ""associativvordes/family-index-v5/members/es/8e.json.gz"", ""family_id"": ""surface:es:arreglenl"", ""record_sha256"": ""50fbd4ab67c4f0485c3d6ed0a5f7d041575046d957974f47321edab6db578fb8""}]"	"{""lemma_id"": ""lemma:ddcecf5709e87d515e66"", ""word"": ""arreglenla"", ""normalized"": ""arreglenla"", ""search_form"": ""arreglenla"", ""rank"": 338695, ""frequency_score"": 0.06600356668229963, ""category_breakdown"": {""subtitles"": {""ipm_values"": [0.002806, 0.004742], ""category_ipm"": 0.0037739999999999996, ""category_score"": 0.06600356668229963}}, ""sources"": [{""id"": ""subtitles/hermit_2016_es_full_lemmatized_ipm6_spacy_lookup_cleaned_v8.json"", ""file"": ""hermit_2016_es_full_lemmatized_ipm6_spacy_lookup_cleaned_v8.json"", ""category"": ""subtitles"", ""ipm"": 0.002806}, {""id"": ""subtitles/hermit_2018_es_full_lemmatized_ipm6_spacy_lookup_cleaned_v8.json"", ""file"": ""hermit_2018_es_full_lemmatized_ipm6_spacy_lookup_cleaned_v8.json"", ""category"": ""subtitles"", ""ipm"": 0.004742}], ""corpus_quality"": {""status"": ""accepted"", ""reasons"": []}, ""components"": [{""surface"": ""arreglenl"", ""canonical_candidate"": ""arreglenl"", ""confidence"": 0.92, ""evidence"": [{""type"": ""morphological_parse"", ""source"": ""candidate_index"", ""path"": [""arreglenla"", ""arreglenl"", ""arreglenl""], ""confidence"": 0.92}]}]}"
es	lemma:de7f107c8ec96b83e6da	arreglandonos	uncertain	not_admitted_candidate		aggregate_only_not_sense_frequency	"[{""path"": ""associativvordes/family-index-v5/members/es/33.json.gz"", ""family_id"": ""surface:es:arreglandon"", ""record_sha256"": ""628775f5ea585693fa84da08e9d2f9e18479f86616a7febc88e719d0ab791550""}, {""path"": ""associativvordes/family-index-v5/members/es/ff.json.gz"", ""family_id"": ""surface:es:donos"", ""record_sha256"": ""bf5e1e239fee486870a3479c038a9f079eecf6fdf5cadc3e966ed1933e35848f""}]"	"{""lemma_id"": ""lemma:de7f107c8ec96b83e6da"", ""word"": ""arreglandonos"", ""normalized"": ""arreglandonos"", ""search_form"": ""arreglandonos"", ""rank"": 309274, ""frequency_score"": 0.090477407431868, ""category_breakdown"": {""subtitles"": {""ipm_values"": [0.005612, 0.004742], ""category_ipm"": 0.005176999999999999, ""category_score"": 0.090477407431868}}, ""sources"": [{""id"": ""subtitles/hermit_2016_es_full_lemmatized_ipm6_spacy_lookup_cleaned_v8.json"", ""file"": ""hermit_2016_es_full_lemmatized_ipm6_spacy_lookup_cleaned_v8.json"", ""category"": ""subtitles"", ""ipm"": 0.005612}, {""id"": ""subtitles/hermit_2018_es_full_lemmatized_ipm6_spacy_lookup_cleaned_v8.json"", ""file"": ""hermit_2018_es_full_lemmatized_ipm6_spacy_lookup_cleaned_v8.json"", ""category"": ""subtitles"", ""ipm"": 0.004742}], ""corpus_quality"": {""status"": ""accepted"", ""reasons"": []}, ""components"": [{""surface"": ""arreglandon"", ""canonical_candidate"": ""arreglandon"", ""confidence"": 0.92, ""evidence"": [{""type"": ""morphological_parse"", ""source"": ""candidate_index"", ""path"": [""arreglandonos"", ""arreglandon"", ""arreglandon""], ""confidence"": 0.92}]}]}"
es	lemma:dee9450ffd21f8a2d8b2	arreglaria	uncertain	not_admitted_candidate		aggregate_only_not_sense_frequency	"[{""path"": ""associativvordes/family-index-v5/members/es/5d.json.gz"", ""family_id"": ""surface:es:arreglari"", ""record_sha256"": ""f2b03e217b401bc89c57da46efcb07e4bf92f0aaab8abd4a8c34776223012c86""}]"	"{""lemma_id"": ""lemma:dee9450ffd21f8a2d8b2"", ""word"": ""arreglaria"", ""normalized"": ""arreglaria"", ""search_form"": ""arreglaria"", ""rank"": 125096, ""frequency_score"": 0.5359864729822125, ""category_breakdown"": {""subtitles"": {""ipm_values"": [0.033675, 0.028449], ""category_ipm"": 0.031062, ""category_score"": 0.5359864729822125}}, ""sources"": [{""id"": ""subtitles/hermit_2016_es_full_lemmatized_ipm6_spacy_lookup_cleaned_v8.json"", ""file"": ""hermit_2016_es_full_lemmatized_ipm6_spacy_lookup_cleaned_v8.json"", ""category"": ""subtitles"", ""ipm"": 0.033675}, {""id"": ""subtitles/hermit_2018_es_full_lemmatized_ipm6_spacy_lookup_cleaned_v8.json"", ""file"": ""hermit_2018_es_full_lemmatized_ipm6_spacy_lookup_cleaned_v8.json"", ""category"": ""subtitles"", ""ipm"": 0.028449}], ""corpus_quality"": {""status"": ""accepted"", ""reasons"": []}, ""components"": [{""surface"": ""arreglari"", ""canonical_candidate"": ""arreglari"", ""confidence"": 0.92, ""evidence"": [{""type"": ""morphological_parse"", ""source"": ""candidate_index"", ""path"": [""arreglaria"", ""arreglari"", ""arreglari""], ""confidence"": 0.92}]}]}"
es	lemma:def7803b8cabf8c2a7af	arreglatelas	uncertain	not_admitted_candidate		aggregate_only_not_sense_frequency	"[{""path"": ""associativvordes/family-index-v5/members/es/a5.json.gz"", ""family_id"": ""surface:es:arreglatel"", ""record_sha256"": ""4fd6b868143941eda74b43471c0fad7b04aceae45d574dff6011c2915f0508f4""}]"	"{""lemma_id"": ""lemma:def7803b8cabf8c2a7af"", ""word"": ""arreglatelas"", ""normalized"": ""arreglatelas"", ""search_form"": ""arreglatelas"", ""rank"": 97139, ""frequency_score"": 0.8412455815272952, ""category_breakdown"": {""subtitles"": {""ipm_values"": [0.053319, 0.045045], ""category_ipm"": 0.049182000000000003, ""category_score"": 0.8412455815272952}}, ""sources"": [{""id"": ""subtitles/hermit_2016_es_full_lemmatized_ipm6_spacy_lookup_cleaned_v8.json"", ""file"": ""hermit_2016_es_full_lemmatized_ipm6_spacy_lookup_cleaned_v8.json"", ""category"": ""subtitles"", ""ipm"": 0.053319}, {""id"": ""subtitles/hermit_2018_es_full_lemmatized_ipm6_spacy_lookup_cleaned_v8.json"", ""file"": ""hermit_2018_es_full_lemmatized_ipm6_spacy_lookup_cleaned_v8.json"", ""category"": ""subtitles"", ""ipm"": 0.045045}], ""corpus_quality"": {""status"": ""accepted"", ""reasons"": []}, ""components"": [{""surface"": ""arreglatel"", ""canonical_candidate"": ""arreglatel"", ""confidence"": 0.92, ""evidence"": [{""type"": ""morphological_parse"", ""source"": ""candidate_index"", ""path"": [""arreglatelas"", ""arreglatel"", ""arreglatel""], ""confidence"": 0.92}]}]}"
es	lemma:df92b5e9a913589b108f	aregla	uncertain	not_admitted_candidate		aggregate_only_not_sense_frequency	"[{""path"": ""associativvordes/family-index-v5/members/es/21.json.gz"", ""family_id"": ""surface:es:aregl"", ""record_sha256"": ""72dd25f1da7a828fa2c449e91b0d38b559ad0ed13c8a56a66d6eaf6ae0556e8c""}]"	"{""lemma_id"": ""lemma:df92b5e9a913589b108f"", ""word"": ""aregla"", ""normalized"": ""aregla"", ""search_form"": ""aregla"", ""rank"": 430686, ""frequency_score"": 0.04529710280721981, ""category_breakdown"": {""subtitles"": {""ipm_values"": [0.002806, 0.002371], ""category_ipm"": 0.0025884999999999997, ""category_score"": 0.04529710280721981}}, ""sources"": [{""id"": ""subtitles/hermit_2016_es_full_lemmatized_ipm6_spacy_lookup_cleaned_v8.json"", ""file"": ""hermit_2016_es_full_lemmatized_ipm6_spacy_lookup_cleaned_v8.json"", ""category"": ""subtitles"", ""ipm"": 0.002806}, {""id"": ""subtitles/hermit_2018_es_full_lemmatized_ipm6_spacy_lookup_cleaned_v8.json"", ""file"": ""hermit_2018_es_full_lemmatized_ipm6_spacy_lookup_cleaned_v8.json"", ""category"": ""subtitles"", ""ipm"": 0.002371}], ""corpus_quality"": {""status"": ""accepted"", ""reasons"": []}, ""components"": [{""surface"": ""aregl"", ""canonical_candidate"": ""aregl"", ""confidence"": 0.92, ""evidence"": [{""type"": ""morphological_parse"", ""source"": ""candidate_index"", ""path"": [""aregla"", ""aregl"", ""aregl""], ""confidence"": 0.92}]}]}"
es	lemma:dfb6bb9bc0c050b73065	arréglesela	uncertain	not_admitted_candidate		aggregate_only_not_sense_frequency	"[{""path"": ""associativvordes/family-index-v5/members/es/8c.json.gz"", ""family_id"": ""surface:es:arreglesel"", ""record_sha256"": ""bf3e38aea54a552378b2c122bce1f8485c87fcf0dce4fba5a7daa48a1861d7aa""}]"	"{""lemma_id"": ""lemma:dfb6bb9bc0c050b73065"", ""word"": ""arréglesela"", ""normalized"": ""arréglesela"", ""search_form"": ""arreglesela"", ""rank"": 280023, ""frequency_score"": 0.08667687199795018, ""category_breakdown"": {""subtitles"": {""ipm_values"": [0.002806, 0.007112], ""category_ipm"": 0.004959, ""category_score"": 0.08667687199795018}}, ""sources"": [{""id"": ""subtitles/hermit_2016_es_full_lemmatized_ipm6_spacy_lookup_cleaned_v8.json"", ""file"": ""hermit_2016_es_full_lemmatized_ipm6_spacy_lookup_cleaned_v8.json"", ""category"": ""subtitles"", ""ipm"": 0.002806}, {""id"": ""subtitles/hermit_2018_es_full_lemmatized_ipm6_spacy_lookup_cleaned_v8.json"", ""file"": ""hermit_2018_es_full_lemmatized_ipm6_spacy_lookup_cleaned_v8.json"", ""category"": ""subtitles"", ""ipm"": 0.007112}], ""corpus_quality"": {""status"": ""accepted"", ""reasons"": []}, ""components"": [{""surface"": ""arreglesel"", ""canonical_candidate"": ""arreglesel"", ""confidence"": 0.92, ""evidence"": [{""type"": ""morphological_parse"", ""source"": ""candidate_index"", ""path"": [""arreglesela"", ""arreglesel"", ""arreglesel""], ""confidence"": 0.92}]}]}"
es	lemma:e008d3708912b9fd6c19	arreglarsu	uncertain	not_admitted_candidate		aggregate_only_not_sense_frequency	"[{""path"": ""associativvordes/family-index-v5/members/es/70.json.gz"", ""family_id"": ""surface:es:arregla"", ""record_sha256"": ""314c35f57290714c12512c29b6ba0dd3ff0cae3128c6ba6787acc91bae16cdbc""}]"	"{""lemma_id"": ""lemma:e008d3708912b9fd6c19"", ""word"": ""arreglarsu"", ""normalized"": ""arreglarsu"", ""search_form"": ""arreglarsu"", ""rank"": 309277, ""frequency_score"": 0.06979986216223158, ""category_breakdown"": {""subtitles"": {""ipm_values"": [0.005612, 0.002371], ""category_ipm"": 0.0039915, ""category_score"": 0.06979986216223158}}, ""sources"": [{""id"": ""subtitles/hermit_2016_es_full_lemmatized_ipm6_spacy_lookup_cleaned_v8.json"", ""file"": ""hermit_2016_es_full_lemmatized_ipm6_spacy_lookup_cleaned_v8.json"", ""category"": ""subtitles"", ""ipm"": 0.005612}, {""id"": ""subtitles/hermit_2018_es_full_lemmatized_ipm6_spacy_lookup_cleaned_v8.json"", ""file"": ""hermit_2018_es_full_lemmatized_ipm6_spacy_lookup_cleaned_v8.json"", ""category"": ""subtitles"", ""ipm"": 0.002371}], ""corpus_quality"": {""status"": ""accepted"", ""reasons"": []}, ""components"": [{""surface"": ""arregla"", ""canonical_candidate"": ""arregla"", ""confidence"": 0.81, ""evidence"": [{""type"": ""compound_morphology"", ""source"": ""candidate_index"", ""path"": [""arreglarsu"", ""arregla"", ""arregla""], ""confidence"": 0.81}]}]}"
es	lemma:e0254aa1e1a7e466c1aa	arregladito	uncertain	not_admitted_candidate		aggregate_only_not_sense_frequency	"[{""path"": ""associativvordes/family-index-v5/members/es/a1.json.gz"", ""family_id"": ""surface:es:arregladit"", ""record_sha256"": ""94c7c0eaabb69cbf2b9717952300ad75a52065909251703c56d2796b9932f234""}]"	"{""lemma_id"": ""lemma:e0254aa1e1a7e466c1aa"", ""word"": ""arregladito"", ""normalized"": ""arregladito"", ""search_form"": ""arregladito"", ""rank"": 151088, ""frequency_score"": 0.39979441049581277, ""category_breakdown"": {""subtitles"": {""ipm_values"": [0.02245, 0.023708], ""category_ipm"": 0.023079000000000002, ""category_score"": 0.39979441049581277}}, ""sources"": [{""id"": ""subtitles/hermit_2016_es_full_lemmatized_ipm6_spacy_lookup_cleaned_v8.json"", ""file"": ""hermit_2016_es_full_lemmatized_ipm6_spacy_lookup_cleaned_v8.json"", ""category"": ""subtitles"", ""ipm"": 0.02245}, {""id"": ""subtitles/hermit_2018_es_full_lemmatized_ipm6_spacy_lookup_cleaned_v8.json"", ""file"": ""hermit_2018_es_full_lemmatized_ipm6_spacy_lookup_cleaned_v8.json"", ""category"": ""subtitles"", ""ipm"": 0.023708}], ""corpus_quality"": {""status"": ""accepted"", ""reasons"": []}, ""components"": [{""surface"": ""arregladit"", ""canonical_candidate"": ""arregladit"", ""confidence"": 0.92, ""evidence"": [{""type"": ""morphological_parse"", ""source"": ""candidate_index"", ""path"": [""arregladito"", ""arregladit"", ""arregladit""], ""confidence"": 0.92}]}]}"
es	lemma:e02af9c89956304514e4	arreglar	uncertain	not_admitted_candidate		aggregate_only_not_sense_frequency	"[{""path"": ""associativvordes/family-index-v5/members/es/26.json.gz"", ""family_id"": ""surface:es:arreglar"", ""record_sha256"": ""0f59d84f4cad0381a40e68a0c6270b22b6418c837b16032f862c8ed1b23c70db""}]"	"{""lemma_id"": ""lemma:e02af9c89956304514e4"", ""word"": ""arreglar"", ""normalized"": ""arreglar"", ""search_form"": ""arreglar"", ""rank"": 483, ""frequency_score"": 79.53893161393353, ""category_breakdown"": {""subtitles"": {""ipm_values"": [176.961515, 176.636407], ""category_ipm"": 176.798961, ""category_score"": 90.77542292143089}, ""mixed"": {""ipm_values"": [12.674567], ""category_ipm"": 12.674567, ""category_score"": 45.82945769144145}}, ""sources"": [{""id"": ""mixed/es_wordlist.lemmatized_stanza_ipm6.json"", ""file"": ""es_wordlist.lemmatized_stanza_ipm6.json"", ""category"": ""mixed"", ""ipm"": 12.674567}, {""id"": ""subtitles/hermit_2016_es_full_lemmatized_ipm6_spacy_lookup_cleaned_v8.json"", ""file"": ""hermit_2016_es_full_lemmatized_ipm6_spacy_lookup_cleaned_v8.json"", ""category"": ""subtitles"", ""ipm"": 176.961515}, {""id"": ""subtitles/hermit_2018_es_full_lemmatized_ipm6_spacy_lookup_cleaned_v8.json"", ""file"": ""hermit_2018_es_full_lemmatized_ipm6_spacy_lookup_cleaned_v8.json"", ""category"": ""subtitles"", ""ipm"": 176.636407}], ""corpus_quality"": {""status"": ""accepted"", ""reasons"": []}, ""components"": [{""surface"": ""arreglar"", ""canonical_candidate"": ""arreglar"", ""confidence"": 0.92, ""evidence"": [{""type"": ""morphological_parse"", ""source"": ""candidate_index"", ""path"": [""arreglar"", ""arreglar"", ""arreglar""], ""confidence"": 0.92}]}]}"
es	lemma:e04ef6ab2ef3ee9b80d4	arreglastéis	uncertain	not_admitted_candidate		aggregate_only_not_sense_frequency	"[{""path"": ""associativvordes/family-index-v5/members/es/1b.json.gz"", ""family_id"": ""surface:es:eis"", ""record_sha256"": ""0dcf1da3669ffbc205d600ce69732e773cfcb6ebb419fa6e6771d2e11a3cbe81""}, {""path"": ""associativvordes/family-index-v5/members/es/b7.json.gz"", ""family_id"": ""surface:es:arreglast"", ""record_sha256"": ""54fa66650a10ef234c109c200495ac68485f7f49f1412c0b1235cc0acbae74b1""}]"	"{""lemma_id"": ""lemma:e04ef6ab2ef3ee9b80d4"", ""word"": ""arreglastéis"", ""normalized"": ""arreglastéis"", ""search_form"": ""arreglasteis"", ""rank"": 431912, ""frequency_score"": 0.04529710280721981, ""category_breakdown"": {""subtitles"": {""ipm_values"": [0.002806, 0.002371], ""category_ipm"": 0.0025884999999999997, ""category_score"": 0.04529710280721981}}, ""sources"": [{""id"": ""subtitles/hermit_2016_es_full_lemmatized_ipm6_spacy_lookup_cleaned_v8.json"", ""file"": ""hermit_2016_es_full_lemmatized_ipm6_spacy_lookup_cleaned_v8.json"", ""category"": ""subtitles"", ""ipm"": 0.002806}, {""id"": ""subtitles/hermit_2018_es_full_lemmatized_ipm6_spacy_lookup_cleaned_v8.json"", ""file"": ""hermit_2018_es_full_lemmatized_ipm6_spacy_lookup_cleaned_v8.json"", ""category"": ""subtitles"", ""ipm"": 0.002371}], ""corpus_quality"": {""status"": ""accepted"", ""reasons"": []}, ""components"": [{""surface"": ""eis"", ""canonical_candidate"": ""eis"", ""confidence"": 0.89, ""evidence"": [{""type"": ""compound_morphology"", ""source"": ""candidate_index"", ""path"": [""arreglasteis"", ""eis"", ""eis""], ""confidence"": 0.89}]}]}"
es	lemma:e11ebb936ac33af364d0	craigreglano	uncertain	not_admitted_candidate		aggregate_only_not_sense_frequency	"[{""path"": ""associativvordes/family-index-v5/members/es/61.json.gz"", ""family_id"": ""surface:es:craigreglan"", ""record_sha256"": ""86c31ad209fc7f6eeebe8daa294b2646728fcfec0dc8d621975e8a1132ab0617""}, {""path"": ""associativvordes/family-index-v5/members/es/79.json.gz"", ""family_id"": ""ety:f089e9ab2fd2"", ""record_sha256"": ""adf1cd4890b4a9942c7bcbe0f632f2de99422018ccbad12b30e9d71d7208fed2""}]"	"{""lemma_id"": ""lemma:e11ebb936ac33af364d0"", ""word"": ""craigreglano"", ""normalized"": ""craigreglano"", ""search_form"": ""craigreglano"", ""rank"": 529209, ""frequency_score"": 0.041495494299664135, ""category_breakdown"": {""subtitles"": {""ipm_values"": [0.002371], ""category_ipm"": 0.002371, ""category_score"": 0.041495494299664135}}, ""sources"": [{""id"": ""subtitles/hermit_2018_es_full_lemmatized_ipm6_spacy_lookup_cleaned_v8.json"", ""file"": ""hermit_2018_es_full_lemmatized_ipm6_spacy_lookup_cleaned_v8.json"", ""category"": ""subtitles"", ""ipm"": 0.002371}], ""corpus_quality"": {""status"": ""accepted"", ""reasons"": []}, ""components"": [{""surface"": ""craigreglan"", ""canonical_candidate"": ""craigreglan"", ""confidence"": 0.92, ""evidence"": [{""type"": ""morphological_parse"", ""source"": ""candidate_index"", ""path"": [""craigreglano"", ""craigreglan"", ""craigreglan""], ""confidence"": 0.92}]}]}"
es	lemma:e1eab1ec68f0634bbde0	arreglandolas	uncertain	not_admitted_candidate		aggregate_only_not_sense_frequency	"[{""path"": ""associativvordes/family-index-v5/members/es/59.json.gz"", ""family_id"": ""surface:es:arreglandol"", ""record_sha256"": ""40ef5b6ca6107050b82b90d00af6806474198eab52163581eccb93fccd7166a3""}]"	"{""lemma_id"": ""lemma:e1eab1ec68f0634bbde0"", ""word"": ""arreglandolas"", ""normalized"": ""arreglandolas"", ""search_form"": ""arreglandolas"", ""rank"": 431889, ""frequency_score"": 0.04529710280721981, ""category_breakdown"": {""subtitles"": {""ipm_values"": [0.002806, 0.002371], ""category_ipm"": 0.0025884999999999997, ""category_score"": 0.04529710280721981}}, ""sources"": [{""id"": ""subtitles/hermit_2016_es_full_lemmatized_ipm6_spacy_lookup_cleaned_v8.json"", ""file"": ""hermit_2016_es_full_lemmatized_ipm6_spacy_lookup_cleaned_v8.json"", ""category"": ""subtitles"", ""ipm"": 0.002806}, {""id"": ""subtitles/hermit_2018_es_full_lemmatized_ipm6_spacy_lookup_cleaned_v8.json"", ""file"": ""hermit_2018_es_full_lemmatized_ipm6_spacy_lookup_cleaned_v8.json"", ""category"": ""subtitles"", ""ipm"": 0.002371}], ""corpus_quality"": {""status"": ""accepted"", ""reasons"": []}, ""components"": [{""surface"": ""arreglandol"", ""canonical_candidate"": ""arreglandol"", ""confidence"": 0.92, ""evidence"": [{""type"": ""morphological_parse"", ""source"": ""candidate_index"", ""path"": [""arreglandolas"", ""arreglandol"", ""arreglandol""], ""confidence"": 0.92}]}]}"
es	lemma:e2b898e7efdca43390c4	regulana	uncertain	withheld_historical_uncertain		aggregate_only_not_sense_frequency	"[{""path"": ""associativvordes/family-index-v5/members/es/40.json.gz"", ""family_id"": ""family:regul"", ""record_sha256"": ""31f409e9cdca240ff3cd84ad175af8b71a52334750a77eca7c2d38503470bf26""}, {""path"": ""associativvordes/family-index-v5/members/es/6c.json.gz"", ""family_id"": ""ety:a0e399c054d2"", ""record_sha256"": ""39ebf1d4fd393856e2fa14cceea672947bfa47d322796d1a9feca01d2ecfedf7""}, {""path"": ""associativvordes/family-index-v5/members/es/90.json.gz"", ""family_id"": ""surface:es:regulan"", ""record_sha256"": ""cd55aaf1ad477dbf25e62bec3616e6f6243a03361d129b8fce54f3d2a8381cb1""}]"	"{""lemma_id"": ""lemma:e2b898e7efdca43390c4"", ""word"": ""regulana"", ""normalized"": ""regulana"", ""search_form"": ""regulana"", ""rank"": 384576, ""frequency_score"": 0.090477407431868, ""category_breakdown"": {""subtitles"": {""ipm_values"": [0.005612, 0.004742], ""category_ipm"": 0.005176999999999999, ""category_score"": 0.090477407431868}}, ""sources"": [{""id"": ""subtitles/hermit_2016_es_full_lemmatized_ipm6_spacy_lookup_cleaned_v8.json"", ""file"": ""hermit_2016_es_full_lemmatized_ipm6_spacy_lookup_cleaned_v8.json"", ""category"": ""subtitles"", ""ipm"": 0.005612}, {""id"": ""subtitles/hermit_2018_es_full_lemmatized_ipm6_spacy_lookup_cleaned_v8.json"", ""file"": ""hermit_2018_es_full_lemmatized_ipm6_spacy_lookup_cleaned_v8.json"", ""category"": ""subtitles"", ""ipm"": 0.004742}], ""corpus_quality"": {""status"": ""accepted"", ""reasons"": []}, ""components"": [{""surface"": ""regul"", ""canonical_candidate"": ""regul"", ""confidence"": 0.97, ""evidence"": [{""type"": ""compound_morphology"", ""source"": ""manually_verified"", ""path"": [""regulana"", ""regul"", ""regul""], ""confidence"": 0.97}, {""type"": ""verified_seed_alias"", ""source"": ""methodology_control_seed"", ""path"": [""es"", ""regul"", ""family:regul""], ""confidence"": 1}]}]}"
es	lemma:e3ad0c99fb1001f64507	arregliski	uncertain	not_admitted_candidate		aggregate_only_not_sense_frequency	"[{""path"": ""associativvordes/family-index-v5/members/es/4e.json.gz"", ""family_id"": ""surface:es:gli"", ""record_sha256"": ""1730198e8ce8028e55a8a15c7f9201ccf345d68a1b0fdf35aa7e92530627379a""}, {""path"": ""associativvordes/family-index-v5/members/es/b1.json.gz"", ""family_id"": ""surface:es:arregl"", ""record_sha256"": ""92b3746cf4b7fd8ee792f0074700839d9a7497c01e70aa011b8aa347070327c1""}, {""path"": ""associativvordes/family-index-v5/members/es/c5.json.gz"", ""family_id"": ""surface:es:ski"", ""record_sha256"": ""88a9b6d15baab375933401b24e3bbc3ad04cb4af286aaf29f88e51310385fd7c""}]"	"{""lemma_id"": ""lemma:e3ad0c99fb1001f64507"", ""word"": ""arregliski"", ""normalized"": ""arregliski"", ""search_form"": ""arregliski"", ""rank"": 431927, ""frequency_score"": 0.04529710280721981, ""category_breakdown"": {""subtitles"": {""ipm_values"": [0.002806, 0.002371], ""category_ipm"": 0.0025884999999999997, ""category_score"": 0.04529710280721981}}, ""sources"": [{""id"": ""subtitles/hermit_2016_es_full_lemmatized_ipm6_spacy_lookup_cleaned_v8.json"", ""file"": ""hermit_2016_es_full_lemmatized_ipm6_spacy_lookup_cleaned_v8.json"", ""category"": ""subtitles"", ""ipm"": 0.002806}, {""id"": ""subtitles/hermit_2018_es_full_lemmatized_ipm6_spacy_lookup_cleaned_v8.json"", ""file"": ""hermit_2018_es_full_lemmatized_ipm6_spacy_lookup_cleaned_v8.json"", ""category"": ""subtitles"", ""ipm"": 0.002371}], ""corpus_quality"": {""status"": ""accepted"", ""reasons"": []}, ""components"": [{""surface"": ""gli"", ""canonical_candidate"": ""gli"", ""confidence"": 0.81, ""evidence"": [{""type"": ""compound_morphology"", ""source"": ""candidate_index"", ""path"": [""arregliski"", ""gli"", ""gli""], ""confidence"": 0.81}]}]}"
es	lemma:e4318d54ff9beebbba44	reglamente	uncertain	not_admitted_candidate		aggregate_only_not_sense_frequency	"[{""path"": ""associativvordes/family-index-v5/members/es/6a.json.gz"", ""family_id"": ""surface:es:lamente"", ""record_sha256"": ""64a7fb03cbed18427672c08fd9b73a47ee7edcbac38883ab048ae561e9855c92""}, {""path"": ""associativvordes/family-index-v5/members/es/81.json.gz"", ""family_id"": ""surface:es:regla"", ""record_sha256"": ""afa454fe70a21386fce9bf4aefec7566cb3e3b99d1a9d750e355b4e9d4d47eac""}, {""path"": ""associativvordes/family-index-v5/members/es/c1.json.gz"", ""family_id"": ""surface:es:glam"", ""record_sha256"": ""712d905188bb732d384b5019a13fac0fe9ccab7277e70d2fb4eb938fc16c21c8""}]"	"{""lemma_id"": ""lemma:e4318d54ff9beebbba44"", ""word"": ""reglamente"", ""normalized"": ""reglamente"", ""search_form"": ""reglamente"", ""rank"": 41938, ""frequency_score"": 3.8197533100583407, ""category_breakdown"": {""mixed"": {""ipm_values"": [0.243584], ""category_ipm"": 0.243584, ""category_score"": 3.8197533100583407}}, ""sources"": [{""id"": ""mixed/es_wordlist.lemmatized_stanza_ipm6.json"", ""file"": ""es_wordlist.lemmatized_stanza_ipm6.json"", ""category"": ""mixed"", ""ipm"": 0.243584}], ""corpus_quality"": {""status"": ""accepted"", ""reasons"": []}, ""components"": [{""surface"": ""lamente"", ""canonical_candidate"": ""lamente"", ""confidence"": 0.89, ""evidence"": [{""type"": ""compound_morphology"", ""source"": ""candidate_index"", ""path"": [""reglamente"", ""lamente"", ""lamente""], ""confidence"": 0.89}]}]}"
es	lemma:e498f0d28e7bc07acc92	regulars	uncertain	withheld_historical_uncertain		aggregate_only_not_sense_frequency	"[{""path"": ""associativvordes/family-index-v5/members/es/40.json.gz"", ""family_id"": ""family:regul"", ""record_sha256"": ""1d1813617259bf7cebc16ac1f8c66e384e53bc645380ae3b0b6c27637f74f272""}, {""path"": ""associativvordes/family-index-v5/members/es/54.json.gz"", ""family_id"": ""surface:es:lars"", ""record_sha256"": ""2d84f1e6a16fb15d160cee4654bbd7fa800238f00ce2682a792911dc43decf94""}]"	"{""lemma_id"": ""lemma:e498f0d28e7bc07acc92"", ""word"": ""regulars"", ""normalized"": ""regulars"", ""search_form"": ""regulars"", ""rank"": 176278, ""frequency_score"": 0.19181964077447283, ""category_breakdown"": {""subtitles"": {""ipm_values"": [0.019644, 0.002371], ""category_ipm"": 0.0110075, ""category_score"": 0.19181964077447283}}, ""sources"": [{""id"": ""subtitles/hermit_2016_es_full_lemmatized_ipm6_spacy_lookup_cleaned_v8.json"", ""file"": ""hermit_2016_es_full_lemmatized_ipm6_spacy_lookup_cleaned_v8.json"", ""category"": ""subtitles"", ""ipm"": 0.019644}, {""id"": ""subtitles/hermit_2018_es_full_lemmatized_ipm6_spacy_lookup_cleaned_v8.json"", ""file"": ""hermit_2018_es_full_lemmatized_ipm6_spacy_lookup_cleaned_v8.json"", ""category"": ""subtitles"", ""ipm"": 0.002371}], ""corpus_quality"": {""status"": ""accepted"", ""reasons"": []}, ""components"": [{""surface"": ""regul"", ""canonical_candidate"": ""regul"", ""confidence"": 0.97, ""evidence"": [{""type"": ""compound_morphology"", ""source"": ""manually_verified"", ""path"": [""regulars"", ""regul"", ""regul""], ""confidence"": 0.97}, {""type"": ""verified_seed_alias"", ""source"": ""methodology_control_seed"", ""path"": [""es"", ""regul"", ""family:regul""], ""confidence"": 1}]}]}"
es	lemma:e55189b621c07f573ad7	arregláosla	uncertain	not_admitted_candidate		aggregate_only_not_sense_frequency	"[{""path"": ""associativvordes/family-index-v5/members/es/c2.json.gz"", ""family_id"": ""surface:es:arreglaosl"", ""record_sha256"": ""dc6da00a1ea92c5a1f55bf5ec1c770afcef1384c552256f78f3ed2a4032549c2""}, {""path"": ""associativvordes/family-index-v5/members/es/f2.json.gz"", ""family_id"": ""surface:es:sla"", ""record_sha256"": ""a4f72fe277b76aacd3123262fc736181968c692f2436b3e1f21db39443c5afeb""}]"	"{""lemma_id"": ""lemma:e55189b621c07f573ad7"", ""word"": ""arregláosla"", ""normalized"": ""arregláosla"", ""search_form"": ""arreglaosla"", ""rank"": 431933, ""frequency_score"": 0.04529710280721981, ""category_breakdown"": {""subtitles"": {""ipm_values"": [0.002806, 0.002371], ""category_ipm"": 0.0025884999999999997, ""category_score"": 0.04529710280721981}}, ""sources"": [{""id"": ""subtitles/hermit_2016_es_full_lemmatized_ipm6_spacy_lookup_cleaned_v8.json"", ""file"": ""hermit_2016_es_full_lemmatized_ipm6_spacy_lookup_cleaned_v8.json"", ""category"": ""subtitles"", ""ipm"": 0.002806}, {""id"": ""subtitles/hermit_2018_es_full_lemmatized_ipm6_spacy_lookup_cleaned_v8.json"", ""file"": ""hermit_2018_es_full_lemmatized_ipm6_spacy_lookup_cleaned_v8.json"", ""category"": ""subtitles"", ""ipm"": 0.002371}], ""corpus_quality"": {""status"": ""accepted"", ""reasons"": []}, ""components"": [{""surface"": ""arreglaosl"", ""canonical_candidate"": ""arreglaosl"", ""confidence"": 0.92, ""evidence"": [{""type"": ""morphological_parse"", ""source"": ""candidate_index"", ""path"": [""arreglaosla"", ""arreglaosl"", ""arreglaosl""], ""confidence"": 0.92}]}]}"
es	lemma:e572b472c67eee536f35	reglón	uncertain	not_admitted_candidate		aggregate_only_not_sense_frequency	"[{""path"": ""associativvordes/family-index-v5/members/es/b2.json.gz"", ""family_id"": ""surface:es:reg"", ""record_sha256"": ""c9f2ad652facdab0a5a9ff24d3778d5badc2180221ae06b57ad6b5fc2288baeb""}, {""path"": ""associativvordes/family-index-v5/members/es/ee.json.gz"", ""family_id"": ""surface:es:glon"", ""record_sha256"": ""820f7865d66fdb22ef599fc7e8ec7584e92aa4a4af392921662d97607417497f""}]"	"{""lemma_id"": ""lemma:e572b472c67eee536f35"", ""word"": ""reglón"", ""normalized"": ""reglón"", ""search_form"": ""reglon"", ""rank"": 192863, ""frequency_score"": 0.290476696525226, ""category_breakdown"": {""subtitles"": {""ipm_values"": [0.016837, 0.016595], ""category_ipm"": 0.016716, ""category_score"": 0.290476696525226}}, ""sources"": [{""id"": ""subtitles/hermit_2016_es_full_lemmatized_ipm6_spacy_lookup_cleaned_v8.json"", ""file"": ""hermit_2016_es_full_lemmatized_ipm6_spacy_lookup_cleaned_v8.json"", ""category"": ""subtitles"", ""ipm"": 0.016837}, {""id"": ""subtitles/hermit_2018_es_full_lemmatized_ipm6_spacy_lookup_cleaned_v8.json"", ""file"": ""hermit_2018_es_full_lemmatized_ipm6_spacy_lookup_cleaned_v8.json"", ""category"": ""subtitles"", ""ipm"": 0.016595}], ""corpus_quality"": {""status"": ""accepted"", ""reasons"": []}, ""components"": [{""surface"": ""reg"", ""canonical_candidate"": ""reg"", ""confidence"": 0.81, ""evidence"": [{""type"": ""compound_morphology"", ""source"": ""candidate_index"", ""path"": [""reglon"", ""reg"", ""reg""], ""confidence"": 0.81}]}]}"
es	lemma:e580a97688ee06e67102	regulanos	uncertain	withheld_historical_uncertain		aggregate_only_not_sense_frequency	"[{""path"": ""associativvordes/family-index-v5/members/es/22.json.gz"", ""family_id"": ""ety:815ce5157a11"", ""record_sha256"": ""e6f0edc042e03a899007d562e36a9628e5277d8380a79b8e8f5cd222153d9557""}, {""path"": ""associativvordes/family-index-v5/members/es/40.json.gz"", ""family_id"": ""family:regul"", ""record_sha256"": ""3bb8d1bb1a47c525247727cdb018d61b251ce5014bfca3f98a84c2637df7deda""}, {""path"": ""associativvordes/family-index-v5/members/es/90.json.gz"", ""family_id"": ""surface:es:regulan"", ""record_sha256"": ""6b819a6249676e61814acdacb5f5f986080a3eadd06888db9e23ecbe3c6e2e7a""}, {""path"": ""associativvordes/family-index-v5/members/es/d0.json.gz"", ""family_id"": ""ety:f3818b155d73"", ""record_sha256"": ""e6f0edc042e03a899007d562e36a9628e5277d8380a79b8e8f5cd222153d9557""}]"	"{""lemma_id"": ""lemma:e580a97688ee06e67102"", ""word"": ""regulanos"", ""normalized"": ""regulanos"", ""search_form"": ""regulanos"", ""rank"": 692054, ""frequency_score"": 0.04529710280721981, ""category_breakdown"": {""subtitles"": {""ipm_values"": [0.002806, 0.002371], ""category_ipm"": 0.0025884999999999997, ""category_score"": 0.04529710280721981}}, ""sources"": [{""id"": ""subtitles/hermit_2016_es_full_lemmatized_ipm6_spacy_lookup_cleaned_v8.json"", ""file"": ""hermit_2016_es_full_lemmatized_ipm6_spacy_lookup_cleaned_v8.json"", ""category"": ""subtitles"", ""ipm"": 0.002806}, {""id"": ""subtitles/hermit_2018_es_full_lemmatized_ipm6_spacy_lookup_cleaned_v8.json"", ""file"": ""hermit_2018_es_full_lemmatized_ipm6_spacy_lookup_cleaned_v8.json"", ""category"": ""subtitles"", ""ipm"": 0.002371}], ""corpus_quality"": {""status"": ""accepted"", ""reasons"": []}, ""components"": [{""surface"": ""lanos"", ""canonical_candidate"": ""lanos"", ""confidence"": 0.89, ""evidence"": [{""type"": ""compound_morphology"", ""source"": ""candidate_index"", ""path"": [""regulanos"", ""lanos"", ""lanos""], ""confidence"": 0.89}]}]}"
es	lemma:e5cd7dfe1b5c9232a7a1	arreglarle	uncertain	not_admitted_candidate		aggregate_only_not_sense_frequency	"[{""path"": ""associativvordes/family-index-v5/members/es/70.json.gz"", ""family_id"": ""surface:es:arregla"", ""record_sha256"": ""00b72c5750e4ab6fca82da278ced784fefe86548a9c0325f8cc1873802a8181b""}]"	"{""lemma_id"": ""lemma:e5cd7dfe1b5c9232a7a1"", ""word"": ""arreglarle"", ""normalized"": ""arreglarle"", ""search_form"": ""arreglarle"", ""rank"": 27176, ""frequency_score"": 7.295868976784487, ""category_breakdown"": {""subtitles"": {""ipm_values"": [0.499511, 0.533423], ""category_ipm"": 0.516467, ""category_score"": 7.295868976784487}}, ""sources"": [{""id"": ""subtitles/hermit_2016_es_full_lemmatized_ipm6_spacy_lookup_cleaned_v8.json"", ""file"": ""hermit_2016_es_full_lemmatized_ipm6_spacy_lookup_cleaned_v8.json"", ""category"": ""subtitles"", ""ipm"": 0.499511}, {""id"": ""subtitles/hermit_2018_es_full_lemmatized_ipm6_spacy_lookup_cleaned_v8.json"", ""file"": ""hermit_2018_es_full_lemmatized_ipm6_spacy_lookup_cleaned_v8.json"", ""category"": ""subtitles"", ""ipm"": 0.533423}], ""corpus_quality"": {""status"": ""accepted"", ""reasons"": []}, ""components"": [{""surface"": ""arregla"", ""canonical_candidate"": ""arregla"", ""confidence"": 0.81, ""evidence"": [{""type"": ""compound_morphology"", ""source"": ""candidate_index"", ""path"": [""arreglarle"", ""arregla"", ""arregla""], ""confidence"": 0.81}]}]}"
es	lemma:e63e97f02d6595812201	regolith	excluded	removed_historical_excluded		aggregate_only_not_sense_frequency	"[{""path"": ""associativvordes/family-index-v5/members/es/40.json.gz"", ""family_id"": ""family:regul"", ""record_sha256"": ""7ea9ffa3b91f35dac8e7bc33aac1aed1f99491c7a181905ca7e8b9a73c10a736""}, {""path"": ""associativvordes/family-index-v5/members/es/4b.json.gz"", ""family_id"": ""surface:es:lith"", ""record_sha256"": ""b4c36a2caa1bc102a4fa9205d411c031a5f07ac67c3d05976bf76141c8a5c797""}]"	"{""lemma_id"": ""lemma:e63e97f02d6595812201"", ""word"": ""regolith"", ""normalized"": ""regolith"", ""search_form"": ""regolith"", ""rank"": 58999, ""frequency_score"": 1.9002268976954853, ""category_breakdown"": {""subtitles"": {""ipm_values"": [0.131893, 0.097201], ""category_ipm"": 0.11454700000000001, ""category_score"": 1.9002268976954853}}, ""sources"": [{""id"": ""subtitles/hermit_2016_es_full_lemmatized_ipm6_spacy_lookup_cleaned_v8.json"", ""file"": ""hermit_2016_es_full_lemmatized_ipm6_spacy_lookup_cleaned_v8.json"", ""category"": ""subtitles"", ""ipm"": 0.131893}, {""id"": ""subtitles/hermit_2018_es_full_lemmatized_ipm6_spacy_lookup_cleaned_v8.json"", ""file"": ""hermit_2018_es_full_lemmatized_ipm6_spacy_lookup_cleaned_v8.json"", ""category"": ""subtitles"", ""ipm"": 0.097201}], ""corpus_quality"": {""status"": ""accepted"", ""reasons"": []}, ""components"": [{""surface"": ""regol"", ""canonical_candidate"": ""regol"", ""confidence"": 0.81, ""evidence"": [{""type"": ""compound_morphology"", ""source"": ""candidate_index"", ""path"": [""regolith"", ""regol"", ""regol""], ""confidence"": 0.81}, {""type"": ""verified_seed_alias"", ""source"": ""methodology_control_seed"", ""path"": [""es"", ""regol"", ""family:regul""], ""confidence"": 1}]}]}"
es	lemma:e65e80f93e009dbbb5b8	arregleselas	uncertain	not_admitted_candidate		aggregate_only_not_sense_frequency	"[{""path"": ""associativvordes/family-index-v5/members/es/8c.json.gz"", ""family_id"": ""surface:es:arreglesel"", ""record_sha256"": ""f8e377d52ece03f1a8e42f07d2f690298c6081f23fd77026bef5c6ddada1ac26""}]"	"{""lemma_id"": ""lemma:e65e80f93e009dbbb5b8"", ""word"": ""arregleselas"", ""normalized"": ""arregleselas"", ""search_form"": ""arregleselas"", ""rank"": 431924, ""frequency_score"": 0.04529710280721981, ""category_breakdown"": {""subtitles"": {""ipm_values"": [0.002806, 0.002371], ""category_ipm"": 0.0025884999999999997, ""category_score"": 0.04529710280721981}}, ""sources"": [{""id"": ""subtitles/hermit_2016_es_full_lemmatized_ipm6_spacy_lookup_cleaned_v8.json"", ""file"": ""hermit_2016_es_full_lemmatized_ipm6_spacy_lookup_cleaned_v8.json"", ""category"": ""subtitles"", ""ipm"": 0.002806}, {""id"": ""subtitles/hermit_2018_es_full_lemmatized_ipm6_spacy_lookup_cleaned_v8.json"", ""file"": ""hermit_2018_es_full_lemmatized_ipm6_spacy_lookup_cleaned_v8.json"", ""category"": ""subtitles"", ""ipm"": 0.002371}], ""corpus_quality"": {""status"": ""accepted"", ""reasons"": []}, ""components"": [{""surface"": ""arreglesel"", ""canonical_candidate"": ""arreglesel"", ""confidence"": 0.92, ""evidence"": [{""type"": ""morphological_parse"", ""source"": ""candidate_index"", ""path"": [""arregleselas"", ""arreglesel"", ""arreglesel""], ""confidence"": 0.92}]}]}"
es	lemma:e690ff9c4f2ec202db3e	reglane	uncertain	not_admitted_candidate		aggregate_only_not_sense_frequency	"[{""path"": ""associativvordes/family-index-v5/members/es/7a.json.gz"", ""family_id"": ""surface:es:regl"", ""record_sha256"": ""29cd9b368476dc9fe8405529d9af8b2a5bb9d640094c8998a3026ce630a5fc3d""}, {""path"": ""associativvordes/family-index-v5/members/es/ea.json.gz"", ""family_id"": ""surface:es:lane"", ""record_sha256"": ""7a59490054f3a227ac19faab24ca000305e012313551cf503a8bdcd0c7943c2c""}]"	"{""lemma_id"": ""lemma:e690ff9c4f2ec202db3e"", ""word"": ""reglane"", ""normalized"": ""reglane"", ""search_form"": ""reglane"", ""rank"": 691790, ""frequency_score"": 0.04529710280721981, ""category_breakdown"": {""subtitles"": {""ipm_values"": [0.002806, 0.002371], ""category_ipm"": 0.0025884999999999997, ""category_score"": 0.04529710280721981}}, ""sources"": [{""id"": ""subtitles/hermit_2016_es_full_lemmatized_ipm6_spacy_lookup_cleaned_v8.json"", ""file"": ""hermit_2016_es_full_lemmatized_ipm6_spacy_lookup_cleaned_v8.json"", ""category"": ""subtitles"", ""ipm"": 0.002806}, {""id"": ""subtitles/hermit_2018_es_full_lemmatized_ipm6_spacy_lookup_cleaned_v8.json"", ""file"": ""hermit_2018_es_full_lemmatized_ipm6_spacy_lookup_cleaned_v8.json"", ""category"": ""subtitles"", ""ipm"": 0.002371}], ""corpus_quality"": {""status"": ""accepted"", ""reasons"": []}, ""components"": [{""surface"": ""regl"", ""canonical_candidate"": ""regl"", ""confidence"": 0.81, ""evidence"": [{""type"": ""compound_morphology"", ""source"": ""candidate_index"", ""path"": [""reglane"", ""regl"", ""regl""], ""confidence"": 0.81}]}]}"
es	lemma:e6955f45a0f3bcc4af31	arreglárnoslas	uncertain	not_admitted_candidate		aggregate_only_not_sense_frequency	"[{""path"": ""associativvordes/family-index-v5/members/es/5a.json.gz"", ""family_id"": ""surface:es:arreglarnosl"", ""record_sha256"": ""5dce7d981d3d97aa554eff96d94e74484c4ac22f68d30f2f7be05644ee82f3c3""}]"	"{""lemma_id"": ""lemma:e6955f45a0f3bcc4af31"", ""word"": ""arreglárnoslas"", ""normalized"": ""arreglárnoslas"", ""search_form"": ""arreglarnoslas"", ""rank"": 31690, ""frequency_score"": 5.776684135352224, ""category_breakdown"": {""subtitles"": {""ipm_values"": [0.404099, 0.376952], ""category_ipm"": 0.39052549999999997, ""category_score"": 5.776684135352224}}, ""sources"": [{""id"": ""subtitles/hermit_2016_es_full_lemmatized_ipm6_spacy_lookup_cleaned_v8.json"", ""file"": ""hermit_2016_es_full_lemmatized_ipm6_spacy_lookup_cleaned_v8.json"", ""category"": ""subtitles"", ""ipm"": 0.404099}, {""id"": ""subtitles/hermit_2018_es_full_lemmatized_ipm6_spacy_lookup_cleaned_v8.json"", ""file"": ""hermit_2018_es_full_lemmatized_ipm6_spacy_lookup_cleaned_v8.json"", ""category"": ""subtitles"", ""ipm"": 0.376952}], ""corpus_quality"": {""status"": ""accepted"", ""reasons"": []}, ""components"": [{""surface"": ""arreglarnosl"", ""canonical_candidate"": ""arreglarnosl"", ""confidence"": 0.92, ""evidence"": [{""type"": ""morphological_parse"", ""source"": ""candidate_index"", ""path"": [""arreglarnoslas"", ""arreglarnosl"", ""arreglarnosl""], ""confidence"": 0.92}]}]}"
es	lemma:e69df751eede289e031a	regularcilla	accepted	accepted	regular	aggregate_only_not_sense_frequency	"[{""path"": ""associativvordes/family-index-v5/members/es/40.json.gz"", ""family_id"": ""family:regul"", ""record_sha256"": ""15c5bd71993282af6fe9a63acceeb5d1e1393e36472b38c658cdedc540204959""}, {""path"": ""associativvordes/family-index-v5/members/es/9c.json.gz"", ""family_id"": ""surface:es:regularcill"", ""record_sha256"": ""c752b4166c82b92884cda245979b42c829d046ac74d917d9bc6317d7af7d4aec""}, {""path"": ""associativvordes/family-index-v5/members/es/e3.json.gz"", ""family_id"": ""surface:es:lla"", ""record_sha256"": ""ec54c7876ed1eb7f4d71f322badeabddef9be81eb5cc7796cfd25e04f0befea7""}]"	"{""lemma_id"": ""lemma:e69df751eede289e031a"", ""word"": ""regularcilla"", ""normalized"": ""regularcilla"", ""search_form"": ""regularcilla"", ""rank"": 692055, ""frequency_score"": 0.04529710280721981, ""category_breakdown"": {""subtitles"": {""ipm_values"": [0.002806, 0.002371], ""category_ipm"": 0.0025884999999999997, ""category_score"": 0.04529710280721981}}, ""sources"": [{""id"": ""subtitles/hermit_2016_es_full_lemmatized_ipm6_spacy_lookup_cleaned_v8.json"", ""file"": ""hermit_2016_es_full_lemmatized_ipm6_spacy_lookup_cleaned_v8.json"", ""category"": ""subtitles"", ""ipm"": 0.002806}, {""id"": ""subtitles/hermit_2018_es_full_lemmatized_ipm6_spacy_lookup_cleaned_v8.json"", ""file"": ""hermit_2018_es_full_lemmatized_ipm6_spacy_lookup_cleaned_v8.json"", ""category"": ""subtitles"", ""ipm"": 0.002371}], ""corpus_quality"": {""status"": ""accepted"", ""reasons"": []}, ""components"": [{""surface"": ""regul"", ""canonical_candidate"": ""regul"", ""confidence"": 0.97, ""evidence"": [{""type"": ""compound_morphology"", ""source"": ""manually_verified"", ""path"": [""regularcilla"", ""regul"", ""regul""], ""confidence"": 0.97}, {""type"": ""verified_seed_alias"", ""source"": ""methodology_control_seed"", ""path"": [""es"", ""regul"", ""family:regul""], ""confidence"": 1}]}]}"
es	lemma:e6bd14519b9961b2b45a	rrrreglas	uncertain	not_admitted_candidate		aggregate_only_not_sense_frequency	"[{""path"": ""associativvordes/family-index-v5/members/es/1f.json.gz"", ""family_id"": ""surface:es:glas"", ""record_sha256"": ""5756e89f69be4d2ce410be188afeea43a632c0b1ede3ab0b51d1a4efc6d20e55""}, {""path"": ""associativvordes/family-index-v5/members/es/dc.json.gz"", ""family_id"": ""surface:es:rrrregl"", ""record_sha256"": ""8bf258c843a56ffb576d269653ccbf88d10f75d241c0be4b423c6a91622efdfb""}]"	"{""lemma_id"": ""lemma:e6bd14519b9961b2b45a"", ""word"": ""rrrreglas"", ""normalized"": ""rrrreglas"", ""search_form"": ""rrrreglas"", ""rank"": 702290, ""frequency_score"": 0.04909788668913623, ""category_breakdown"": {""subtitles"": {""ipm_values"": [0.002806], ""category_ipm"": 0.002806, ""category_score"": 0.04909788668913623}}, ""sources"": [{""id"": ""subtitles/hermit_2016_es_full_lemmatized_ipm6_spacy_lookup_cleaned_v8.json"", ""file"": ""hermit_2016_es_full_lemmatized_ipm6_spacy_lookup_cleaned_v8.json"", ""category"": ""subtitles"", ""ipm"": 0.002806}], ""corpus_quality"": {""status"": ""accepted"", ""reasons"": []}, ""components"": [{""surface"": ""glas"", ""canonical_candidate"": ""glas"", ""confidence"": 0.89, ""evidence"": [{""type"": ""compound_morphology"", ""source"": ""candidate_index"", ""path"": [""rrrreglas"", ""glas"", ""glas""], ""confidence"": 0.89}]}]}"
es	lemma:e6be53e8083611457c0d	areglas	uncertain	not_admitted_candidate		aggregate_only_not_sense_frequency	"[{""path"": ""associativvordes/family-index-v5/members/es/1f.json.gz"", ""family_id"": ""surface:es:glas"", ""record_sha256"": ""80379b8f3b7920fd5f382c9dca50db6f7a81500488b842f84fd08870090ee8b2""}, {""path"": ""associativvordes/family-index-v5/members/es/21.json.gz"", ""family_id"": ""surface:es:aregl"", ""record_sha256"": ""7134cee88c603b8b357abd6b0a23d06b1b1319175b0f7b56b3482ae18a22490c""}]"	"{""lemma_id"": ""lemma:e6be53e8083611457c0d"", ""word"": ""areglas"", ""normalized"": ""areglas"", ""search_form"": ""areglas"", ""rank"": 308916, ""frequency_score"": 0.06979986216223158, ""category_breakdown"": {""subtitles"": {""ipm_values"": [0.005612, 0.002371], ""category_ipm"": 0.0039915, ""category_score"": 0.06979986216223158}}, ""sources"": [{""id"": ""subtitles/hermit_2016_es_full_lemmatized_ipm6_spacy_lookup_cleaned_v8.json"", ""file"": ""hermit_2016_es_full_lemmatized_ipm6_spacy_lookup_cleaned_v8.json"", ""category"": ""subtitles"", ""ipm"": 0.005612}, {""id"": ""subtitles/hermit_2018_es_full_lemmatized_ipm6_spacy_lookup_cleaned_v8.json"", ""file"": ""hermit_2018_es_full_lemmatized_ipm6_spacy_lookup_cleaned_v8.json"", ""category"": ""subtitles"", ""ipm"": 0.002371}], ""corpus_quality"": {""status"": ""accepted"", ""reasons"": []}, ""components"": [{""surface"": ""glas"", ""canonical_candidate"": ""glas"", ""confidence"": 0.89, ""evidence"": [{""type"": ""compound_morphology"", ""source"": ""candidate_index"", ""path"": [""areglas"", ""glas"", ""glas""], ""confidence"": 0.89}]}]}"
es	lemma:e7878afb277c7133ed29	arreglarmelo	uncertain	not_admitted_candidate		aggregate_only_not_sense_frequency	"[{""path"": ""associativvordes/family-index-v5/members/es/d0.json.gz"", ""family_id"": ""surface:es:arreglarmel"", ""record_sha256"": ""0103f5f16765b302b28fe9a1097dafad8be9780fea9387cf45fedea641cf987e""}, {""path"": ""associativvordes/family-index-v5/members/es/fb.json.gz"", ""family_id"": ""surface:es:melo"", ""record_sha256"": ""aca7641960ad15438b791d8a6594192d166f40383a8463d5e539dc9eaf09aeac""}]"	"{""lemma_id"": ""lemma:e7878afb277c7133ed29"", ""word"": ""arreglarmelo"", ""normalized"": ""arreglarmelo"", ""search_form"": ""arreglarmelo"", ""rank"": 255638, ""frequency_score"": 0.13554151465136516, ""category_breakdown"": {""subtitles"": {""ipm_values"": [0.008419, 0.007112], ""category_ipm"": 0.0077655, ""category_score"": 0.13554151465136516}}, ""sources"": [{""id"": ""subtitles/hermit_2016_es_full_lemmatized_ipm6_spacy_lookup_cleaned_v8.json"", ""file"": ""hermit_2016_es_full_lemmatized_ipm6_spacy_lookup_cleaned_v8.json"", ""category"": ""subtitles"", ""ipm"": 0.008419}, {""id"": ""subtitles/hermit_2018_es_full_lemmatized_ipm6_spacy_lookup_cleaned_v8.json"", ""file"": ""hermit_2018_es_full_lemmatized_ipm6_spacy_lookup_cleaned_v8.json"", ""category"": ""subtitles"", ""ipm"": 0.007112}], ""corpus_quality"": {""status"": ""accepted"", ""reasons"": []}, ""components"": [{""surface"": ""arreglarmel"", ""canonical_candidate"": ""arreglarmel"", ""confidence"": 0.92, ""evidence"": [{""type"": ""morphological_parse"", ""source"": ""candidate_index"", ""path"": [""arreglarmelo"", ""arreglarmel"", ""arreglarmel""], ""confidence"": 0.92}]}]}"
es	lemma:e7d24f42d36ab94fd827	arreglillo	uncertain	not_admitted_candidate		aggregate_only_not_sense_frequency	"[{""path"": ""associativvordes/family-index-v5/members/es/00.json.gz"", ""family_id"": ""surface:es:arreglill"", ""record_sha256"": ""1e6263225007ceb5e44d5f9a91bc588783c18430cc0ebd5c220ded67f830f9da""}, {""path"": ""associativvordes/family-index-v5/members/es/a4.json.gz"", ""family_id"": ""surface:es:illo"", ""record_sha256"": ""aaaa998336128d578e2501bccb1ef22727ca8224e220bd4e4dc0f1802badc519""}]"	"{""lemma_id"": ""lemma:e7d24f42d36ab94fd827"", ""word"": ""arreglillo"", ""normalized"": ""arreglillo"", ""search_form"": ""arreglillo"", ""rank"": 221402, ""frequency_score"": 0.18049002061965636, ""category_breakdown"": {""subtitles"": {""ipm_values"": [0.011225, 0.009483], ""category_ipm"": 0.010354, ""category_score"": 0.18049002061965636}}, ""sources"": [{""id"": ""subtitles/hermit_2016_es_full_lemmatized_ipm6_spacy_lookup_cleaned_v8.json"", ""file"": ""hermit_2016_es_full_lemmatized_ipm6_spacy_lookup_cleaned_v8.json"", ""category"": ""subtitles"", ""ipm"": 0.011225}, {""id"": ""subtitles/hermit_2018_es_full_lemmatized_ipm6_spacy_lookup_cleaned_v8.json"", ""file"": ""hermit_2018_es_full_lemmatized_ipm6_spacy_lookup_cleaned_v8.json"", ""category"": ""subtitles"", ""ipm"": 0.009483}], ""corpus_quality"": {""status"": ""accepted"", ""reasons"": []}, ""components"": [{""surface"": ""arreglill"", ""canonical_candidate"": ""arreglill"", ""confidence"": 0.92, ""evidence"": [{""type"": ""morphological_parse"", ""source"": ""candidate_index"", ""path"": [""arreglillo"", ""arreglill"", ""arreglill""], ""confidence"": 0.92}]}]}"
es	lemma:e7db30ccaca068efaff9	irregularmente	accepted	accepted	regular	aggregate_only_not_sense_frequency	"[{""path"": ""associativvordes/family-index-v5/members/es/35.json.gz"", ""family_id"": ""surface:es:irregular"", ""record_sha256"": ""45de968cf836649dc74c939507170a8ea05d80435ae42e0fa4a6044a1bad482f""}, {""path"": ""associativvordes/family-index-v5/members/es/66.json.gz"", ""family_id"": ""surface:es:larm"", ""record_sha256"": ""2da0f3cc518ea68fbd4db10e4ad1c875f96500f00fda1c396a36ab38d0fa66b6""}, {""path"": ""associativvordes/family-index-v5/members/es/d3.json.gz"", ""family_id"": ""ety:d4e12af70156"", ""record_sha256"": ""99fe6ec41f9635f50e7c837bbf72bafe9cdc11f97075002d70f8c2fc0981f64d""}]"	"{""lemma_id"": ""lemma:e7db30ccaca068efaff9"", ""word"": ""irregularmente"", ""normalized"": ""irregularmente"", ""search_form"": ""irregularmente"", ""rank"": 21959, ""frequency_score"": 4.087124106630343, ""category_breakdown"": {""subtitles"": {""ipm_values"": [0.101025, 0.09246], ""category_ipm"": 0.09674250000000001, ""category_score"": 1.618059199329783}, ""mixed"": {""ipm_values"": [0.927056], ""category_ipm"": 0.927056, ""category_score"": 11.494318828532025}}, ""sources"": [{""id"": ""mixed/es_wordlist.lemmatized_stanza_ipm6.json"", ""file"": ""es_wordlist.lemmatized_stanza_ipm6.json"", ""category"": ""mixed"", ""ipm"": 0.927056}, {""id"": ""subtitles/hermit_2016_es_full_lemmatized_ipm6_spacy_lookup_cleaned_v8.json"", ""file"": ""hermit_2016_es_full_lemmatized_ipm6_spacy_lookup_cleaned_v8.json"", ""category"": ""subtitles"", ""ipm"": 0.101025}, {""id"": ""subtitles/hermit_2018_es_full_lemmatized_ipm6_spacy_lookup_cleaned_v8.json"", ""file"": ""hermit_2018_es_full_lemmatized_ipm6_spacy_lookup_cleaned_v8.json"", ""category"": ""subtitles"", ""ipm"": 0.09246}], ""corpus_quality"": {""status"": ""accepted"", ""reasons"": []}, ""components"": [{""surface"": ""irregular"", ""canonical_candidate"": ""irregular"", ""confidence"": 0.89, ""evidence"": [{""type"": ""compound_morphology"", ""source"": ""candidate_index"", ""path"": [""irregularmente"", ""irregular"", ""irregular""], ""confidence"": 0.89}]}]}"
es	lemma:e8b8b16b17b84e9480c1	arreglarme	uncertain	not_admitted_candidate		aggregate_only_not_sense_frequency	"[{""path"": ""associativvordes/family-index-v5/members/es/70.json.gz"", ""family_id"": ""surface:es:arregla"", ""record_sha256"": ""84e04263e13dfc3526f9090ac7903747195a24cc8944617be5a0eb0b13c3c331""}]"	"{""lemma_id"": ""lemma:e8b8b16b17b84e9480c1"", ""word"": ""arreglarme"", ""normalized"": ""arreglarme"", ""search_form"": ""arreglarme"", ""rank"": 10635, ""frequency_score"": 22.708487376136357, ""category_breakdown"": {""subtitles"": {""ipm_values"": [2.63506, 2.674226], ""category_ipm"": 2.654643, ""category_score"": 22.708487376136357}}, ""sources"": [{""id"": ""subtitles/hermit_2016_es_full_lemmatized_ipm6_spacy_lookup_cleaned_v8.json"", ""file"": ""hermit_2016_es_full_lemmatized_ipm6_spacy_lookup_cleaned_v8.json"", ""category"": ""subtitles"", ""ipm"": 2.63506}, {""id"": ""subtitles/hermit_2018_es_full_lemmatized_ipm6_spacy_lookup_cleaned_v8.json"", ""file"": ""hermit_2018_es_full_lemmatized_ipm6_spacy_lookup_cleaned_v8.json"", ""category"": ""subtitles"", ""ipm"": 2.674226}], ""corpus_quality"": {""status"": ""accepted"", ""reasons"": []}, ""components"": [{""surface"": ""arregla"", ""canonical_candidate"": ""arregla"", ""confidence"": 0.81, ""evidence"": [{""type"": ""compound_morphology"", ""source"": ""candidate_index"", ""path"": [""arreglarme"", ""arregla"", ""arregla""], ""confidence"": 0.81}]}]}"
es	lemma:e8d4faf0113691ba19ab	arreglaros	uncertain	not_admitted_candidate		aggregate_only_not_sense_frequency	"[{""path"": ""associativvordes/family-index-v5/members/es/26.json.gz"", ""family_id"": ""surface:es:arreglar"", ""record_sha256"": ""a2c0bb94f68c37642c01da3d5e76cd7d55045f915d3372203de806a9bb581e0b""}, {""path"": ""associativvordes/family-index-v5/members/es/49.json.gz"", ""family_id"": ""surface:es:laros"", ""record_sha256"": ""ee98761b308e81b100ec9c4a528e738fc4e1027aba8dc9a87e1d7a8b1c69193b""}]"	"{""lemma_id"": ""lemma:e8d4faf0113691ba19ab"", ""word"": ""arreglaros"", ""normalized"": ""arreglaros"", ""search_form"": ""arreglaros"", ""rank"": 83351, ""frequency_score"": 1.1182127802357475, ""category_breakdown"": {""subtitles"": {""ipm_values"": [0.070156, 0.06164], ""category_ipm"": 0.065898, ""category_score"": 1.1182127802357475}}, ""sources"": [{""id"": ""subtitles/hermit_2016_es_full_lemmatized_ipm6_spacy_lookup_cleaned_v8.json"", ""file"": ""hermit_2016_es_full_lemmatized_ipm6_spacy_lookup_cleaned_v8.json"", ""category"": ""subtitles"", ""ipm"": 0.070156}, {""id"": ""subtitles/hermit_2018_es_full_lemmatized_ipm6_spacy_lookup_cleaned_v8.json"", ""file"": ""hermit_2018_es_full_lemmatized_ipm6_spacy_lookup_cleaned_v8.json"", ""category"": ""subtitles"", ""ipm"": 0.06164}], ""corpus_quality"": {""status"": ""accepted"", ""reasons"": []}, ""components"": [{""surface"": ""arreglar"", ""canonical_candidate"": ""arreglar"", ""confidence"": 0.92, ""evidence"": [{""type"": ""morphological_parse"", ""source"": ""candidate_index"", ""path"": [""arreglaros"", ""arreglar"", ""arreglar""], ""confidence"": 0.92}]}]}"
es	lemma:e97e119f1d2b213e148a	arréglenlos	uncertain	not_admitted_candidate		aggregate_only_not_sense_frequency	"[{""path"": ""associativvordes/family-index-v5/members/es/8e.json.gz"", ""family_id"": ""surface:es:arreglenl"", ""record_sha256"": ""c5954ae899122d812c77fe64cc9aa15d7262751ef5c79adc39a24966bc8ac70d""}]"	"{""lemma_id"": ""lemma:e97e119f1d2b213e148a"", ""word"": ""arréglenlos"", ""normalized"": ""arréglenlos"", ""search_form"": ""arreglenlos"", ""rank"": 221450, ""frequency_score"": 0.18049002061965636, ""category_breakdown"": {""subtitles"": {""ipm_values"": [0.011225, 0.009483], ""category_ipm"": 0.010354, ""category_score"": 0.18049002061965636}}, ""sources"": [{""id"": ""subtitles/hermit_2016_es_full_lemmatized_ipm6_spacy_lookup_cleaned_v8.json"", ""file"": ""hermit_2016_es_full_lemmatized_ipm6_spacy_lookup_cleaned_v8.json"", ""category"": ""subtitles"", ""ipm"": 0.011225}, {""id"": ""subtitles/hermit_2018_es_full_lemmatized_ipm6_spacy_lookup_cleaned_v8.json"", ""file"": ""hermit_2018_es_full_lemmatized_ipm6_spacy_lookup_cleaned_v8.json"", ""category"": ""subtitles"", ""ipm"": 0.009483}], ""corpus_quality"": {""status"": ""accepted"", ""reasons"": []}, ""components"": [{""surface"": ""arreglenl"", ""canonical_candidate"": ""arreglenl"", ""confidence"": 0.92, ""evidence"": [{""type"": ""morphological_parse"", ""source"": ""candidate_index"", ""path"": [""arreglenlos"", ""arreglenl"", ""arreglenl""], ""confidence"": 0.92}]}]}"
es	lemma:e98acd3c69cd097336a9	arreglacioso	uncertain	not_admitted_candidate		aggregate_only_not_sense_frequency	"[{""path"": ""associativvordes/family-index-v5/members/es/ca.json.gz"", ""family_id"": ""surface:es:arreglacios"", ""record_sha256"": ""b0e1edbc5fa20fcea13a836e4fbce62a4f3850f439a9e31d76dd5ea4a2e34ee5""}]"	"{""lemma_id"": ""lemma:e98acd3c69cd097336a9"", ""word"": ""arreglacioso"", ""normalized"": ""arreglacioso"", ""search_form"": ""arreglacioso"", ""rank"": 431873, ""frequency_score"": 0.04529710280721981, ""category_breakdown"": {""subtitles"": {""ipm_values"": [0.002806, 0.002371], ""category_ipm"": 0.0025884999999999997, ""category_score"": 0.04529710280721981}}, ""sources"": [{""id"": ""subtitles/hermit_2016_es_full_lemmatized_ipm6_spacy_lookup_cleaned_v8.json"", ""file"": ""hermit_2016_es_full_lemmatized_ipm6_spacy_lookup_cleaned_v8.json"", ""category"": ""subtitles"", ""ipm"": 0.002806}, {""id"": ""subtitles/hermit_2018_es_full_lemmatized_ipm6_spacy_lookup_cleaned_v8.json"", ""file"": ""hermit_2018_es_full_lemmatized_ipm6_spacy_lookup_cleaned_v8.json"", ""category"": ""subtitles"", ""ipm"": 0.002371}], ""corpus_quality"": {""status"": ""accepted"", ""reasons"": []}, ""components"": [{""surface"": ""arreglacios"", ""canonical_candidate"": ""arreglacios"", ""confidence"": 0.92, ""evidence"": [{""type"": ""morphological_parse"", ""source"": ""candidate_index"", ""path"": [""arreglacioso"", ""arreglacios"", ""arreglacios""], ""confidence"": 0.92}]}]}"
es	lemma:e9cd83406d2051635566	arréglato	uncertain	not_admitted_candidate		aggregate_only_not_sense_frequency	"[{""path"": ""associativvordes/family-index-v5/members/es/36.json.gz"", ""family_id"": ""surface:es:ato"", ""record_sha256"": ""5827e538bbfb264e878f0f59bbe3211d4ffab24c7cfbe9b0e67e80a16eef1545""}, {""path"": ""associativvordes/family-index-v5/members/es/4c.json.gz"", ""family_id"": ""surface:es:arreglat"", ""record_sha256"": ""b85b87cb76ef85e0a8b2e683146ed483e42890718bf368395c5848e328e56ee7""}]"	"{""lemma_id"": ""lemma:e9cd83406d2051635566"", ""word"": ""arréglato"", ""normalized"": ""arréglato"", ""search_form"": ""arreglato"", ""rank"": 472285, ""frequency_score"": 0.041495494299664135, ""category_breakdown"": {""subtitles"": {""ipm_values"": [0.002371], ""category_ipm"": 0.002371, ""category_score"": 0.041495494299664135}}, ""sources"": [{""id"": ""subtitles/hermit_2018_es_full_lemmatized_ipm6_spacy_lookup_cleaned_v8.json"", ""file"": ""hermit_2018_es_full_lemmatized_ipm6_spacy_lookup_cleaned_v8.json"", ""category"": ""subtitles"", ""ipm"": 0.002371}], ""corpus_quality"": {""status"": ""accepted"", ""reasons"": []}, ""components"": [{""surface"": ""ato"", ""canonical_candidate"": ""ato"", ""confidence"": 0.89, ""evidence"": [{""type"": ""compound_morphology"", ""source"": ""candidate_index"", ""path"": [""arreglato"", ""ato"", ""ato""], ""confidence"": 0.89}]}]}"
es	lemma:e9d9268f485e353dfcb2	regularlos	accepted	accepted	regular	aggregate_only_not_sense_frequency	"[{""path"": ""associativvordes/family-index-v5/members/es/40.json.gz"", ""family_id"": ""family:regul"", ""record_sha256"": ""c7e9bed4a0b2770d9faa277462ce1ba0458e0426ecd8e301bb3ff035f7544fe0""}, {""path"": ""associativvordes/family-index-v5/members/es/f8.json.gz"", ""family_id"": ""surface:es:regularl"", ""record_sha256"": ""a7bc00b42ab2bf76566c4b90411c8b65fd5ecd40fd2ad255c4ff3ff1e665ce5a""}]"	"{""lemma_id"": ""lemma:e9d9268f485e353dfcb2"", ""word"": ""regularlos"", ""normalized"": ""regularlos"", ""search_form"": ""regularlos"", ""rank"": 193007, ""frequency_score"": 0.2662808082445199, ""category_breakdown"": {""subtitles"": {""ipm_values"": [0.014031, 0.016595], ""category_ipm"": 0.015313, ""category_score"": 0.2662808082445199}}, ""sources"": [{""id"": ""subtitles/hermit_2016_es_full_lemmatized_ipm6_spacy_lookup_cleaned_v8.json"", ""file"": ""hermit_2016_es_full_lemmatized_ipm6_spacy_lookup_cleaned_v8.json"", ""category"": ""subtitles"", ""ipm"": 0.014031}, {""id"": ""subtitles/hermit_2018_es_full_lemmatized_ipm6_spacy_lookup_cleaned_v8.json"", ""file"": ""hermit_2018_es_full_lemmatized_ipm6_spacy_lookup_cleaned_v8.json"", ""category"": ""subtitles"", ""ipm"": 0.016595}], ""corpus_quality"": {""status"": ""accepted"", ""reasons"": []}, ""components"": [{""surface"": ""regul"", ""canonical_candidate"": ""regul"", ""confidence"": 0.97, ""evidence"": [{""type"": ""compound_morphology"", ""source"": ""manually_verified"", ""path"": [""regularlos"", ""regul"", ""regul""], ""confidence"": 0.97}, {""type"": ""verified_seed_alias"", ""source"": ""methodology_control_seed"", ""path"": [""es"", ""regul"", ""family:regul""], ""confidence"": 1}]}]}"
es	lemma:ea55bc7a70b7bffa2745	estáarreglado	uncertain	not_admitted_candidate		aggregate_only_not_sense_frequency	"[{""path"": ""associativvordes/family-index-v5/members/es/02.json.gz"", ""family_id"": ""surface:es:lado"", ""record_sha256"": ""0b9bc560e6fefd890b779ca0e32e1fcf3f52161da6963978f3ec6a3605655ca5""}, {""path"": ""associativvordes/family-index-v5/members/es/5b.json.gz"", ""family_id"": ""surface:es:estaarreglad"", ""record_sha256"": ""68279ac87148192845a8f531af06a2d6f7b1d1a240de31aff6c2e3249a887a1b""}]"	"{""lemma_id"": ""lemma:ea55bc7a70b7bffa2745"", ""word"": ""estáarreglado"", ""normalized"": ""estáarreglado"", ""search_form"": ""estaarreglado"", ""rank"": 532413, ""frequency_score"": 0.04909788668913623, ""category_breakdown"": {""subtitles"": {""ipm_values"": [0.002806], ""category_ipm"": 0.002806, ""category_score"": 0.04909788668913623}}, ""sources"": [{""id"": ""subtitles/hermit_2016_es_full_lemmatized_ipm6_spacy_lookup_cleaned_v8.json"", ""file"": ""hermit_2016_es_full_lemmatized_ipm6_spacy_lookup_cleaned_v8.json"", ""category"": ""subtitles"", ""ipm"": 0.002806}], ""corpus_quality"": {""status"": ""accepted"", ""reasons"": []}, ""components"": [{""surface"": ""lado"", ""canonical_candidate"": ""lado"", ""confidence"": 0.89, ""evidence"": [{""type"": ""compound_morphology"", ""source"": ""candidate_index"", ""path"": [""estaarreglado"", ""lado"", ""lado""], ""confidence"": 0.89}]}]}"
es	lemma:ea56111eae8631e82b50	arreglandomi	uncertain	not_admitted_candidate		aggregate_only_not_sense_frequency	"[{""path"": ""associativvordes/family-index-v5/members/es/17.json.gz"", ""family_id"": ""surface:es:domi"", ""record_sha256"": ""8727a08febcd72c9b66d180cc359813f82017878ce0cba8144e8e179eef04c0d""}, {""path"": ""associativvordes/family-index-v5/members/es/fa.json.gz"", ""family_id"": ""surface:es:arregland"", ""record_sha256"": ""b83071dfcde67d7c25fc4f6fb925479a7d5ba7196fea29d8cfd39f5217fc7d98""}]"	"{""lemma_id"": ""lemma:ea56111eae8631e82b50"", ""word"": ""arreglandomi"", ""normalized"": ""arreglandomi"", ""search_form"": ""arreglandomi"", ""rank"": 431892, ""frequency_score"": 0.04529710280721981, ""category_breakdown"": {""subtitles"": {""ipm_values"": [0.002806, 0.002371], ""category_ipm"": 0.0025884999999999997, ""category_score"": 0.04529710280721981}}, ""sources"": [{""id"": ""subtitles/hermit_2016_es_full_lemmatized_ipm6_spacy_lookup_cleaned_v8.json"", ""file"": ""hermit_2016_es_full_lemmatized_ipm6_spacy_lookup_cleaned_v8.json"", ""category"": ""subtitles"", ""ipm"": 0.002806}, {""id"": ""subtitles/hermit_2018_es_full_lemmatized_ipm6_spacy_lookup_cleaned_v8.json"", ""file"": ""hermit_2018_es_full_lemmatized_ipm6_spacy_lookup_cleaned_v8.json"", ""category"": ""subtitles"", ""ipm"": 0.002371}], ""corpus_quality"": {""status"": ""accepted"", ""reasons"": []}, ""components"": [{""surface"": ""domi"", ""canonical_candidate"": ""domi"", ""confidence"": 0.89, ""evidence"": [{""type"": ""compound_morphology"", ""source"": ""candidate_index"", ""path"": [""arreglandomi"", ""domi"", ""domi""], ""confidence"": 0.89}]}]}"
es	lemma:eac32a9ce71b72089501	regolito	uncertain	not_admitted_candidate		aggregate_only_not_sense_frequency	"[{""path"": ""associativvordes/family-index-v5/members/es/2a.json.gz"", ""family_id"": ""surface:es:lito"", ""record_sha256"": ""e6397c7e366cf48d710a8fc1edad25455f9358b63366fa09482a4c69b65e8df5""}, {""path"": ""associativvordes/family-index-v5/members/es/54.json.gz"", ""family_id"": ""surface:es:regolit"", ""record_sha256"": ""9e2dc54ae7668585b95484be15e04a6af806ce293975e403a43e6e2fc4d22e88""}]"	"{""lemma_id"": ""lemma:eac32a9ce71b72089501"", ""word"": ""regolito"", ""normalized"": ""regolito"", ""search_form"": ""regolito"", ""rank"": 99697, ""frequency_score"": 0.8068670282062553, ""category_breakdown"": {""subtitles"": {""ipm_values"": [0.042094, 0.052157], ""category_ipm"": 0.0471255, ""category_score"": 0.8068670282062553}}, ""sources"": [{""id"": ""subtitles/hermit_2016_es_full_lemmatized_ipm6_spacy_lookup_cleaned_v8.json"", ""file"": ""hermit_2016_es_full_lemmatized_ipm6_spacy_lookup_cleaned_v8.json"", ""category"": ""subtitles"", ""ipm"": 0.042094}, {""id"": ""subtitles/hermit_2018_es_full_lemmatized_ipm6_spacy_lookup_cleaned_v8.json"", ""file"": ""hermit_2018_es_full_lemmatized_ipm6_spacy_lookup_cleaned_v8.json"", ""category"": ""subtitles"", ""ipm"": 0.052157}], ""corpus_quality"": {""status"": ""accepted"", ""reasons"": []}, ""components"": [{""surface"": ""lito"", ""canonical_candidate"": ""lito"", ""confidence"": 0.89, ""evidence"": [{""type"": ""compound_morphology"", ""source"": ""candidate_index"", ""path"": [""regolito"", ""lito"", ""lito""], ""confidence"": 0.89}]}]}"
es	lemma:eb0aaf96a8ba4aa42643	reglamentario	uncertain	not_admitted_candidate		aggregate_only_not_sense_frequency	"[{""path"": ""associativvordes/family-index-v5/members/es/15.json.gz"", ""family_id"": ""surface:es:reglamentari"", ""record_sha256"": ""96b751fc9db433ef1907849ba9ce2d5ad09db279f14e926bd0b83e51eb96afd0""}]"	"{""lemma_id"": ""lemma:eb0aaf96a8ba4aa42643"", ""word"": ""reglamentario"", ""normalized"": ""reglamentario"", ""search_form"": ""reglamentario"", ""rank"": 7381, ""frequency_score"": 18.171676178180384, ""category_breakdown"": {""subtitles"": {""ipm_values"": [0.968153, 1.017059], ""category_ipm"": 0.992606, ""category_score"": 12.080427708288633}, ""mixed"": {""ipm_values"": [7.004312], ""category_ipm"": 7.004312, ""category_score"": 36.445421587855634}}, ""sources"": [{""id"": ""mixed/es_wordlist.lemmatized_stanza_ipm6.json"", ""file"": ""es_wordlist.lemmatized_stanza_ipm6.json"", ""category"": ""mixed"", ""ipm"": 7.004312}, {""id"": ""subtitles/hermit_2016_es_full_lemmatized_ipm6_spacy_lookup_cleaned_v8.json"", ""file"": ""hermit_2016_es_full_lemmatized_ipm6_spacy_lookup_cleaned_v8.json"", ""category"": ""subtitles"", ""ipm"": 0.968153}, {""id"": ""subtitles/hermit_2018_es_full_lemmatized_ipm6_spacy_lookup_cleaned_v8.json"", ""file"": ""hermit_2018_es_full_lemmatized_ipm6_spacy_lookup_cleaned_v8.json"", ""category"": ""subtitles"", ""ipm"": 1.017059}], ""corpus_quality"": {""status"": ""accepted"", ""reasons"": []}, ""components"": [{""surface"": ""reglamentari"", ""canonical_candidate"": ""reglamentari"", ""confidence"": 0.92, ""evidence"": [{""type"": ""morphological_parse"", ""source"": ""candidate_index"", ""path"": [""reglamentario"", ""reglamentari"", ""reglamentari""], ""confidence"": 0.92}]}]}"
es	lemma:eb8c4161d5e41e32ae36	arreglartu	uncertain	not_admitted_candidate		aggregate_only_not_sense_frequency	"[{""path"": ""associativvordes/family-index-v5/members/es/31.json.gz"", ""family_id"": ""surface:es:rtu"", ""record_sha256"": ""6257666b3a94976a040786334be3606991aa32b8df1a3da08343df85eeac5ba0""}, {""path"": ""associativvordes/family-index-v5/members/es/70.json.gz"", ""family_id"": ""surface:es:arregla"", ""record_sha256"": ""3d45f17682594d4b32df749a3480fb4e870f139272146439c4e3e7fa8d3e7bf9""}]"	"{""lemma_id"": ""lemma:eb8c4161d5e41e32ae36"", ""word"": ""arreglartu"", ""normalized"": ""arreglartu"", ""search_form"": ""arreglartu"", ""rank"": 471488, ""frequency_score"": 0.041495494299664135, ""category_breakdown"": {""subtitles"": {""ipm_values"": [0.002371], ""category_ipm"": 0.002371, ""category_score"": 0.041495494299664135}}, ""sources"": [{""id"": ""subtitles/hermit_2018_es_full_lemmatized_ipm6_spacy_lookup_cleaned_v8.json"", ""file"": ""hermit_2018_es_full_lemmatized_ipm6_spacy_lookup_cleaned_v8.json"", ""category"": ""subtitles"", ""ipm"": 0.002371}], ""corpus_quality"": {""status"": ""accepted"", ""reasons"": []}, ""components"": [{""surface"": ""rtu"", ""canonical_candidate"": ""rtu"", ""confidence"": 0.89, ""evidence"": [{""type"": ""compound_morphology"", ""source"": ""candidate_index"", ""path"": [""arreglartu"", ""rtu"", ""rtu""], ""confidence"": 0.89}]}]}"
es	lemma:ec2d36d2329d18441a6e	reglota	uncertain	not_admitted_candidate		aggregate_only_not_sense_frequency	"[{""path"": ""associativvordes/family-index-v5/members/es/16.json.gz"", ""family_id"": ""surface:es:ota"", ""record_sha256"": ""0a607c4c1326ba0ebe119b9abd960472dd09a69a1bea4a99f37c2f4a969d8e26""}, {""path"": ""associativvordes/family-index-v5/members/es/a1.json.gz"", ""family_id"": ""surface:es:reglot"", ""record_sha256"": ""5d39294f20009a9de3f80e0ea6197f8f28f531379993c0320506648b9af2ff3f""}]"	"{""lemma_id"": ""lemma:ec2d36d2329d18441a6e"", ""word"": ""reglota"", ""normalized"": ""reglota"", ""search_form"": ""reglota"", ""rank"": 691801, ""frequency_score"": 0.04529710280721981, ""category_breakdown"": {""subtitles"": {""ipm_values"": [0.002806, 0.002371], ""category_ipm"": 0.0025884999999999997, ""category_score"": 0.04529710280721981}}, ""sources"": [{""id"": ""subtitles/hermit_2016_es_full_lemmatized_ipm6_spacy_lookup_cleaned_v8.json"", ""file"": ""hermit_2016_es_full_lemmatized_ipm6_spacy_lookup_cleaned_v8.json"", ""category"": ""subtitles"", ""ipm"": 0.002806}, {""id"": ""subtitles/hermit_2018_es_full_lemmatized_ipm6_spacy_lookup_cleaned_v8.json"", ""file"": ""hermit_2018_es_full_lemmatized_ipm6_spacy_lookup_cleaned_v8.json"", ""category"": ""subtitles"", ""ipm"": 0.002371}], ""corpus_quality"": {""status"": ""accepted"", ""reasons"": []}, ""components"": [{""surface"": ""ota"", ""canonical_candidate"": ""ota"", ""confidence"": 0.89, ""evidence"": [{""type"": ""compound_morphology"", ""source"": ""candidate_index"", ""path"": [""reglota"", ""ota"", ""ota""], ""confidence"": 0.89}]}]}"
es	lemma:ec55120e462a0c83b320	autoregula	uncertain	withheld_historical_uncertain		aggregate_only_not_sense_frequency	"[{""path"": ""associativvordes/family-index-v5/members/es/40.json.gz"", ""family_id"": ""family:regul"", ""record_sha256"": ""d353f44a329d07a97341dbb7659920b261e0c52f8d9ade8abd1a24f479253bd9""}]"	"{""lemma_id"": ""lemma:ec55120e462a0c83b320"", ""word"": ""autoregula"", ""normalized"": ""autoregula"", ""search_form"": ""autoregula"", ""rank"": 340477, ""frequency_score"": 0.08289295136015089, ""category_breakdown"": {""subtitles"": {""ipm_values"": [0.004742], ""category_ipm"": 0.004742, ""category_score"": 0.08289295136015089}}, ""sources"": [{""id"": ""subtitles/hermit_2018_es_full_lemmatized_ipm6_spacy_lookup_cleaned_v8.json"", ""file"": ""hermit_2018_es_full_lemmatized_ipm6_spacy_lookup_cleaned_v8.json"", ""category"": ""subtitles"", ""ipm"": 0.004742}], ""corpus_quality"": {""status"": ""accepted"", ""reasons"": []}, ""components"": [{""surface"": ""regul"", ""canonical_candidate"": ""regul"", ""confidence"": 1, ""evidence"": [{""type"": ""compound_morphology"", ""source"": ""manually_verified"", ""path"": [""autoregula"", ""regul"", ""regul""], ""confidence"": 1}, {""type"": ""verified_seed_alias"", ""source"": ""methodology_control_seed"", ""path"": [""es"", ""regul"", ""family:regul""], ""confidence"": 1}]}]}"
es	lemma:ed06f7dded99df87d2d1	arregladlo	uncertain	not_admitted_candidate		aggregate_only_not_sense_frequency	"[{""path"": ""associativvordes/family-index-v5/members/es/30.json.gz"", ""family_id"": ""surface:es:arregladl"", ""record_sha256"": ""d801f9e54d6fc6cf7761401d304bf7944c73218507228d13d5e32aef57ee3928""}]"	"{""lemma_id"": ""lemma:ed06f7dded99df87d2d1"", ""word"": ""arregladlo"", ""normalized"": ""arregladlo"", ""search_form"": ""arregladlo"", ""rank"": 68930, ""frequency_score"": 1.6110921017722806, ""category_breakdown"": {""subtitles"": {""ipm_values"": [0.095412, 0.097201], ""category_ipm"": 0.09630649999999999, ""category_score"": 1.6110921017722806}}, ""sources"": [{""id"": ""subtitles/hermit_2016_es_full_lemmatized_ipm6_spacy_lookup_cleaned_v8.json"", ""file"": ""hermit_2016_es_full_lemmatized_ipm6_spacy_lookup_cleaned_v8.json"", ""category"": ""subtitles"", ""ipm"": 0.095412}, {""id"": ""subtitles/hermit_2018_es_full_lemmatized_ipm6_spacy_lookup_cleaned_v8.json"", ""file"": ""hermit_2018_es_full_lemmatized_ipm6_spacy_lookup_cleaned_v8.json"", ""category"": ""subtitles"", ""ipm"": 0.097201}], ""corpus_quality"": {""status"": ""accepted"", ""reasons"": []}, ""components"": [{""surface"": ""arregladl"", ""canonical_candidate"": ""arregladl"", ""confidence"": 0.92, ""evidence"": [{""type"": ""morphological_parse"", ""source"": ""candidate_index"", ""path"": [""arregladlo"", ""arregladl"", ""arregladl""], ""confidence"": 0.92}]}]}"
es	lemma:edb1d0d031906505892b	desarreglarlo	uncertain	not_admitted_candidate		aggregate_only_not_sense_frequency	"[{""path"": ""associativvordes/family-index-v5/members/es/a6.json.gz"", ""family_id"": ""surface:es:desarreglarl"", ""record_sha256"": ""545b1567e64049987b48e8270ef665f9287acb979b1b3b5817147b285f3b4ad1""}]"	"{""lemma_id"": ""lemma:edb1d0d031906505892b"", ""word"": ""desarreglarlo"", ""normalized"": ""desarreglarlo"", ""search_form"": ""desarreglarlo"", ""rank"": 328720, ""frequency_score"": 0.090477407431868, ""category_breakdown"": {""subtitles"": {""ipm_values"": [0.005612, 0.004742], ""category_ipm"": 0.005176999999999999, ""category_score"": 0.090477407431868}}, ""sources"": [{""id"": ""subtitles/hermit_2016_es_full_lemmatized_ipm6_spacy_lookup_cleaned_v8.json"", ""file"": ""hermit_2016_es_full_lemmatized_ipm6_spacy_lookup_cleaned_v8.json"", ""category"": ""subtitles"", ""ipm"": 0.005612}, {""id"": ""subtitles/hermit_2018_es_full_lemmatized_ipm6_spacy_lookup_cleaned_v8.json"", ""file"": ""hermit_2018_es_full_lemmatized_ipm6_spacy_lookup_cleaned_v8.json"", ""category"": ""subtitles"", ""ipm"": 0.004742}], ""corpus_quality"": {""status"": ""accepted"", ""reasons"": []}, ""components"": [{""surface"": ""desarreglarl"", ""canonical_candidate"": ""desarreglarl"", ""confidence"": 0.92, ""evidence"": [{""type"": ""morphological_parse"", ""source"": ""candidate_index"", ""path"": [""desarreglarlo"", ""desarreglarl"", ""desarreglarl""], ""confidence"": 0.92}]}]}"
es	lemma:edf767250f7550fa5cdb	arreglandoooo	uncertain	not_admitted_candidate		aggregate_only_not_sense_frequency	"[{""path"": ""associativvordes/family-index-v5/members/es/d4.json.gz"", ""family_id"": ""surface:es:oooo"", ""record_sha256"": ""d5b01f1d853056b95966735b432db61601c2124b08097fe6e7f93c3bbcfd34a4""}, {""path"": ""associativvordes/family-index-v5/members/es/dd.json.gz"", ""family_id"": ""surface:es:arreglandooo"", ""record_sha256"": ""e90dc2f93cb61277e6a6fdfb89a9711d03d367eb446604c7316adc0618c4d709""}]"	"{""lemma_id"": ""lemma:edf767250f7550fa5cdb"", ""word"": ""arreglandoooo"", ""normalized"": ""arreglandoooo"", ""search_form"": ""arreglandoooo"", ""rank"": 431893, ""frequency_score"": 0.04529710280721981, ""category_breakdown"": {""subtitles"": {""ipm_values"": [0.002806, 0.002371], ""category_ipm"": 0.0025884999999999997, ""category_score"": 0.04529710280721981}}, ""sources"": [{""id"": ""subtitles/hermit_2016_es_full_lemmatized_ipm6_spacy_lookup_cleaned_v8.json"", ""file"": ""hermit_2016_es_full_lemmatized_ipm6_spacy_lookup_cleaned_v8.json"", ""category"": ""subtitles"", ""ipm"": 0.002806}, {""id"": ""subtitles/hermit_2018_es_full_lemmatized_ipm6_spacy_lookup_cleaned_v8.json"", ""file"": ""hermit_2018_es_full_lemmatized_ipm6_spacy_lookup_cleaned_v8.json"", ""category"": ""subtitles"", ""ipm"": 0.002371}], ""corpus_quality"": {""status"": ""accepted"", ""reasons"": []}, ""components"": [{""surface"": ""oooo"", ""canonical_candidate"": ""oooo"", ""confidence"": 0.89, ""evidence"": [{""type"": ""compound_morphology"", ""source"": ""candidate_index"", ""path"": [""arreglandoooo"", ""oooo"", ""oooo""], ""confidence"": 0.89}]}]}"
es	lemma:ee7d2545aa79c713dc32	zrreglzr	uncertain	not_admitted_candidate		aggregate_only_not_sense_frequency	"[{""path"": ""associativvordes/family-index-v5/members/es/b2.json.gz"", ""family_id"": ""surface:es:zrreglzr"", ""record_sha256"": ""167da3acb3ad1d24b26e714f5674cd7b9ff456c7d5edb7e0c0d48fc043af8ac1""}]"	"{""lemma_id"": ""lemma:ee7d2545aa79c713dc32"", ""word"": ""zrreglzr"", ""normalized"": ""zrreglzr"", ""search_form"": ""zrreglzr"", ""rank"": 409242, ""frequency_score"": 0.09805858196733827, ""category_breakdown"": {""subtitles"": {""ipm_values"": [0.005612], ""category_ipm"": 0.005612, ""category_score"": 0.09805858196733827}}, ""sources"": [{""id"": ""subtitles/hermit_2016_es_full_lemmatized_ipm6_spacy_lookup_cleaned_v8.json"", ""file"": ""hermit_2016_es_full_lemmatized_ipm6_spacy_lookup_cleaned_v8.json"", ""category"": ""subtitles"", ""ipm"": 0.005612}], ""corpus_quality"": {""status"": ""accepted"", ""reasons"": []}, ""components"": [{""surface"": ""zrreglzr"", ""canonical_candidate"": ""zrreglzr"", ""confidence"": 0.8, ""evidence"": [{""type"": ""morphological_parse"", ""source"": ""candidate_index"", ""path"": [""zrreglzr"", ""zrreglzr"", ""zrreglzr""], ""confidence"": 0.8}]}]}"
es	lemma:eed806fbc2470d6d34d9	regulatción	uncertain	withheld_historical_uncertain		aggregate_only_not_sense_frequency	"[{""path"": ""associativvordes/family-index-v5/members/es/40.json.gz"", ""family_id"": ""family:regul"", ""record_sha256"": ""be398d091963e1a427f4aef6f5c499cfa391af5fb1819432603ebd0218dc9e25""}, {""path"": ""associativvordes/family-index-v5/members/es/c7.json.gz"", ""family_id"": ""surface:es:regulatc"", ""record_sha256"": ""cd3821ec6c7e46d724576b4cd6530622596b54fd21aecb684d49b00f9b282342""}, {""path"": ""associativvordes/family-index-v5/members/es/e1.json.gz"", ""family_id"": ""surface:es:cion"", ""record_sha256"": ""e5dced79f97365f6ea4b79e8b2b6c1a86833cb7b1a57b0c4fde36779d2eb0047""}]"	"{""lemma_id"": ""lemma:eed806fbc2470d6d34d9"", ""word"": ""regulatción"", ""normalized"": ""regulatción"", ""search_form"": ""regulatcion"", ""rank"": 692066, ""frequency_score"": 0.04529710280721981, ""category_breakdown"": {""subtitles"": {""ipm_values"": [0.002806, 0.002371], ""category_ipm"": 0.0025884999999999997, ""category_score"": 0.04529710280721981}}, ""sources"": [{""id"": ""subtitles/hermit_2016_es_full_lemmatized_ipm6_spacy_lookup_cleaned_v8.json"", ""file"": ""hermit_2016_es_full_lemmatized_ipm6_spacy_lookup_cleaned_v8.json"", ""category"": ""subtitles"", ""ipm"": 0.002806}, {""id"": ""subtitles/hermit_2018_es_full_lemmatized_ipm6_spacy_lookup_cleaned_v8.json"", ""file"": ""hermit_2018_es_full_lemmatized_ipm6_spacy_lookup_cleaned_v8.json"", ""category"": ""subtitles"", ""ipm"": 0.002371}], ""corpus_quality"": {""status"": ""accepted"", ""reasons"": []}, ""components"": [{""surface"": ""regul"", ""canonical_candidate"": ""regul"", ""confidence"": 1, ""evidence"": [{""type"": ""compound_morphology"", ""source"": ""manually_verified"", ""path"": [""regulatcion"", ""regul"", ""regul""], ""confidence"": 1}, {""type"": ""verified_seed_alias"", ""source"": ""methodology_control_seed"", ""path"": [""es"", ""regul"", ""family:regul""], ""confidence"": 1}]}]}"
es	lemma:efca638e7baf6b6478eb	regularcito	accepted	accepted	regular	aggregate_only_not_sense_frequency	"[{""path"": ""associativvordes/family-index-v5/members/es/40.json.gz"", ""family_id"": ""family:regul"", ""record_sha256"": ""b41e943a8e0117b0152b293ad9984b7805e939ba04f0e1bf65082b236130d7f2""}, {""path"": ""associativvordes/family-index-v5/members/es/b0.json.gz"", ""family_id"": ""surface:es:regularcit"", ""record_sha256"": ""39f48d63ae24f99520b1ed44bf9f49a988ba045f8010db33903615b0b577f81d""}]"	"{""lemma_id"": ""lemma:efca638e7baf6b6478eb"", ""word"": ""regularcito"", ""normalized"": ""regularcito"", ""search_form"": ""regularcito"", ""rank"": 692057, ""frequency_score"": 0.04529710280721981, ""category_breakdown"": {""subtitles"": {""ipm_values"": [0.002806, 0.002371], ""category_ipm"": 0.0025884999999999997, ""category_score"": 0.04529710280721981}}, ""sources"": [{""id"": ""subtitles/hermit_2016_es_full_lemmatized_ipm6_spacy_lookup_cleaned_v8.json"", ""file"": ""hermit_2016_es_full_lemmatized_ipm6_spacy_lookup_cleaned_v8.json"", ""category"": ""subtitles"", ""ipm"": 0.002806}, {""id"": ""subtitles/hermit_2018_es_full_lemmatized_ipm6_spacy_lookup_cleaned_v8.json"", ""file"": ""hermit_2018_es_full_lemmatized_ipm6_spacy_lookup_cleaned_v8.json"", ""category"": ""subtitles"", ""ipm"": 0.002371}], ""corpus_quality"": {""status"": ""accepted"", ""reasons"": []}, ""components"": [{""surface"": ""regul"", ""canonical_candidate"": ""regul"", ""confidence"": 0.97, ""evidence"": [{""type"": ""compound_morphology"", ""source"": ""manually_verified"", ""path"": [""regularcito"", ""regul"", ""regul""], ""confidence"": 0.97}, {""type"": ""verified_seed_alias"", ""source"": ""methodology_control_seed"", ""path"": [""es"", ""regul"", ""family:regul""], ""confidence"": 1}]}]}"
es	lemma:f0008b243db040cdcec0	areglaste	uncertain	not_admitted_candidate		aggregate_only_not_sense_frequency	"[{""path"": ""associativvordes/family-index-v5/members/es/21.json.gz"", ""family_id"": ""surface:es:aregl"", ""record_sha256"": ""a655ce915ef0f5718c3909bc25db839edf43b1c3f73fd96d99e869c727e1895d""}, {""path"": ""associativvordes/family-index-v5/members/es/e7.json.gz"", ""family_id"": ""surface:es:laste"", ""record_sha256"": ""0db0925684c85f72fb470cbd655afb979f84a51ad08ea72f56cda261327d34df""}]"	"{""lemma_id"": ""lemma:f0008b243db040cdcec0"", ""word"": ""areglaste"", ""normalized"": ""areglaste"", ""search_form"": ""areglaste"", ""rank"": 430697, ""frequency_score"": 0.04529710280721981, ""category_breakdown"": {""subtitles"": {""ipm_values"": [0.002806, 0.002371], ""category_ipm"": 0.0025884999999999997, ""category_score"": 0.04529710280721981}}, ""sources"": [{""id"": ""subtitles/hermit_2016_es_full_lemmatized_ipm6_spacy_lookup_cleaned_v8.json"", ""file"": ""hermit_2016_es_full_lemmatized_ipm6_spacy_lookup_cleaned_v8.json"", ""category"": ""subtitles"", ""ipm"": 0.002806}, {""id"": ""subtitles/hermit_2018_es_full_lemmatized_ipm6_spacy_lookup_cleaned_v8.json"", ""file"": ""hermit_2018_es_full_lemmatized_ipm6_spacy_lookup_cleaned_v8.json"", ""category"": ""subtitles"", ""ipm"": 0.002371}], ""corpus_quality"": {""status"": ""accepted"", ""reasons"": []}, ""components"": [{""surface"": ""aregl"", ""canonical_candidate"": ""aregl"", ""confidence"": 0.81, ""evidence"": [{""type"": ""compound_morphology"", ""source"": ""candidate_index"", ""path"": [""areglaste"", ""aregl"", ""aregl""], ""confidence"": 0.81}]}]}"
es	lemma:f07426051d4d1a2fb346	arreglaordenadores	uncertain	not_admitted_candidate		aggregate_only_not_sense_frequency	"[{""path"": ""associativvordes/family-index-v5/members/es/49.json.gz"", ""family_id"": ""surface:es:ores"", ""record_sha256"": ""4b1145d9e8c28a5ebfa4583ea35c204c9b5590e66c9b947885aab14ddffbd427""}, {""path"": ""associativvordes/family-index-v5/members/es/80.json.gz"", ""family_id"": ""surface:es:arreglaordenador"", ""record_sha256"": ""76f88ee09846c602a85ec526b1e8bb7a5c61d746e87b7a87c943105896dcd6df""}]"	"{""lemma_id"": ""lemma:f07426051d4d1a2fb346"", ""word"": ""arreglaordenadores"", ""normalized"": ""arreglaordenadores"", ""search_form"": ""arreglaordenadores"", ""rank"": 431897, ""frequency_score"": 0.04529710280721981, ""category_breakdown"": {""subtitles"": {""ipm_values"": [0.002806, 0.002371], ""category_ipm"": 0.0025884999999999997, ""category_score"": 0.04529710280721981}}, ""sources"": [{""id"": ""subtitles/hermit_2016_es_full_lemmatized_ipm6_spacy_lookup_cleaned_v8.json"", ""file"": ""hermit_2016_es_full_lemmatized_ipm6_spacy_lookup_cleaned_v8.json"", ""category"": ""subtitles"", ""ipm"": 0.002806}, {""id"": ""subtitles/hermit_2018_es_full_lemmatized_ipm6_spacy_lookup_cleaned_v8.json"", ""file"": ""hermit_2018_es_full_lemmatized_ipm6_spacy_lookup_cleaned_v8.json"", ""category"": ""subtitles"", ""ipm"": 0.002371}], ""corpus_quality"": {""status"": ""accepted"", ""reasons"": []}, ""components"": [{""surface"": ""ores"", ""canonical_candidate"": ""ores"", ""confidence"": 0.89, ""evidence"": [{""type"": ""compound_morphology"", ""source"": ""candidate_index"", ""path"": [""arreglaordenadores"", ""ores"", ""ores""], ""confidence"": 0.89}]}]}"
es	lemma:f07b3a2cebead5227ec9	arréglarnos	uncertain	not_admitted_candidate		aggregate_only_not_sense_frequency	"[{""path"": ""associativvordes/family-index-v5/members/es/58.json.gz"", ""family_id"": ""surface:es:arreglarn"", ""record_sha256"": ""a95ccbe98b79f920b61123fe54c146cc4fa1485662a357da80492d56a923ef7a""}]"	"{""lemma_id"": ""lemma:f07b3a2cebead5227ec9"", ""word"": ""arréglarnos"", ""normalized"": ""arréglarnos"", ""search_form"": ""arreglarnos"", ""rank"": 472282, ""frequency_score"": 0.041495494299664135, ""category_breakdown"": {""subtitles"": {""ipm_values"": [0.002371], ""category_ipm"": 0.002371, ""category_score"": 0.041495494299664135}}, ""sources"": [{""id"": ""subtitles/hermit_2018_es_full_lemmatized_ipm6_spacy_lookup_cleaned_v8.json"", ""file"": ""hermit_2018_es_full_lemmatized_ipm6_spacy_lookup_cleaned_v8.json"", ""category"": ""subtitles"", ""ipm"": 0.002371}], ""corpus_quality"": {""status"": ""accepted"", ""reasons"": []}, ""components"": [{""surface"": ""arreglarn"", ""canonical_candidate"": ""arreglarn"", ""confidence"": 0.92, ""evidence"": [{""type"": ""morphological_parse"", ""source"": ""candidate_index"", ""path"": [""arreglarnos"", ""arreglarn"", ""arreglarn""], ""confidence"": 0.92}]}]}"
es	lemma:f0d5c296b9140bb43210	arreglaresto	uncertain	not_admitted_candidate		aggregate_only_not_sense_frequency	"[{""path"": ""associativvordes/family-index-v5/members/es/0b.json.gz"", ""family_id"": ""surface:es:resto"", ""record_sha256"": ""6140a482e3a5e59425521af4a189b3e54738f0513fccf3d11b6359e7f3307c9c""}, {""path"": ""associativvordes/family-index-v5/members/es/fe.json.gz"", ""family_id"": ""surface:es:arreglarest"", ""record_sha256"": ""bf4ffffe640c5bdba2fafb62becb3436cf616339c7ecf8d2a0e3ed52d2d9a476""}]"	"{""lemma_id"": ""lemma:f0d5c296b9140bb43210"", ""word"": ""arreglaresto"", ""normalized"": ""arreglaresto"", ""search_form"": ""arreglaresto"", ""rank"": 471479, ""frequency_score"": 0.041495494299664135, ""category_breakdown"": {""subtitles"": {""ipm_values"": [0.002371], ""category_ipm"": 0.002371, ""category_score"": 0.041495494299664135}}, ""sources"": [{""id"": ""subtitles/hermit_2018_es_full_lemmatized_ipm6_spacy_lookup_cleaned_v8.json"", ""file"": ""hermit_2018_es_full_lemmatized_ipm6_spacy_lookup_cleaned_v8.json"", ""category"": ""subtitles"", ""ipm"": 0.002371}], ""corpus_quality"": {""status"": ""accepted"", ""reasons"": []}, ""components"": [{""surface"": ""resto"", ""canonical_candidate"": ""resto"", ""confidence"": 0.89, ""evidence"": [{""type"": ""compound_morphology"", ""source"": ""candidate_index"", ""path"": [""arreglaresto"", ""resto"", ""resto""], ""confidence"": 0.89}]}]}"
es	lemma:f129ec08c26acc3019a0	arreglista	uncertain	not_admitted_candidate		aggregate_only_not_sense_frequency	"[{""path"": ""associativvordes/family-index-v5/members/es/4f.json.gz"", ""family_id"": ""surface:es:arreglist"", ""record_sha256"": ""7ba86fc172f75de7fbdf53249dc6565925581bdc212014318f993c4953f1d8c4""}, {""path"": ""associativvordes/family-index-v5/members/es/59.json.gz"", ""family_id"": ""ety:f63cb51fcb85"", ""record_sha256"": ""b5a6da9b73fd846064d36d760e23a4b863feea5867eb6512487ac14cb9a05d82""}, {""path"": ""associativvordes/family-index-v5/members/es/b3.json.gz"", ""family_id"": ""ety:1ddcf25ee16b"", ""record_sha256"": ""b5a6da9b73fd846064d36d760e23a4b863feea5867eb6512487ac14cb9a05d82""}, {""path"": ""associativvordes/family-index-v5/members/es/bb.json.gz"", ""family_id"": ""ety:f48af8388f8b"", ""record_sha256"": ""b5a6da9b73fd846064d36d760e23a4b863feea5867eb6512487ac14cb9a05d82""}, {""path"": ""associativvordes/family-index-v5/members/es/dd.json.gz"", ""family_id"": ""ety:6c57b5e9170b"", ""record_sha256"": ""b5a6da9b73fd846064d36d760e23a4b863feea5867eb6512487ac14cb9a05d82""}]"	"{""lemma_id"": ""lemma:f129ec08c26acc3019a0"", ""word"": ""arreglista"", ""normalized"": ""arreglista"", ""search_form"": ""arreglista"", ""rank"": 39125, ""frequency_score"": 2.4966427672045275, ""category_breakdown"": {""subtitles"": {""ipm_values"": [0.115056, 0.111426], ""category_ipm"": 0.11324100000000001, ""category_score"": 1.8796829879413213}, ""mixed"": {""ipm_values"": [0.281611], ""category_ipm"": 0.281611, ""category_score"": 4.347522104994147}}, ""sources"": [{""id"": ""mixed/es_wordlist.lemmatized_stanza_ipm6.json"", ""file"": ""es_wordlist.lemmatized_stanza_ipm6.json"", ""category"": ""mixed"", ""ipm"": 0.281611}, {""id"": ""subtitles/hermit_2016_es_full_lemmatized_ipm6_spacy_lookup_cleaned_v8.json"", ""file"": ""hermit_2016_es_full_lemmatized_ipm6_spacy_lookup_cleaned_v8.json"", ""category"": ""subtitles"", ""ipm"": 0.115056}, {""id"": ""subtitles/hermit_2018_es_full_lemmatized_ipm6_spacy_lookup_cleaned_v8.json"", ""file"": ""hermit_2018_es_full_lemmatized_ipm6_spacy_lookup_cleaned_v8.json"", ""category"": ""subtitles"", ""ipm"": 0.111426}], ""corpus_quality"": {""status"": ""accepted"", ""reasons"": []}, ""components"": [{""surface"": ""arreglist"", ""canonical_candidate"": ""arreglist"", ""confidence"": 0.92, ""evidence"": [{""type"": ""morphological_parse"", ""source"": ""candidate_index"", ""path"": [""arreglista"", ""arreglist"", ""arreglist""], ""confidence"": 0.92}]}]}"
es	lemma:f14245d713b02eb0cdae	arregláte	uncertain	not_admitted_candidate		aggregate_only_not_sense_frequency	"[{""path"": ""associativvordes/family-index-v5/members/es/84.json.gz"", ""family_id"": ""surface:es:late"", ""record_sha256"": ""5070a4e53b390bf630485092c170c491a8e495400162f4a2b99d929174612c47""}, {""path"": ""associativvordes/family-index-v5/members/es/b1.json.gz"", ""family_id"": ""surface:es:arregl"", ""record_sha256"": ""5300c68d0268e92e3517c41198d31ef2e5c4cc8cb008ec4a33fd6bd43a8cd250""}]"	"{""lemma_id"": ""lemma:f14245d713b02eb0cdae"", ""word"": ""arregláte"", ""normalized"": ""arregláte"", ""search_form"": ""arreglate"", ""rank"": 431941, ""frequency_score"": 0.04529710280721981, ""category_breakdown"": {""subtitles"": {""ipm_values"": [0.002806, 0.002371], ""category_ipm"": 0.0025884999999999997, ""category_score"": 0.04529710280721981}}, ""sources"": [{""id"": ""subtitles/hermit_2016_es_full_lemmatized_ipm6_spacy_lookup_cleaned_v8.json"", ""file"": ""hermit_2016_es_full_lemmatized_ipm6_spacy_lookup_cleaned_v8.json"", ""category"": ""subtitles"", ""ipm"": 0.002806}, {""id"": ""subtitles/hermit_2018_es_full_lemmatized_ipm6_spacy_lookup_cleaned_v8.json"", ""file"": ""hermit_2018_es_full_lemmatized_ipm6_spacy_lookup_cleaned_v8.json"", ""category"": ""subtitles"", ""ipm"": 0.002371}], ""corpus_quality"": {""status"": ""accepted"", ""reasons"": []}, ""components"": [{""surface"": ""late"", ""canonical_candidate"": ""late"", ""confidence"": 0.89, ""evidence"": [{""type"": ""compound_morphology"", ""source"": ""candidate_index"", ""path"": [""arreglate"", ""late"", ""late""], ""confidence"": 0.89}]}]}"
es	lemma:f179fd249f958041ffa3	qrregle	uncertain	not_admitted_candidate		aggregate_only_not_sense_frequency	"[{""path"": ""associativvordes/family-index-v5/members/es/4c.json.gz"", ""family_id"": ""surface:es:qrregle"", ""record_sha256"": ""4c9157cf4f8ca30004fdb8db43a1460d7af24e78dfe77183be3eaf641aea1fd4""}]"	"{""lemma_id"": ""lemma:f179fd249f958041ffa3"", ""word"": ""qrregle"", ""normalized"": ""qrregle"", ""search_form"": ""qrregle"", ""rank"": 744892, ""frequency_score"": 0.041495494299664135, ""category_breakdown"": {""subtitles"": {""ipm_values"": [0.002371], ""category_ipm"": 0.002371, ""category_score"": 0.041495494299664135}}, ""sources"": [{""id"": ""subtitles/hermit_2018_es_full_lemmatized_ipm6_spacy_lookup_cleaned_v8.json"", ""file"": ""hermit_2018_es_full_lemmatized_ipm6_spacy_lookup_cleaned_v8.json"", ""category"": ""subtitles"", ""ipm"": 0.002371}], ""corpus_quality"": {""status"": ""accepted"", ""reasons"": []}, ""components"": [{""surface"": ""qrregle"", ""canonical_candidate"": ""qrregle"", ""confidence"": 0.8, ""evidence"": [{""type"": ""morphological_parse"", ""source"": ""candidate_index"", ""path"": [""qrregle"", ""qrregle"", ""qrregle""], ""confidence"": 0.8}]}]}"
es	lemma:f182e9a9ca5aa9ef1015	arreglarlos	uncertain	not_admitted_candidate		aggregate_only_not_sense_frequency	"[{""path"": ""associativvordes/family-index-v5/members/es/7e.json.gz"", ""family_id"": ""surface:es:arreglarl"", ""record_sha256"": ""f6166a2e21c3e51bae2a4f6a28a589aa2e48ea877a80d51eca6c0b037bac6737""}]"	"{""lemma_id"": ""lemma:f182e9a9ca5aa9ef1015"", ""word"": ""arreglarlos"", ""normalized"": ""arreglarlos"", ""search_form"": ""arreglarlos"", ""rank"": 28107, ""frequency_score"": 6.952630547746969, ""category_breakdown"": {""subtitles"": {""ipm_values"": [0.502317, 0.471783], ""category_ipm"": 0.48705, ""category_score"": 6.952630547746969}}, ""sources"": [{""id"": ""subtitles/hermit_2016_es_full_lemmatized_ipm6_spacy_lookup_cleaned_v8.json"", ""file"": ""hermit_2016_es_full_lemmatized_ipm6_spacy_lookup_cleaned_v8.json"", ""category"": ""subtitles"", ""ipm"": 0.502317}, {""id"": ""subtitles/hermit_2018_es_full_lemmatized_ipm6_spacy_lookup_cleaned_v8.json"", ""file"": ""hermit_2018_es_full_lemmatized_ipm6_spacy_lookup_cleaned_v8.json"", ""category"": ""subtitles"", ""ipm"": 0.471783}], ""corpus_quality"": {""status"": ""accepted"", ""reasons"": []}, ""components"": [{""surface"": ""arreglarl"", ""canonical_candidate"": ""arreglarl"", ""confidence"": 0.92, ""evidence"": [{""type"": ""morphological_parse"", ""source"": ""candidate_index"", ""path"": [""arreglarlos"", ""arreglarl"", ""arreglarl""], ""confidence"": 0.92}]}]}"
es	lemma:f305bf78e7da946a6b68	desregulatorias	accepted	accepted	regular	aggregate_only_not_sense_frequency	"[{""path"": ""associativvordes/family-index-v5/members/es/40.json.gz"", ""family_id"": ""family:regul"", ""record_sha256"": ""fa6c0078a8cfba91d1650c49fc60ed3426915ae485caa7ac6dcfd02af5eb9874""}, {""path"": ""associativvordes/family-index-v5/members/es/46.json.gz"", ""family_id"": ""surface:es:desregulatori"", ""record_sha256"": ""3cd223012e43cc45a0849100ac50b74304f7761bb2626e7671d6325f3d5ae4a8""}]"	"{""lemma_id"": ""lemma:f305bf78e7da946a6b68"", ""word"": ""desregulatorias"", ""normalized"": ""desregulatorias"", ""search_form"": ""desregulatorias"", ""rank"": 502151, ""frequency_score"": 0.04529710280721981, ""category_breakdown"": {""subtitles"": {""ipm_values"": [0.002806, 0.002371], ""category_ipm"": 0.0025884999999999997, ""category_score"": 0.04529710280721981}}, ""sources"": [{""id"": ""subtitles/hermit_2016_es_full_lemmatized_ipm6_spacy_lookup_cleaned_v8.json"", ""file"": ""hermit_2016_es_full_lemmatized_ipm6_spacy_lookup_cleaned_v8.json"", ""category"": ""subtitles"", ""ipm"": 0.002806}, {""id"": ""subtitles/hermit_2018_es_full_lemmatized_ipm6_spacy_lookup_cleaned_v8.json"", ""file"": ""hermit_2018_es_full_lemmatized_ipm6_spacy_lookup_cleaned_v8.json"", ""category"": ""subtitles"", ""ipm"": 0.002371}], ""corpus_quality"": {""status"": ""accepted"", ""reasons"": []}, ""components"": [{""surface"": ""regul"", ""canonical_candidate"": ""regul"", ""confidence"": 0.97, ""evidence"": [{""type"": ""compound_morphology"", ""source"": ""manually_verified"", ""path"": [""desregulatorias"", ""regul"", ""regul""], ""confidence"": 0.97}, {""type"": ""verified_seed_alias"", ""source"": ""methodology_control_seed"", ""path"": [""es"", ""regul"", ""family:regul""], ""confidence"": 1}]}]}"
es	lemma:f318456bc54485a9db1c	réglé	uncertain	not_admitted_candidate		aggregate_only_not_sense_frequency	"[{""path"": ""associativvordes/family-index-v5/members/es/cd.json.gz"", ""family_id"": ""surface:es:regle"", ""record_sha256"": ""1f3ccd58d040d80ac26698dce093dc84647a72c8e160b224f8bbc630e7aa8a42""}]"	"{""lemma_id"": ""lemma:f318456bc54485a9db1c"", ""word"": ""réglé"", ""normalized"": ""réglé"", ""search_form"": ""regle"", ""rank"": 767972, ""frequency_score"": 0.041495494299664135, ""category_breakdown"": {""subtitles"": {""ipm_values"": [0.002371], ""category_ipm"": 0.002371, ""category_score"": 0.041495494299664135}}, ""sources"": [{""id"": ""subtitles/hermit_2018_es_full_lemmatized_ipm6_spacy_lookup_cleaned_v8.json"", ""file"": ""hermit_2018_es_full_lemmatized_ipm6_spacy_lookup_cleaned_v8.json"", ""category"": ""subtitles"", ""ipm"": 0.002371}], ""corpus_quality"": {""status"": ""accepted"", ""reasons"": []}, ""components"": [{""surface"": ""regle"", ""canonical_candidate"": ""regle"", ""confidence"": 0.8, ""evidence"": [{""type"": ""morphological_parse"", ""source"": ""candidate_index"", ""path"": [""regle"", ""regle"", ""regle""], ""confidence"": 0.8}]}]}"
es	lemma:f39f08264049a2842bf9	iregulares	uncertain	not_admitted_candidate		aggregate_only_not_sense_frequency	"[{""path"": ""associativvordes/family-index-v5/members/es/55.json.gz"", ""family_id"": ""surface:es:iregular"", ""record_sha256"": ""10858885e37a3cd7ec9a93b8e43f7f9134f3b09f62e543563779ad7698d963e5""}, {""path"": ""associativvordes/family-index-v5/members/es/7b.json.gz"", ""family_id"": ""surface:es:ares"", ""record_sha256"": ""95ca4a1dc26196dfe0514fbcb83d33ba5f0f55be0cc2f210c2fda1010e92c9ab""}]"	"{""lemma_id"": ""lemma:f39f08264049a2842bf9"", ""word"": ""iregulares"", ""normalized"": ""iregulares"", ""search_form"": ""iregulares"", ""rank"": 584406, ""frequency_score"": 0.04529710280721981, ""category_breakdown"": {""subtitles"": {""ipm_values"": [0.002806, 0.002371], ""category_ipm"": 0.0025884999999999997, ""category_score"": 0.04529710280721981}}, ""sources"": [{""id"": ""subtitles/hermit_2016_es_full_lemmatized_ipm6_spacy_lookup_cleaned_v8.json"", ""file"": ""hermit_2016_es_full_lemmatized_ipm6_spacy_lookup_cleaned_v8.json"", ""category"": ""subtitles"", ""ipm"": 0.002806}, {""id"": ""subtitles/hermit_2018_es_full_lemmatized_ipm6_spacy_lookup_cleaned_v8.json"", ""file"": ""hermit_2018_es_full_lemmatized_ipm6_spacy_lookup_cleaned_v8.json"", ""category"": ""subtitles"", ""ipm"": 0.002371}], ""corpus_quality"": {""status"": ""accepted"", ""reasons"": []}, ""components"": [{""surface"": ""iregular"", ""canonical_candidate"": ""iregular"", ""confidence"": 0.92, ""evidence"": [{""type"": ""morphological_parse"", ""source"": ""candidate_index"", ""path"": [""iregulares"", ""iregular"", ""iregular""], ""confidence"": 0.92}]}]}"
es	lemma:f3da9a46e865f72df085	treglitz	uncertain	not_admitted_candidate		aggregate_only_not_sense_frequency	"[{""path"": ""associativvordes/family-index-v5/members/es/1d.json.gz"", ""family_id"": ""surface:es:itz"", ""record_sha256"": ""5fc5f220fcc7c1ae75420e011086433373ea31fd5865c854a8f196678650a001""}, {""path"": ""associativvordes/family-index-v5/members/es/3e.json.gz"", ""family_id"": ""surface:es:tregl"", ""record_sha256"": ""d9d362b0106fb9d8a9662862ff984bea36553054e676d29cf050b643cfd1977d""}]"	"{""lemma_id"": ""lemma:f3da9a46e865f72df085"", ""word"": ""treglitz"", ""normalized"": ""treglitz"", ""search_form"": ""treglitz"", ""rank"": 299031, ""frequency_score"": 0.13554151465136516, ""category_breakdown"": {""subtitles"": {""ipm_values"": [0.008419, 0.007112], ""category_ipm"": 0.0077655, ""category_score"": 0.13554151465136516}}, ""sources"": [{""id"": ""subtitles/hermit_2016_es_full_lemmatized_ipm6_spacy_lookup_cleaned_v8.json"", ""file"": ""hermit_2016_es_full_lemmatized_ipm6_spacy_lookup_cleaned_v8.json"", ""category"": ""subtitles"", ""ipm"": 0.008419}, {""id"": ""subtitles/hermit_2018_es_full_lemmatized_ipm6_spacy_lookup_cleaned_v8.json"", ""file"": ""hermit_2018_es_full_lemmatized_ipm6_spacy_lookup_cleaned_v8.json"", ""category"": ""subtitles"", ""ipm"": 0.007112}], ""corpus_quality"": {""status"": ""accepted"", ""reasons"": []}, ""components"": [{""surface"": ""itz"", ""canonical_candidate"": ""itz"", ""confidence"": 0.89, ""evidence"": [{""type"": ""compound_morphology"", ""source"": ""candidate_index"", ""path"": [""treglitz"", ""itz"", ""itz""], ""confidence"": 0.89}]}]}"
es	lemma:f3dad627567bcb7f3e67	arreglelo	uncertain	not_admitted_candidate		aggregate_only_not_sense_frequency	"[{""path"": ""associativvordes/family-index-v5/members/es/70.json.gz"", ""family_id"": ""surface:es:arreglel"", ""record_sha256"": ""118618b0f35b79fd764a22b1e857f3068edf9e6e4d62e6202823a19694d1dd75""}]"	"{""lemma_id"": ""lemma:f3dad627567bcb7f3e67"", ""word"": ""arreglelo"", ""normalized"": ""arreglelo"", ""search_form"": ""arreglelo"", ""rank"": 146082, ""frequency_score"": 0.38320788344342654, ""category_breakdown"": {""subtitles"": {""ipm_values"": [0.025256, 0.018966], ""category_ipm"": 0.022111, ""category_score"": 0.38320788344342654}}, ""sources"": [{""id"": ""subtitles/hermit_2016_es_full_lemmatized_ipm6_spacy_lookup_cleaned_v8.json"", ""file"": ""hermit_2016_es_full_lemmatized_ipm6_spacy_lookup_cleaned_v8.json"", ""category"": ""subtitles"", ""ipm"": 0.025256}, {""id"": ""subtitles/hermit_2018_es_full_lemmatized_ipm6_spacy_lookup_cleaned_v8.json"", ""file"": ""hermit_2018_es_full_lemmatized_ipm6_spacy_lookup_cleaned_v8.json"", ""category"": ""subtitles"", ""ipm"": 0.018966}], ""corpus_quality"": {""status"": ""accepted"", ""reasons"": []}, ""components"": [{""surface"": ""arreglel"", ""canonical_candidate"": ""arreglel"", ""confidence"": 0.92, ""evidence"": [{""type"": ""morphological_parse"", ""source"": ""candidate_index"", ""path"": [""arreglelo"", ""arreglel"", ""arreglel""], ""confidence"": 0.92}]}]}"
es	lemma:f4244558a08a1e5a96f9	arrreglado	uncertain	not_admitted_candidate		aggregate_only_not_sense_frequency	"[{""path"": ""associativvordes/family-index-v5/members/es/02.json.gz"", ""family_id"": ""surface:es:lado"", ""record_sha256"": ""b689fc162e68d04c5230c417159135e53b9031eee7f7d533bd090bbfc6739153""}, {""path"": ""associativvordes/family-index-v5/members/es/cc.json.gz"", ""family_id"": ""surface:es:arrreglad"", ""record_sha256"": ""0c488a85d02e1c52b010b95ee5e47694e5cc01e33d6f753865108d45baf9067a""}]"	"{""lemma_id"": ""lemma:f4244558a08a1e5a96f9"", ""word"": ""arrreglado"", ""normalized"": ""arrreglado"", ""search_form"": ""arrreglado"", ""rank"": 309399, ""frequency_score"": 0.090477407431868, ""category_breakdown"": {""subtitles"": {""ipm_values"": [0.005612, 0.004742], ""category_ipm"": 0.005176999999999999, ""category_score"": 0.090477407431868}}, ""sources"": [{""id"": ""subtitles/hermit_2016_es_full_lemmatized_ipm6_spacy_lookup_cleaned_v8.json"", ""file"": ""hermit_2016_es_full_lemmatized_ipm6_spacy_lookup_cleaned_v8.json"", ""category"": ""subtitles"", ""ipm"": 0.005612}, {""id"": ""subtitles/hermit_2018_es_full_lemmatized_ipm6_spacy_lookup_cleaned_v8.json"", ""file"": ""hermit_2018_es_full_lemmatized_ipm6_spacy_lookup_cleaned_v8.json"", ""category"": ""subtitles"", ""ipm"": 0.004742}], ""corpus_quality"": {""status"": ""accepted"", ""reasons"": []}, ""components"": [{""surface"": ""lado"", ""canonical_candidate"": ""lado"", ""confidence"": 0.89, ""evidence"": [{""type"": ""compound_morphology"", ""source"": ""candidate_index"", ""path"": [""arrreglado"", ""lado"", ""lado""], ""confidence"": 0.89}]}]}"
es	lemma:f4c2a74a86056c857aa3	lasreglas	uncertain	not_admitted_candidate		aggregate_only_not_sense_frequency	"[{""path"": ""associativvordes/family-index-v5/members/es/1f.json.gz"", ""family_id"": ""surface:es:glas"", ""record_sha256"": ""5ceabbb23ee7354e3960258315c525330f40d28af3ac85e20463769ddd7f57eb""}, {""path"": ""associativvordes/family-index-v5/members/es/86.json.gz"", ""family_id"": ""surface:es:lasregl"", ""record_sha256"": ""9ff284c2f9bfbefb2f144c350f05d97dec2ad7b46e19707f520b25b794798f31""}]"	"{""lemma_id"": ""lemma:f4c2a74a86056c857aa3"", ""word"": ""lasreglas"", ""normalized"": ""lasreglas"", ""search_form"": ""lasreglas"", ""rank"": 603247, ""frequency_score"": 0.04909788668913623, ""category_breakdown"": {""subtitles"": {""ipm_values"": [0.002806], ""category_ipm"": 0.002806, ""category_score"": 0.04909788668913623}}, ""sources"": [{""id"": ""subtitles/hermit_2016_es_full_lemmatized_ipm6_spacy_lookup_cleaned_v8.json"", ""file"": ""hermit_2016_es_full_lemmatized_ipm6_spacy_lookup_cleaned_v8.json"", ""category"": ""subtitles"", ""ipm"": 0.002806}], ""corpus_quality"": {""status"": ""accepted"", ""reasons"": []}, ""components"": [{""surface"": ""glas"", ""canonical_candidate"": ""glas"", ""confidence"": 0.89, ""evidence"": [{""type"": ""compound_morphology"", ""source"": ""candidate_index"", ""path"": [""lasreglas"", ""glas"", ""glas""], ""confidence"": 0.89}]}]}"
es	lemma:f561f8f35202aa88dac4	autorregularse	accepted	accepted	regular	aggregate_only_not_sense_frequency	"[{""path"": ""associativvordes/family-index-v5/members/es/40.json.gz"", ""family_id"": ""family:regul"", ""record_sha256"": ""030fc08c67eedda0f326c5bd684a98814d4996a4e6be86fcc92130b00163ff1f""}, {""path"": ""associativvordes/family-index-v5/members/es/c9.json.gz"", ""family_id"": ""surface:es:autorregula"", ""record_sha256"": ""20e6c7c561ca49166aac29c8393f4245fe73ab7e7ba2abd9cf375f05b775389c""}]"	"{""lemma_id"": ""lemma:f561f8f35202aa88dac4"", ""word"": ""autorregularse"", ""normalized"": ""autorregularse"", ""search_form"": ""autorregularse"", ""rank"": 310918, ""frequency_score"": 0.06979986216223158, ""category_breakdown"": {""subtitles"": {""ipm_values"": [0.005612, 0.002371], ""category_ipm"": 0.0039915, ""category_score"": 0.06979986216223158}}, ""sources"": [{""id"": ""subtitles/hermit_2016_es_full_lemmatized_ipm6_spacy_lookup_cleaned_v8.json"", ""file"": ""hermit_2016_es_full_lemmatized_ipm6_spacy_lookup_cleaned_v8.json"", ""category"": ""subtitles"", ""ipm"": 0.005612}, {""id"": ""subtitles/hermit_2018_es_full_lemmatized_ipm6_spacy_lookup_cleaned_v8.json"", ""file"": ""hermit_2018_es_full_lemmatized_ipm6_spacy_lookup_cleaned_v8.json"", ""category"": ""subtitles"", ""ipm"": 0.002371}], ""corpus_quality"": {""status"": ""accepted"", ""reasons"": []}, ""components"": [{""surface"": ""regul"", ""canonical_candidate"": ""regul"", ""confidence"": 0.97, ""evidence"": [{""type"": ""compound_morphology"", ""source"": ""manually_verified"", ""path"": [""autorregularse"", ""regul"", ""regul""], ""confidence"": 0.97}, {""type"": ""verified_seed_alias"", ""source"": ""methodology_control_seed"", ""path"": [""es"", ""regul"", ""family:regul""], ""confidence"": 1}]}]}"
es	lemma:f5be54a4702a402bdc14	arréglaselas	uncertain	not_admitted_candidate		aggregate_only_not_sense_frequency	"[{""path"": ""associativvordes/family-index-v5/members/es/28.json.gz"", ""family_id"": ""surface:es:arreglasel"", ""record_sha256"": ""5b2f76eda586fb126c0bee462b42f48c0e3e9d73552ad134208fd92969f37a44""}]"	"{""lemma_id"": ""lemma:f5be54a4702a402bdc14"", ""word"": ""arréglaselas"", ""normalized"": ""arréglaselas"", ""search_form"": ""arreglaselas"", ""rank"": 309450, ""frequency_score"": 0.06979986216223158, ""category_breakdown"": {""subtitles"": {""ipm_values"": [0.005612, 0.002371], ""category_ipm"": 0.0039915, ""category_score"": 0.06979986216223158}}, ""sources"": [{""id"": ""subtitles/hermit_2016_es_full_lemmatized_ipm6_spacy_lookup_cleaned_v8.json"", ""file"": ""hermit_2016_es_full_lemmatized_ipm6_spacy_lookup_cleaned_v8.json"", ""category"": ""subtitles"", ""ipm"": 0.005612}, {""id"": ""subtitles/hermit_2018_es_full_lemmatized_ipm6_spacy_lookup_cleaned_v8.json"", ""file"": ""hermit_2018_es_full_lemmatized_ipm6_spacy_lookup_cleaned_v8.json"", ""category"": ""subtitles"", ""ipm"": 0.002371}], ""corpus_quality"": {""status"": ""accepted"", ""reasons"": []}, ""components"": [{""surface"": ""arreglasel"", ""canonical_candidate"": ""arreglasel"", ""confidence"": 0.92, ""evidence"": [{""type"": ""morphological_parse"", ""source"": ""candidate_index"", ""path"": [""arreglaselas"", ""arreglasel"", ""arreglasel""], ""confidence"": 0.92}]}]}"
es	lemma:f5fbf6a350b29f052130	arreglarne	uncertain	not_admitted_candidate		aggregate_only_not_sense_frequency	"[{""path"": ""associativvordes/family-index-v5/members/es/70.json.gz"", ""family_id"": ""surface:es:arregla"", ""record_sha256"": ""61dd69ae1a5d57aecb077de996fb2db8ed2db02b0de4ae7295d5620782a480ec""}, {""path"": ""associativvordes/family-index-v5/members/es/ce.json.gz"", ""family_id"": ""surface:es:arne"", ""record_sha256"": ""5079df866c337b2f11a213c617f7079965e353665fd92427d44d35458b8c7c27""}]"	"{""lemma_id"": ""lemma:f5fbf6a350b29f052130"", ""word"": ""arreglarne"", ""normalized"": ""arreglarne"", ""search_form"": ""arreglarne"", ""rank"": 431907, ""frequency_score"": 0.04529710280721981, ""category_breakdown"": {""subtitles"": {""ipm_values"": [0.002806, 0.002371], ""category_ipm"": 0.0025884999999999997, ""category_score"": 0.04529710280721981}}, ""sources"": [{""id"": ""subtitles/hermit_2016_es_full_lemmatized_ipm6_spacy_lookup_cleaned_v8.json"", ""file"": ""hermit_2016_es_full_lemmatized_ipm6_spacy_lookup_cleaned_v8.json"", ""category"": ""subtitles"", ""ipm"": 0.002806}, {""id"": ""subtitles/hermit_2018_es_full_lemmatized_ipm6_spacy_lookup_cleaned_v8.json"", ""file"": ""hermit_2018_es_full_lemmatized_ipm6_spacy_lookup_cleaned_v8.json"", ""category"": ""subtitles"", ""ipm"": 0.002371}], ""corpus_quality"": {""status"": ""accepted"", ""reasons"": []}, ""components"": [{""surface"": ""arregla"", ""canonical_candidate"": ""arregla"", ""confidence"": 0.81, ""evidence"": [{""type"": ""compound_morphology"", ""source"": ""candidate_index"", ""path"": [""arreglarne"", ""arregla"", ""arregla""], ""confidence"": 0.81}]}]}"
es	lemma:f66fdd281298d837e5af	regúlenlo	accepted	accepted	regular	aggregate_only_not_sense_frequency	"[{""path"": ""associativvordes/family-index-v5/members/es/40.json.gz"", ""family_id"": ""family:regul"", ""record_sha256"": ""5795fb7b4917c40a9e5286851d60a050c6c889813549946ba46fe1d8e994ed8f""}, {""path"": ""associativvordes/family-index-v5/members/es/a0.json.gz"", ""family_id"": ""surface:es:regulenl"", ""record_sha256"": ""a3f5470468c29c383c0f68c2430ee78fac0ae07e29f6e76e9f07089bf38ccc70""}]"	"{""lemma_id"": ""lemma:f66fdd281298d837e5af"", ""word"": ""regúlenlo"", ""normalized"": ""regúlenlo"", ""search_form"": ""regulenlo"", ""rank"": 692127, ""frequency_score"": 0.04909788668913623, ""category_breakdown"": {""subtitles"": {""ipm_values"": [0.002806], ""category_ipm"": 0.002806, ""category_score"": 0.04909788668913623}}, ""sources"": [{""id"": ""subtitles/hermit_2016_es_full_lemmatized_ipm6_spacy_lookup_cleaned_v8.json"", ""file"": ""hermit_2016_es_full_lemmatized_ipm6_spacy_lookup_cleaned_v8.json"", ""category"": ""subtitles"", ""ipm"": 0.002806}], ""corpus_quality"": {""status"": ""accepted"", ""reasons"": []}, ""components"": [{""surface"": ""regul"", ""canonical_candidate"": ""regul"", ""confidence"": 0.97, ""evidence"": [{""type"": ""compound_morphology"", ""source"": ""manually_verified"", ""path"": [""regulenlo"", ""regul"", ""regul""], ""confidence"": 0.97}, {""type"": ""verified_seed_alias"", ""source"": ""methodology_control_seed"", ""path"": [""es"", ""regul"", ""family:regul""], ""confidence"": 1}]}]}"
es	lemma:f6933bf1d0bc053de54d	arreglándo	uncertain	not_admitted_candidate		aggregate_only_not_sense_frequency	"[{""path"": ""associativvordes/family-index-v5/members/es/8f.json.gz"", ""family_id"": ""surface:es:arreglando"", ""record_sha256"": ""465add73c9032006a5edfe8272e1c73e2b5a716fa55d0c04c6e1e8616634a06b""}]"	"{""lemma_id"": ""lemma:f6933bf1d0bc053de54d"", ""word"": ""arreglándo"", ""normalized"": ""arreglándo"", ""search_form"": ""arreglando"", ""rank"": 431931, ""frequency_score"": 0.04529710280721981, ""category_breakdown"": {""subtitles"": {""ipm_values"": [0.002806, 0.002371], ""category_ipm"": 0.0025884999999999997, ""category_score"": 0.04529710280721981}}, ""sources"": [{""id"": ""subtitles/hermit_2016_es_full_lemmatized_ipm6_spacy_lookup_cleaned_v8.json"", ""file"": ""hermit_2016_es_full_lemmatized_ipm6_spacy_lookup_cleaned_v8.json"", ""category"": ""subtitles"", ""ipm"": 0.002806}, {""id"": ""subtitles/hermit_2018_es_full_lemmatized_ipm6_spacy_lookup_cleaned_v8.json"", ""file"": ""hermit_2018_es_full_lemmatized_ipm6_spacy_lookup_cleaned_v8.json"", ""category"": ""subtitles"", ""ipm"": 0.002371}], ""corpus_quality"": {""status"": ""accepted"", ""reasons"": []}, ""components"": [{""surface"": ""arreglando"", ""canonical_candidate"": ""arreglando"", ""confidence"": 0.92, ""evidence"": [{""type"": ""morphological_parse"", ""source"": ""candidate_index"", ""path"": [""arreglando"", ""arreglando"", ""arreglando""], ""confidence"": 0.92}]}]}"
es	lemma:f69766460e9c96c8c660	arreglándoos	uncertain	not_admitted_candidate		aggregate_only_not_sense_frequency	"[{""path"": ""associativvordes/family-index-v5/members/es/8f.json.gz"", ""family_id"": ""surface:es:arreglando"", ""record_sha256"": ""fe549897ca4d98ba80a013db5860c855975a10017f0da7a32a4e64e357f0b071""}, {""path"": ""associativvordes/family-index-v5/members/es/9b.json.gz"", ""family_id"": ""surface:es:doos"", ""record_sha256"": ""8bc0aa1030575777154c361131c884c94e6aa7c53b37e2d28cae09a0e57204c9""}]"	"{""lemma_id"": ""lemma:f69766460e9c96c8c660"", ""word"": ""arreglándoos"", ""normalized"": ""arreglándoos"", ""search_form"": ""arreglandoos"", ""rank"": 471520, ""frequency_score"": 0.041495494299664135, ""category_breakdown"": {""subtitles"": {""ipm_values"": [0.002371], ""category_ipm"": 0.002371, ""category_score"": 0.041495494299664135}}, ""sources"": [{""id"": ""subtitles/hermit_2018_es_full_lemmatized_ipm6_spacy_lookup_cleaned_v8.json"", ""file"": ""hermit_2018_es_full_lemmatized_ipm6_spacy_lookup_cleaned_v8.json"", ""category"": ""subtitles"", ""ipm"": 0.002371}], ""corpus_quality"": {""status"": ""accepted"", ""reasons"": []}, ""components"": [{""surface"": ""arreglando"", ""canonical_candidate"": ""arreglando"", ""confidence"": 0.92, ""evidence"": [{""type"": ""morphological_parse"", ""source"": ""candidate_index"", ""path"": [""arreglandoos"", ""arreglando"", ""arreglando""], ""confidence"": 0.92}]}]}"
es	lemma:f70e344d538e15fc7c2e	arreglandoles	uncertain	not_admitted_candidate		aggregate_only_not_sense_frequency	"[{""path"": ""associativvordes/family-index-v5/members/es/59.json.gz"", ""family_id"": ""surface:es:arreglandol"", ""record_sha256"": ""5867c27b8684bcfae9487c5c9be826d6fa16be0c9baec8a7c83ce8a8a68da7d7""}]"	"{""lemma_id"": ""lemma:f70e344d538e15fc7c2e"", ""word"": ""arreglandoles"", ""normalized"": ""arreglandoles"", ""search_form"": ""arreglandoles"", ""rank"": 431891, ""frequency_score"": 0.04529710280721981, ""category_breakdown"": {""subtitles"": {""ipm_values"": [0.002806, 0.002371], ""category_ipm"": 0.0025884999999999997, ""category_score"": 0.04529710280721981}}, ""sources"": [{""id"": ""subtitles/hermit_2016_es_full_lemmatized_ipm6_spacy_lookup_cleaned_v8.json"", ""file"": ""hermit_2016_es_full_lemmatized_ipm6_spacy_lookup_cleaned_v8.json"", ""category"": ""subtitles"", ""ipm"": 0.002806}, {""id"": ""subtitles/hermit_2018_es_full_lemmatized_ipm6_spacy_lookup_cleaned_v8.json"", ""file"": ""hermit_2018_es_full_lemmatized_ipm6_spacy_lookup_cleaned_v8.json"", ""category"": ""subtitles"", ""ipm"": 0.002371}], ""corpus_quality"": {""status"": ""accepted"", ""reasons"": []}, ""components"": [{""surface"": ""arreglandol"", ""canonical_candidate"": ""arreglandol"", ""confidence"": 0.92, ""evidence"": [{""type"": ""morphological_parse"", ""source"": ""candidate_index"", ""path"": [""arreglandoles"", ""arreglandol"", ""arreglandol""], ""confidence"": 0.92}]}]}"
es	lemma:f7794007eec66edfcbfb	reglato	uncertain	not_admitted_candidate		aggregate_only_not_sense_frequency	"[{""path"": ""associativvordes/family-index-v5/members/es/36.json.gz"", ""family_id"": ""surface:es:ato"", ""record_sha256"": ""d070433fa0d446dbe9c46bb25486216f3dd84eef733b59d0804532b67f7705c9""}, {""path"": ""associativvordes/family-index-v5/members/es/af.json.gz"", ""family_id"": ""surface:es:reglat"", ""record_sha256"": ""6c82343ed6f9f294f0aea63144209c0b63e1d85111c695acbeb98e4756011019""}]"	"{""lemma_id"": ""lemma:f7794007eec66edfcbfb"", ""word"": ""reglato"", ""normalized"": ""reglato"", ""search_form"": ""reglato"", ""rank"": 691795, ""frequency_score"": 0.04529710280721981, ""category_breakdown"": {""subtitles"": {""ipm_values"": [0.002806, 0.002371], ""category_ipm"": 0.0025884999999999997, ""category_score"": 0.04529710280721981}}, ""sources"": [{""id"": ""subtitles/hermit_2016_es_full_lemmatized_ipm6_spacy_lookup_cleaned_v8.json"", ""file"": ""hermit_2016_es_full_lemmatized_ipm6_spacy_lookup_cleaned_v8.json"", ""category"": ""subtitles"", ""ipm"": 0.002806}, {""id"": ""subtitles/hermit_2018_es_full_lemmatized_ipm6_spacy_lookup_cleaned_v8.json"", ""file"": ""hermit_2018_es_full_lemmatized_ipm6_spacy_lookup_cleaned_v8.json"", ""category"": ""subtitles"", ""ipm"": 0.002371}], ""corpus_quality"": {""status"": ""accepted"", ""reasons"": []}, ""components"": [{""surface"": ""ato"", ""canonical_candidate"": ""ato"", ""confidence"": 0.89, ""evidence"": [{""type"": ""compound_morphology"", ""source"": ""candidate_index"", ""path"": [""reglato"", ""ato"", ""ato""], ""confidence"": 0.89}]}]}"
es	lemma:f7b4f1dd0756d483dbd6	regulannente	uncertain	withheld_historical_uncertain		aggregate_only_not_sense_frequency	"[{""path"": ""associativvordes/family-index-v5/members/es/22.json.gz"", ""family_id"": ""surface:es:anne"", ""record_sha256"": ""65429f638918a17a4d35b481b799761d86f153c5992deff5d8262860d63c9993""}, {""path"": ""associativvordes/family-index-v5/members/es/40.json.gz"", ""family_id"": ""family:regul"", ""record_sha256"": ""ec3595d5fabc2f0035f31dcecac38c5fde0533bd949262a3fd481f65f3a6ee77""}, {""path"": ""associativvordes/family-index-v5/members/es/90.json.gz"", ""family_id"": ""surface:es:regulan"", ""record_sha256"": ""6e9d8162f75a5c17e3cac2545b5ac7bd8deddfa5627ccff76fc242e123c48ceb""}, {""path"": ""associativvordes/family-index-v5/members/es/bf.json.gz"", ""family_id"": ""surface:es:lann"", ""record_sha256"": ""6dab5faa266192f0ec2729cb07f222da39fd75f742429e8322f8948134f3c956""}, {""path"": ""associativvordes/family-index-v5/members/es/d3.json.gz"", ""family_id"": ""ety:d4e12af70156"", ""record_sha256"": ""090e26bba7424c3525542e3cdfd40c50e8dd23393cae229acd8991a848f9b602""}]"	"{""lemma_id"": ""lemma:f7b4f1dd0756d483dbd6"", ""word"": ""regulannente"", ""normalized"": ""regulannente"", ""search_form"": ""regulannente"", ""rank"": 692053, ""frequency_score"": 0.04529710280721981, ""category_breakdown"": {""subtitles"": {""ipm_values"": [0.002806, 0.002371], ""category_ipm"": 0.0025884999999999997, ""category_score"": 0.04529710280721981}}, ""sources"": [{""id"": ""subtitles/hermit_2016_es_full_lemmatized_ipm6_spacy_lookup_cleaned_v8.json"", ""file"": ""hermit_2016_es_full_lemmatized_ipm6_spacy_lookup_cleaned_v8.json"", ""category"": ""subtitles"", ""ipm"": 0.002806}, {""id"": ""subtitles/hermit_2018_es_full_lemmatized_ipm6_spacy_lookup_cleaned_v8.json"", ""file"": ""hermit_2018_es_full_lemmatized_ipm6_spacy_lookup_cleaned_v8.json"", ""category"": ""subtitles"", ""ipm"": 0.002371}], ""corpus_quality"": {""status"": ""accepted"", ""reasons"": []}, ""components"": [{""surface"": ""anne"", ""canonical_candidate"": ""anne"", ""confidence"": 0.81, ""evidence"": [{""type"": ""compound_morphology"", ""source"": ""candidate_index"", ""path"": [""regulannente"", ""anne"", ""anne""], ""confidence"": 0.81}]}]}"
es	lemma:f9a7b74a85e8d6561dbd	arregl	uncertain	not_admitted_candidate		aggregate_only_not_sense_frequency	"[{""path"": ""associativvordes/family-index-v5/members/es/b1.json.gz"", ""family_id"": ""surface:es:arregl"", ""record_sha256"": ""99221320d0e0d557e056aa4e4cc1816a76c3fae12d9ead208d9689a135a8161d""}]"	"{""lemma_id"": ""lemma:f9a7b74a85e8d6561dbd"", ""word"": ""arregl"", ""normalized"": ""arregl"", ""search_form"": ""arregl"", ""rank"": 221399, ""frequency_score"": 0.13933146721729445, ""category_breakdown"": {""subtitles"": {""ipm_values"": [0.011225, 0.004742], ""category_ipm"": 0.007983500000000001, ""category_score"": 0.13933146721729445}}, ""sources"": [{""id"": ""subtitles/hermit_2016_es_full_lemmatized_ipm6_spacy_lookup_cleaned_v8.json"", ""file"": ""hermit_2016_es_full_lemmatized_ipm6_spacy_lookup_cleaned_v8.json"", ""category"": ""subtitles"", ""ipm"": 0.011225}, {""id"": ""subtitles/hermit_2018_es_full_lemmatized_ipm6_spacy_lookup_cleaned_v8.json"", ""file"": ""hermit_2018_es_full_lemmatized_ipm6_spacy_lookup_cleaned_v8.json"", ""category"": ""subtitles"", ""ipm"": 0.004742}], ""corpus_quality"": {""status"": ""accepted"", ""reasons"": []}, ""components"": [{""surface"": ""arregl"", ""canonical_candidate"": ""arregl"", ""confidence"": 0.92, ""evidence"": [{""type"": ""morphological_parse"", ""source"": ""candidate_index"", ""path"": [""arregl"", ""arregl"", ""arregl""], ""confidence"": 0.92}]}]}"
es	lemma:fa33c99e02be776ab671	regulacones	uncertain	withheld_historical_uncertain		aggregate_only_not_sense_frequency	"[{""path"": ""associativvordes/family-index-v5/members/es/08.json.gz"", ""family_id"": ""surface:es:cones"", ""record_sha256"": ""f8168a05cb38d7adf53f74541687d8559e76d10a5152159b9250725179659348""}, {""path"": ""associativvordes/family-index-v5/members/es/40.json.gz"", ""family_id"": ""family:regul"", ""record_sha256"": ""48fca447df7c73a2bf7592ca62053bc0ea350b3b49f78f42ffbab6a8daa207cc""}, {""path"": ""associativvordes/family-index-v5/members/es/e2.json.gz"", ""family_id"": ""surface:es:regulacon"", ""record_sha256"": ""e4e2b33433cea169048ddcb22d633af30e2f9e046d76448c500d4ba0eebe2af6""}]"	"{""lemma_id"": ""lemma:fa33c99e02be776ab671"", ""word"": ""regulacones"", ""normalized"": ""regulacones"", ""search_form"": ""regulacones"", ""rank"": 755321, ""frequency_score"": 0.041495494299664135, ""category_breakdown"": {""subtitles"": {""ipm_values"": [0.002371], ""category_ipm"": 0.002371, ""category_score"": 0.041495494299664135}}, ""sources"": [{""id"": ""subtitles/hermit_2018_es_full_lemmatized_ipm6_spacy_lookup_cleaned_v8.json"", ""file"": ""hermit_2018_es_full_lemmatized_ipm6_spacy_lookup_cleaned_v8.json"", ""category"": ""subtitles"", ""ipm"": 0.002371}], ""corpus_quality"": {""status"": ""accepted"", ""reasons"": []}, ""components"": [{""surface"": ""cones"", ""canonical_candidate"": ""cones"", ""confidence"": 0.89, ""evidence"": [{""type"": ""compound_morphology"", ""source"": ""candidate_index"", ""path"": [""regulacones"", ""cones"", ""cones""], ""confidence"": 0.89}]}]}"
es	lemma:fa5704df466b8c6b6a7b	arréglenla	uncertain	not_admitted_candidate		aggregate_only_not_sense_frequency	"[{""path"": ""associativvordes/family-index-v5/members/es/8e.json.gz"", ""family_id"": ""surface:es:arreglenl"", ""record_sha256"": ""fb64b227c684d5a8b0934b049868640d2ba380f815a820aa8dff48a9690e8576""}]"	"{""lemma_id"": ""lemma:fa5704df466b8c6b6a7b"", ""word"": ""arréglenla"", ""normalized"": ""arréglenla"", ""search_form"": ""arreglenla"", ""rank"": 131193, ""frequency_score"": 0.4845207127174161, ""category_breakdown"": {""subtitles"": {""ipm_values"": [0.025256, 0.03082], ""category_ipm"": 0.028038, ""category_score"": 0.4845207127174161}}, ""sources"": [{""id"": ""subtitles/hermit_2016_es_full_lemmatized_ipm6_spacy_lookup_cleaned_v8.json"", ""file"": ""hermit_2016_es_full_lemmatized_ipm6_spacy_lookup_cleaned_v8.json"", ""category"": ""subtitles"", ""ipm"": 0.025256}, {""id"": ""subtitles/hermit_2018_es_full_lemmatized_ipm6_spacy_lookup_cleaned_v8.json"", ""file"": ""hermit_2018_es_full_lemmatized_ipm6_spacy_lookup_cleaned_v8.json"", ""category"": ""subtitles"", ""ipm"": 0.03082}], ""corpus_quality"": {""status"": ""accepted"", ""reasons"": []}, ""components"": [{""surface"": ""arreglenl"", ""canonical_candidate"": ""arreglenl"", ""confidence"": 0.92, ""evidence"": [{""type"": ""morphological_parse"", ""source"": ""candidate_index"", ""path"": [""arreglenla"", ""arreglenl"", ""arreglenl""], ""confidence"": 0.92}]}]}"
es	lemma:fc5e0bbe13892a496e8a	arréglanos	uncertain	not_admitted_candidate		aggregate_only_not_sense_frequency	"[{""path"": ""associativvordes/family-index-v5/members/es/22.json.gz"", ""family_id"": ""ety:815ce5157a11"", ""record_sha256"": ""0f96fa7b107d1e7329aea60f196720528d40fd8c1f344709e7a06cfc349537b7""}, {""path"": ""associativvordes/family-index-v5/members/es/3a.json.gz"", ""family_id"": ""surface:es:arreglan"", ""record_sha256"": ""4f16cf67917d036e6cb3c5bd18c7eb790997e79a56074cade25d7dcc2a2dc396""}, {""path"": ""associativvordes/family-index-v5/members/es/d0.json.gz"", ""family_id"": ""ety:f3818b155d73"", ""record_sha256"": ""0f96fa7b107d1e7329aea60f196720528d40fd8c1f344709e7a06cfc349537b7""}]"	"{""lemma_id"": ""lemma:fc5e0bbe13892a496e8a"", ""word"": ""arréglanos"", ""normalized"": ""arréglanos"", ""search_form"": ""arreglanos"", ""rank"": 197652, ""frequency_score"": 0.1729357603087157, ""category_breakdown"": {""subtitles"": {""ipm_values"": [0.005612, 0.014225], ""category_ipm"": 0.0099185, ""category_score"": 0.1729357603087157}}, ""sources"": [{""id"": ""subtitles/hermit_2016_es_full_lemmatized_ipm6_spacy_lookup_cleaned_v8.json"", ""file"": ""hermit_2016_es_full_lemmatized_ipm6_spacy_lookup_cleaned_v8.json"", ""category"": ""subtitles"", ""ipm"": 0.005612}, {""id"": ""subtitles/hermit_2018_es_full_lemmatized_ipm6_spacy_lookup_cleaned_v8.json"", ""file"": ""hermit_2018_es_full_lemmatized_ipm6_spacy_lookup_cleaned_v8.json"", ""category"": ""subtitles"", ""ipm"": 0.014225}], ""corpus_quality"": {""status"": ""accepted"", ""reasons"": []}, ""components"": [{""surface"": ""lanos"", ""canonical_candidate"": ""lanos"", ""confidence"": 0.89, ""evidence"": [{""type"": ""compound_morphology"", ""source"": ""candidate_index"", ""path"": [""arreglanos"", ""lanos"", ""lanos""], ""confidence"": 0.89}]}]}"
es	lemma:fc9f38cc292ad224e2e8	arréglame	uncertain	not_admitted_candidate		aggregate_only_not_sense_frequency	"[{""path"": ""associativvordes/family-index-v5/members/es/b1.json.gz"", ""family_id"": ""surface:es:arregl"", ""record_sha256"": ""ed14456e9419b9c9729ac0849585856e2af626a5b177cd40a24c584b819ed221""}, {""path"": ""associativvordes/family-index-v5/members/es/e1.json.gz"", ""family_id"": ""surface:es:lame"", ""record_sha256"": ""ed96f3610bd9e27f3a4bb93153abf0c11c2823770b46714d6c2fa003e1990202""}]"	"{""lemma_id"": ""lemma:fc9f38cc292ad224e2e8"", ""word"": ""arréglame"", ""normalized"": ""arréglame"", ""search_form"": ""arreglame"", ""rank"": 40038, ""frequency_score"": 4.081294314237676, ""category_breakdown"": {""subtitles"": {""ipm_values"": [0.263787, 0.260784], ""category_ipm"": 0.2622855, ""category_score"": 4.081294314237676}}, ""sources"": [{""id"": ""subtitles/hermit_2016_es_full_lemmatized_ipm6_spacy_lookup_cleaned_v8.json"", ""file"": ""hermit_2016_es_full_lemmatized_ipm6_spacy_lookup_cleaned_v8.json"", ""category"": ""subtitles"", ""ipm"": 0.263787}, {""id"": ""subtitles/hermit_2018_es_full_lemmatized_ipm6_spacy_lookup_cleaned_v8.json"", ""file"": ""hermit_2018_es_full_lemmatized_ipm6_spacy_lookup_cleaned_v8.json"", ""category"": ""subtitles"", ""ipm"": 0.260784}], ""corpus_quality"": {""status"": ""accepted"", ""reasons"": []}, ""components"": [{""surface"": ""arregl"", ""canonical_candidate"": ""arregl"", ""confidence"": 0.81, ""evidence"": [{""type"": ""compound_morphology"", ""source"": ""candidate_index"", ""path"": [""arreglame"", ""arregl"", ""arregl""], ""confidence"": 0.81}]}]}"
es	lemma:fd3c95d92a01976fecfd	arreglárselo	uncertain	not_admitted_candidate		aggregate_only_not_sense_frequency	"[{""path"": ""associativvordes/family-index-v5/members/es/f6.json.gz"", ""family_id"": ""surface:es:arreglarsel"", ""record_sha256"": ""3a0a823dee98ff240995e568f536a0edbd038b2a6741a78f5cb9cd9dda20d43b""}]"	"{""lemma_id"": ""lemma:fd3c95d92a01976fecfd"", ""word"": ""arreglárselo"", ""normalized"": ""arreglárselo"", ""search_form"": ""arreglarselo"", ""rank"": 83859, ""frequency_score"": 1.1535696552686066, ""category_breakdown"": {""subtitles"": {""ipm_values"": [0.06735, 0.068752], ""category_ipm"": 0.068051, ""category_score"": 1.1535696552686066}}, ""sources"": [{""id"": ""subtitles/hermit_2016_es_full_lemmatized_ipm6_spacy_lookup_cleaned_v8.json"", ""file"": ""hermit_2016_es_full_lemmatized_ipm6_spacy_lookup_cleaned_v8.json"", ""category"": ""subtitles"", ""ipm"": 0.06735}, {""id"": ""subtitles/hermit_2018_es_full_lemmatized_ipm6_spacy_lookup_cleaned_v8.json"", ""file"": ""hermit_2018_es_full_lemmatized_ipm6_spacy_lookup_cleaned_v8.json"", ""category"": ""subtitles"", ""ipm"": 0.068752}], ""corpus_quality"": {""status"": ""accepted"", ""reasons"": []}, ""components"": [{""surface"": ""arreglarsel"", ""canonical_candidate"": ""arreglarsel"", ""confidence"": 0.92, ""evidence"": [{""type"": ""morphological_parse"", ""source"": ""candidate_index"", ""path"": [""arreglarselo"", ""arreglarsel"", ""arreglarsel""], ""confidence"": 0.92}]}]}"
es	lemma:fd52f2d8f33e62d9ca77	regulus	uncertain	not_admitted_candidate		aggregate_only_not_sense_frequency	"[{""path"": ""associativvordes/family-index-v5/members/es/b2.json.gz"", ""family_id"": ""surface:es:reg"", ""record_sha256"": ""421831033b7001d1030d2d8d8e5114599bd63c37d3957573d4535d9a11cc5bfc""}, {""path"": ""associativvordes/family-index-v5/members/es/e8.json.gz"", ""family_id"": ""surface:es:lus"", ""record_sha256"": ""8d0f3f51e629337d542eb38b9882721ffd83359b85a5dd070bdf6304ee2240de""}]"	"{""lemma_id"": ""lemma:fd52f2d8f33e62d9ca77"", ""word"": ""regulus"", ""normalized"": ""regulus"", ""search_form"": ""regulus"", ""rank"": 86751, ""frequency_score"": 1.0416880476579347, ""category_breakdown"": {""subtitles"": {""ipm_values"": [0.056125, 0.066381], ""category_ipm"": 0.061253, ""category_score"": 1.0416880476579347}}, ""sources"": [{""id"": ""subtitles/hermit_2016_es_full_lemmatized_ipm6_spacy_lookup_cleaned_v8.json"", ""file"": ""hermit_2016_es_full_lemmatized_ipm6_spacy_lookup_cleaned_v8.json"", ""category"": ""subtitles"", ""ipm"": 0.056125}, {""id"": ""subtitles/hermit_2018_es_full_lemmatized_ipm6_spacy_lookup_cleaned_v8.json"", ""file"": ""hermit_2018_es_full_lemmatized_ipm6_spacy_lookup_cleaned_v8.json"", ""category"": ""subtitles"", ""ipm"": 0.066381}], ""corpus_quality"": {""status"": ""accepted"", ""reasons"": []}, ""components"": [{""surface"": ""reg"", ""canonical_candidate"": ""reg"", ""confidence"": 0.81, ""evidence"": [{""type"": ""compound_morphology"", ""source"": ""candidate_index"", ""path"": [""regulus"", ""reg"", ""reg""], ""confidence"": 0.81}]}]}"
es	lemma:fd5375026f437d2d57fb	arreglillos	uncertain	not_admitted_candidate		aggregate_only_not_sense_frequency	"[{""path"": ""associativvordes/family-index-v5/members/es/00.json.gz"", ""family_id"": ""surface:es:arreglill"", ""record_sha256"": ""de233d22f1e2b22ae6ffa06c684047ff66f40f1538be7ba7157c194f99139f32""}, {""path"": ""associativvordes/family-index-v5/members/es/75.json.gz"", ""family_id"": ""surface:es:illos"", ""record_sha256"": ""3d86fc5a3e0df0cc711debf9989ba6d76ef1fcafaf4cf8eb3df2d1ee35a9ed65""}]"	"{""lemma_id"": ""lemma:fd5375026f437d2d57fb"", ""word"": ""arreglillos"", ""normalized"": ""arreglillos"", ""search_form"": ""arreglillos"", ""rank"": 138008, ""frequency_score"": 0.4680142326502473, ""category_breakdown"": {""subtitles"": {""ipm_values"": [0.028062, 0.026078], ""category_ipm"": 0.02707, ""category_score"": 0.4680142326502473}}, ""sources"": [{""id"": ""subtitles/hermit_2016_es_full_lemmatized_ipm6_spacy_lookup_cleaned_v8.json"", ""file"": ""hermit_2016_es_full_lemmatized_ipm6_spacy_lookup_cleaned_v8.json"", ""category"": ""subtitles"", ""ipm"": 0.028062}, {""id"": ""subtitles/hermit_2018_es_full_lemmatized_ipm6_spacy_lookup_cleaned_v8.json"", ""file"": ""hermit_2018_es_full_lemmatized_ipm6_spacy_lookup_cleaned_v8.json"", ""category"": ""subtitles"", ""ipm"": 0.026078}], ""corpus_quality"": {""status"": ""accepted"", ""reasons"": []}, ""components"": [{""surface"": ""arreglill"", ""canonical_candidate"": ""arreglill"", ""confidence"": 0.92, ""evidence"": [{""type"": ""morphological_parse"", ""source"": ""candidate_index"", ""path"": [""arreglillos"", ""arreglill"", ""arreglill""], ""confidence"": 0.92}]}]}"
es	lemma:fd966385000be5e21460	areglártelas	uncertain	not_admitted_candidate		aggregate_only_not_sense_frequency	"[{""path"": ""associativvordes/family-index-v5/members/es/cf.json.gz"", ""family_id"": ""surface:es:areglartel"", ""record_sha256"": ""65975c7a37be9189a1b79737e35d9fded01e9b9764c8ac04ef89e959700b81e9""}]"	"{""lemma_id"": ""lemma:fd966385000be5e21460"", ""word"": ""areglártelas"", ""normalized"": ""areglártelas"", ""search_form"": ""areglartelas"", ""rank"": 308917, ""frequency_score"": 0.090477407431868, ""category_breakdown"": {""subtitles"": {""ipm_values"": [0.005612, 0.004742], ""category_ipm"": 0.005176999999999999, ""category_score"": 0.090477407431868}}, ""sources"": [{""id"": ""subtitles/hermit_2016_es_full_lemmatized_ipm6_spacy_lookup_cleaned_v8.json"", ""file"": ""hermit_2016_es_full_lemmatized_ipm6_spacy_lookup_cleaned_v8.json"", ""category"": ""subtitles"", ""ipm"": 0.005612}, {""id"": ""subtitles/hermit_2018_es_full_lemmatized_ipm6_spacy_lookup_cleaned_v8.json"", ""file"": ""hermit_2018_es_full_lemmatized_ipm6_spacy_lookup_cleaned_v8.json"", ""category"": ""subtitles"", ""ipm"": 0.004742}], ""corpus_quality"": {""status"": ""accepted"", ""reasons"": []}, ""components"": [{""surface"": ""areglartel"", ""canonical_candidate"": ""areglartel"", ""confidence"": 0.92, ""evidence"": [{""type"": ""morphological_parse"", ""source"": ""candidate_index"", ""path"": [""areglartelas"", ""areglartel"", ""areglartel""], ""confidence"": 0.92}]}]}"
es	lemma:fdd414a8178067fbcf79	areglárselas	uncertain	not_admitted_candidate		aggregate_only_not_sense_frequency	"[{""path"": ""associativvordes/family-index-v5/members/es/c6.json.gz"", ""family_id"": ""surface:es:areglarsel"", ""record_sha256"": ""0c571dab81a2c6cd7b6ae6a997dc5d16baead252b9bdb8abdb19793a1c4e664a""}]"	"{""lemma_id"": ""lemma:fdd414a8178067fbcf79"", ""word"": ""areglárselas"", ""normalized"": ""areglárselas"", ""search_form"": ""areglarselas"", ""rank"": 430702, ""frequency_score"": 0.04529710280721981, ""category_breakdown"": {""subtitles"": {""ipm_values"": [0.002806, 0.002371], ""category_ipm"": 0.0025884999999999997, ""category_score"": 0.04529710280721981}}, ""sources"": [{""id"": ""subtitles/hermit_2016_es_full_lemmatized_ipm6_spacy_lookup_cleaned_v8.json"", ""file"": ""hermit_2016_es_full_lemmatized_ipm6_spacy_lookup_cleaned_v8.json"", ""category"": ""subtitles"", ""ipm"": 0.002806}, {""id"": ""subtitles/hermit_2018_es_full_lemmatized_ipm6_spacy_lookup_cleaned_v8.json"", ""file"": ""hermit_2018_es_full_lemmatized_ipm6_spacy_lookup_cleaned_v8.json"", ""category"": ""subtitles"", ""ipm"": 0.002371}], ""corpus_quality"": {""status"": ""accepted"", ""reasons"": []}, ""components"": [{""surface"": ""areglarsel"", ""canonical_candidate"": ""areglarsel"", ""confidence"": 0.92, ""evidence"": [{""type"": ""morphological_parse"", ""source"": ""candidate_index"", ""path"": [""areglarselas"", ""areglarsel"", ""areglarsel""], ""confidence"": 0.92}]}]}"
es	lemma:fe6030ad691562fddbe2	arréglese	uncertain	not_admitted_candidate		aggregate_only_not_sense_frequency	"[{""path"": ""associativvordes/family-index-v5/members/es/07.json.gz"", ""family_id"": ""surface:es:lese"", ""record_sha256"": ""971d645483d6e1408d66228c084a3eb702a6e4a15a683c8dbf705fad2d5a560d""}, {""path"": ""associativvordes/family-index-v5/members/es/b1.json.gz"", ""family_id"": ""surface:es:arregl"", ""record_sha256"": ""ff146429a2309daf3febf343b0c6ba9194a3a8e302be70b095f68c3725689374""}]"	"{""lemma_id"": ""lemma:fe6030ad691562fddbe2"", ""word"": ""arréglese"", ""normalized"": ""arréglese"", ""search_form"": ""arreglese"", ""rank"": 56493, ""frequency_score"": 2.187668501025398, ""category_breakdown"": {""subtitles"": {""ipm_values"": [0.140312, 0.125651], ""category_ipm"": 0.1329815, ""category_score"": 2.187668501025398}}, ""sources"": [{""id"": ""subtitles/hermit_2016_es_full_lemmatized_ipm6_spacy_lookup_cleaned_v8.json"", ""file"": ""hermit_2016_es_full_lemmatized_ipm6_spacy_lookup_cleaned_v8.json"", ""category"": ""subtitles"", ""ipm"": 0.140312}, {""id"": ""subtitles/hermit_2018_es_full_lemmatized_ipm6_spacy_lookup_cleaned_v8.json"", ""file"": ""hermit_2018_es_full_lemmatized_ipm6_spacy_lookup_cleaned_v8.json"", ""category"": ""subtitles"", ""ipm"": 0.125651}], ""corpus_quality"": {""status"": ""accepted"", ""reasons"": []}, ""components"": [{""surface"": ""lese"", ""canonical_candidate"": ""lese"", ""confidence"": 0.89, ""evidence"": [{""type"": ""compound_morphology"", ""source"": ""candidate_index"", ""path"": [""arreglese"", ""lese"", ""lese""], ""confidence"": 0.89}]}]}"
es	lemma:fed84212a07cc562a1db	deregularizaión	uncertain	withheld_historical_uncertain		aggregate_only_not_sense_frequency	"[{""path"": ""associativvordes/family-index-v5/members/es/08.json.gz"", ""family_id"": ""ety:2ff6a6cec4b3"", ""record_sha256"": ""5b09c43040b3525390257fd69defec512339dff9843106a648cc1a1dfc663804""}, {""path"": ""associativvordes/family-index-v5/members/es/11.json.gz"", ""family_id"": ""surface:es:deregulariza"", ""record_sha256"": ""f3cb4ac837f7eba8102c706b788e07b7fcc12b93981addabf3fb0520e3ede264""}, {""path"": ""associativvordes/family-index-v5/members/es/37.json.gz"", ""family_id"": ""ety:4d4c6a785c49"", ""record_sha256"": ""5b09c43040b3525390257fd69defec512339dff9843106a648cc1a1dfc663804""}, {""path"": ""associativvordes/family-index-v5/members/es/40.json.gz"", ""family_id"": ""family:regul"", ""record_sha256"": ""742f40f36d8e8da7f23e288a7bd3bc7d21e240e9f5a8ab69f1605a2c019baf15""}]"	"{""lemma_id"": ""lemma:fed84212a07cc562a1db"", ""word"": ""deregularizaión"", ""normalized"": ""deregularizaión"", ""search_form"": ""deregularizaion"", ""rank"": 496672, ""frequency_score"": 0.04529710280721981, ""category_breakdown"": {""subtitles"": {""ipm_values"": [0.002806, 0.002371], ""category_ipm"": 0.0025884999999999997, ""category_score"": 0.04529710280721981}}, ""sources"": [{""id"": ""subtitles/hermit_2016_es_full_lemmatized_ipm6_spacy_lookup_cleaned_v8.json"", ""file"": ""hermit_2016_es_full_lemmatized_ipm6_spacy_lookup_cleaned_v8.json"", ""category"": ""subtitles"", ""ipm"": 0.002806}, {""id"": ""subtitles/hermit_2018_es_full_lemmatized_ipm6_spacy_lookup_cleaned_v8.json"", ""file"": ""hermit_2018_es_full_lemmatized_ipm6_spacy_lookup_cleaned_v8.json"", ""category"": ""subtitles"", ""ipm"": 0.002371}], ""corpus_quality"": {""status"": ""accepted"", ""reasons"": []}, ""components"": [{""surface"": ""ion"", ""canonical_candidate"": ""ion"", ""confidence"": 0.89, ""evidence"": [{""type"": ""compound_morphology"", ""source"": ""candidate_index"", ""path"": [""deregularizaion"", ""ion"", ""ion""], ""confidence"": 0.89}]}]}"
es	lemma:ff18645a917aee4618de	arreglármerlas	uncertain	not_admitted_candidate		aggregate_only_not_sense_frequency	"[{""path"": ""associativvordes/family-index-v5/members/es/b2.json.gz"", ""family_id"": ""surface:es:arreglarmerl"", ""record_sha256"": ""562f40c8e234cf680edd06b9f7f5f881353bffcfcd39b6e0458e9fc94b930c83""}]"	"{""lemma_id"": ""lemma:ff18645a917aee4618de"", ""word"": ""arreglármerlas"", ""normalized"": ""arreglármerlas"", ""search_form"": ""arreglarmerlas"", ""rank"": 431934, ""frequency_score"": 0.04529710280721981, ""category_breakdown"": {""subtitles"": {""ipm_values"": [0.002806, 0.002371], ""category_ipm"": 0.0025884999999999997, ""category_score"": 0.04529710280721981}}, ""sources"": [{""id"": ""subtitles/hermit_2016_es_full_lemmatized_ipm6_spacy_lookup_cleaned_v8.json"", ""file"": ""hermit_2016_es_full_lemmatized_ipm6_spacy_lookup_cleaned_v8.json"", ""category"": ""subtitles"", ""ipm"": 0.002806}, {""id"": ""subtitles/hermit_2018_es_full_lemmatized_ipm6_spacy_lookup_cleaned_v8.json"", ""file"": ""hermit_2018_es_full_lemmatized_ipm6_spacy_lookup_cleaned_v8.json"", ""category"": ""subtitles"", ""ipm"": 0.002371}], ""corpus_quality"": {""status"": ""accepted"", ""reasons"": []}, ""components"": [{""surface"": ""arreglarmerl"", ""canonical_candidate"": ""arreglarmerl"", ""confidence"": 0.92, ""evidence"": [{""type"": ""morphological_parse"", ""source"": ""candidate_index"", ""path"": [""arreglarmerlas"", ""arreglarmerl"", ""arreglarmerl""], ""confidence"": 0.92}]}]}"
es	lemma:ff1aeb0101b1f79bd894	regulémoslo	accepted	accepted	regular	aggregate_only_not_sense_frequency	"[{""path"": ""associativvordes/family-index-v5/members/es/18.json.gz"", ""family_id"": ""surface:es:slo"", ""record_sha256"": ""784db19194eb177bb0856c21be99ab891419af12886df739473d62038bd7deba""}, {""path"": ""associativvordes/family-index-v5/members/es/21.json.gz"", ""family_id"": ""surface:es:regulemosl"", ""record_sha256"": ""f9d6f015b5aa53141d24ed254c46a19c8ca012b662f610333c4f70d7ff37e7c2""}, {""path"": ""associativvordes/family-index-v5/members/es/40.json.gz"", ""family_id"": ""family:regul"", ""record_sha256"": ""41b71ffba4fb5ce02786fbb42fb42757208b681adecbdc49d4ba58e71d30b04e""}]"	"{""lemma_id"": ""lemma:ff1aeb0101b1f79bd894"", ""word"": ""regulémoslo"", ""normalized"": ""regulémoslo"", ""search_form"": ""regulemoslo"", ""rank"": 692077, ""frequency_score"": 0.04529710280721981, ""category_breakdown"": {""subtitles"": {""ipm_values"": [0.002806, 0.002371], ""category_ipm"": 0.0025884999999999997, ""category_score"": 0.04529710280721981}}, ""sources"": [{""id"": ""subtitles/hermit_2016_es_full_lemmatized_ipm6_spacy_lookup_cleaned_v8.json"", ""file"": ""hermit_2016_es_full_lemmatized_ipm6_spacy_lookup_cleaned_v8.json"", ""category"": ""subtitles"", ""ipm"": 0.002806}, {""id"": ""subtitles/hermit_2018_es_full_lemmatized_ipm6_spacy_lookup_cleaned_v8.json"", ""file"": ""hermit_2018_es_full_lemmatized_ipm6_spacy_lookup_cleaned_v8.json"", ""category"": ""subtitles"", ""ipm"": 0.002371}], ""corpus_quality"": {""status"": ""accepted"", ""reasons"": []}, ""components"": [{""surface"": ""slo"", ""canonical_candidate"": ""slo"", ""confidence"": 0.89, ""evidence"": [{""type"": ""compound_morphology"", ""source"": ""candidate_index"", ""path"": [""regulemoslo"", ""slo"", ""slo""], ""confidence"": 0.89}]}]}"
es	lemma:ff6ab02e41951c49bb83	arreglastes	uncertain	not_admitted_candidate		aggregate_only_not_sense_frequency	"[{""path"": ""associativvordes/family-index-v5/members/es/00.json.gz"", ""family_id"": ""surface:es:astes"", ""record_sha256"": ""ce4041e92b9a98b0a3f9f5ad82ad3bcbee99d3d64cb68f0431ea76506e8573d4""}, {""path"": ""associativvordes/family-index-v5/members/es/b7.json.gz"", ""family_id"": ""surface:es:arreglast"", ""record_sha256"": ""b5b905bdc19dea447ec903408fccf251f4278567b4d564f328f57ab10eadd3ff""}]"	"{""lemma_id"": ""lemma:ff6ab02e41951c49bb83"", ""word"": ""arreglastes"", ""normalized"": ""arreglastes"", ""search_form"": ""arreglastes"", ""rank"": 255642, ""frequency_score"": 0.13554151465136516, ""category_breakdown"": {""subtitles"": {""ipm_values"": [0.008419, 0.007112], ""category_ipm"": 0.0077655, ""category_score"": 0.13554151465136516}}, ""sources"": [{""id"": ""subtitles/hermit_2016_es_full_lemmatized_ipm6_spacy_lookup_cleaned_v8.json"", ""file"": ""hermit_2016_es_full_lemmatized_ipm6_spacy_lookup_cleaned_v8.json"", ""category"": ""subtitles"", ""ipm"": 0.008419}, {""id"": ""subtitles/hermit_2018_es_full_lemmatized_ipm6_spacy_lookup_cleaned_v8.json"", ""file"": ""hermit_2018_es_full_lemmatized_ipm6_spacy_lookup_cleaned_v8.json"", ""category"": ""subtitles"", ""ipm"": 0.007112}], ""corpus_quality"": {""status"": ""accepted"", ""reasons"": []}, ""components"": [{""surface"": ""astes"", ""canonical_candidate"": ""astes"", ""confidence"": 0.89, ""evidence"": [{""type"": ""compound_morphology"", ""source"": ""candidate_index"", ""path"": [""arreglastes"", ""astes"", ""astes""], ""confidence"": 0.89}]}]}"
es	lemma:ffbf326405b48cc793da	regularcita	accepted	accepted	regular	aggregate_only_not_sense_frequency	"[{""path"": ""associativvordes/family-index-v5/members/es/40.json.gz"", ""family_id"": ""family:regul"", ""record_sha256"": ""0ab3623078bc98bb432d375be748c4bbcdd2722c08de4b44286d486a27be9486""}, {""path"": ""associativvordes/family-index-v5/members/es/b0.json.gz"", ""family_id"": ""surface:es:regularcit"", ""record_sha256"": ""02f357d475bf5bf4b04103da0268ea8e0d77cf2af2c098374a689e856484ebe5""}, {""path"": ""associativvordes/family-index-v5/members/es/ff.json.gz"", ""family_id"": ""surface:es:cita"", ""record_sha256"": ""674e57ed351d029647e05a473de97586f97a283c49bbfa721fe989ef302407a9""}]"	"{""lemma_id"": ""lemma:ffbf326405b48cc793da"", ""word"": ""regularcita"", ""normalized"": ""regularcita"", ""search_form"": ""regularcita"", ""rank"": 692056, ""frequency_score"": 0.04529710280721981, ""category_breakdown"": {""subtitles"": {""ipm_values"": [0.002806, 0.002371], ""category_ipm"": 0.0025884999999999997, ""category_score"": 0.04529710280721981}}, ""sources"": [{""id"": ""subtitles/hermit_2016_es_full_lemmatized_ipm6_spacy_lookup_cleaned_v8.json"", ""file"": ""hermit_2016_es_full_lemmatized_ipm6_spacy_lookup_cleaned_v8.json"", ""category"": ""subtitles"", ""ipm"": 0.002806}, {""id"": ""subtitles/hermit_2018_es_full_lemmatized_ipm6_spacy_lookup_cleaned_v8.json"", ""file"": ""hermit_2018_es_full_lemmatized_ipm6_spacy_lookup_cleaned_v8.json"", ""category"": ""subtitles"", ""ipm"": 0.002371}], ""corpus_quality"": {""status"": ""accepted"", ""reasons"": []}, ""components"": [{""surface"": ""regul"", ""canonical_candidate"": ""regul"", ""confidence"": 0.97, ""evidence"": [{""type"": ""compound_morphology"", ""source"": ""manually_verified"", ""path"": [""regularcita"", ""regul"", ""regul""], ""confidence"": 0.97}, {""type"": ""verified_seed_alias"", ""source"": ""methodology_control_seed"", ""path"": [""es"", ""regul"", ""family:regul""], ""confidence"": 1}]}]}"
es	lemma:fff48c199e9bbf01d86b	arreglábais	uncertain	not_admitted_candidate		aggregate_only_not_sense_frequency	"[{""path"": ""associativvordes/family-index-v5/members/es/70.json.gz"", ""family_id"": ""surface:es:arregla"", ""record_sha256"": ""ac28959202f61c095db7ca4685694b5d3bda4540f75bcbb1b771c23e35ad6f63""}, {""path"": ""associativvordes/family-index-v5/members/es/7f.json.gz"", ""family_id"": ""surface:es:ais"", ""record_sha256"": ""014e0967d77fc04e2491f7ee8bb22423aa344deb425795087fb466fb1e7d8d90""}, {""path"": ""associativvordes/family-index-v5/members/es/bc.json.gz"", ""family_id"": ""surface:es:glab"", ""record_sha256"": ""d6a78ddbfdd03109c68e0be9e052b713733f5c2f5b53fe8cd5369e28d7b265b0""}]"	"{""lemma_id"": ""lemma:fff48c199e9bbf01d86b"", ""word"": ""arreglábais"", ""normalized"": ""arreglábais"", ""search_form"": ""arreglabais"", ""rank"": 471516, ""frequency_score"": 0.041495494299664135, ""category_breakdown"": {""subtitles"": {""ipm_values"": [0.002371], ""category_ipm"": 0.002371, ""category_score"": 0.041495494299664135}}, ""sources"": [{""id"": ""subtitles/hermit_2018_es_full_lemmatized_ipm6_spacy_lookup_cleaned_v8.json"", ""file"": ""hermit_2018_es_full_lemmatized_ipm6_spacy_lookup_cleaned_v8.json"", ""category"": ""subtitles"", ""ipm"": 0.002371}], ""corpus_quality"": {""status"": ""accepted"", ""reasons"": []}, ""components"": [{""surface"": ""arregla"", ""canonical_candidate"": ""arregla"", ""confidence"": 0.81, ""evidence"": [{""type"": ""compound_morphology"", ""source"": ""candidate_index"", ""path"": [""arreglabais"", ""arregla"", ""arregla""], ""confidence"": 0.81}]}]}"
