language	lemma_id	word	review_status	applied_state	head	frequency_status	source_locator	original_measurements
fr	lemma:00dca0d27bd8149a28ae	regula	uncertain	not_admitted_candidate		aggregate_only_not_sense_frequency	"[{""path"": ""associativvordes/family-index-v5/members/fr/c6.json.gz"", ""family_id"": ""surface:fr:regula"", ""record_sha256"": ""12227e2f3a005b6d707e8f99a6b4a4bfaaf54db5b8a8e9db1c2cd175e1349ccf""}]"	"{""lemma_id"": ""lemma:00dca0d27bd8149a28ae"", ""word"": ""regula"", ""normalized"": ""regula"", ""search_form"": ""regula"", ""rank"": 45730, ""frequency_score"": 2.5795161699667624, ""category_breakdown"": {""subtitles"": {""ipm_values"": [0.158604], ""category_ipm"": 0.158604, ""category_score"": 2.5795161699667624}}, ""sources"": [{""id"": ""subtitles/hermit_2018_fr_full_lemmatized_ipm6_spacy_lookup_cleaned_v8.json"", ""file"": ""hermit_2018_fr_full_lemmatized_ipm6_spacy_lookup_cleaned_v8.json"", ""category"": ""subtitles"", ""ipm"": 0.158604}], ""corpus_quality"": {""status"": ""accepted"", ""reasons"": []}, ""components"": [{""surface"": ""regula"", ""canonical_candidate"": ""regula"", ""confidence"": 0.92, ""evidence"": [{""type"": ""morphological_parse"", ""source"": ""candidate_index"", ""path"": [""regula"", ""regula"", ""regula""], ""confidence"": 0.92}]}]}"
fr	lemma:0130a14f0e1e56adac92	dérèglementation	uncertain	not_admitted_candidate		aggregate_only_not_sense_frequency	"[{""path"": ""associativvordes/family-index-v5/members/fr/55.json.gz"", ""family_id"": ""surface:fr:dereglementat"", ""record_sha256"": ""fdb75c435c07bc648a1a34f44a01e677eff5cb5ae4567bde2385ba5e0d508133""}, {""path"": ""associativvordes/family-index-v5/members/fr/76.json.gz"", ""family_id"": ""surface:fr:reglementation"", ""record_sha256"": ""c24cecea59a738c08fcee782d2db9356d901f98c7028a7f054f6807b42489e97""}]"	"{""lemma_id"": ""lemma:0130a14f0e1e56adac92"", ""word"": ""dérèglementation"", ""normalized"": ""dérèglementation"", ""search_form"": ""dereglementation"", ""rank"": 76345, ""frequency_score"": 1.339642955071329, ""category_breakdown"": {""subtitles"": {""ipm_values"": [0.003448], ""category_ipm"": 0.003448, ""category_score"": 0.06031194627701871}, ""web"": {""ipm_values"": [0.161216], ""category_ipm"": 0.161216, ""category_score"": 2.6189739638656393}}, ""sources"": [{""id"": ""subtitles/hermit_2018_fr_full_lemmatized_ipm6_spacy_lookup_cleaned_v8.json"", ""file"": ""hermit_2018_fr_full_lemmatized_ipm6_spacy_lookup_cleaned_v8.json"", ""category"": ""subtitles"", ""ipm"": 0.003448}, {""id"": ""web/sorted.fr.lemma.unigrams.cleaned_recommended_min100_ipm6.json"", ""file"": ""sorted.fr.lemma.unigrams.cleaned_recommended_min100_ipm6.json"", ""category"": ""web"", ""ipm"": 0.161216}], ""corpus_quality"": {""status"": ""accepted"", ""reasons"": []}, ""components"": [{""surface"": ""dereglementat"", ""canonical_candidate"": ""dereglementat"", ""confidence"": 0.89, ""evidence"": [{""type"": ""compound_morphology"", ""source"": ""candidate_index"", ""path"": [""dereglementation"", ""dereglementat"", ""dereglementat""], ""confidence"": 0.89}]}]}"
fr	lemma:022133908622af9ecf27	fregoli	uncertain	not_admitted_candidate		aggregate_only_not_sense_frequency	"[{""path"": ""associativvordes/family-index-v5/members/fr/4e.json.gz"", ""family_id"": ""surface:fr:oli"", ""record_sha256"": ""a397b1154e58c6a9c39780dee9de34bddf481bd1df2a40b6436db3bfdb09dfaa""}, {""path"": ""associativvordes/family-index-v5/members/fr/98.json.gz"", ""family_id"": ""surface:fr:freg"", ""record_sha256"": ""0d62cef2411ffca3598ba4e7ef20bdd45e266c5165281448f8e3773ff829863d""}]"	"{""lemma_id"": ""lemma:022133908622af9ecf27"", ""word"": ""fregoli"", ""normalized"": ""fregoli"", ""search_form"": ""fregoli"", ""rank"": 145533, ""frequency_score"": 0.29950494441567443, ""category_breakdown"": {""subtitles"": {""ipm_values"": [0.01724], ""category_ipm"": 0.01724, ""category_score"": 0.29950494441567443}}, ""sources"": [{""id"": ""subtitles/hermit_2018_fr_full_lemmatized_ipm6_spacy_lookup_cleaned_v8.json"", ""file"": ""hermit_2018_fr_full_lemmatized_ipm6_spacy_lookup_cleaned_v8.json"", ""category"": ""subtitles"", ""ipm"": 0.01724}], ""corpus_quality"": {""status"": ""accepted"", ""reasons"": []}, ""components"": [{""surface"": ""oli"", ""canonical_candidate"": ""oli"", ""confidence"": 0.89, ""evidence"": [{""type"": ""compound_morphology"", ""source"": ""candidate_index"", ""path"": [""fregoli"", ""oli"", ""oli""], ""confidence"": 0.89}]}]}"
fr	lemma:025dad6e49206732e2b2	réglercertaines	uncertain	not_admitted_candidate		aggregate_only_not_sense_frequency	"[{""path"": ""associativvordes/family-index-v5/members/fr/94.json.gz"", ""family_id"": ""surface:fr:reglercertaine"", ""record_sha256"": ""40b26d4eb33d7d7260ed6ae44c7089fbf4ca8f6b7f8f93335370856b353b2795""}, {""path"": ""associativvordes/family-index-v5/members/fr/f4.json.gz"", ""family_id"": ""surface:fr:aines"", ""record_sha256"": ""b2d9123505e9f038cd06002b2137e4cfe543083f64bcc911915d67e4f3f71d90""}]"	"{""lemma_id"": ""lemma:025dad6e49206732e2b2"", ""word"": ""réglercertaines"", ""normalized"": ""réglercertaines"", ""search_form"": ""reglercertaines"", ""rank"": 462672, ""frequency_score"": 0.06031194627701871, ""category_breakdown"": {""subtitles"": {""ipm_values"": [0.003448], ""category_ipm"": 0.003448, ""category_score"": 0.06031194627701871}}, ""sources"": [{""id"": ""subtitles/hermit_2018_fr_full_lemmatized_ipm6_spacy_lookup_cleaned_v8.json"", ""file"": ""hermit_2018_fr_full_lemmatized_ipm6_spacy_lookup_cleaned_v8.json"", ""category"": ""subtitles"", ""ipm"": 0.003448}], ""corpus_quality"": {""status"": ""accepted"", ""reasons"": []}, ""components"": [{""surface"": ""reglercertaine"", ""canonical_candidate"": ""reglercertaine"", ""confidence"": 0.92, ""evidence"": [{""type"": ""morphological_parse"", ""source"": ""candidate_index"", ""path"": [""reglercertaines"", ""reglercertaine"", ""reglercertaine""], ""confidence"": 0.92}]}]}"
fr	lemma:02e585be20c03eae1ad0	régolite	uncertain	not_admitted_candidate		aggregate_only_not_sense_frequency	"[{""path"": ""associativvordes/family-index-v5/members/fr/8c.json.gz"", ""family_id"": ""surface:fr:regolit"", ""record_sha256"": ""3f32815f6e817b179dcb3bfe61e22b19242dd76d9ddec9cc53edc186ce39cede""}, {""path"": ""associativvordes/family-index-v5/members/fr/a4.json.gz"", ""family_id"": ""surface:fr:lite"", ""record_sha256"": ""7d43195819d5c8ad995cc3f633a7eea4aa5dbbc90eba23806c1b4789aa2e821d""}]"	"{""lemma_id"": ""lemma:02e585be20c03eae1ad0"", ""word"": ""régolite"", ""normalized"": ""régolite"", ""search_form"": ""regolite"", ""rank"": 110101, ""frequency_score"": 0.5354596470090246, ""category_breakdown"": {""subtitles"": {""ipm_values"": [0.031031], ""category_ipm"": 0.031031, ""category_score"": 0.5354596470090246}}, ""sources"": [{""id"": ""subtitles/hermit_2018_fr_full_lemmatized_ipm6_spacy_lookup_cleaned_v8.json"", ""file"": ""hermit_2018_fr_full_lemmatized_ipm6_spacy_lookup_cleaned_v8.json"", ""category"": ""subtitles"", ""ipm"": 0.031031}], ""corpus_quality"": {""status"": ""accepted"", ""reasons"": []}, ""components"": [{""surface"": ""regolit"", ""canonical_candidate"": ""regolit"", ""confidence"": 0.92, ""evidence"": [{""type"": ""morphological_parse"", ""source"": ""candidate_index"", ""path"": [""regolite"", ""regolit"", ""regolit""], ""confidence"": 0.92}]}]}"
fr	lemma:04eeed9d5831f3da303c	régl	uncertain	not_admitted_candidate		aggregate_only_not_sense_frequency	"[{""path"": ""associativvordes/family-index-v5/members/fr/42.json.gz"", ""family_id"": ""surface:fr:regl"", ""record_sha256"": ""1126f5ac05b922a6d55e5791ba1e39b5af56731d4d1b49325f7d7f6559da1a66""}]"	"{""lemma_id"": ""lemma:04eeed9d5831f3da303c"", ""word"": ""régl"", ""normalized"": ""régl"", ""search_form"": ""regl"", ""rank"": 462668, ""frequency_score"": 0.06031194627701871, ""category_breakdown"": {""subtitles"": {""ipm_values"": [0.003448], ""category_ipm"": 0.003448, ""category_score"": 0.06031194627701871}}, ""sources"": [{""id"": ""subtitles/hermit_2018_fr_full_lemmatized_ipm6_spacy_lookup_cleaned_v8.json"", ""file"": ""hermit_2018_fr_full_lemmatized_ipm6_spacy_lookup_cleaned_v8.json"", ""category"": ""subtitles"", ""ipm"": 0.003448}], ""corpus_quality"": {""status"": ""accepted"", ""reasons"": []}, ""components"": [{""surface"": ""regl"", ""canonical_candidate"": ""regl"", ""confidence"": 0.92, ""evidence"": [{""type"": ""morphological_parse"", ""source"": ""candidate_index"", ""path"": [""regl"", ""regl"", ""regl""], ""confidence"": 0.92}]}]}"
fr	lemma:05cf4f98619674250ea2	réglémentations	uncertain	not_admitted_candidate		aggregate_only_not_sense_frequency	"[{""path"": ""associativvordes/family-index-v5/members/fr/76.json.gz"", ""family_id"": ""surface:fr:reglementation"", ""record_sha256"": ""22e76f08981e53d4b10f4ccfba880b77b3a8df9a3731ec9500aa0f275a583470""}]"	"{""lemma_id"": ""lemma:05cf4f98619674250ea2"", ""word"": ""réglémentations"", ""normalized"": ""réglémentations"", ""search_form"": ""reglementations"", ""rank"": 462679, ""frequency_score"": 0.06031194627701871, ""category_breakdown"": {""subtitles"": {""ipm_values"": [0.003448], ""category_ipm"": 0.003448, ""category_score"": 0.06031194627701871}}, ""sources"": [{""id"": ""subtitles/hermit_2018_fr_full_lemmatized_ipm6_spacy_lookup_cleaned_v8.json"", ""file"": ""hermit_2018_fr_full_lemmatized_ipm6_spacy_lookup_cleaned_v8.json"", ""category"": ""subtitles"", ""ipm"": 0.003448}], ""corpus_quality"": {""status"": ""accepted"", ""reasons"": []}, ""components"": [{""surface"": ""reglementation"", ""canonical_candidate"": ""reglementation"", ""confidence"": 0.92, ""evidence"": [{""type"": ""morphological_parse"", ""source"": ""candidate_index"", ""path"": [""reglementations"", ""reglementation"", ""reglementation""], ""confidence"": 0.92}]}]}"
fr	lemma:07362c52e00da9423353	thermorégulateur	accepted	accepted	réguler	aggregate_only_not_sense_frequency	"[{""path"": ""associativvordes/family-index-v5/members/fr/40.json.gz"", ""family_id"": ""family:regul"", ""record_sha256"": ""7d3ed1882563a01553817c5e63023a585c5b9388c9b44a8dc117e25865257061""}, {""path"": ""associativvordes/family-index-v5/members/fr/57.json.gz"", ""family_id"": ""surface:fr:thermoregulat"", ""record_sha256"": ""16cbbbe08da7ce076d0f4474957b9f14ac326f7a43aebe5b03fe13af12d3f959""}, {""path"": ""associativvordes/family-index-v5/members/fr/58.json.gz"", ""family_id"": ""surface:fr:teur"", ""record_sha256"": ""19ee1b028b85ae37813aa418a323d72eb41863e769f0fe8b83c0760b2146a978""}]"	"{""lemma_id"": ""lemma:07362c52e00da9423353"", ""word"": ""thermorégulateur"", ""normalized"": ""thermorégulateur"", ""search_form"": ""thermoregulateur"", ""rank"": 488588, ""frequency_score"": 0.06031194627701871, ""category_breakdown"": {""subtitles"": {""ipm_values"": [0.003448], ""category_ipm"": 0.003448, ""category_score"": 0.06031194627701871}}, ""sources"": [{""id"": ""subtitles/hermit_2018_fr_full_lemmatized_ipm6_spacy_lookup_cleaned_v8.json"", ""file"": ""hermit_2018_fr_full_lemmatized_ipm6_spacy_lookup_cleaned_v8.json"", ""category"": ""subtitles"", ""ipm"": 0.003448}], ""corpus_quality"": {""status"": ""accepted"", ""reasons"": []}, ""components"": [{""surface"": ""regul"", ""canonical_candidate"": ""regul"", ""confidence"": 0.97, ""evidence"": [{""type"": ""compound_morphology"", ""source"": ""manually_verified"", ""path"": [""thermoregulateur"", ""regul"", ""regul""], ""confidence"": 0.97}, {""type"": ""verified_seed_alias"", ""source"": ""methodology_control_seed"", ""path"": [""fr"", ""regul"", ""family:regul""], ""confidence"": 1}]}]}"
fr	lemma:098bf09a7784a4478110	préréglages	uncertain	not_admitted_candidate		aggregate_only_not_sense_frequency	"[{""path"": ""associativvordes/family-index-v5/members/fr/99.json.gz"", ""family_id"": ""surface:fr:ges"", ""record_sha256"": ""f384e22ebe3b634d1ce312826e199ea3ec05c0ac720ff6873cc564d5be2b5a47""}, {""path"": ""associativvordes/family-index-v5/members/fr/de.json.gz"", ""family_id"": ""surface:fr:prereglage"", ""record_sha256"": ""aaca212780250693eaca3889877e983138dcee3609711695e852a0d177064679""}]"	"{""lemma_id"": ""lemma:098bf09a7784a4478110"", ""word"": ""préréglages"", ""normalized"": ""préréglages"", ""search_form"": ""prereglages"", ""rank"": 447159, ""frequency_score"": 0.06031194627701871, ""category_breakdown"": {""subtitles"": {""ipm_values"": [0.003448], ""category_ipm"": 0.003448, ""category_score"": 0.06031194627701871}}, ""sources"": [{""id"": ""subtitles/hermit_2018_fr_full_lemmatized_ipm6_spacy_lookup_cleaned_v8.json"", ""file"": ""hermit_2018_fr_full_lemmatized_ipm6_spacy_lookup_cleaned_v8.json"", ""category"": ""subtitles"", ""ipm"": 0.003448}], ""corpus_quality"": {""status"": ""accepted"", ""reasons"": []}, ""components"": [{""surface"": ""ges"", ""canonical_candidate"": ""ges"", ""confidence"": 0.89, ""evidence"": [{""type"": ""compound_morphology"", ""source"": ""candidate_index"", ""path"": [""prereglages"", ""ges"", ""ges""], ""confidence"": 0.89}]}]}"
fr	lemma:0aae736afa3fa9571d5a	réglerle	uncertain	not_admitted_candidate		aggregate_only_not_sense_frequency	"[{""path"": ""associativvordes/family-index-v5/members/fr/1b.json.gz"", ""family_id"": ""surface:fr:reglerl"", ""record_sha256"": ""384aab9fdfab8bb0f98d88de0a75aac47f1b266eb2b8baa311069b5839e21587""}]"	"{""lemma_id"": ""lemma:0aae736afa3fa9571d5a"", ""word"": ""réglerle"", ""normalized"": ""réglerle"", ""search_form"": ""reglerle"", ""rank"": 462673, ""frequency_score"": 0.06031194627701871, ""category_breakdown"": {""subtitles"": {""ipm_values"": [0.003448], ""category_ipm"": 0.003448, ""category_score"": 0.06031194627701871}}, ""sources"": [{""id"": ""subtitles/hermit_2018_fr_full_lemmatized_ipm6_spacy_lookup_cleaned_v8.json"", ""file"": ""hermit_2018_fr_full_lemmatized_ipm6_spacy_lookup_cleaned_v8.json"", ""category"": ""subtitles"", ""ipm"": 0.003448}], ""corpus_quality"": {""status"": ""accepted"", ""reasons"": []}, ""components"": [{""surface"": ""reglerl"", ""canonical_candidate"": ""reglerl"", ""confidence"": 0.92, ""evidence"": [{""type"": ""morphological_parse"", ""source"": ""candidate_index"", ""path"": [""reglerle"", ""reglerl"", ""reglerl""], ""confidence"": 0.92}]}]}"
fr	lemma:0b4043d534ff9869d0c7	réglamentation	uncertain	not_admitted_candidate		aggregate_only_not_sense_frequency	"[{""path"": ""associativvordes/family-index-v5/members/fr/56.json.gz"", ""family_id"": ""ety:224a8e838ccf"", ""record_sha256"": ""1e792319e34906bb2892011976ae7c9bc289748d1a80e5adaea6a1ecb6867951""}, {""path"": ""associativvordes/family-index-v5/members/fr/5c.json.gz"", ""family_id"": ""surface:fr:reglamentat"", ""record_sha256"": ""67e3d371b0312d6a5a8166d31ce2d7f1b0a0b7c0b63500095a16f49d88b6d3c0""}, {""path"": ""associativvordes/family-index-v5/members/fr/88.json.gz"", ""family_id"": ""ety:ad707dda89d2"", ""record_sha256"": ""1e792319e34906bb2892011976ae7c9bc289748d1a80e5adaea6a1ecb6867951""}, {""path"": ""associativvordes/family-index-v5/members/fr/ff.json.gz"", ""family_id"": ""ety:c931a05e8526"", ""record_sha256"": ""1e792319e34906bb2892011976ae7c9bc289748d1a80e5adaea6a1ecb6867951""}]"	"{""lemma_id"": ""lemma:0b4043d534ff9869d0c7"", ""word"": ""réglamentation"", ""normalized"": ""réglamentation"", ""search_form"": ""reglamentation"", ""rank"": 462670, ""frequency_score"": 0.06031194627701871, ""category_breakdown"": {""subtitles"": {""ipm_values"": [0.003448], ""category_ipm"": 0.003448, ""category_score"": 0.06031194627701871}}, ""sources"": [{""id"": ""subtitles/hermit_2018_fr_full_lemmatized_ipm6_spacy_lookup_cleaned_v8.json"", ""file"": ""hermit_2018_fr_full_lemmatized_ipm6_spacy_lookup_cleaned_v8.json"", ""category"": ""subtitles"", ""ipm"": 0.003448}], ""corpus_quality"": {""status"": ""accepted"", ""reasons"": []}, ""components"": [{""surface"": ""lamentation"", ""canonical_candidate"": ""lamentation"", ""confidence"": 0.89, ""evidence"": [{""type"": ""compound_morphology"", ""source"": ""candidate_index"", ""path"": [""reglamentation"", ""lamentation"", ""lamentation""], ""confidence"": 0.89}]}]}"
fr	lemma:0de06da46d19e7610710	règler	uncertain	not_admitted_candidate		aggregate_only_not_sense_frequency	"[{""path"": ""associativvordes/family-index-v5/members/fr/bf.json.gz"", ""family_id"": ""ety:d082e43767db"", ""record_sha256"": ""45a67a3991db56fb9af246223bfd42730742a8c699a79286ecd5046807456c90""}]"	"{""lemma_id"": ""lemma:0de06da46d19e7610710"", ""word"": ""règler"", ""normalized"": ""règler"", ""search_form"": ""regler"", ""rank"": 31973, ""frequency_score"": 5.565599999374793, ""category_breakdown"": {""subtitles"": {""ipm_values"": [0.324104], ""category_ipm"": 0.324104, ""category_score"": 4.919056952743739}, ""web"": {""ipm_values"": [0.425516], ""category_ipm"": 0.425516, ""category_score"": 6.212143046005846}}, ""sources"": [{""id"": ""subtitles/hermit_2018_fr_full_lemmatized_ipm6_spacy_lookup_cleaned_v8.json"", ""file"": ""hermit_2018_fr_full_lemmatized_ipm6_spacy_lookup_cleaned_v8.json"", ""category"": ""subtitles"", ""ipm"": 0.324104}, {""id"": ""web/sorted.fr.lemma.unigrams.cleaned_recommended_min100_ipm6.json"", ""file"": ""sorted.fr.lemma.unigrams.cleaned_recommended_min100_ipm6.json"", ""category"": ""web"", ""ipm"": 0.425516}], ""corpus_quality"": {""status"": ""accepted"", ""reasons"": []}, ""components"": [{""surface"": ""regler"", ""canonical_candidate"": ""regler"", ""confidence"": 0.92, ""evidence"": [{""type"": ""morphological_parse"", ""source"": ""candidate_index"", ""path"": [""regler"", ""regler"", ""regler""], ""confidence"": 0.92}]}]}"
fr	lemma:0e97ec28b0487fec0655	préréglé	uncertain	not_admitted_candidate		aggregate_only_not_sense_frequency	"[{""path"": ""associativvordes/family-index-v5/members/fr/26.json.gz"", ""family_id"": ""surface:fr:preregle"", ""record_sha256"": ""2089fb983329dd5350ffe1a82db609bd8106f2c40028d2751c0e2f28a8d561f4""}]"	"{""lemma_id"": ""lemma:0e97ec28b0487fec0655"", ""word"": ""préréglé"", ""normalized"": ""préréglé"", ""search_form"": ""preregle"", ""rank"": 70793, ""frequency_score"": 2.9548966898590248, ""category_breakdown"": {""web"": {""ipm_values"": [0.183693], ""category_ipm"": 0.183693, ""category_score"": 2.9548966898590248}}, ""sources"": [{""id"": ""web/sorted.fr.lemma.unigrams.cleaned_recommended_min100_ipm6.json"", ""file"": ""sorted.fr.lemma.unigrams.cleaned_recommended_min100_ipm6.json"", ""category"": ""web"", ""ipm"": 0.183693}], ""corpus_quality"": {""status"": ""accepted"", ""reasons"": []}, ""components"": [{""surface"": ""preregle"", ""canonical_candidate"": ""preregle"", ""confidence"": 0.92, ""evidence"": [{""type"": ""morphological_parse"", ""source"": ""candidate_index"", ""path"": [""preregle"", ""preregle"", ""preregle""], ""confidence"": 0.92}]}]}"
fr	lemma:0eacaaff93b42866eab0	réglage	uncertain	not_admitted_candidate		aggregate_only_not_sense_frequency	"[{""path"": ""associativvordes/family-index-v5/members/fr/2d.json.gz"", ""family_id"": ""surface:fr:reglage"", ""record_sha256"": ""55efcf9e778e2fc21682d2f0e5f45a8376b4a09f93fbd93fb863fb2dbe2c170d""}]"	"{""lemma_id"": ""lemma:0eacaaff93b42866eab0"", ""word"": ""réglage"", ""normalized"": ""réglage"", ""search_form"": ""reglage"", ""rank"": 4025, ""frequency_score"": 36.71878480145551, ""category_breakdown"": {""subtitles"": {""ipm_values"": [2.244594], ""category_ipm"": 2.244594, ""category_score"": 20.623225628493003}, ""web"": {""ipm_values"": [19.372233], ""category_ipm"": 19.372233, ""category_score"": 52.81434397441802}}, ""sources"": [{""id"": ""subtitles/hermit_2018_fr_full_lemmatized_ipm6_spacy_lookup_cleaned_v8.json"", ""file"": ""hermit_2018_fr_full_lemmatized_ipm6_spacy_lookup_cleaned_v8.json"", ""category"": ""subtitles"", ""ipm"": 2.244594}, {""id"": ""web/sorted.fr.lemma.unigrams.cleaned_recommended_min100_ipm6.json"", ""file"": ""sorted.fr.lemma.unigrams.cleaned_recommended_min100_ipm6.json"", ""category"": ""web"", ""ipm"": 19.372233}], ""corpus_quality"": {""status"": ""accepted"", ""reasons"": []}, ""components"": [{""surface"": ""reglage"", ""canonical_candidate"": ""reglage"", ""confidence"": 0.92, ""evidence"": [{""type"": ""morphological_parse"", ""source"": ""candidate_index"", ""path"": [""reglage"", ""reglage"", ""reglage""], ""confidence"": 0.92}]}]}"
fr	lemma:106ec2d840b4ea6acf89	régulièr	uncertain	withheld_historical_uncertain		aggregate_only_not_sense_frequency	"[{""path"": ""associativvordes/family-index-v5/members/fr/40.json.gz"", ""family_id"": ""family:regul"", ""record_sha256"": ""7e874fea012903fc4fd2c1af38309f279ed0303cb1aeea2fae92b9306df5571a""}]"	"{""lemma_id"": ""lemma:106ec2d840b4ea6acf89"", ""word"": ""régulièr"", ""normalized"": ""régulièr"", ""search_form"": ""regulier"", ""rank"": 462693, ""frequency_score"": 0.06031194627701871, ""category_breakdown"": {""subtitles"": {""ipm_values"": [0.003448], ""category_ipm"": 0.003448, ""category_score"": 0.06031194627701871}}, ""sources"": [{""id"": ""subtitles/hermit_2018_fr_full_lemmatized_ipm6_spacy_lookup_cleaned_v8.json"", ""file"": ""hermit_2018_fr_full_lemmatized_ipm6_spacy_lookup_cleaned_v8.json"", ""category"": ""subtitles"", ""ipm"": 0.003448}], ""corpus_quality"": {""status"": ""accepted"", ""reasons"": []}, ""components"": [{""surface"": ""regul"", ""canonical_candidate"": ""regul"", ""confidence"": 0.97, ""evidence"": [{""type"": ""compound_morphology"", ""source"": ""manually_verified"", ""path"": [""regulier"", ""regul"", ""regul""], ""confidence"": 0.97}, {""type"": ""verified_seed_alias"", ""source"": ""methodology_control_seed"", ""path"": [""fr"", ""regul"", ""family:regul""], ""confidence"": 1}]}]}"
fr	lemma:11ea52d99c23333f97ca	réglementaires	uncertain	not_admitted_candidate		aggregate_only_not_sense_frequency	"[{""path"": ""associativvordes/family-index-v5/members/fr/16.json.gz"", ""family_id"": ""ety:2438d2afc8c7"", ""record_sha256"": ""825024dc2625b2640b6d3c85b04402e3fc3e2015818238f76b54f7991d2caa24""}, {""path"": ""associativvordes/family-index-v5/members/fr/4e.json.gz"", ""family_id"": ""surface:fr:reglementaire"", ""record_sha256"": ""788bfa8ae9198a3f4b3700f6dccd6c38640f8dbac21e43adf31d58f3f4ac746b""}]"	"{""lemma_id"": ""lemma:11ea52d99c23333f97ca"", ""word"": ""réglementaires"", ""normalized"": ""réglementaires"", ""search_form"": ""reglementaires"", ""rank"": 60926, ""frequency_score"": 3.7401620127733537, ""category_breakdown"": {""web"": {""ipm_values"": [0.237948], ""category_ipm"": 0.237948, ""category_score"": 3.7401620127733537}}, ""sources"": [{""id"": ""web/sorted.fr.lemma.unigrams.cleaned_recommended_min100_ipm6.json"", ""file"": ""sorted.fr.lemma.unigrams.cleaned_recommended_min100_ipm6.json"", ""category"": ""web"", ""ipm"": 0.237948}], ""corpus_quality"": {""status"": ""accepted"", ""reasons"": []}, ""components"": [{""surface"": ""res"", ""canonical_candidate"": ""res"", ""confidence"": 0.89, ""evidence"": [{""type"": ""compound_morphology"", ""source"": ""candidate_index"", ""path"": [""reglementaires"", ""res"", ""res""], ""confidence"": 0.89}]}]}"
fr	lemma:12438592107ab23f7cba	regularly	uncertain	withheld_historical_uncertain		aggregate_only_not_sense_frequency	"[{""path"": ""associativvordes/family-index-v5/members/fr/40.json.gz"", ""family_id"": ""family:regul"", ""record_sha256"": ""00b436156de89bbf5f5dfc392bf5580b174e1d12ae275a1f0a1fb90e430b032a""}, {""path"": ""associativvordes/family-index-v5/members/fr/c6.json.gz"", ""family_id"": ""surface:fr:regula"", ""record_sha256"": ""581a7e4604cd39eac6a9e158e1e3033db24983fd6cce593029c8dd1a7a0403c4""}]"	"{""lemma_id"": ""lemma:12438592107ab23f7cba"", ""word"": ""regularly"", ""normalized"": ""regularly"", ""search_form"": ""regularly"", ""rank"": 454964, ""frequency_score"": 0.06031194627701871, ""category_breakdown"": {""subtitles"": {""ipm_values"": [0.003448], ""category_ipm"": 0.003448, ""category_score"": 0.06031194627701871}}, ""sources"": [{""id"": ""subtitles/hermit_2018_fr_full_lemmatized_ipm6_spacy_lookup_cleaned_v8.json"", ""file"": ""hermit_2018_fr_full_lemmatized_ipm6_spacy_lookup_cleaned_v8.json"", ""category"": ""subtitles"", ""ipm"": 0.003448}], ""corpus_quality"": {""status"": ""accepted"", ""reasons"": []}, ""components"": [{""surface"": ""regul"", ""canonical_candidate"": ""regul"", ""confidence"": 0.97, ""evidence"": [{""type"": ""compound_morphology"", ""source"": ""manually_verified"", ""path"": [""regularly"", ""regul"", ""regul""], ""confidence"": 0.97}, {""type"": ""verified_seed_alias"", ""source"": ""methodology_control_seed"", ""path"": [""fr"", ""regul"", ""family:regul""], ""confidence"": 1}]}]}"
fr	lemma:18fb17f457a34f054574	reguliere	uncertain	withheld_historical_uncertain		aggregate_only_not_sense_frequency	"[{""path"": ""associativvordes/family-index-v5/members/fr/40.json.gz"", ""family_id"": ""family:regul"", ""record_sha256"": ""fe80438eadd7c871271a18e20ea77eb1a8c5a7e700b8147096607a0558b249fd""}]"	"{""lemma_id"": ""lemma:18fb17f457a34f054574"", ""word"": ""reguliere"", ""normalized"": ""reguliere"", ""search_form"": ""reguliere"", ""rank"": 78038, ""frequency_score"": 1.4478518453512663, ""category_breakdown"": {""subtitles"": {""ipm_values"": [0.020688], ""category_ipm"": 0.020688, ""category_score"": 0.3587964621444943}, ""web"": {""ipm_values"": [0.15579], ""category_ipm"": 0.15579, ""category_score"": 2.5369072285580385}}, ""sources"": [{""id"": ""subtitles/hermit_2018_fr_full_lemmatized_ipm6_spacy_lookup_cleaned_v8.json"", ""file"": ""hermit_2018_fr_full_lemmatized_ipm6_spacy_lookup_cleaned_v8.json"", ""category"": ""subtitles"", ""ipm"": 0.020688}, {""id"": ""web/sorted.fr.lemma.unigrams.cleaned_recommended_min100_ipm6.json"", ""file"": ""sorted.fr.lemma.unigrams.cleaned_recommended_min100_ipm6.json"", ""category"": ""web"", ""ipm"": 0.15579}], ""corpus_quality"": {""status"": ""accepted"", ""reasons"": []}, ""components"": [{""surface"": ""regul"", ""canonical_candidate"": ""regul"", ""confidence"": 0.97, ""evidence"": [{""type"": ""compound_morphology"", ""source"": ""manually_verified"", ""path"": [""reguliere"", ""regul"", ""regul""], ""confidence"": 0.97}, {""type"": ""verified_seed_alias"", ""source"": ""methodology_control_seed"", ""path"": [""fr"", ""regul"", ""family:regul""], ""confidence"": 1}]}]}"
fr	lemma:19656e915130d221a8f2	regolo	uncertain	not_admitted_candidate		aggregate_only_not_sense_frequency	"[{""path"": ""associativvordes/family-index-v5/members/fr/0b.json.gz"", ""family_id"": ""surface:fr:golo"", ""record_sha256"": ""59736dca25943865083a6f3e118812b0c7efcecb3f6b02f03fd904a82e6c97a1""}, {""path"": ""associativvordes/family-index-v5/members/fr/9a.json.gz"", ""family_id"": ""surface:fr:reg"", ""record_sha256"": ""6fc12f1113bd3b6ab38b483736e998711c7247ec82b7ca1e3973300e71f3f258""}]"	"{""lemma_id"": ""lemma:19656e915130d221a8f2"", ""word"": ""regolo"", ""normalized"": ""regolo"", ""search_form"": ""regolo"", ""rank"": 454875, ""frequency_score"": 0.06031194627701871, ""category_breakdown"": {""subtitles"": {""ipm_values"": [0.003448], ""category_ipm"": 0.003448, ""category_score"": 0.06031194627701871}}, ""sources"": [{""id"": ""subtitles/hermit_2018_fr_full_lemmatized_ipm6_spacy_lookup_cleaned_v8.json"", ""file"": ""hermit_2018_fr_full_lemmatized_ipm6_spacy_lookup_cleaned_v8.json"", ""category"": ""subtitles"", ""ipm"": 0.003448}], ""corpus_quality"": {""status"": ""accepted"", ""reasons"": []}, ""components"": [{""surface"": ""golo"", ""canonical_candidate"": ""golo"", ""confidence"": 0.92, ""evidence"": [{""type"": ""morphological_parse"", ""source"": ""candidate_index"", ""path"": [""regolo"", ""golo"", ""golo""], ""confidence"": 0.92}]}]}"
fr	lemma:19e670328ba9ba47a9b0	réglable	uncertain	not_admitted_candidate		aggregate_only_not_sense_frequency	"[{""path"": ""associativvordes/family-index-v5/members/fr/58.json.gz"", ""family_id"": ""surface:fr:able"", ""record_sha256"": ""4f0f19516c3e2065ce916fa48c90426ad2f3bea8673b4adc5c360e23f2531e6a""}, {""path"": ""associativvordes/family-index-v5/members/fr/b7.json.gz"", ""family_id"": ""surface:fr:reglabl"", ""record_sha256"": ""88dfd545f5e1627791fa5af1d9225b2c6840fd543f2c9d1cff8e047e48c465a8""}]"	"{""lemma_id"": ""lemma:19e670328ba9ba47a9b0"", ""word"": ""réglable"", ""normalized"": ""réglable"", ""search_form"": ""reglable"", ""rank"": 7275, ""frequency_score"": 20.532827299840804, ""category_breakdown"": {""subtitles"": {""ipm_values"": [0.179292], ""category_ipm"": 0.179292, ""category_score"": 2.889628038626962}, ""web"": {""ipm_values"": [7.835237], ""category_ipm"": 7.835237, ""category_score"": 38.17602656105465}}, ""sources"": [{""id"": ""subtitles/hermit_2018_fr_full_lemmatized_ipm6_spacy_lookup_cleaned_v8.json"", ""file"": ""hermit_2018_fr_full_lemmatized_ipm6_spacy_lookup_cleaned_v8.json"", ""category"": ""subtitles"", ""ipm"": 0.179292}, {""id"": ""web/sorted.fr.lemma.unigrams.cleaned_recommended_min100_ipm6.json"", ""file"": ""sorted.fr.lemma.unigrams.cleaned_recommended_min100_ipm6.json"", ""category"": ""web"", ""ipm"": 7.835237}], ""corpus_quality"": {""status"": ""accepted"", ""reasons"": []}, ""components"": [{""surface"": ""able"", ""canonical_candidate"": ""able"", ""confidence"": 0.89, ""evidence"": [{""type"": ""compound_morphology"", ""source"": ""candidate_index"", ""path"": [""reglable"", ""able"", ""able""], ""confidence"": 0.89}]}]}"
fr	lemma:1c9ae68224b0cada77e6	règleriez	uncertain	not_admitted_candidate		aggregate_only_not_sense_frequency	"[{""path"": ""associativvordes/family-index-v5/members/fr/bf.json.gz"", ""family_id"": ""ety:d082e43767db"", ""record_sha256"": ""98dcd7b8a96249a2c5511570d5c3ed637b50ea4c3e7ab27af06b69a353275c57""}]"	"{""lemma_id"": ""lemma:1c9ae68224b0cada77e6"", ""word"": ""règleriez"", ""normalized"": ""règleriez"", ""search_form"": ""regleriez"", ""rank"": 461956, ""frequency_score"": 0.06031194627701871, ""category_breakdown"": {""subtitles"": {""ipm_values"": [0.003448], ""category_ipm"": 0.003448, ""category_score"": 0.06031194627701871}}, ""sources"": [{""id"": ""subtitles/hermit_2018_fr_full_lemmatized_ipm6_spacy_lookup_cleaned_v8.json"", ""file"": ""hermit_2018_fr_full_lemmatized_ipm6_spacy_lookup_cleaned_v8.json"", ""category"": ""subtitles"", ""ipm"": 0.003448}], ""corpus_quality"": {""status"": ""accepted"", ""reasons"": []}, ""components"": [{""surface"": ""regler"", ""canonical_candidate"": ""regler"", ""confidence"": 0.81, ""evidence"": [{""type"": ""compound_morphology"", ""source"": ""candidate_index"", ""path"": [""regleriez"", ""regler"", ""regler""], ""confidence"": 0.81}]}]}"
fr	lemma:1e678750acf9992981b1	irregulier	uncertain	not_admitted_candidate		aggregate_only_not_sense_frequency	"[{""path"": ""associativvordes/family-index-v5/members/fr/89.json.gz"", ""family_id"": ""ety:497370be6193"", ""record_sha256"": ""e38d1ac04b77d2051d67b9c20f3b7863fb95b495058111f9f476c3d17b4f24e3""}, {""path"": ""associativvordes/family-index-v5/members/fr/f6.json.gz"", ""family_id"": ""ety:2d5b2d125fa9"", ""record_sha256"": ""e38d1ac04b77d2051d67b9c20f3b7863fb95b495058111f9f476c3d17b4f24e3""}]"	"{""lemma_id"": ""lemma:1e678750acf9992981b1"", ""word"": ""irregulier"", ""normalized"": ""irregulier"", ""search_form"": ""irregulier"", ""rank"": 384334, ""frequency_score"": 0.06031194627701871, ""category_breakdown"": {""subtitles"": {""ipm_values"": [0.003448], ""category_ipm"": 0.003448, ""category_score"": 0.06031194627701871}}, ""sources"": [{""id"": ""subtitles/hermit_2018_fr_full_lemmatized_ipm6_spacy_lookup_cleaned_v8.json"", ""file"": ""hermit_2018_fr_full_lemmatized_ipm6_spacy_lookup_cleaned_v8.json"", ""category"": ""subtitles"", ""ipm"": 0.003448}], ""corpus_quality"": {""status"": ""accepted"", ""reasons"": []}, ""components"": [{""surface"": ""irregulier"", ""canonical_candidate"": ""irregulier"", ""confidence"": 0.92, ""evidence"": [{""type"": ""morphological_parse"", ""source"": ""candidate_index"", ""path"": [""irregulier"", ""irregulier"", ""irregulier""], ""confidence"": 0.92}]}]}"
fr	lemma:1e9cbfe52d7363d8656f	règlementation	uncertain	not_admitted_candidate		aggregate_only_not_sense_frequency	"[{""path"": ""associativvordes/family-index-v5/members/fr/76.json.gz"", ""family_id"": ""surface:fr:reglementation"", ""record_sha256"": ""0af2c79373bafaccd606f173326e4101ccd95babc9d1cf9ebf01d424af32cdba""}]"	"{""lemma_id"": ""lemma:1e9cbfe52d7363d8656f"", ""word"": ""règlementation"", ""normalized"": ""règlementation"", ""search_form"": ""reglementation"", ""rank"": 15832, ""frequency_score"": 11.353717863441359, ""category_breakdown"": {""subtitles"": {""ipm_values"": [0.117229], ""category_ipm"": 0.117229, ""category_score"": 1.9423404728695466}, ""web"": {""ipm_values"": [2.270971], ""category_ipm"": 2.270971, ""category_score"": 20.765095254013172}}, ""sources"": [{""id"": ""subtitles/hermit_2018_fr_full_lemmatized_ipm6_spacy_lookup_cleaned_v8.json"", ""file"": ""hermit_2018_fr_full_lemmatized_ipm6_spacy_lookup_cleaned_v8.json"", ""category"": ""subtitles"", ""ipm"": 0.117229}, {""id"": ""web/sorted.fr.lemma.unigrams.cleaned_recommended_min100_ipm6.json"", ""file"": ""sorted.fr.lemma.unigrams.cleaned_recommended_min100_ipm6.json"", ""category"": ""web"", ""ipm"": 2.270971}], ""corpus_quality"": {""status"": ""accepted"", ""reasons"": []}, ""components"": [{""surface"": ""reglementation"", ""canonical_candidate"": ""reglementation"", ""confidence"": 0.92, ""evidence"": [{""type"": ""morphological_parse"", ""source"": ""candidate_index"", ""path"": [""reglementation"", ""reglementation"", ""reglementation""], ""confidence"": 0.92}]}]}"
fr	lemma:22247194c621f2c14029	réglages	uncertain	not_admitted_candidate		aggregate_only_not_sense_frequency	"[{""path"": ""associativvordes/family-index-v5/members/fr/2d.json.gz"", ""family_id"": ""surface:fr:reglage"", ""record_sha256"": ""311f01c6c40b59bfb79a5e144e7b99dd4e0963315fff67ac5cb0a77bb1224253""}, {""path"": ""associativvordes/family-index-v5/members/fr/99.json.gz"", ""family_id"": ""surface:fr:ges"", ""record_sha256"": ""d846776ae25b832d940d186b05b140cc13e25b41ae0dedec7a266876cc53d6b5""}]"	"{""lemma_id"": ""lemma:22247194c621f2c14029"", ""word"": ""réglages"", ""normalized"": ""réglages"", ""search_form"": ""reglages"", ""rank"": 108567, ""frequency_score"": 1.520997813951738, ""category_breakdown"": {""web"": {""ipm_values"": [0.090684], ""category_ipm"": 0.090684, ""category_score"": 1.520997813951738}}, ""sources"": [{""id"": ""web/sorted.fr.lemma.unigrams.cleaned_recommended_min100_ipm6.json"", ""file"": ""sorted.fr.lemma.unigrams.cleaned_recommended_min100_ipm6.json"", ""category"": ""web"", ""ipm"": 0.090684}], ""corpus_quality"": {""status"": ""accepted"", ""reasons"": []}, ""components"": [{""surface"": ""reglage"", ""canonical_candidate"": ""reglage"", ""confidence"": 0.92, ""evidence"": [{""type"": ""morphological_parse"", ""source"": ""candidate_index"", ""path"": [""reglages"", ""reglage"", ""reglage""], ""confidence"": 0.92}]}]}"
fr	lemma:2304fb637f9019214986	règlages	uncertain	not_admitted_candidate		aggregate_only_not_sense_frequency	"[{""path"": ""associativvordes/family-index-v5/members/fr/2d.json.gz"", ""family_id"": ""surface:fr:reglage"", ""record_sha256"": ""0346cb93daad6f4d05234f8f6830e1b7ee49ef889a985244a0831c5f4ab87abd""}, {""path"": ""associativvordes/family-index-v5/members/fr/99.json.gz"", ""family_id"": ""surface:fr:ges"", ""record_sha256"": ""82a7739e869b90a6300bc24cee7a5049f1cd95149ce176cfbe2a3abdf2d4c792""}]"	"{""lemma_id"": ""lemma:2304fb637f9019214986"", ""word"": ""règlages"", ""normalized"": ""règlages"", ""search_form"": ""reglages"", ""rank"": 92401, ""frequency_score"": 1.9514658627079198, ""category_breakdown"": {""web"": {""ipm_values"": [0.117811], ""category_ipm"": 0.117811, ""category_score"": 1.9514658627079198}}, ""sources"": [{""id"": ""web/sorted.fr.lemma.unigrams.cleaned_recommended_min100_ipm6.json"", ""file"": ""sorted.fr.lemma.unigrams.cleaned_recommended_min100_ipm6.json"", ""category"": ""web"", ""ipm"": 0.117811}], ""corpus_quality"": {""status"": ""accepted"", ""reasons"": []}, ""components"": [{""surface"": ""reglage"", ""canonical_candidate"": ""reglage"", ""confidence"": 0.92, ""evidence"": [{""type"": ""morphological_parse"", ""source"": ""candidate_index"", ""path"": [""reglages"", ""reglage"", ""reglage""], ""confidence"": 0.92}]}]}"
fr	lemma:23f7919e1e7c34c859f8	règlementées	uncertain	not_admitted_candidate		aggregate_only_not_sense_frequency	"[{""path"": ""associativvordes/family-index-v5/members/fr/47.json.gz"", ""family_id"": ""surface:fr:reglementee"", ""record_sha256"": ""b2a0a7a9f02cec31cac65ce626ef2e441e34999157ccc049ef25eeed4411ca3e""}, {""path"": ""associativvordes/family-index-v5/members/fr/7b.json.gz"", ""family_id"": ""surface:fr:tees"", ""record_sha256"": ""c4de1117445c4e006782b553773232f9fd4699cb1142d78953c0be4d1d205d9c""}]"	"{""lemma_id"": ""lemma:23f7919e1e7c34c859f8"", ""word"": ""règlementées"", ""normalized"": ""règlementées"", ""search_form"": ""reglementees"", ""rank"": 114618, ""frequency_score"": 0.7281721075730566, ""category_breakdown"": {""subtitles"": {""ipm_values"": [0.003448], ""category_ipm"": 0.003448, ""category_score"": 0.06031194627701871}, ""web"": {""ipm_values"": [0.082933], ""category_ipm"": 0.082933, ""category_score"": 1.3960322688690945}}, ""sources"": [{""id"": ""subtitles/hermit_2018_fr_full_lemmatized_ipm6_spacy_lookup_cleaned_v8.json"", ""file"": ""hermit_2018_fr_full_lemmatized_ipm6_spacy_lookup_cleaned_v8.json"", ""category"": ""subtitles"", ""ipm"": 0.003448}, {""id"": ""web/sorted.fr.lemma.unigrams.cleaned_recommended_min100_ipm6.json"", ""file"": ""sorted.fr.lemma.unigrams.cleaned_recommended_min100_ipm6.json"", ""category"": ""web"", ""ipm"": 0.082933}], ""corpus_quality"": {""status"": ""accepted"", ""reasons"": []}, ""components"": [{""surface"": ""reglementee"", ""canonical_candidate"": ""reglementee"", ""confidence"": 0.92, ""evidence"": [{""type"": ""morphological_parse"", ""source"": ""candidate_index"", ""path"": [""reglementees"", ""reglementee"", ""reglementee""], ""confidence"": 0.92}]}]}"
fr	lemma:24b6426354c1383698cc	régulatine	uncertain	withheld_historical_uncertain		aggregate_only_not_sense_frequency	"[{""path"": ""associativvordes/family-index-v5/members/fr/40.json.gz"", ""family_id"": ""family:regul"", ""record_sha256"": ""cc6c5c040f55059cde8cacbc2e83f03f89fe78b33f2061fd1253252daa64b053""}, {""path"": ""associativvordes/family-index-v5/members/fr/59.json.gz"", ""family_id"": ""surface:fr:regulatin"", ""record_sha256"": ""3e6765d2d83b9a67836dde7f636d1241ff4fc173329ac1ed69505c18785a4872""}, {""path"": ""associativvordes/family-index-v5/members/fr/a5.json.gz"", ""family_id"": ""surface:fr:latine"", ""record_sha256"": ""a54b3a999430a500540483665cfdca2efe22829bd881ac3daa09a5f98223c67a""}]"	"{""lemma_id"": ""lemma:24b6426354c1383698cc"", ""word"": ""régulatine"", ""normalized"": ""régulatine"", ""search_form"": ""regulatine"", ""rank"": 137693, ""frequency_score"": 0.3587964621444943, ""category_breakdown"": {""subtitles"": {""ipm_values"": [0.020688], ""category_ipm"": 0.020688, ""category_score"": 0.3587964621444943}}, ""sources"": [{""id"": ""subtitles/hermit_2018_fr_full_lemmatized_ipm6_spacy_lookup_cleaned_v8.json"", ""file"": ""hermit_2018_fr_full_lemmatized_ipm6_spacy_lookup_cleaned_v8.json"", ""category"": ""subtitles"", ""ipm"": 0.020688}], ""corpus_quality"": {""status"": ""accepted"", ""reasons"": []}, ""components"": [{""surface"": ""regul"", ""canonical_candidate"": ""regul"", ""confidence"": 0.97, ""evidence"": [{""type"": ""compound_morphology"", ""source"": ""manually_verified"", ""path"": [""regulatine"", ""regul"", ""regul""], ""confidence"": 0.97}, {""type"": ""verified_seed_alias"", ""source"": ""methodology_control_seed"", ""path"": [""fr"", ""regul"", ""family:regul""], ""confidence"": 1}]}]}"
fr	lemma:256fb650123b9ffdc3a3	irregulieres	uncertain	not_admitted_candidate		aggregate_only_not_sense_frequency	"[{""path"": ""associativvordes/family-index-v5/members/fr/0f.json.gz"", ""family_id"": ""surface:fr:eres"", ""record_sha256"": ""d5cfc0ce9fa7671b756cf82c2c06d18bf40f69ff4cade6fa9b4f5d0d82b99c3c""}, {""path"": ""associativvordes/family-index-v5/members/fr/c9.json.gz"", ""family_id"": ""surface:fr:irreguliere"", ""record_sha256"": ""9dfbb822c37bd967acc1ee3c209bdfec7cf47c938b71e87892127d31ac97fdbe""}]"	"{""lemma_id"": ""lemma:256fb650123b9ffdc3a3"", ""word"": ""irregulieres"", ""normalized"": ""irregulieres"", ""search_form"": ""irregulieres"", ""rank"": 384335, ""frequency_score"": 0.06031194627701871, ""category_breakdown"": {""subtitles"": {""ipm_values"": [0.003448], ""category_ipm"": 0.003448, ""category_score"": 0.06031194627701871}}, ""sources"": [{""id"": ""subtitles/hermit_2018_fr_full_lemmatized_ipm6_spacy_lookup_cleaned_v8.json"", ""file"": ""hermit_2018_fr_full_lemmatized_ipm6_spacy_lookup_cleaned_v8.json"", ""category"": ""subtitles"", ""ipm"": 0.003448}], ""corpus_quality"": {""status"": ""accepted"", ""reasons"": []}, ""components"": [{""surface"": ""eres"", ""canonical_candidate"": ""eres"", ""confidence"": 0.89, ""evidence"": [{""type"": ""compound_morphology"", ""source"": ""candidate_index"", ""path"": [""irregulieres"", ""eres"", ""eres""], ""confidence"": 0.89}]}]}"
fr	lemma:2730b7e1b8a8949a14ce	règlerais	uncertain	not_admitted_candidate		aggregate_only_not_sense_frequency	"[{""path"": ""associativvordes/family-index-v5/members/fr/cf.json.gz"", ""family_id"": ""surface:fr:reglerai"", ""record_sha256"": ""05f51488b8699a208aa01e2496ce7c9532b42777e839f88d4ff9136e4c88e095""}, {""path"": ""associativvordes/family-index-v5/members/fr/f5.json.gz"", ""family_id"": ""surface:fr:rais"", ""record_sha256"": ""8998abc5e78337cbdb15a3ac02ec82d7126948a884f89cf2e46411b6507d6b81""}]"	"{""lemma_id"": ""lemma:2730b7e1b8a8949a14ce"", ""word"": ""règlerais"", ""normalized"": ""règlerais"", ""search_form"": ""reglerais"", ""rank"": 103787, ""frequency_score"": 0.5939594078832635, ""category_breakdown"": {""subtitles"": {""ipm_values"": [0.034479], ""category_ipm"": 0.034479, ""category_score"": 0.5939594078832635}}, ""sources"": [{""id"": ""subtitles/hermit_2018_fr_full_lemmatized_ipm6_spacy_lookup_cleaned_v8.json"", ""file"": ""hermit_2018_fr_full_lemmatized_ipm6_spacy_lookup_cleaned_v8.json"", ""category"": ""subtitles"", ""ipm"": 0.034479}], ""corpus_quality"": {""status"": ""accepted"", ""reasons"": []}, ""components"": [{""surface"": ""reglerai"", ""canonical_candidate"": ""reglerai"", ""confidence"": 0.92, ""evidence"": [{""type"": ""morphological_parse"", ""source"": ""candidate_index"", ""path"": [""reglerais"", ""reglerai"", ""reglerai""], ""confidence"": 0.92}]}]}"
fr	lemma:274c7c6a1bc1ee7c36eb	irrégulièr	uncertain	not_admitted_candidate		aggregate_only_not_sense_frequency	"[{""path"": ""associativvordes/family-index-v5/members/fr/89.json.gz"", ""family_id"": ""ety:497370be6193"", ""record_sha256"": ""722e1e9c929967f608bf7e0f822626f748ae276dc67a4a6fff5cc9c73b834109""}, {""path"": ""associativvordes/family-index-v5/members/fr/f6.json.gz"", ""family_id"": ""ety:2d5b2d125fa9"", ""record_sha256"": ""722e1e9c929967f608bf7e0f822626f748ae276dc67a4a6fff5cc9c73b834109""}]"	"{""lemma_id"": ""lemma:274c7c6a1bc1ee7c36eb"", ""word"": ""irrégulièr"", ""normalized"": ""irrégulièr"", ""search_form"": ""irregulier"", ""rank"": 384393, ""frequency_score"": 0.06031194627701871, ""category_breakdown"": {""subtitles"": {""ipm_values"": [0.003448], ""category_ipm"": 0.003448, ""category_score"": 0.06031194627701871}}, ""sources"": [{""id"": ""subtitles/hermit_2018_fr_full_lemmatized_ipm6_spacy_lookup_cleaned_v8.json"", ""file"": ""hermit_2018_fr_full_lemmatized_ipm6_spacy_lookup_cleaned_v8.json"", ""category"": ""subtitles"", ""ipm"": 0.003448}], ""corpus_quality"": {""status"": ""accepted"", ""reasons"": []}, ""components"": [{""surface"": ""irregulier"", ""canonical_candidate"": ""irregulier"", ""confidence"": 0.92, ""evidence"": [{""type"": ""morphological_parse"", ""source"": ""candidate_index"", ""path"": [""irregulier"", ""irregulier"", ""irregulier""], ""confidence"": 0.92}]}]}"
fr	lemma:279498dcbc8bc81c6093	réguliens	uncertain	withheld_historical_uncertain		aggregate_only_not_sense_frequency	"[{""path"": ""associativvordes/family-index-v5/members/fr/1d.json.gz"", ""family_id"": ""surface:fr:regulien"", ""record_sha256"": ""294517635c32b9657151f82a83e48dd337f01cd18962a26a04e18512796fb0fd""}, {""path"": ""associativvordes/family-index-v5/members/fr/40.json.gz"", ""family_id"": ""family:regul"", ""record_sha256"": ""c62b7dc70217156f9e2f71f4cdd581bcd79a8633d1bbc4f6e9f2159ca422d399""}, {""path"": ""associativvordes/family-index-v5/members/fr/f1.json.gz"", ""family_id"": ""surface:fr:liens"", ""record_sha256"": ""7437c97d3046cf39c0799e9f1f2ba8da41f654caf36749896aa9b5df666e9ab3""}]"	"{""lemma_id"": ""lemma:279498dcbc8bc81c6093"", ""word"": ""réguliens"", ""normalized"": ""réguliens"", ""search_form"": ""reguliens"", ""rank"": 462691, ""frequency_score"": 0.06031194627701871, ""category_breakdown"": {""subtitles"": {""ipm_values"": [0.003448], ""category_ipm"": 0.003448, ""category_score"": 0.06031194627701871}}, ""sources"": [{""id"": ""subtitles/hermit_2018_fr_full_lemmatized_ipm6_spacy_lookup_cleaned_v8.json"", ""file"": ""hermit_2018_fr_full_lemmatized_ipm6_spacy_lookup_cleaned_v8.json"", ""category"": ""subtitles"", ""ipm"": 0.003448}], ""corpus_quality"": {""status"": ""accepted"", ""reasons"": []}, ""components"": [{""surface"": ""regulien"", ""canonical_candidate"": ""regulien"", ""confidence"": 0.92, ""evidence"": [{""type"": ""morphological_parse"", ""source"": ""candidate_index"", ""path"": [""reguliens"", ""regulien"", ""regulien""], ""confidence"": 0.92}]}]}"
fr	lemma:27e66f9fc15decc2b626	regulieres	uncertain	withheld_historical_uncertain		aggregate_only_not_sense_frequency	"[{""path"": ""associativvordes/family-index-v5/members/fr/0f.json.gz"", ""family_id"": ""surface:fr:eres"", ""record_sha256"": ""3dd596027bc8353d46cad5f1d5f511dd43e136ecd2f41f46841eaec8ab017673""}, {""path"": ""associativvordes/family-index-v5/members/fr/40.json.gz"", ""family_id"": ""family:regul"", ""record_sha256"": ""c9430b61961d2024b711dd8e5bc0fee1a4eb91b737be1b7c7cf60a1504c1e9b9""}, {""path"": ""associativvordes/family-index-v5/members/fr/e4.json.gz"", ""family_id"": ""surface:fr:reguliere"", ""record_sha256"": ""3e23e99ad6c209fe96e7d9b3943ba11c3f107e9fece4d9b6939919c21ac7b335""}]"	"{""lemma_id"": ""lemma:27e66f9fc15decc2b626"", ""word"": ""regulieres"", ""normalized"": ""regulieres"", ""search_form"": ""regulieres"", ""rank"": 80977, ""frequency_score"": 1.2278218890783463, ""category_breakdown"": {""subtitles"": {""ipm_values"": [0.003448], ""category_ipm"": 0.003448, ""category_score"": 0.06031194627701871}, ""web"": {""ipm_values"": [0.146489], ""category_ipm"": 0.146489, ""category_score"": 2.395331831879674}}, ""sources"": [{""id"": ""subtitles/hermit_2018_fr_full_lemmatized_ipm6_spacy_lookup_cleaned_v8.json"", ""file"": ""hermit_2018_fr_full_lemmatized_ipm6_spacy_lookup_cleaned_v8.json"", ""category"": ""subtitles"", ""ipm"": 0.003448}, {""id"": ""web/sorted.fr.lemma.unigrams.cleaned_recommended_min100_ipm6.json"", ""file"": ""sorted.fr.lemma.unigrams.cleaned_recommended_min100_ipm6.json"", ""category"": ""web"", ""ipm"": 0.146489}], ""corpus_quality"": {""status"": ""accepted"", ""reasons"": []}, ""components"": [{""surface"": ""eres"", ""canonical_candidate"": ""eres"", ""confidence"": 0.89, ""evidence"": [{""type"": ""compound_morphology"", ""source"": ""candidate_index"", ""path"": [""regulieres"", ""eres"", ""eres""], ""confidence"": 0.89}]}]}"
fr	lemma:281c854c5dcdfcc76c2a	regulae	uncertain	not_admitted_candidate		aggregate_only_not_sense_frequency	"[{""path"": ""associativvordes/family-index-v5/members/fr/c6.json.gz"", ""family_id"": ""surface:fr:regula"", ""record_sha256"": ""b10a22df3ab625ab699de0cb3cf9a7a37b2598cae1f73442e3b38ccaa10ea07d""}, {""path"": ""associativvordes/family-index-v5/members/fr/de.json.gz"", ""family_id"": ""surface:fr:lae"", ""record_sha256"": ""154e368e891199708ead67bf902b8a62f928970b858ea5d1a0b099df18174a82""}]"	"{""lemma_id"": ""lemma:281c854c5dcdfcc76c2a"", ""word"": ""regulae"", ""normalized"": ""regulae"", ""search_form"": ""regulae"", ""rank"": 454957, ""frequency_score"": 0.06031194627701871, ""category_breakdown"": {""subtitles"": {""ipm_values"": [0.003448], ""category_ipm"": 0.003448, ""category_score"": 0.06031194627701871}}, ""sources"": [{""id"": ""subtitles/hermit_2018_fr_full_lemmatized_ipm6_spacy_lookup_cleaned_v8.json"", ""file"": ""hermit_2018_fr_full_lemmatized_ipm6_spacy_lookup_cleaned_v8.json"", ""category"": ""subtitles"", ""ipm"": 0.003448}], ""corpus_quality"": {""status"": ""accepted"", ""reasons"": []}, ""components"": [{""surface"": ""regula"", ""canonical_candidate"": ""regula"", ""confidence"": 0.92, ""evidence"": [{""type"": ""morphological_parse"", ""source"": ""candidate_index"", ""path"": [""regulae"", ""regula"", ""regula""], ""confidence"": 0.92}]}]}"
fr	lemma:287939628f2e1f355bc7	irréglo	uncertain	not_admitted_candidate		aggregate_only_not_sense_frequency	"[{""path"": ""associativvordes/family-index-v5/members/fr/9a.json.gz"", ""family_id"": ""surface:fr:irre"", ""record_sha256"": ""49c88e2d5de0b351526d3619d356f24402b17864e64326254f787d7fb1deaeaa""}, {""path"": ""associativvordes/family-index-v5/members/fr/fc.json.gz"", ""family_id"": ""surface:fr:glo"", ""record_sha256"": ""903747b8c2ebf04148efdc7dfc9f66ee9a9df41258d1efe929eace106f0a6725""}]"	"{""lemma_id"": ""lemma:287939628f2e1f355bc7"", ""word"": ""irréglo"", ""normalized"": ""irréglo"", ""search_form"": ""irreglo"", ""rank"": 384390, ""frequency_score"": 0.06031194627701871, ""category_breakdown"": {""subtitles"": {""ipm_values"": [0.003448], ""category_ipm"": 0.003448, ""category_score"": 0.06031194627701871}}, ""sources"": [{""id"": ""subtitles/hermit_2018_fr_full_lemmatized_ipm6_spacy_lookup_cleaned_v8.json"", ""file"": ""hermit_2018_fr_full_lemmatized_ipm6_spacy_lookup_cleaned_v8.json"", ""category"": ""subtitles"", ""ipm"": 0.003448}], ""corpus_quality"": {""status"": ""accepted"", ""reasons"": []}, ""components"": [{""surface"": ""irre"", ""canonical_candidate"": ""irre"", ""confidence"": 0.81, ""evidence"": [{""type"": ""compound_morphology"", ""source"": ""candidate_index"", ""path"": [""irreglo"", ""irre"", ""irre""], ""confidence"": 0.81}]}]}"
fr	lemma:29455b591514174e330b	regulate	uncertain	withheld_historical_uncertain		aggregate_only_not_sense_frequency	"[{""path"": ""associativvordes/family-index-v5/members/fr/36.json.gz"", ""family_id"": ""surface:fr:regulat"", ""record_sha256"": ""7ffa4248706cddcc5e2e5fc783609ea23316bdd2f6a0c54caf80aa20bee658d8""}, {""path"": ""associativvordes/family-index-v5/members/fr/40.json.gz"", ""family_id"": ""family:regul"", ""record_sha256"": ""50db09bb81df7342db09abe4d14a0417e3e2bc362e4857cc08e198e5c39c315f""}, {""path"": ""associativvordes/family-index-v5/members/fr/8c.json.gz"", ""family_id"": ""surface:fr:late"", ""record_sha256"": ""39befdfdecf0ca7d4f1003bd097b7910a3e0b82e4f8c2f58b174b5832b126711""}]"	"{""lemma_id"": ""lemma:29455b591514174e330b"", ""word"": ""regulate"", ""normalized"": ""regulate"", ""search_form"": ""regulate"", ""rank"": 454965, ""frequency_score"": 0.06031194627701871, ""category_breakdown"": {""subtitles"": {""ipm_values"": [0.003448], ""category_ipm"": 0.003448, ""category_score"": 0.06031194627701871}}, ""sources"": [{""id"": ""subtitles/hermit_2018_fr_full_lemmatized_ipm6_spacy_lookup_cleaned_v8.json"", ""file"": ""hermit_2018_fr_full_lemmatized_ipm6_spacy_lookup_cleaned_v8.json"", ""category"": ""subtitles"", ""ipm"": 0.003448}], ""corpus_quality"": {""status"": ""accepted"", ""reasons"": []}, ""components"": [{""surface"": ""regulat"", ""canonical_candidate"": ""regulat"", ""confidence"": 0.92, ""evidence"": [{""type"": ""morphological_parse"", ""source"": ""candidate_index"", ""path"": [""regulate"", ""regulat"", ""regulat""], ""confidence"": 0.92}]}]}"
fr	lemma:29f95fa0b810c5158930	règlementaire	uncertain	not_admitted_candidate		aggregate_only_not_sense_frequency	"[{""path"": ""associativvordes/family-index-v5/members/fr/4e.json.gz"", ""family_id"": ""surface:fr:reglementaire"", ""record_sha256"": ""82afda772e02b2ee740c3413b36fab646b048923221b7117e7a4cb8db5630906""}]"	"{""lemma_id"": ""lemma:29f95fa0b810c5158930"", ""word"": ""règlementaire"", ""normalized"": ""règlementaire"", ""search_form"": ""reglementaire"", ""rank"": 28314, ""frequency_score"": 5.963884348340581, ""category_breakdown"": {""subtitles"": {""ipm_values"": [0.048271], ""category_ipm"": 0.048271, ""category_score"": 0.826024696740729}, ""web"": {""ipm_values"": [0.884361], ""category_ipm"": 0.884361, ""category_score"": 11.101743999940432}}, ""sources"": [{""id"": ""subtitles/hermit_2018_fr_full_lemmatized_ipm6_spacy_lookup_cleaned_v8.json"", ""file"": ""hermit_2018_fr_full_lemmatized_ipm6_spacy_lookup_cleaned_v8.json"", ""category"": ""subtitles"", ""ipm"": 0.048271}, {""id"": ""web/sorted.fr.lemma.unigrams.cleaned_recommended_min100_ipm6.json"", ""file"": ""sorted.fr.lemma.unigrams.cleaned_recommended_min100_ipm6.json"", ""category"": ""web"", ""ipm"": 0.884361}], ""corpus_quality"": {""status"": ""accepted"", ""reasons"": []}, ""components"": [{""surface"": ""reglementaire"", ""canonical_candidate"": ""reglementaire"", ""confidence"": 0.92, ""evidence"": [{""type"": ""morphological_parse"", ""source"": ""candidate_index"", ""path"": [""reglementaire"", ""reglementaire"", ""reglementaire""], ""confidence"": 0.92}]}]}"
fr	lemma:2af3f6762ffac41f976b	regulo	uncertain	not_admitted_candidate		aggregate_only_not_sense_frequency	"[{""path"": ""associativvordes/family-index-v5/members/fr/9a.json.gz"", ""family_id"": ""surface:fr:reg"", ""record_sha256"": ""6c21bdcad32b3587c9c283f1f1b69b983d7a5b3d68cbf2f4fd8b504f3229ebfb""}]"	"{""lemma_id"": ""lemma:2af3f6762ffac41f976b"", ""word"": ""regulo"", ""normalized"": ""regulo"", ""search_form"": ""regulo"", ""rank"": 454976, ""frequency_score"": 0.06031194627701871, ""category_breakdown"": {""subtitles"": {""ipm_values"": [0.003448], ""category_ipm"": 0.003448, ""category_score"": 0.06031194627701871}}, ""sources"": [{""id"": ""subtitles/hermit_2018_fr_full_lemmatized_ipm6_spacy_lookup_cleaned_v8.json"", ""file"": ""hermit_2018_fr_full_lemmatized_ipm6_spacy_lookup_cleaned_v8.json"", ""category"": ""subtitles"", ""ipm"": 0.003448}], ""corpus_quality"": {""status"": ""accepted"", ""reasons"": []}, ""components"": [{""surface"": ""reg"", ""canonical_candidate"": ""reg"", ""confidence"": 0.81, ""evidence"": [{""type"": ""compound_morphology"", ""source"": ""candidate_index"", ""path"": [""regulo"", ""reg"", ""reg""], ""confidence"": 0.81}]}]}"
fr	lemma:2efc5af56f23d93d92c3	règlements	uncertain	not_admitted_candidate		aggregate_only_not_sense_frequency	"[{""path"": ""associativvordes/family-index-v5/members/fr/6d.json.gz"", ""family_id"": ""surface:fr:reglement"", ""record_sha256"": ""e5399dbe6c946f027f57fe6307e2d5820f5c272aaf8757920e72b6db0c6649de""}, {""path"": ""associativvordes/family-index-v5/members/fr/9b.json.gz"", ""family_id"": ""surface:fr:nts"", ""record_sha256"": ""185cac5714a5bf1d60191a7f66601bc4b603e8e27cab197b20fc0a5b034794b3""}]"	"{""lemma_id"": ""lemma:2efc5af56f23d93d92c3"", ""word"": ""règlements"", ""normalized"": ""règlements"", ""search_form"": ""reglements"", ""rank"": 76233, ""frequency_score"": 2.630664314658192, ""category_breakdown"": {""web"": {""ipm_values"": [0.161991], ""category_ipm"": 0.161991, ""category_score"": 2.630664314658192}}, ""sources"": [{""id"": ""web/sorted.fr.lemma.unigrams.cleaned_recommended_min100_ipm6.json"", ""file"": ""sorted.fr.lemma.unigrams.cleaned_recommended_min100_ipm6.json"", ""category"": ""web"", ""ipm"": 0.161991}], ""corpus_quality"": {""status"": ""accepted"", ""reasons"": []}, ""components"": [{""surface"": ""reglement"", ""canonical_candidate"": ""reglement"", ""confidence"": 0.92, ""evidence"": [{""type"": ""morphological_parse"", ""source"": ""candidate_index"", ""path"": [""reglements"", ""reglement"", ""reglement""], ""confidence"": 0.92}]}]}"
fr	lemma:30f120b72413ff51f9dd	thermorégulation	accepted	accepted	régulation	aggregate_only_not_sense_frequency	"[{""path"": ""associativvordes/family-index-v5/members/fr/40.json.gz"", ""family_id"": ""family:regul"", ""record_sha256"": ""97f455dc1c07d05d000d1f4b433a5d38f45c0f4cbfca26548b9b6eda3737faad""}, {""path"": ""associativvordes/family-index-v5/members/fr/57.json.gz"", ""family_id"": ""surface:fr:thermoregulat"", ""record_sha256"": ""4a58f223da3ab1c27ae15fcbf7cad8cdef17704bcd328781c8b70f427a118329""}, {""path"": ""associativvordes/family-index-v5/members/fr/78.json.gz"", ""family_id"": ""surface:fr:regulation"", ""record_sha256"": ""a0375061dda66d3685b5f8b01fbaf2d65595df86022fd80806439693a85d22d4""}]"	"{""lemma_id"": ""lemma:30f120b72413ff51f9dd"", ""word"": ""thermorégulation"", ""normalized"": ""thermorégulation"", ""search_form"": ""thermoregulation"", ""rank"": 78301, ""frequency_score"": 1.3527353657393495, ""category_breakdown"": {""subtitles"": {""ipm_values"": [0.010344], ""category_ipm"": 0.010344, ""category_score"": 0.18031659537310277}, ""web"": {""ipm_values"": [0.155015], ""category_ipm"": 0.155015, ""category_score"": 2.5251541361055962}}, ""sources"": [{""id"": ""subtitles/hermit_2018_fr_full_lemmatized_ipm6_spacy_lookup_cleaned_v8.json"", ""file"": ""hermit_2018_fr_full_lemmatized_ipm6_spacy_lookup_cleaned_v8.json"", ""category"": ""subtitles"", ""ipm"": 0.010344}, {""id"": ""web/sorted.fr.lemma.unigrams.cleaned_recommended_min100_ipm6.json"", ""file"": ""sorted.fr.lemma.unigrams.cleaned_recommended_min100_ipm6.json"", ""category"": ""web"", ""ipm"": 0.155015}], ""corpus_quality"": {""status"": ""accepted"", ""reasons"": []}, ""components"": [{""surface"": ""regul"", ""canonical_candidate"": ""regul"", ""confidence"": 1, ""evidence"": [{""type"": ""compound_morphology"", ""source"": ""manually_verified"", ""path"": [""thermoregulation"", ""regul"", ""regul""], ""confidence"": 1}, {""type"": ""verified_seed_alias"", ""source"": ""methodology_control_seed"", ""path"": [""fr"", ""regul"", ""family:regul""], ""confidence"": 1}]}]}"
fr	lemma:30fe823532b82ab77260	réglisse	uncertain	not_admitted_candidate		aggregate_only_not_sense_frequency	"[{""path"": ""associativvordes/family-index-v5/members/fr/5a.json.gz"", ""family_id"": ""ety:c91adc390a50"", ""record_sha256"": ""63bbd0e30dd124357815fd04235c75c4c81ce8911f86842670544cf468b183ad""}, {""path"": ""associativvordes/family-index-v5/members/fr/8a.json.gz"", ""family_id"": ""ety:d0ae567efc70"", ""record_sha256"": ""63bbd0e30dd124357815fd04235c75c4c81ce8911f86842670544cf468b183ad""}, {""path"": ""associativvordes/family-index-v5/members/fr/94.json.gz"", ""family_id"": ""ety:037c287a3a02"", ""record_sha256"": ""63bbd0e30dd124357815fd04235c75c4c81ce8911f86842670544cf468b183ad""}]"	"{""lemma_id"": ""lemma:30fe823532b82ab77260"", ""word"": ""réglisse"", ""normalized"": ""réglisse"", ""search_form"": ""reglisse"", ""rank"": 14234, ""frequency_score"": 14.97487775046047, ""category_breakdown"": {""subtitles"": {""ipm_values"": [1.57225], ""category_ipm"": 1.57225, ""category_score"": 16.554455029709416}, ""web"": {""ipm_values"": [1.147887], ""category_ipm"": 1.147887, ""category_score"": 13.395300471211524}}, ""sources"": [{""id"": ""subtitles/hermit_2018_fr_full_lemmatized_ipm6_spacy_lookup_cleaned_v8.json"", ""file"": ""hermit_2018_fr_full_lemmatized_ipm6_spacy_lookup_cleaned_v8.json"", ""category"": ""subtitles"", ""ipm"": 1.57225}, {""id"": ""web/sorted.fr.lemma.unigrams.cleaned_recommended_min100_ipm6.json"", ""file"": ""sorted.fr.lemma.unigrams.cleaned_recommended_min100_ipm6.json"", ""category"": ""web"", ""ipm"": 1.147887}], ""corpus_quality"": {""status"": ""accepted"", ""reasons"": []}, ""components"": [{""surface"": ""reglisse"", ""canonical_candidate"": ""reglisse"", ""confidence"": 0.92, ""evidence"": [{""type"": ""morphological_parse"", ""source"": ""candidate_index"", ""path"": [""reglisse"", ""reglisse"", ""reglisse""], ""confidence"": 0.92}]}]}"
fr	lemma:3517e3161b79b8c4d6d7	déréglementer	uncertain	not_admitted_candidate		aggregate_only_not_sense_frequency	"[{""path"": ""associativvordes/family-index-v5/members/fr/0e.json.gz"", ""family_id"": ""ety:2d5a65337a06"", ""record_sha256"": ""34a33d7d0e4721637f171780ebca3d2a155a79f5cb332413e465f26143dd9938""}, {""path"": ""associativvordes/family-index-v5/members/fr/1d.json.gz"", ""family_id"": ""surface:fr:leme"", ""record_sha256"": ""6abdb69832bbdc581a9588898e6ce31b3253a1f95ddc0db3553bdc349c467cb4""}, {""path"": ""associativvordes/family-index-v5/members/fr/35.json.gz"", ""family_id"": ""surface:fr:emen"", ""record_sha256"": ""e574d0e4eaa68efb1d899cd1f9c928b5718383c8d0396f89329c22eb5b45ceb9""}, {""path"": ""associativvordes/family-index-v5/members/fr/8c.json.gz"", ""family_id"": ""surface:fr:deregle"", ""record_sha256"": ""0e85b8dec0541c48f82fad11c10db49f22213628f64b53039048e5725c77b4c7""}]"	"{""lemma_id"": ""lemma:3517e3161b79b8c4d6d7"", ""word"": ""déréglementer"", ""normalized"": ""déréglementer"", ""search_form"": ""dereglementer"", ""rank"": 48865, ""frequency_score"": 2.7710742262922285, ""category_breakdown"": {""subtitles"": {""ipm_values"": [0.01724], ""category_ipm"": 0.01724, ""category_score"": 0.29950494441567443}, ""web"": {""ipm_values"": [0.348784], ""category_ipm"": 0.348784, ""category_score"": 5.242643508168783}}, ""sources"": [{""id"": ""subtitles/hermit_2018_fr_full_lemmatized_ipm6_spacy_lookup_cleaned_v8.json"", ""file"": ""hermit_2018_fr_full_lemmatized_ipm6_spacy_lookup_cleaned_v8.json"", ""category"": ""subtitles"", ""ipm"": 0.01724}, {""id"": ""web/sorted.fr.lemma.unigrams.cleaned_recommended_min100_ipm6.json"", ""file"": ""sorted.fr.lemma.unigrams.cleaned_recommended_min100_ipm6.json"", ""category"": ""web"", ""ipm"": 0.348784}], ""corpus_quality"": {""status"": ""accepted"", ""reasons"": []}, ""components"": [{""surface"": ""enter"", ""canonical_candidate"": ""enter"", ""confidence"": 0.89, ""evidence"": [{""type"": ""compound_morphology"", ""source"": ""candidate_index"", ""path"": [""dereglementer"", ""enter"", ""enter""], ""confidence"": 0.89}]}]}"
fr	lemma:356b306e4ba56762f3b5	régule	uncertain	withheld_historical_uncertain		aggregate_only_not_sense_frequency	"[{""path"": ""associativvordes/family-index-v5/members/fr/24.json.gz"", ""family_id"": ""surface:fr:ule"", ""record_sha256"": ""9a750969fe2bec960fe059918a90cec01db93c0df59917c6bc23f8001e8f14e5""}, {""path"": ""associativvordes/family-index-v5/members/fr/40.json.gz"", ""family_id"": ""family:regul"", ""record_sha256"": ""71b1dced6976f26cade65a19aa03afaefd55729ab6aa6734da9cc71a0d497439""}]"	"{""lemma_id"": ""lemma:356b306e4ba56762f3b5"", ""word"": ""régule"", ""normalized"": ""régule"", ""search_form"": ""regule"", ""rank"": 31319, ""frequency_score"": 3.8597989369244967, ""category_breakdown"": {""subtitles"": {""ipm_values"": [0.337896], ""category_ipm"": 0.337896, ""category_score"": 5.100623909983354}, ""web"": {""ipm_values"": [0.161216], ""category_ipm"": 0.161216, ""category_score"": 2.6189739638656393}}, ""sources"": [{""id"": ""subtitles/hermit_2018_fr_full_lemmatized_ipm6_spacy_lookup_cleaned_v8.json"", ""file"": ""hermit_2018_fr_full_lemmatized_ipm6_spacy_lookup_cleaned_v8.json"", ""category"": ""subtitles"", ""ipm"": 0.337896}, {""id"": ""web/sorted.fr.lemma.unigrams.cleaned_recommended_min100_ipm6.json"", ""file"": ""sorted.fr.lemma.unigrams.cleaned_recommended_min100_ipm6.json"", ""category"": ""web"", ""ipm"": 0.161216}], ""corpus_quality"": {""status"": ""accepted"", ""reasons"": []}, ""components"": [{""surface"": ""ule"", ""canonical_candidate"": ""ule"", ""confidence"": 0.89, ""evidence"": [{""type"": ""compound_morphology"", ""source"": ""candidate_index"", ""path"": [""regule"", ""ule"", ""ule""], ""confidence"": 0.89}]}]}"
fr	lemma:36b113dd5a19c834592d	régulation	accepted	accepted	régulation	aggregate_only_not_sense_frequency	"[{""path"": ""associativvordes/family-index-v5/members/fr/40.json.gz"", ""family_id"": ""family:regul"", ""record_sha256"": ""c3d27bff578bd592c0f6e55ed6377853e15d02c0456fa879672f9d43d99eb4c8""}]"	"{""lemma_id"": ""lemma:36b113dd5a19c834592d"", ""word"": ""régulation"", ""normalized"": ""régulation"", ""search_form"": ""regulation"", ""rank"": 2728, ""frequency_score"": 36.578305029934945, ""category_breakdown"": {""subtitles"": {""ipm_values"": [0.824052], ""category_ipm"": 0.824052, ""category_score"": 10.53178179735327}, ""web"": {""ipm_values"": [34.661369], ""category_ipm"": 34.661369, ""category_score"": 62.624828262516615}}, ""sources"": [{""id"": ""subtitles/hermit_2018_fr_full_lemmatized_ipm6_spacy_lookup_cleaned_v8.json"", ""file"": ""hermit_2018_fr_full_lemmatized_ipm6_spacy_lookup_cleaned_v8.json"", ""category"": ""subtitles"", ""ipm"": 0.824052}, {""id"": ""web/sorted.fr.lemma.unigrams.cleaned_recommended_min100_ipm6.json"", ""file"": ""sorted.fr.lemma.unigrams.cleaned_recommended_min100_ipm6.json"", ""category"": ""web"", ""ipm"": 34.661369}], ""corpus_quality"": {""status"": ""accepted"", ""reasons"": []}, ""components"": [{""surface"": ""regulation"", ""canonical_candidate"": ""regul"", ""confidence"": 1, ""evidence"": [{""type"": ""manual_override"", ""source"": ""methodology_control_word"", ""path"": [""fr"", ""régulation"", ""family:regul""], ""confidence"": 1}]}]}"
fr	lemma:39392e315e607236bfab	réglerson	uncertain	not_admitted_candidate		aggregate_only_not_sense_frequency	"[{""path"": ""associativvordes/family-index-v5/members/fr/03.json.gz"", ""family_id"": ""ety:6742641ff411"", ""record_sha256"": ""d8bc84bec39ed45633336778268baaa7bedc8b8804ba601ddc9f6f5661b0ad9a""}, {""path"": ""associativvordes/family-index-v5/members/fr/8a.json.gz"", ""family_id"": ""ety:f1bc41a1b53d"", ""record_sha256"": ""d8bc84bec39ed45633336778268baaa7bedc8b8804ba601ddc9f6f5661b0ad9a""}, {""path"": ""associativvordes/family-index-v5/members/fr/b0.json.gz"", ""family_id"": ""ety:4afd01b421f0"", ""record_sha256"": ""d8bc84bec39ed45633336778268baaa7bedc8b8804ba601ddc9f6f5661b0ad9a""}, {""path"": ""associativvordes/family-index-v5/members/fr/bf.json.gz"", ""family_id"": ""ety:d082e43767db"", ""record_sha256"": ""5b2a74b4292c19dcb9145bcf168936891cd74e5e037396c4cc19df88b46458d4""}]"	"{""lemma_id"": ""lemma:39392e315e607236bfab"", ""word"": ""réglerson"", ""normalized"": ""réglerson"", ""search_form"": ""reglerson"", ""rank"": 462674, ""frequency_score"": 0.06031194627701871, ""category_breakdown"": {""subtitles"": {""ipm_values"": [0.003448], ""category_ipm"": 0.003448, ""category_score"": 0.06031194627701871}}, ""sources"": [{""id"": ""subtitles/hermit_2018_fr_full_lemmatized_ipm6_spacy_lookup_cleaned_v8.json"", ""file"": ""hermit_2018_fr_full_lemmatized_ipm6_spacy_lookup_cleaned_v8.json"", ""category"": ""subtitles"", ""ipm"": 0.003448}], ""corpus_quality"": {""status"": ""accepted"", ""reasons"": []}, ""components"": [{""surface"": ""son"", ""canonical_candidate"": ""son"", ""confidence"": 0.89, ""evidence"": [{""type"": ""compound_morphology"", ""source"": ""candidate_index"", ""path"": [""reglerson"", ""son"", ""son""], ""confidence"": 0.89}]}]}"
fr	lemma:39c1dec86d24b907b3fa	auto-régulation	accepted	accepted	régulation	aggregate_only_not_sense_frequency	"[{""path"": ""associativvordes/family-index-v5/members/fr/5d.json.gz"", ""family_id"": ""surface:fr:ation"", ""record_sha256"": ""f987c9f1a9b582ed36bed97df5d8a82b7d335212d3ed43075a01b67a4c4ac95d""}, {""path"": ""associativvordes/family-index-v5/members/fr/97.json.gz"", ""family_id"": ""surface:fr:autoregulat"", ""record_sha256"": ""0b75fdfbd5c8434d532b65b49dcc19a0e89a209d433fcf65c10726f5be234138""}]"	"{""lemma_id"": ""lemma:39c1dec86d24b907b3fa"", ""word"": ""auto-régulation"", ""normalized"": ""auto-régulation"", ""search_form"": ""auto-regulation"", ""rank"": 71552, ""frequency_score"": 2.8974267892860497, ""category_breakdown"": {""web"": {""ipm_values"": [0.179817], ""category_ipm"": 0.179817, ""category_score"": 2.8974267892860497}}, ""sources"": [{""id"": ""web/sorted.fr.lemma.unigrams.cleaned_recommended_min100_ipm6.json"", ""file"": ""sorted.fr.lemma.unigrams.cleaned_recommended_min100_ipm6.json"", ""category"": ""web"", ""ipm"": 0.179817}], ""corpus_quality"": {""status"": ""accepted"", ""reasons"": []}, ""components"": [{""surface"": ""ation"", ""canonical_candidate"": ""ation"", ""confidence"": 0.89, ""evidence"": [{""type"": ""compound_morphology"", ""source"": ""candidate_index"", ""path"": [""auto-regulation"", ""ation"", ""ation""], ""confidence"": 0.89}]}]}"
fr	lemma:3c4ab43c1427bfba032d	préréglée	uncertain	not_admitted_candidate		aggregate_only_not_sense_frequency	"[{""path"": ""associativvordes/family-index-v5/members/fr/79.json.gz"", ""family_id"": ""surface:fr:prereglee"", ""record_sha256"": ""6366f55477b50d9841d9cb96c2b9fd46de6770195a1b4bc0ffb88df444dfe57c""}]"	"{""lemma_id"": ""lemma:3c4ab43c1427bfba032d"", ""word"": ""préréglée"", ""normalized"": ""préréglée"", ""search_form"": ""prereglee"", ""rank"": 447160, ""frequency_score"": 0.06031194627701871, ""category_breakdown"": {""subtitles"": {""ipm_values"": [0.003448], ""category_ipm"": 0.003448, ""category_score"": 0.06031194627701871}}, ""sources"": [{""id"": ""subtitles/hermit_2018_fr_full_lemmatized_ipm6_spacy_lookup_cleaned_v8.json"", ""file"": ""hermit_2018_fr_full_lemmatized_ipm6_spacy_lookup_cleaned_v8.json"", ""category"": ""subtitles"", ""ipm"": 0.003448}], ""corpus_quality"": {""status"": ""accepted"", ""reasons"": []}, ""components"": [{""surface"": ""prereglee"", ""canonical_candidate"": ""prereglee"", ""confidence"": 0.92, ""evidence"": [{""type"": ""morphological_parse"", ""source"": ""candidate_index"", ""path"": [""prereglee"", ""prereglee"", ""prereglee""], ""confidence"": 0.92}]}]}"
fr	lemma:3e03452a2d2005683e1f	règlons	uncertain	not_admitted_candidate		aggregate_only_not_sense_frequency	"[{""path"": ""associativvordes/family-index-v5/members/fr/3b.json.gz"", ""family_id"": ""surface:fr:reglon"", ""record_sha256"": ""71f114e0249265f080bbc9490e9445d0bedf8b7c341d15c6c54edaba658d6ff5""}]"	"{""lemma_id"": ""lemma:3e03452a2d2005683e1f"", ""word"": ""règlons"", ""normalized"": ""règlons"", ""search_form"": ""reglons"", ""rank"": 461959, ""frequency_score"": 0.06031194627701871, ""category_breakdown"": {""subtitles"": {""ipm_values"": [0.003448], ""category_ipm"": 0.003448, ""category_score"": 0.06031194627701871}}, ""sources"": [{""id"": ""subtitles/hermit_2018_fr_full_lemmatized_ipm6_spacy_lookup_cleaned_v8.json"", ""file"": ""hermit_2018_fr_full_lemmatized_ipm6_spacy_lookup_cleaned_v8.json"", ""category"": ""subtitles"", ""ipm"": 0.003448}], ""corpus_quality"": {""status"": ""accepted"", ""reasons"": []}, ""components"": [{""surface"": ""reglon"", ""canonical_candidate"": ""reglon"", ""confidence"": 0.92, ""evidence"": [{""type"": ""morphological_parse"", ""source"": ""candidate_index"", ""path"": [""reglons"", ""reglon"", ""reglon""], ""confidence"": 0.92}]}]}"
fr	lemma:3e3375778182b118db10	reréglé	uncertain	not_admitted_candidate		aggregate_only_not_sense_frequency	"[{""path"": ""associativvordes/family-index-v5/members/fr/b6.json.gz"", ""family_id"": ""surface:fr:reregle"", ""record_sha256"": ""165216a5f6fb5241dcb28b22290a5cefb45c028e69a27169958d905d8c4435f0""}]"	"{""lemma_id"": ""lemma:3e3375778182b118db10"", ""word"": ""reréglé"", ""normalized"": ""reréglé"", ""search_form"": ""reregle"", ""rank"": 456811, ""frequency_score"": 0.06031194627701871, ""category_breakdown"": {""subtitles"": {""ipm_values"": [0.003448], ""category_ipm"": 0.003448, ""category_score"": 0.06031194627701871}}, ""sources"": [{""id"": ""subtitles/hermit_2018_fr_full_lemmatized_ipm6_spacy_lookup_cleaned_v8.json"", ""file"": ""hermit_2018_fr_full_lemmatized_ipm6_spacy_lookup_cleaned_v8.json"", ""category"": ""subtitles"", ""ipm"": 0.003448}], ""corpus_quality"": {""status"": ""accepted"", ""reasons"": []}, ""components"": [{""surface"": ""reregle"", ""canonical_candidate"": ""reregle"", ""confidence"": 0.92, ""evidence"": [{""type"": ""morphological_parse"", ""source"": ""candidate_index"", ""path"": [""reregle"", ""reregle"", ""reregle""], ""confidence"": 0.92}]}]}"
fr	lemma:41ead11d1972386133d3	réglement	uncertain	not_admitted_candidate		aggregate_only_not_sense_frequency	"[{""path"": ""associativvordes/family-index-v5/members/fr/6d.json.gz"", ""family_id"": ""surface:fr:reglement"", ""record_sha256"": ""58fe722eb4e315e0093dbb3701bec09b4a3a678c32171f551d0b188bcaf5f86a""}]"	"{""lemma_id"": ""lemma:41ead11d1972386133d3"", ""word"": ""réglement"", ""normalized"": ""réglement"", ""search_form"": ""reglement"", ""rank"": 10379, ""frequency_score"": 18.735088057094238, ""category_breakdown"": {""subtitles"": {""ipm_values"": [0.565458], ""category_ipm"": 0.565458, ""category_score"": 7.852983596679347}, ""web"": {""ipm_values"": [4.42103], ""category_ipm"": 4.42103, ""category_score"": 29.617192517509128}}, ""sources"": [{""id"": ""subtitles/hermit_2018_fr_full_lemmatized_ipm6_spacy_lookup_cleaned_v8.json"", ""file"": ""hermit_2018_fr_full_lemmatized_ipm6_spacy_lookup_cleaned_v8.json"", ""category"": ""subtitles"", ""ipm"": 0.565458}, {""id"": ""web/sorted.fr.lemma.unigrams.cleaned_recommended_min100_ipm6.json"", ""file"": ""sorted.fr.lemma.unigrams.cleaned_recommended_min100_ipm6.json"", ""category"": ""web"", ""ipm"": 4.42103}], ""corpus_quality"": {""status"": ""accepted"", ""reasons"": []}, ""components"": [{""surface"": ""reglement"", ""canonical_candidate"": ""reglement"", ""confidence"": 0.92, ""evidence"": [{""type"": ""morphological_parse"", ""source"": ""candidate_index"", ""path"": [""reglement"", ""reglement"", ""reglement""], ""confidence"": 0.92}]}]}"
fr	lemma:42f0f7dfaf0cc9a9320d	règulatine	uncertain	withheld_historical_uncertain		aggregate_only_not_sense_frequency	"[{""path"": ""associativvordes/family-index-v5/members/fr/40.json.gz"", ""family_id"": ""family:regul"", ""record_sha256"": ""717efc7ee0c76936ef0e8f66235d676771900ea9021a9663e06b78de99c9b037""}, {""path"": ""associativvordes/family-index-v5/members/fr/59.json.gz"", ""family_id"": ""surface:fr:regulatin"", ""record_sha256"": ""433db12b56fa6fb86ec19ea0c275ca34007eca9171f52f1b0e8b4ce2c6872015""}, {""path"": ""associativvordes/family-index-v5/members/fr/a5.json.gz"", ""family_id"": ""surface:fr:latine"", ""record_sha256"": ""dcb993ad4d570434fd28146e9b5a07627522937b048e9584b1408122fb2e2ab7""}]"	"{""lemma_id"": ""lemma:42f0f7dfaf0cc9a9320d"", ""word"": ""règulatine"", ""normalized"": ""règulatine"", ""search_form"": ""regulatine"", ""rank"": 264451, ""frequency_score"": 0.12041700656906522, ""category_breakdown"": {""subtitles"": {""ipm_values"": [0.006896], ""category_ipm"": 0.006896, ""category_score"": 0.12041700656906522}}, ""sources"": [{""id"": ""subtitles/hermit_2018_fr_full_lemmatized_ipm6_spacy_lookup_cleaned_v8.json"", ""file"": ""hermit_2018_fr_full_lemmatized_ipm6_spacy_lookup_cleaned_v8.json"", ""category"": ""subtitles"", ""ipm"": 0.006896}], ""corpus_quality"": {""status"": ""accepted"", ""reasons"": []}, ""components"": [{""surface"": ""regul"", ""canonical_candidate"": ""regul"", ""confidence"": 0.97, ""evidence"": [{""type"": ""compound_morphology"", ""source"": ""manually_verified"", ""path"": [""regulatine"", ""regul"", ""regul""], ""confidence"": 0.97}, {""type"": ""verified_seed_alias"", ""source"": ""methodology_control_seed"", ""path"": [""fr"", ""regul"", ""family:regul""], ""confidence"": 1}]}]}"
fr	lemma:47c3f6f0a847e6b12fd3	dérégler	uncertain	not_admitted_candidate		aggregate_only_not_sense_frequency	"[{""path"": ""associativvordes/family-index-v5/members/fr/8a.json.gz"", ""family_id"": ""surface:fr:dere"", ""record_sha256"": ""a2bcb4f72ef252213db64fc0b8e99d8defb2641a44ce4ce894c7710e0463d65a""}, {""path"": ""associativvordes/family-index-v5/members/fr/bf.json.gz"", ""family_id"": ""ety:d082e43767db"", ""record_sha256"": ""46931007bbe775c149e85ca77e7fca4c2e161b0b0bd64591a611ffce14fb5540""}]"	"{""lemma_id"": ""lemma:47c3f6f0a847e6b12fd3"", ""word"": ""dérégler"", ""normalized"": ""dérégler"", ""search_form"": ""deregler"", ""rank"": 18891, ""frequency_score"": 12.12612775870593, ""category_breakdown"": {""subtitles"": {""ipm_values"": [0.920594], ""category_ipm"": 0.920594, ""category_score"": 11.435463534395724}, ""web"": {""ipm_values"": [1.07813], ""category_ipm"": 1.07813, ""category_score"": 12.816791983016138}}, ""sources"": [{""id"": ""subtitles/hermit_2018_fr_full_lemmatized_ipm6_spacy_lookup_cleaned_v8.json"", ""file"": ""hermit_2018_fr_full_lemmatized_ipm6_spacy_lookup_cleaned_v8.json"", ""category"": ""subtitles"", ""ipm"": 0.920594}, {""id"": ""web/sorted.fr.lemma.unigrams.cleaned_recommended_min100_ipm6.json"", ""file"": ""sorted.fr.lemma.unigrams.cleaned_recommended_min100_ipm6.json"", ""category"": ""web"", ""ipm"": 1.07813}], ""corpus_quality"": {""status"": ""accepted"", ""reasons"": []}, ""components"": [{""surface"": ""dere"", ""canonical_candidate"": ""dere"", ""confidence"": 0.81, ""evidence"": [{""type"": ""compound_morphology"", ""source"": ""candidate_index"", ""path"": [""deregler"", ""dere"", ""dere""], ""confidence"": 0.81}]}]}"
fr	lemma:47d72bd673e226172fc3	regulares	uncertain	withheld_historical_uncertain		aggregate_only_not_sense_frequency	"[{""path"": ""associativvordes/family-index-v5/members/fr/40.json.gz"", ""family_id"": ""family:regul"", ""record_sha256"": ""2f6d9d62111b92021c2f3d003517409d2434cd296a6ac3530921d8f04a6d17bb""}, {""path"": ""associativvordes/family-index-v5/members/fr/77.json.gz"", ""family_id"": ""ety:7863b325abb9"", ""record_sha256"": ""a661ecac4ed6ee857ea1366fc66b65cd9b1953c82bed370c066e92460053bd4e""}, {""path"": ""associativvordes/family-index-v5/members/fr/bb.json.gz"", ""family_id"": ""surface:fr:regulare"", ""record_sha256"": ""ead7c3ea9e83e351af250131c4795fd8fa7953dfc986419e5c7576475e19db00""}, {""path"": ""associativvordes/family-index-v5/members/fr/f4.json.gz"", ""family_id"": ""ety:b3c4f41f9cf4"", ""record_sha256"": ""a661ecac4ed6ee857ea1366fc66b65cd9b1953c82bed370c066e92460053bd4e""}]"	"{""lemma_id"": ""lemma:47d72bd673e226172fc3"", ""word"": ""regulares"", ""normalized"": ""regulares"", ""search_form"": ""regulares"", ""rank"": 89781, ""frequency_score"": 0.7682958808611938, ""category_breakdown"": {""subtitles"": {""ipm_values"": [0.044823], ""category_ipm"": 0.044823, ""category_score"": 0.7682958808611938}}, ""sources"": [{""id"": ""subtitles/hermit_2018_fr_full_lemmatized_ipm6_spacy_lookup_cleaned_v8.json"", ""file"": ""hermit_2018_fr_full_lemmatized_ipm6_spacy_lookup_cleaned_v8.json"", ""category"": ""subtitles"", ""ipm"": 0.044823}], ""corpus_quality"": {""status"": ""accepted"", ""reasons"": []}, ""components"": [{""surface"": ""regul"", ""canonical_candidate"": ""regul"", ""confidence"": 0.97, ""evidence"": [{""type"": ""compound_morphology"", ""source"": ""manually_verified"", ""path"": [""regulares"", ""regul"", ""regul""], ""confidence"": 0.97}, {""type"": ""verified_seed_alias"", ""source"": ""methodology_control_seed"", ""path"": [""fr"", ""regul"", ""family:regul""], ""confidence"": 1}]}]}"
fr	lemma:4839081282a891b9f5aa	réglementation	uncertain	not_admitted_candidate		aggregate_only_not_sense_frequency	"[{""path"": ""associativvordes/family-index-v5/members/fr/76.json.gz"", ""family_id"": ""surface:fr:reglementation"", ""record_sha256"": ""58cc8a0e0325501a54da6627b64f3e3a7ce63d8ea48d03a79eb20b7c639fbdac""}]"	"{""lemma_id"": ""lemma:4839081282a891b9f5aa"", ""word"": ""réglementation"", ""normalized"": ""réglementation"", ""search_form"": ""reglementation"", ""rank"": 1766, ""frequency_score"": 42.29682587664138, ""category_breakdown"": {""subtitles"": {""ipm_values"": [1.037823], ""category_ipm"": 1.037823, ""category_score"": 12.473599565320361}, ""web"": {""ipm_values"": [60.311713], ""category_ipm"": 60.311713, ""category_score"": 72.1200521879624}}, ""sources"": [{""id"": ""subtitles/hermit_2018_fr_full_lemmatized_ipm6_spacy_lookup_cleaned_v8.json"", ""file"": ""hermit_2018_fr_full_lemmatized_ipm6_spacy_lookup_cleaned_v8.json"", ""category"": ""subtitles"", ""ipm"": 1.037823}, {""id"": ""web/sorted.fr.lemma.unigrams.cleaned_recommended_min100_ipm6.json"", ""file"": ""sorted.fr.lemma.unigrams.cleaned_recommended_min100_ipm6.json"", ""category"": ""web"", ""ipm"": 60.311713}], ""corpus_quality"": {""status"": ""accepted"", ""reasons"": []}, ""components"": [{""surface"": ""reglementation"", ""canonical_candidate"": ""reglementation"", ""confidence"": 0.92, ""evidence"": [{""type"": ""morphological_parse"", ""source"": ""candidate_index"", ""path"": [""reglementation"", ""reglementation"", ""reglementation""], ""confidence"": 0.92}]}]}"
fr	lemma:49cdab29b20bcd67a157	règlerait	uncertain	not_admitted_candidate		aggregate_only_not_sense_frequency	"[{""path"": ""associativvordes/family-index-v5/members/fr/be.json.gz"", ""family_id"": ""surface:fr:ait"", ""record_sha256"": ""a28c60f68c1d46e01d34a28b309e8428bbdef4a98008db74f5db95d440686782""}, {""path"": ""associativvordes/family-index-v5/members/fr/bf.json.gz"", ""family_id"": ""ety:d082e43767db"", ""record_sha256"": ""480189706a45c1f13b01a7cd6964b670b2e90d981b3463201c5bedaeb52fb015""}]"	"{""lemma_id"": ""lemma:49cdab29b20bcd67a157"", ""word"": ""règlerait"", ""normalized"": ""règlerait"", ""search_form"": ""reglerait"", ""rank"": 55073, ""frequency_score"": 1.6337315070713145, ""category_breakdown"": {""subtitles"": {""ipm_values"": [0.110333], ""category_ipm"": 0.110333, ""category_score"": 1.833852255837675}, ""web"": {""ipm_values"": [0.085258], ""category_ipm"": 0.085258, ""category_score"": 1.433610758304954}}, ""sources"": [{""id"": ""subtitles/hermit_2018_fr_full_lemmatized_ipm6_spacy_lookup_cleaned_v8.json"", ""file"": ""hermit_2018_fr_full_lemmatized_ipm6_spacy_lookup_cleaned_v8.json"", ""category"": ""subtitles"", ""ipm"": 0.110333}, {""id"": ""web/sorted.fr.lemma.unigrams.cleaned_recommended_min100_ipm6.json"", ""file"": ""sorted.fr.lemma.unigrams.cleaned_recommended_min100_ipm6.json"", ""category"": ""web"", ""ipm"": 0.085258}], ""corpus_quality"": {""status"": ""accepted"", ""reasons"": []}, ""components"": [{""surface"": ""ait"", ""canonical_candidate"": ""ait"", ""confidence"": 0.89, ""evidence"": [{""type"": ""compound_morphology"", ""source"": ""candidate_index"", ""path"": [""reglerait"", ""ait"", ""ait""], ""confidence"": 0.89}]}]}"
fr	lemma:4a6d4f93dc82803c46f7	régolithe	uncertain	not_admitted_candidate		aggregate_only_not_sense_frequency	"[{""path"": ""associativvordes/family-index-v5/members/fr/c7.json.gz"", ""family_id"": ""ety:91104f26d289"", ""record_sha256"": ""83698c762e34a5606f0375a467d0acaa1c1883c6d904c84fbaf7fd4071f5ae82""}, {""path"": ""associativvordes/family-index-v5/members/fr/ec.json.gz"", ""family_id"": ""surface:fr:regolith"", ""record_sha256"": ""453b4f21589f7e802fd5a5d99b59a3bbcb5f7a15e447052337c1ba4da3d32e8f""}]"	"{""lemma_id"": ""lemma:4a6d4f93dc82803c46f7"", ""word"": ""régolithe"", ""normalized"": ""régolithe"", ""search_form"": ""regolithe"", ""rank"": 264607, ""frequency_score"": 0.12041700656906522, ""category_breakdown"": {""subtitles"": {""ipm_values"": [0.006896], ""category_ipm"": 0.006896, ""category_score"": 0.12041700656906522}}, ""sources"": [{""id"": ""subtitles/hermit_2018_fr_full_lemmatized_ipm6_spacy_lookup_cleaned_v8.json"", ""file"": ""hermit_2018_fr_full_lemmatized_ipm6_spacy_lookup_cleaned_v8.json"", ""category"": ""subtitles"", ""ipm"": 0.006896}], ""corpus_quality"": {""status"": ""accepted"", ""reasons"": []}, ""components"": [{""surface"": ""the"", ""canonical_candidate"": ""the"", ""confidence"": 0.89, ""evidence"": [{""type"": ""compound_morphology"", ""source"": ""candidate_index"", ""path"": [""regolithe"", ""the"", ""the""], ""confidence"": 0.89}]}]}"
fr	lemma:4b4a2442005b2145abd6	réguliérement	uncertain	withheld_historical_uncertain		aggregate_only_not_sense_frequency	"[{""path"": ""associativvordes/family-index-v5/members/fr/40.json.gz"", ""family_id"": ""family:regul"", ""record_sha256"": ""91df9680934deb649c95fbefd34fb9470f492adca1ddb25bca7bcf7d703bb371""}]"	"{""lemma_id"": ""lemma:4b4a2442005b2145abd6"", ""word"": ""réguliérement"", ""normalized"": ""réguliérement"", ""search_form"": ""regulierement"", ""rank"": 51379, ""frequency_score"": 2.666272584000554, ""category_breakdown"": {""subtitles"": {""ipm_values"": [0.027583], ""category_ipm"": 0.027583, ""category_score"": 0.4767639217120168}, ""web"": {""ipm_values"": [0.319331], ""category_ipm"": 0.319331, ""category_score"": 4.855781246289091}}, ""sources"": [{""id"": ""subtitles/hermit_2018_fr_full_lemmatized_ipm6_spacy_lookup_cleaned_v8.json"", ""file"": ""hermit_2018_fr_full_lemmatized_ipm6_spacy_lookup_cleaned_v8.json"", ""category"": ""subtitles"", ""ipm"": 0.027583}, {""id"": ""web/sorted.fr.lemma.unigrams.cleaned_recommended_min100_ipm6.json"", ""file"": ""sorted.fr.lemma.unigrams.cleaned_recommended_min100_ipm6.json"", ""category"": ""web"", ""ipm"": 0.319331}], ""corpus_quality"": {""status"": ""accepted"", ""reasons"": []}, ""components"": [{""surface"": ""regul"", ""canonical_candidate"": ""regul"", ""confidence"": 0.97, ""evidence"": [{""type"": ""compound_morphology"", ""source"": ""manually_verified"", ""path"": [""regulierement"", ""regul"", ""regul""], ""confidence"": 0.97}, {""type"": ""verified_seed_alias"", ""source"": ""methodology_control_seed"", ""path"": [""fr"", ""regul"", ""family:regul""], ""confidence"": 1}]}]}"
fr	lemma:4b9ce12ba88b8b3fd2dd	règlerai	uncertain	not_admitted_candidate		aggregate_only_not_sense_frequency	"[{""path"": ""associativvordes/family-index-v5/members/fr/cf.json.gz"", ""family_id"": ""surface:fr:reglerai"", ""record_sha256"": ""2a6e78381919173f0d62cb2f8efa9f4091294ea835ca4843ee0d0ad462ba05ce""}]"	"{""lemma_id"": ""lemma:4b9ce12ba88b8b3fd2dd"", ""word"": ""règlerai"", ""normalized"": ""règlerai"", ""search_form"": ""reglerai"", ""rank"": 40110, ""frequency_score"": 3.2947387640654893, ""category_breakdown"": {""subtitles"": {""ipm_values"": [0.206875], ""category_ipm"": 0.206875, ""category_score"": 3.2947387640654893}}, ""sources"": [{""id"": ""subtitles/hermit_2018_fr_full_lemmatized_ipm6_spacy_lookup_cleaned_v8.json"", ""file"": ""hermit_2018_fr_full_lemmatized_ipm6_spacy_lookup_cleaned_v8.json"", ""category"": ""subtitles"", ""ipm"": 0.206875}], ""corpus_quality"": {""status"": ""accepted"", ""reasons"": []}, ""components"": [{""surface"": ""reglerai"", ""canonical_candidate"": ""reglerai"", ""confidence"": 0.92, ""evidence"": [{""type"": ""morphological_parse"", ""source"": ""candidate_index"", ""path"": [""reglerai"", ""reglerai"", ""reglerai""], ""confidence"": 0.92}]}]}"
fr	lemma:4d3f027a041d7a4feb53	régul	uncertain	withheld_historical_uncertain		aggregate_only_not_sense_frequency	"[{""path"": ""associativvordes/family-index-v5/members/fr/40.json.gz"", ""family_id"": ""family:regul"", ""record_sha256"": ""c784e55fb6d1c7ec6cf2a6a7103036af63909806ffc502508ca16df3c5c66ff8""}]"	"{""lemma_id"": ""lemma:4d3f027a041d7a4feb53"", ""word"": ""régul"", ""normalized"": ""régul"", ""search_form"": ""regul"", ""rank"": 89870, ""frequency_score"": 0.7682958808611938, ""category_breakdown"": {""subtitles"": {""ipm_values"": [0.044823], ""category_ipm"": 0.044823, ""category_score"": 0.7682958808611938}}, ""sources"": [{""id"": ""subtitles/hermit_2018_fr_full_lemmatized_ipm6_spacy_lookup_cleaned_v8.json"", ""file"": ""hermit_2018_fr_full_lemmatized_ipm6_spacy_lookup_cleaned_v8.json"", ""category"": ""subtitles"", ""ipm"": 0.044823}], ""corpus_quality"": {""status"": ""accepted"", ""reasons"": []}, ""components"": [{""surface"": ""regul"", ""canonical_candidate"": ""regul"", ""confidence"": 1, ""evidence"": [{""type"": ""morphological_parse"", ""source"": ""manually_verified"", ""path"": [""regul"", ""regul"", ""regul""], ""confidence"": 1}, {""type"": ""verified_seed_alias"", ""source"": ""methodology_control_seed"", ""path"": [""fr"", ""regul"", ""family:regul""], ""confidence"": 1}]}]}"
fr	lemma:4eafaf3a6bdc48158997	régulière	accepted	accepted	régulier	aggregate_only_not_sense_frequency	"[{""path"": ""associativvordes/family-index-v5/members/fr/40.json.gz"", ""family_id"": ""family:regul"", ""record_sha256"": ""ef24cbe14eba41d0e500b47b29d1fc7b6a3e1ff3c68c50727ff5806a4115eabb""}]"	"{""lemma_id"": ""lemma:4eafaf3a6bdc48158997"", ""word"": ""régulière"", ""normalized"": ""régulière"", ""search_form"": ""reguliere"", ""rank"": 10347, ""frequency_score"": 16.11090312438432, ""category_breakdown"": {""subtitles"": {""ipm_values"": [2.730751], ""category_ipm"": 2.730751, ""category_score"": 23.06963581909972}, ""web"": {""ipm_values"": [0.685942], ""category_ipm"": 0.685942, ""category_score"": 9.152170429668915}}, ""sources"": [{""id"": ""subtitles/hermit_2018_fr_full_lemmatized_ipm6_spacy_lookup_cleaned_v8.json"", ""file"": ""hermit_2018_fr_full_lemmatized_ipm6_spacy_lookup_cleaned_v8.json"", ""category"": ""subtitles"", ""ipm"": 2.730751}, {""id"": ""web/sorted.fr.lemma.unigrams.cleaned_recommended_min100_ipm6.json"", ""file"": ""sorted.fr.lemma.unigrams.cleaned_recommended_min100_ipm6.json"", ""category"": ""web"", ""ipm"": 0.685942}], ""corpus_quality"": {""status"": ""accepted"", ""reasons"": []}, ""components"": [{""surface"": ""regul"", ""canonical_candidate"": ""regul"", ""confidence"": 0.97, ""evidence"": [{""type"": ""compound_morphology"", ""source"": ""manually_verified"", ""path"": [""reguliere"", ""regul"", ""regul""], ""confidence"": 0.97}, {""type"": ""verified_seed_alias"", ""source"": ""methodology_control_seed"", ""path"": [""fr"", ""regul"", ""family:regul""], ""confidence"": 1}]}]}"
fr	lemma:50a4e665fa66248e57ec	reguliersgracht	uncertain	withheld_historical_uncertain		aggregate_only_not_sense_frequency	"[{""path"": ""associativvordes/family-index-v5/members/fr/40.json.gz"", ""family_id"": ""family:regul"", ""record_sha256"": ""a46b76ea0811f9bdfb61c3a9dda70a412f57de29a69889ba0577cf1a822da6c7""}, {""path"": ""associativvordes/family-index-v5/members/fr/69.json.gz"", ""family_id"": ""surface:fr:regulier"", ""record_sha256"": ""96f95aa6befc59a5209eca5b9485f4dd5e648e881e9cb1940d02d4014a2952a5""}, {""path"": ""associativvordes/family-index-v5/members/fr/8c.json.gz"", ""family_id"": ""surface:fr:gra"", ""record_sha256"": ""9ff003b0db7ff34dccc18f9330c2bc0c067c95bbf2d3752e39238e59d21096b5""}, {""path"": ""associativvordes/family-index-v5/members/fr/9d.json.gz"", ""family_id"": ""surface:fr:liers"", ""record_sha256"": ""1ff723457bcce0ec5a8fbc4aef2724aa5bb06424fa1bb4976b60ba4fa6a344d8""}, {""path"": ""associativvordes/family-index-v5/members/fr/e4.json.gz"", ""family_id"": ""surface:fr:acht"", ""record_sha256"": ""fd6586ab2e18a4715ecfbbdbcf54fadf1a97774a33d20599675c8630543d86c0""}]"	"{""lemma_id"": ""lemma:50a4e665fa66248e57ec"", ""word"": ""reguliersgracht"", ""normalized"": ""reguliersgracht"", ""search_form"": ""reguliersgracht"", ""rank"": 454973, ""frequency_score"": 0.06031194627701871, ""category_breakdown"": {""subtitles"": {""ipm_values"": [0.003448], ""category_ipm"": 0.003448, ""category_score"": 0.06031194627701871}}, ""sources"": [{""id"": ""subtitles/hermit_2018_fr_full_lemmatized_ipm6_spacy_lookup_cleaned_v8.json"", ""file"": ""hermit_2018_fr_full_lemmatized_ipm6_spacy_lookup_cleaned_v8.json"", ""category"": ""subtitles"", ""ipm"": 0.003448}], ""corpus_quality"": {""status"": ""accepted"", ""reasons"": []}, ""components"": [{""surface"": ""regul"", ""canonical_candidate"": ""regul"", ""confidence"": 0.97, ""evidence"": [{""type"": ""compound_morphology"", ""source"": ""manually_verified"", ""path"": [""reguliersgracht"", ""regul"", ""regul""], ""confidence"": 0.97}, {""type"": ""verified_seed_alias"", ""source"": ""methodology_control_seed"", ""path"": [""fr"", ""regul"", ""family:regul""], ""confidence"": 1}]}]}"
fr	lemma:51e2c1640979353cbee1	regulier	uncertain	withheld_historical_uncertain		aggregate_only_not_sense_frequency	"[{""path"": ""associativvordes/family-index-v5/members/fr/40.json.gz"", ""family_id"": ""family:regul"", ""record_sha256"": ""ae26f63743405fecd98e9e97a43def52766b5a845743aaf9c1ffe59b2ba27eda""}]"	"{""lemma_id"": ""lemma:51e2c1640979353cbee1"", ""word"": ""regulier"", ""normalized"": ""regulier"", ""search_form"": ""regulier"", ""rank"": 60231, ""frequency_score"": 2.3159469668281525, ""category_breakdown"": {""subtitles"": {""ipm_values"": [0.048271], ""category_ipm"": 0.048271, ""category_score"": 0.826024696740729}, ""web"": {""ipm_values"": [0.242599], ""category_ipm"": 0.242599, ""category_score"": 3.805869236915576}}, ""sources"": [{""id"": ""subtitles/hermit_2018_fr_full_lemmatized_ipm6_spacy_lookup_cleaned_v8.json"", ""file"": ""hermit_2018_fr_full_lemmatized_ipm6_spacy_lookup_cleaned_v8.json"", ""category"": ""subtitles"", ""ipm"": 0.048271}, {""id"": ""web/sorted.fr.lemma.unigrams.cleaned_recommended_min100_ipm6.json"", ""file"": ""sorted.fr.lemma.unigrams.cleaned_recommended_min100_ipm6.json"", ""category"": ""web"", ""ipm"": 0.242599}], ""corpus_quality"": {""status"": ""accepted"", ""reasons"": []}, ""components"": [{""surface"": ""regul"", ""canonical_candidate"": ""regul"", ""confidence"": 0.97, ""evidence"": [{""type"": ""compound_morphology"", ""source"": ""manually_verified"", ""path"": [""regulier"", ""regul"", ""regul""], ""confidence"": 0.97}, {""type"": ""verified_seed_alias"", ""source"": ""methodology_control_seed"", ""path"": [""fr"", ""regul"", ""family:regul""], ""confidence"": 1}]}]}"
fr	lemma:5559a53f835276d04d60	regulie	uncertain	not_admitted_candidate		aggregate_only_not_sense_frequency	"[{""path"": ""associativvordes/family-index-v5/members/fr/2a.json.gz"", ""family_id"": ""ety:00914ab8b189"", ""record_sha256"": ""c9c015b6113f38b001d566fac0eb4c97ebb4008e26c0ad8a25091b4ba336c4a2""}, {""path"": ""associativvordes/family-index-v5/members/fr/5e.json.gz"", ""family_id"": ""surface:fr:reguli"", ""record_sha256"": ""8995a433d56dc6d09b5318fd8063e146b65ca05170497d472285b556c3b8e762""}]"	"{""lemma_id"": ""lemma:5559a53f835276d04d60"", ""word"": ""regulie"", ""normalized"": ""regulie"", ""search_form"": ""regulie"", ""rank"": 454969, ""frequency_score"": 0.06031194627701871, ""category_breakdown"": {""subtitles"": {""ipm_values"": [0.003448], ""category_ipm"": 0.003448, ""category_score"": 0.06031194627701871}}, ""sources"": [{""id"": ""subtitles/hermit_2018_fr_full_lemmatized_ipm6_spacy_lookup_cleaned_v8.json"", ""file"": ""hermit_2018_fr_full_lemmatized_ipm6_spacy_lookup_cleaned_v8.json"", ""category"": ""subtitles"", ""ipm"": 0.003448}], ""corpus_quality"": {""status"": ""accepted"", ""reasons"": []}, ""components"": [{""surface"": ""lie"", ""canonical_candidate"": ""lie"", ""confidence"": 0.89, ""evidence"": [{""type"": ""compound_morphology"", ""source"": ""candidate_index"", ""path"": [""regulie"", ""lie"", ""lie""], ""confidence"": 0.89}]}]}"
fr	lemma:55d9e4f4ee97fed5c5d5	regulierements	uncertain	withheld_historical_uncertain		aggregate_only_not_sense_frequency	"[{""path"": ""associativvordes/family-index-v5/members/fr/08.json.gz"", ""family_id"": ""surface:fr:regulierement"", ""record_sha256"": ""c179dbb735ac60a60eb26fa43a757af3af139185aea391a9df5d96e6a002feed""}, {""path"": ""associativvordes/family-index-v5/members/fr/40.json.gz"", ""family_id"": ""family:regul"", ""record_sha256"": ""b527c016530df7c34452c9673ba6787c5abbd714443f3f71765aba1a45a7ae93""}, {""path"": ""associativvordes/family-index-v5/members/fr/9b.json.gz"", ""family_id"": ""surface:fr:nts"", ""record_sha256"": ""23bf33e5e8a8deef7936c6275848ba35ee41eb91bcbd06d28748415e135a22c2""}]"	"{""lemma_id"": ""lemma:55d9e4f4ee97fed5c5d5"", ""word"": ""regulierements"", ""normalized"": ""regulierements"", ""search_form"": ""regulierements"", ""rank"": 454970, ""frequency_score"": 0.06031194627701871, ""category_breakdown"": {""subtitles"": {""ipm_values"": [0.003448], ""category_ipm"": 0.003448, ""category_score"": 0.06031194627701871}}, ""sources"": [{""id"": ""subtitles/hermit_2018_fr_full_lemmatized_ipm6_spacy_lookup_cleaned_v8.json"", ""file"": ""hermit_2018_fr_full_lemmatized_ipm6_spacy_lookup_cleaned_v8.json"", ""category"": ""subtitles"", ""ipm"": 0.003448}], ""corpus_quality"": {""status"": ""accepted"", ""reasons"": []}, ""components"": [{""surface"": ""regulierement"", ""canonical_candidate"": ""regulierement"", ""confidence"": 0.92, ""evidence"": [{""type"": ""morphological_parse"", ""source"": ""candidate_index"", ""path"": [""regulierements"", ""regulierement"", ""regulierement""], ""confidence"": 0.92}]}]}"
fr	lemma:58ddcd3bdd5a3f32fc23	regulations	uncertain	withheld_historical_uncertain		aggregate_only_not_sense_frequency	"[{""path"": ""associativvordes/family-index-v5/members/fr/40.json.gz"", ""family_id"": ""family:regul"", ""record_sha256"": ""33e02e056f1483d7434e0e0d5120032d5f6d18fb5661955369f64b0d6b275b97""}, {""path"": ""associativvordes/family-index-v5/members/fr/78.json.gz"", ""family_id"": ""surface:fr:regulation"", ""record_sha256"": ""86bc21e31fd94931d32f9bdfbfaae0746a06bb1237fc91bb94b96773cabd1372""}]"	"{""lemma_id"": ""lemma:58ddcd3bdd5a3f32fc23"", ""word"": ""regulations"", ""normalized"": ""regulations"", ""search_form"": ""regulations"", ""rank"": 73992, ""frequency_score"": 1.4095364673587791, ""category_breakdown"": {""subtitles"": {""ipm_values"": [0.003448], ""category_ipm"": 0.003448, ""category_score"": 0.06031194627701871}, ""web"": {""ipm_values"": [0.170517], ""category_ipm"": 0.170517, ""category_score"": 2.7587609884405397}}, ""sources"": [{""id"": ""subtitles/hermit_2018_fr_full_lemmatized_ipm6_spacy_lookup_cleaned_v8.json"", ""file"": ""hermit_2018_fr_full_lemmatized_ipm6_spacy_lookup_cleaned_v8.json"", ""category"": ""subtitles"", ""ipm"": 0.003448}, {""id"": ""web/sorted.fr.lemma.unigrams.cleaned_recommended_min100_ipm6.json"", ""file"": ""sorted.fr.lemma.unigrams.cleaned_recommended_min100_ipm6.json"", ""category"": ""web"", ""ipm"": 0.170517}], ""corpus_quality"": {""status"": ""accepted"", ""reasons"": []}, ""components"": [{""surface"": ""regul"", ""canonical_candidate"": ""regul"", ""confidence"": 1, ""evidence"": [{""type"": ""compound_morphology"", ""source"": ""manually_verified"", ""path"": [""regulations"", ""regul"", ""regul""], ""confidence"": 1}, {""type"": ""verified_seed_alias"", ""source"": ""methodology_control_seed"", ""path"": [""fr"", ""regul"", ""family:regul""], ""confidence"": 1}]}]}"
fr	lemma:58eb73fbb493dee9f23c	régulans	uncertain	withheld_historical_uncertain		aggregate_only_not_sense_frequency	"[{""path"": ""associativvordes/family-index-v5/members/fr/40.json.gz"", ""family_id"": ""family:regul"", ""record_sha256"": ""3439c525ba754e20116ab714061c3fcfd9c7dab69bc64a87b4a6187a1a6a9aeb""}, {""path"": ""associativvordes/family-index-v5/members/fr/78.json.gz"", ""family_id"": ""surface:fr:regulan"", ""record_sha256"": ""b4ca5b52411a8d3e1f7265e8a1db5a1110212a0845e4dcef3798b11c2b674681""}, {""path"": ""associativvordes/family-index-v5/members/fr/e4.json.gz"", ""family_id"": ""ety:989286a61155"", ""record_sha256"": ""1f51159b88d7ddbca8739f706df84bd6b99e56e6355455eaaf9e08deea8ee1f4""}]"	"{""lemma_id"": ""lemma:58eb73fbb493dee9f23c"", ""word"": ""régulans"", ""normalized"": ""régulans"", ""search_form"": ""regulans"", ""rank"": 462690, ""frequency_score"": 0.06031194627701871, ""category_breakdown"": {""subtitles"": {""ipm_values"": [0.003448], ""category_ipm"": 0.003448, ""category_score"": 0.06031194627701871}}, ""sources"": [{""id"": ""subtitles/hermit_2018_fr_full_lemmatized_ipm6_spacy_lookup_cleaned_v8.json"", ""file"": ""hermit_2018_fr_full_lemmatized_ipm6_spacy_lookup_cleaned_v8.json"", ""category"": ""subtitles"", ""ipm"": 0.003448}], ""corpus_quality"": {""status"": ""accepted"", ""reasons"": []}, ""components"": [{""surface"": ""regul"", ""canonical_candidate"": ""regul"", ""confidence"": 0.97, ""evidence"": [{""type"": ""compound_morphology"", ""source"": ""manually_verified"", ""path"": [""regulans"", ""regul"", ""regul""], ""confidence"": 0.97}, {""type"": ""verified_seed_alias"", ""source"": ""methodology_control_seed"", ""path"": [""fr"", ""regul"", ""family:regul""], ""confidence"": 1}]}]}"
fr	lemma:59e8a5de8d92c150d43c	régulus	excluded	not_admitted_candidate		aggregate_only_not_sense_frequency	"[{""path"": ""associativvordes/family-index-v5/members/fr/42.json.gz"", ""family_id"": ""surface:fr:regulu"", ""record_sha256"": ""111faa28ed956c10a973b88589b0dfe7135683421683c85a590b4a71c42fbe30""}, {""path"": ""associativvordes/family-index-v5/members/fr/a0.json.gz"", ""family_id"": ""surface:fr:lus"", ""record_sha256"": ""1e4e69c868da41ee2f124070b372fb16fab0e698cda2d577dcccadd36eff4d91""}]"	"{""lemma_id"": ""lemma:59e8a5de8d92c150d43c"", ""word"": ""régulus"", ""normalized"": ""régulus"", ""search_form"": ""regulus"", ""rank"": 204341, ""frequency_score"": 0.18031659537310277, ""category_breakdown"": {""subtitles"": {""ipm_values"": [0.010344], ""category_ipm"": 0.010344, ""category_score"": 0.18031659537310277}}, ""sources"": [{""id"": ""subtitles/hermit_2018_fr_full_lemmatized_ipm6_spacy_lookup_cleaned_v8.json"", ""file"": ""hermit_2018_fr_full_lemmatized_ipm6_spacy_lookup_cleaned_v8.json"", ""category"": ""subtitles"", ""ipm"": 0.010344}], ""corpus_quality"": {""status"": ""accepted"", ""reasons"": []}, ""components"": [{""surface"": ""regulu"", ""canonical_candidate"": ""regulu"", ""confidence"": 0.92, ""evidence"": [{""type"": ""morphological_parse"", ""source"": ""candidate_index"", ""path"": [""regulus"", ""regulu"", ""regulu""], ""confidence"": 0.92}]}]}"
fr	lemma:5a43e881c659b7318a63	irrégularité	accepted	accepted	régularité	aggregate_only_not_sense_frequency	"[{""path"": ""associativvordes/family-index-v5/members/fr/c7.json.gz"", ""family_id"": ""surface:fr:irregularite"", ""record_sha256"": ""237b5ebc0f8787c5e7fdbb2cd2e3a157a4fd89e7b096ef543e1dddd611d23bf1""}]"	"{""lemma_id"": ""lemma:5a43e881c659b7318a63"", ""word"": ""irrégularité"", ""normalized"": ""irrégularité"", ""search_form"": ""irregularite"", ""rank"": 10234, ""frequency_score"": 22.160582045792985, ""category_breakdown"": {""subtitles"": {""ipm_values"": [1.27573], ""category_ipm"": 1.27573, ""category_score"": 14.408358028969696}, ""web"": {""ipm_values"": [4.513264], ""category_ipm"": 4.513264, ""category_score"": 29.912806062616276}}, ""sources"": [{""id"": ""subtitles/hermit_2018_fr_full_lemmatized_ipm6_spacy_lookup_cleaned_v8.json"", ""file"": ""hermit_2018_fr_full_lemmatized_ipm6_spacy_lookup_cleaned_v8.json"", ""category"": ""subtitles"", ""ipm"": 1.27573}, {""id"": ""web/sorted.fr.lemma.unigrams.cleaned_recommended_min100_ipm6.json"", ""file"": ""sorted.fr.lemma.unigrams.cleaned_recommended_min100_ipm6.json"", ""category"": ""web"", ""ipm"": 4.513264}], ""corpus_quality"": {""status"": ""accepted"", ""reasons"": []}, ""components"": [{""surface"": ""irregularite"", ""canonical_candidate"": ""irregularite"", ""confidence"": 0.92, ""evidence"": [{""type"": ""morphological_parse"", ""source"": ""candidate_index"", ""path"": [""irregularite"", ""irregularite"", ""irregularite""], ""confidence"": 0.92}]}]}"
fr	lemma:5b8006d6de72c998c6f6	règl	uncertain	not_admitted_candidate		aggregate_only_not_sense_frequency	"[{""path"": ""associativvordes/family-index-v5/members/fr/42.json.gz"", ""family_id"": ""surface:fr:regl"", ""record_sha256"": ""76ecac813870bba9b94007ae43df31c814ac9f5709c1bb722c7aa90f674261fe""}]"	"{""lemma_id"": ""lemma:5b8006d6de72c998c6f6"", ""word"": ""règl"", ""normalized"": ""règl"", ""search_form"": ""regl"", ""rank"": 112701, ""frequency_score"": 1.433610758304954, ""category_breakdown"": {""web"": {""ipm_values"": [0.085258], ""category_ipm"": 0.085258, ""category_score"": 1.433610758304954}}, ""sources"": [{""id"": ""web/sorted.fr.lemma.unigrams.cleaned_recommended_min100_ipm6.json"", ""file"": ""sorted.fr.lemma.unigrams.cleaned_recommended_min100_ipm6.json"", ""category"": ""web"", ""ipm"": 0.085258}], ""corpus_quality"": {""status"": ""accepted"", ""reasons"": []}, ""components"": [{""surface"": ""regl"", ""canonical_candidate"": ""regl"", ""confidence"": 0.92, ""evidence"": [{""type"": ""morphological_parse"", ""source"": ""candidate_index"", ""path"": [""regl"", ""regl"", ""regl""], ""confidence"": 0.92}]}]}"
fr	lemma:5c2795ecd2b95b34680f	regularisation	uncertain	withheld_historical_uncertain		aggregate_only_not_sense_frequency	"[{""path"": ""associativvordes/family-index-v5/members/fr/40.json.gz"", ""family_id"": ""family:regul"", ""record_sha256"": ""a6f28253051724cdb5ef339e44b1d1ac0e1efe11d34601b7d699d679056bffd6""}, {""path"": ""associativvordes/family-index-v5/members/fr/41.json.gz"", ""family_id"": ""surface:fr:regularisat"", ""record_sha256"": ""dfef9a1b366079d5c472f586be8249aba24134a24fbb6c8c26e8237c6909e813""}, {""path"": ""associativvordes/family-index-v5/members/fr/e5.json.gz"", ""family_id"": ""surface:fr:isation"", ""record_sha256"": ""e18a8e2baffd115fd3d996c95b852636b30130d85797d97cb110397723087ddc""}]"	"{""lemma_id"": ""lemma:5c2795ecd2b95b34680f"", ""word"": ""regularisation"", ""normalized"": ""regularisation"", ""search_form"": ""regularisation"", ""rank"": 71310, ""frequency_score"": 1.4903791095838348, ""category_breakdown"": {""subtitles"": {""ipm_values"": [0.003448], ""category_ipm"": 0.003448, ""category_score"": 0.06031194627701871}, ""web"": {""ipm_values"": [0.181368], ""category_ipm"": 0.181368, ""category_score"": 2.920446272890651}}, ""sources"": [{""id"": ""subtitles/hermit_2018_fr_full_lemmatized_ipm6_spacy_lookup_cleaned_v8.json"", ""file"": ""hermit_2018_fr_full_lemmatized_ipm6_spacy_lookup_cleaned_v8.json"", ""category"": ""subtitles"", ""ipm"": 0.003448}, {""id"": ""web/sorted.fr.lemma.unigrams.cleaned_recommended_min100_ipm6.json"", ""file"": ""sorted.fr.lemma.unigrams.cleaned_recommended_min100_ipm6.json"", ""category"": ""web"", ""ipm"": 0.181368}], ""corpus_quality"": {""status"": ""accepted"", ""reasons"": []}, ""components"": [{""surface"": ""regul"", ""canonical_candidate"": ""regul"", ""confidence"": 0.97, ""evidence"": [{""type"": ""compound_morphology"", ""source"": ""manually_verified"", ""path"": [""regularisation"", ""regul"", ""regul""], ""confidence"": 0.97}, {""type"": ""verified_seed_alias"", ""source"": ""methodology_control_seed"", ""path"": [""fr"", ""regul"", ""family:regul""], ""confidence"": 1}]}]}"
fr	lemma:5d9d888eeeb8674f20ed	réglementaire	uncertain	not_admitted_candidate		aggregate_only_not_sense_frequency	"[{""path"": ""associativvordes/family-index-v5/members/fr/4e.json.gz"", ""family_id"": ""surface:fr:reglementaire"", ""record_sha256"": ""a2f817a55b7386ea2b34ef51fed6b8284b83dabf78e102456202eec71c9a22dc""}]"	"{""lemma_id"": ""lemma:5d9d888eeeb8674f20ed"", ""word"": ""réglementaire"", ""normalized"": ""réglementaire"", ""search_form"": ""reglementaire"", ""rank"": 2112, ""frequency_score"": 41.619454563010756, ""category_breakdown"": {""subtitles"": {""ipm_values"": [1.282625], ""category_ipm"": 1.282625, ""category_score"": 14.46136587894324}, ""web"": {""ipm_values"": [49.663728], ""category_ipm"": 49.663728, ""category_score"": 68.77754324707827}}, ""sources"": [{""id"": ""subtitles/hermit_2018_fr_full_lemmatized_ipm6_spacy_lookup_cleaned_v8.json"", ""file"": ""hermit_2018_fr_full_lemmatized_ipm6_spacy_lookup_cleaned_v8.json"", ""category"": ""subtitles"", ""ipm"": 1.282625}, {""id"": ""web/sorted.fr.lemma.unigrams.cleaned_recommended_min100_ipm6.json"", ""file"": ""sorted.fr.lemma.unigrams.cleaned_recommended_min100_ipm6.json"", ""category"": ""web"", ""ipm"": 49.663728}], ""corpus_quality"": {""status"": ""accepted"", ""reasons"": []}, ""components"": [{""surface"": ""reglementaire"", ""canonical_candidate"": ""reglementaire"", ""confidence"": 0.92, ""evidence"": [{""type"": ""morphological_parse"", ""source"": ""candidate_index"", ""path"": [""reglementaire"", ""reglementaire"", ""reglementaire""], ""confidence"": 0.92}]}]}"
fr	lemma:5ea076f33196fef87af3	irreguliers	uncertain	not_admitted_candidate		aggregate_only_not_sense_frequency	"[{""path"": ""associativvordes/family-index-v5/members/fr/89.json.gz"", ""family_id"": ""ety:497370be6193"", ""record_sha256"": ""3c6ef50cbb1bb15ef661c36c7b00e89c0d0b818b6527e80fc5cf723d97a6d92a""}, {""path"": ""associativvordes/family-index-v5/members/fr/9d.json.gz"", ""family_id"": ""surface:fr:liers"", ""record_sha256"": ""e75e86904a600fa8030b124c16fe09f1d46b1f2e86afc03c81edd4f15876c2fc""}, {""path"": ""associativvordes/family-index-v5/members/fr/f6.json.gz"", ""family_id"": ""ety:2d5b2d125fa9"", ""record_sha256"": ""3c6ef50cbb1bb15ef661c36c7b00e89c0d0b818b6527e80fc5cf723d97a6d92a""}]"	"{""lemma_id"": ""lemma:5ea076f33196fef87af3"", ""word"": ""irreguliers"", ""normalized"": ""irreguliers"", ""search_form"": ""irreguliers"", ""rank"": 192855, ""frequency_score"": 0.18031659537310277, ""category_breakdown"": {""subtitles"": {""ipm_values"": [0.010344], ""category_ipm"": 0.010344, ""category_score"": 0.18031659537310277}}, ""sources"": [{""id"": ""subtitles/hermit_2018_fr_full_lemmatized_ipm6_spacy_lookup_cleaned_v8.json"", ""file"": ""hermit_2018_fr_full_lemmatized_ipm6_spacy_lookup_cleaned_v8.json"", ""category"": ""subtitles"", ""ipm"": 0.010344}], ""corpus_quality"": {""status"": ""accepted"", ""reasons"": []}, ""components"": [{""surface"": ""irregulier"", ""canonical_candidate"": ""irregulier"", ""confidence"": 0.92, ""evidence"": [{""type"": ""morphological_parse"", ""source"": ""candidate_index"", ""path"": [""irreguliers"", ""irregulier"", ""irregulier""], ""confidence"": 0.92}]}]}"
fr	lemma:61844c1a0152ba371a91	regular	uncertain	not_admitted_candidate		aggregate_only_not_sense_frequency	"[{""path"": ""associativvordes/family-index-v5/members/fr/5c.json.gz"", ""family_id"": ""surface:fr:regular"", ""record_sha256"": ""cdf798af54d240604ed3dc90c7e3102cda7f3b534637a319547eb5d252fecaef""}]"	"{""lemma_id"": ""lemma:61844c1a0152ba371a91"", ""word"": ""regular"", ""normalized"": ""regular"", ""search_form"": ""regular"", ""rank"": 41222, ""frequency_score"": 4.051503011908458, ""category_breakdown"": {""subtitles"": {""ipm_values"": [0.08275], ""category_ipm"": 0.08275, ""category_score"": 1.3930710539039748}, ""web"": {""ipm_values"": [0.466595], ""category_ipm"": 0.466595, ""category_score"": 6.70993496991294}}, ""sources"": [{""id"": ""subtitles/hermit_2018_fr_full_lemmatized_ipm6_spacy_lookup_cleaned_v8.json"", ""file"": ""hermit_2018_fr_full_lemmatized_ipm6_spacy_lookup_cleaned_v8.json"", ""category"": ""subtitles"", ""ipm"": 0.08275}, {""id"": ""web/sorted.fr.lemma.unigrams.cleaned_recommended_min100_ipm6.json"", ""file"": ""sorted.fr.lemma.unigrams.cleaned_recommended_min100_ipm6.json"", ""category"": ""web"", ""ipm"": 0.466595}], ""corpus_quality"": {""status"": ""accepted"", ""reasons"": []}, ""components"": [{""surface"": ""regular"", ""canonical_candidate"": ""regular"", ""confidence"": 0.92, ""evidence"": [{""type"": ""morphological_parse"", ""source"": ""candidate_index"", ""path"": [""regular"", ""regular"", ""regular""], ""confidence"": 0.92}]}]}"
fr	lemma:619e0b13c9d22a2a592c	règlel	uncertain	not_admitted_candidate		aggregate_only_not_sense_frequency	"[{""path"": ""associativvordes/family-index-v5/members/fr/7d.json.gz"", ""family_id"": ""surface:fr:lel"", ""record_sha256"": ""836cf87a40fcc71340727a565e98c920a37fe6854a976b4b3f00bc06b0209a2f""}, {""path"": ""associativvordes/family-index-v5/members/fr/9a.json.gz"", ""family_id"": ""surface:fr:reg"", ""record_sha256"": ""9c8c9879b9fe148c3d52799cfa2a829737c6bec6423a5e35d22ff61f9f9b79e1""}]"	"{""lemma_id"": ""lemma:619e0b13c9d22a2a592c"", ""word"": ""règlel"", ""normalized"": ""règlel"", ""search_form"": ""reglel"", ""rank"": 461954, ""frequency_score"": 0.06031194627701871, ""category_breakdown"": {""subtitles"": {""ipm_values"": [0.003448], ""category_ipm"": 0.003448, ""category_score"": 0.06031194627701871}}, ""sources"": [{""id"": ""subtitles/hermit_2018_fr_full_lemmatized_ipm6_spacy_lookup_cleaned_v8.json"", ""file"": ""hermit_2018_fr_full_lemmatized_ipm6_spacy_lookup_cleaned_v8.json"", ""category"": ""subtitles"", ""ipm"": 0.003448}], ""corpus_quality"": {""status"": ""accepted"", ""reasons"": []}, ""components"": [{""surface"": ""lel"", ""canonical_candidate"": ""lel"", ""confidence"": 0.89, ""evidence"": [{""type"": ""compound_morphology"", ""source"": ""candidate_index"", ""path"": [""reglel"", ""lel"", ""lel""], ""confidence"": 0.89}]}]}"
fr	lemma:61ca334fcd7e3c1d4da1	régulièrement	accepted	accepted	régulier	aggregate_only_not_sense_frequency	"[{""path"": ""associativvordes/family-index-v5/members/fr/40.json.gz"", ""family_id"": ""family:regul"", ""record_sha256"": ""c235203c39891035a264c16c1acbafaef4c4a3add5265bc61e68f106d4607e8e""}]"	"{""lemma_id"": ""lemma:61ca334fcd7e3c1d4da1"", ""word"": ""régulièrement"", ""normalized"": ""régulièrement"", ""search_form"": ""regulierement"", ""rank"": 1517, ""frequency_score"": 56.60415072380231, ""category_breakdown"": {""subtitles"": {""ipm_values"": [7.737127], ""category_ipm"": 7.737127, ""category_score"": 37.98036688515904}, ""web"": {""ipm_values"": [72.21067], ""category_ipm"": 72.21067, ""category_score"": 75.22793456244558}}, ""sources"": [{""id"": ""subtitles/hermit_2018_fr_full_lemmatized_ipm6_spacy_lookup_cleaned_v8.json"", ""file"": ""hermit_2018_fr_full_lemmatized_ipm6_spacy_lookup_cleaned_v8.json"", ""category"": ""subtitles"", ""ipm"": 7.737127}, {""id"": ""web/sorted.fr.lemma.unigrams.cleaned_recommended_min100_ipm6.json"", ""file"": ""sorted.fr.lemma.unigrams.cleaned_recommended_min100_ipm6.json"", ""category"": ""web"", ""ipm"": 72.21067}], ""corpus_quality"": {""status"": ""accepted"", ""reasons"": []}, ""components"": [{""surface"": ""regul"", ""canonical_candidate"": ""regul"", ""confidence"": 0.97, ""evidence"": [{""type"": ""compound_morphology"", ""source"": ""manually_verified"", ""path"": [""regulierement"", ""regul"", ""regul""], ""confidence"": 0.97}, {""type"": ""verified_seed_alias"", ""source"": ""methodology_control_seed"", ""path"": [""fr"", ""regul"", ""family:regul""], ""confidence"": 1}]}]}"
fr	lemma:61f7c48c3e3b197fdfbd	dérégulé	accepted	accepted	réguler	aggregate_only_not_sense_frequency	"[{""path"": ""associativvordes/family-index-v5/members/fr/40.json.gz"", ""family_id"": ""family:regul"", ""record_sha256"": ""c71d083e46d6c83bebb65c2adef8ffcd0e6b1bad1c9551d78b5bdcaca7891b83""}]"	"{""lemma_id"": ""lemma:61f7c48c3e3b197fdfbd"", ""word"": ""dérégulé"", ""normalized"": ""dérégulé"", ""search_form"": ""deregule"", ""rank"": 67219, ""frequency_score"": 1.8116922729923999, ""category_breakdown"": {""subtitles"": {""ipm_values"": [0.024135], ""category_ipm"": 0.024135, ""category_score"": 0.4178709146821075}, ""web"": {""ipm_values"": [0.200745], ""category_ipm"": 0.200745, ""category_score"": 3.205513631302692}}, ""sources"": [{""id"": ""subtitles/hermit_2018_fr_full_lemmatized_ipm6_spacy_lookup_cleaned_v8.json"", ""file"": ""hermit_2018_fr_full_lemmatized_ipm6_spacy_lookup_cleaned_v8.json"", ""category"": ""subtitles"", ""ipm"": 0.024135}, {""id"": ""web/sorted.fr.lemma.unigrams.cleaned_recommended_min100_ipm6.json"", ""file"": ""sorted.fr.lemma.unigrams.cleaned_recommended_min100_ipm6.json"", ""category"": ""web"", ""ipm"": 0.200745}], ""corpus_quality"": {""status"": ""accepted"", ""reasons"": []}, ""components"": [{""surface"": ""regul"", ""canonical_candidate"": ""regul"", ""confidence"": 1, ""evidence"": [{""type"": ""morphological_parse"", ""source"": ""manually_verified"", ""path"": [""deregule"", ""regul"", ""regul""], ""confidence"": 1}, {""type"": ""verified_seed_alias"", ""source"": ""methodology_control_seed"", ""path"": [""fr"", ""regul"", ""family:regul""], ""confidence"": 1}]}]}"
fr	lemma:620f4607139c5139dc0f	règles	uncertain	not_admitted_candidate		aggregate_only_not_sense_frequency	"[{""path"": ""associativvordes/family-index-v5/members/fr/65.json.gz"", ""family_id"": ""surface:fr:regle"", ""record_sha256"": ""bc3692a0927f74e61fad2e891739a7298add4ad912c117727609a501cd153c96""}, {""path"": ""associativvordes/family-index-v5/members/fr/6b.json.gz"", ""family_id"": ""surface:fr:gles"", ""record_sha256"": ""5dd7db6a84658569a474a18a0a66ea1c4cbe1bd329750bbf75079da5dd19b5e9""}]"	"{""lemma_id"": ""lemma:620f4607139c5139dc0f"", ""word"": ""règles"", ""normalized"": ""règles"", ""search_form"": ""regles"", ""rank"": 18019, ""frequency_score"": 18.366059423276397, ""category_breakdown"": {""web"": {""ipm_values"": [1.85243], ""category_ipm"": 1.85243, ""category_score"": 18.366059423276397}}, ""sources"": [{""id"": ""web/sorted.fr.lemma.unigrams.cleaned_recommended_min100_ipm6.json"", ""file"": ""sorted.fr.lemma.unigrams.cleaned_recommended_min100_ipm6.json"", ""category"": ""web"", ""ipm"": 1.85243}], ""corpus_quality"": {""status"": ""accepted"", ""reasons"": []}, ""components"": [{""surface"": ""regle"", ""canonical_candidate"": ""regle"", ""confidence"": 0.92, ""evidence"": [{""type"": ""morphological_parse"", ""source"": ""candidate_index"", ""path"": [""regles"", ""regle"", ""regle""], ""confidence"": 0.92}]}]}"
fr	lemma:6389cdce6443a56f176a	réglentla	uncertain	not_admitted_candidate		aggregate_only_not_sense_frequency	"[{""path"": ""associativvordes/family-index-v5/members/fr/42.json.gz"", ""family_id"": ""surface:fr:regl"", ""record_sha256"": ""2c0a700e9e14e433c9292f90fc3c43ec4819ff3b1af36d7059dfc5403201acf3""}, {""path"": ""associativvordes/family-index-v5/members/fr/bc.json.gz"", ""family_id"": ""surface:fr:glen"", ""record_sha256"": ""eb5cfaa2a6963a65fede59f1ef0101dc5b1a822c13b6920d0f41664e31466eb7""}, {""path"": ""associativvordes/family-index-v5/members/fr/f3.json.gz"", ""family_id"": ""surface:fr:tla"", ""record_sha256"": ""59ae43a509e8ccc2e6d26addc5fe076214b9c411e81a9756ead35d85b344ac2a""}]"	"{""lemma_id"": ""lemma:6389cdce6443a56f176a"", ""word"": ""réglentla"", ""normalized"": ""réglentla"", ""search_form"": ""reglentla"", ""rank"": 462671, ""frequency_score"": 0.06031194627701871, ""category_breakdown"": {""subtitles"": {""ipm_values"": [0.003448], ""category_ipm"": 0.003448, ""category_score"": 0.06031194627701871}}, ""sources"": [{""id"": ""subtitles/hermit_2018_fr_full_lemmatized_ipm6_spacy_lookup_cleaned_v8.json"", ""file"": ""hermit_2018_fr_full_lemmatized_ipm6_spacy_lookup_cleaned_v8.json"", ""category"": ""subtitles"", ""ipm"": 0.003448}], ""corpus_quality"": {""status"": ""accepted"", ""reasons"": []}, ""components"": [{""surface"": ""regl"", ""canonical_candidate"": ""regl"", ""confidence"": 0.81, ""evidence"": [{""type"": ""compound_morphology"", ""source"": ""candidate_index"", ""path"": [""reglentla"", ""regl"", ""regl""], ""confidence"": 0.81}]}]}"
fr	lemma:64170382d7a3eb7ee68b	rêgulatrice	uncertain	withheld_historical_uncertain		aggregate_only_not_sense_frequency	"[{""path"": ""associativvordes/family-index-v5/members/fr/40.json.gz"", ""family_id"": ""family:regul"", ""record_sha256"": ""21793965c5f395b21044d22aaf60d63aaedbddbc0b733d0fbd206fa382768bb3""}, {""path"": ""associativvordes/family-index-v5/members/fr/41.json.gz"", ""family_id"": ""surface:fr:trice"", ""record_sha256"": ""fadb5d3a43425e256069a2f43b470c6f999da40d89abb3d5d9d087933bf4bbc2""}, {""path"": ""associativvordes/family-index-v5/members/fr/94.json.gz"", ""family_id"": ""surface:fr:regulatric"", ""record_sha256"": ""e60831071804b395c140e97282f3b4a0c98bc09d0b44ed2f12fb6309dea809fb""}]"	"{""lemma_id"": ""lemma:64170382d7a3eb7ee68b"", ""word"": ""rêgulatrice"", ""normalized"": ""rêgulatrice"", ""search_form"": ""regulatrice"", ""rank"": 463602, ""frequency_score"": 0.06031194627701871, ""category_breakdown"": {""subtitles"": {""ipm_values"": [0.003448], ""category_ipm"": 0.003448, ""category_score"": 0.06031194627701871}}, ""sources"": [{""id"": ""subtitles/hermit_2018_fr_full_lemmatized_ipm6_spacy_lookup_cleaned_v8.json"", ""file"": ""hermit_2018_fr_full_lemmatized_ipm6_spacy_lookup_cleaned_v8.json"", ""category"": ""subtitles"", ""ipm"": 0.003448}], ""corpus_quality"": {""status"": ""accepted"", ""reasons"": []}, ""components"": [{""surface"": ""regul"", ""canonical_candidate"": ""regul"", ""confidence"": 0.97, ""evidence"": [{""type"": ""compound_morphology"", ""source"": ""manually_verified"", ""path"": [""regulatrice"", ""regul"", ""regul""], ""confidence"": 0.97}, {""type"": ""verified_seed_alias"", ""source"": ""methodology_control_seed"", ""path"": [""fr"", ""regul"", ""family:regul""], ""confidence"": 1}]}]}"
fr	lemma:65adb82171c585506090	réglièrement	uncertain	not_admitted_candidate		aggregate_only_not_sense_frequency	"[{""path"": ""associativvordes/family-index-v5/members/fr/51.json.gz"", ""family_id"": ""surface:fr:erem"", ""record_sha256"": ""3a1ded2819d58c6a90c01ae307e89f7f1748b786ff9f57275b73c9234b60fd5e""}, {""path"": ""associativvordes/family-index-v5/members/fr/61.json.gz"", ""family_id"": ""surface:fr:rement"", ""record_sha256"": ""16948b6365d1eac5f258b1ddccd48baa416027ac3ea348a5e9540dfef1506150""}, {""path"": ""associativvordes/family-index-v5/members/fr/fd.json.gz"", ""family_id"": ""surface:fr:regliere"", ""record_sha256"": ""1472fffa10401b94fac29524deabb880eaf66619fe066ea0412f10d507d55bc5""}]"	"{""lemma_id"": ""lemma:65adb82171c585506090"", ""word"": ""réglièrement"", ""normalized"": ""réglièrement"", ""search_form"": ""reglierement"", ""rank"": 462677, ""frequency_score"": 0.06031194627701871, ""category_breakdown"": {""subtitles"": {""ipm_values"": [0.003448], ""category_ipm"": 0.003448, ""category_score"": 0.06031194627701871}}, ""sources"": [{""id"": ""subtitles/hermit_2018_fr_full_lemmatized_ipm6_spacy_lookup_cleaned_v8.json"", ""file"": ""hermit_2018_fr_full_lemmatized_ipm6_spacy_lookup_cleaned_v8.json"", ""category"": ""subtitles"", ""ipm"": 0.003448}], ""corpus_quality"": {""status"": ""accepted"", ""reasons"": []}, ""components"": [{""surface"": ""erem"", ""canonical_candidate"": ""erem"", ""confidence"": 0.81, ""evidence"": [{""type"": ""compound_morphology"", ""source"": ""candidate_index"", ""path"": [""reglierement"", ""erem"", ""erem""], ""confidence"": 0.81}]}]}"
fr	lemma:67e4d6835fc0a4deb353	irregulars	uncertain	not_admitted_candidate		aggregate_only_not_sense_frequency	"[{""path"": ""associativvordes/family-index-v5/members/fr/5c.json.gz"", ""family_id"": ""surface:fr:lars"", ""record_sha256"": ""75abdaac067a9a48c1ca78a0ed74bb082fd70ca8a1648a8f4b8bf871037139d6""}, {""path"": ""associativvordes/family-index-v5/members/fr/fd.json.gz"", ""family_id"": ""surface:fr:irregular"", ""record_sha256"": ""bead9d87691c569c7a3facb0af8ba096ef8c9a684b9a530ae4829d87923c4571""}]"	"{""lemma_id"": ""lemma:67e4d6835fc0a4deb353"", ""word"": ""irregulars"", ""normalized"": ""irregulars"", ""search_form"": ""irregulars"", ""rank"": 384333, ""frequency_score"": 0.06031194627701871, ""category_breakdown"": {""subtitles"": {""ipm_values"": [0.003448], ""category_ipm"": 0.003448, ""category_score"": 0.06031194627701871}}, ""sources"": [{""id"": ""subtitles/hermit_2018_fr_full_lemmatized_ipm6_spacy_lookup_cleaned_v8.json"", ""file"": ""hermit_2018_fr_full_lemmatized_ipm6_spacy_lookup_cleaned_v8.json"", ""category"": ""subtitles"", ""ipm"": 0.003448}], ""corpus_quality"": {""status"": ""accepted"", ""reasons"": []}, ""components"": [{""surface"": ""lars"", ""canonical_candidate"": ""lars"", ""confidence"": 0.89, ""evidence"": [{""type"": ""compound_morphology"", ""source"": ""candidate_index"", ""path"": [""irregulars"", ""lars"", ""lars""], ""confidence"": 0.89}]}]}"
fr	lemma:6cf4fe7c444911b2b1f0	dérègler	uncertain	not_admitted_candidate		aggregate_only_not_sense_frequency	"[{""path"": ""associativvordes/family-index-v5/members/fr/8a.json.gz"", ""family_id"": ""surface:fr:dere"", ""record_sha256"": ""76deaf096e0a7bc12824824ac306b0e29f54621cd0e0d024a9a047fc5b1d8fd9""}, {""path"": ""associativvordes/family-index-v5/members/fr/bf.json.gz"", ""family_id"": ""ety:d082e43767db"", ""record_sha256"": ""db66b246ccf03cc5d8a889a88781ff841d706c7005c77abefd7c41232f31f6f7""}]"	"{""lemma_id"": ""lemma:6cf4fe7c444911b2b1f0"", ""word"": ""dérègler"", ""normalized"": ""dérègler"", ""search_form"": ""deregler"", ""rank"": 342192, ""frequency_score"": 0.06031194627701871, ""category_breakdown"": {""subtitles"": {""ipm_values"": [0.003448], ""category_ipm"": 0.003448, ""category_score"": 0.06031194627701871}}, ""sources"": [{""id"": ""subtitles/hermit_2018_fr_full_lemmatized_ipm6_spacy_lookup_cleaned_v8.json"", ""file"": ""hermit_2018_fr_full_lemmatized_ipm6_spacy_lookup_cleaned_v8.json"", ""category"": ""subtitles"", ""ipm"": 0.003448}], ""corpus_quality"": {""status"": ""accepted"", ""reasons"": []}, ""components"": [{""surface"": ""dere"", ""canonical_candidate"": ""dere"", ""confidence"": 0.81, ""evidence"": [{""type"": ""compound_morphology"", ""source"": ""candidate_index"", ""path"": [""deregler"", ""dere"", ""dere""], ""confidence"": 0.81}]}]}"
fr	lemma:6d4465281a2392748f10	irégularitée	uncertain	not_admitted_candidate		aggregate_only_not_sense_frequency	"[{""path"": ""associativvordes/family-index-v5/members/fr/0a.json.gz"", ""family_id"": ""surface:fr:tee"", ""record_sha256"": ""c2f4c8edde70002c4cb4948492107d32c1c9a6543d1dad47bb5ee421f56f9cce""}, {""path"": ""associativvordes/family-index-v5/members/fr/17.json.gz"", ""family_id"": ""surface:fr:iregularite"", ""record_sha256"": ""8f208ac6ca448b58be2ce1cb8863f60b19bd764a9a711e89d74d603dd314cad6""}]"	"{""lemma_id"": ""lemma:6d4465281a2392748f10"", ""word"": ""irégularitée"", ""normalized"": ""irégularitée"", ""search_form"": ""iregularitee"", ""rank"": 384436, ""frequency_score"": 0.06031194627701871, ""category_breakdown"": {""subtitles"": {""ipm_values"": [0.003448], ""category_ipm"": 0.003448, ""category_score"": 0.06031194627701871}}, ""sources"": [{""id"": ""subtitles/hermit_2018_fr_full_lemmatized_ipm6_spacy_lookup_cleaned_v8.json"", ""file"": ""hermit_2018_fr_full_lemmatized_ipm6_spacy_lookup_cleaned_v8.json"", ""category"": ""subtitles"", ""ipm"": 0.003448}], ""corpus_quality"": {""status"": ""accepted"", ""reasons"": []}, ""components"": [{""surface"": ""tee"", ""canonical_candidate"": ""tee"", ""confidence"": 0.89, ""evidence"": [{""type"": ""compound_morphology"", ""source"": ""candidate_index"", ""path"": [""iregularitee"", ""tee"", ""tee""], ""confidence"": 0.89}]}]}"
fr	lemma:6eacda6f8fd1aaca7d27	télérèglement	uncertain	not_admitted_candidate		aggregate_only_not_sense_frequency	"[{""path"": ""associativvordes/family-index-v5/members/fr/6d.json.gz"", ""family_id"": ""surface:fr:reglement"", ""record_sha256"": ""d0267f9aa7df9e3f146d849957b70ff32d5e7f1e2e0b500bbdb164021142b8ee""}, {""path"": ""associativvordes/family-index-v5/members/fr/f5.json.gz"", ""family_id"": ""surface:fr:teleregle"", ""record_sha256"": ""274ff15936ed4ced2c84f007d580bf0ee96273eab9a15ba0d0cb86ea312adf85""}]"	"{""lemma_id"": ""lemma:6eacda6f8fd1aaca7d27"", ""word"": ""télérèglement"", ""normalized"": ""télérèglement"", ""search_form"": ""telereglement"", ""rank"": 52323, ""frequency_score"": 4.721448520363515, ""category_breakdown"": {""web"": {""ipm_values"": [0.309255], ""category_ipm"": 0.309255, ""category_score"": 4.721448520363515}}, ""sources"": [{""id"": ""web/sorted.fr.lemma.unigrams.cleaned_recommended_min100_ipm6.json"", ""file"": ""sorted.fr.lemma.unigrams.cleaned_recommended_min100_ipm6.json"", ""category"": ""web"", ""ipm"": 0.309255}], ""corpus_quality"": {""status"": ""accepted"", ""reasons"": []}, ""components"": [{""surface"": ""reglement"", ""canonical_candidate"": ""reglement"", ""confidence"": 0.89, ""evidence"": [{""type"": ""compound_morphology"", ""source"": ""candidate_index"", ""path"": [""telereglement"", ""reglement"", ""reglement""], ""confidence"": 0.89}]}]}"
fr	lemma:6f7b7c5dfe2c4bb13d5c	régleur	uncertain	not_admitted_candidate		aggregate_only_not_sense_frequency	"[{""path"": ""associativvordes/family-index-v5/members/fr/e6.json.gz"", ""family_id"": ""surface:fr:regleur"", ""record_sha256"": ""b13453f95d0af14be387724ca1dff17afe5f172e4d0499deeeaa11704c6d0caa""}]"	"{""lemma_id"": ""lemma:6f7b7c5dfe2c4bb13d5c"", ""word"": ""régleur"", ""normalized"": ""régleur"", ""search_form"": ""regleur"", ""rank"": 46145, ""frequency_score"": 3.4107169498705616, ""category_breakdown"": {""subtitles"": {""ipm_values"": [0.06551], ""category_ipm"": 0.06551, ""category_score"": 1.111833394381057}, ""web"": {""ipm_values"": [0.385212], ""category_ipm"": 0.385212, ""category_score"": 5.709600505360067}}, ""sources"": [{""id"": ""subtitles/hermit_2018_fr_full_lemmatized_ipm6_spacy_lookup_cleaned_v8.json"", ""file"": ""hermit_2018_fr_full_lemmatized_ipm6_spacy_lookup_cleaned_v8.json"", ""category"": ""subtitles"", ""ipm"": 0.06551}, {""id"": ""web/sorted.fr.lemma.unigrams.cleaned_recommended_min100_ipm6.json"", ""file"": ""sorted.fr.lemma.unigrams.cleaned_recommended_min100_ipm6.json"", ""category"": ""web"", ""ipm"": 0.385212}], ""corpus_quality"": {""status"": ""accepted"", ""reasons"": []}, ""components"": [{""surface"": ""regleur"", ""canonical_candidate"": ""regleur"", ""confidence"": 0.92, ""evidence"": [{""type"": ""morphological_parse"", ""source"": ""candidate_index"", ""path"": [""regleur"", ""regleur"", ""regleur""], ""confidence"": 0.92}]}]}"
fr	lemma:705c58c03fab1fb1f6a2	dérégulateur	accepted	accepted	réguler	aggregate_only_not_sense_frequency	"[{""path"": ""associativvordes/family-index-v5/members/fr/40.json.gz"", ""family_id"": ""family:regul"", ""record_sha256"": ""be2a3215c566c9b6919f030c37cc90c1dbc0825b137f9ed7b264605431ad006f""}, {""path"": ""associativvordes/family-index-v5/members/fr/58.json.gz"", ""family_id"": ""surface:fr:teur"", ""record_sha256"": ""fcce00729515be83fa2b2bca8d09d19cded48329d0a3d41fb170e00230b2061f""}, {""path"": ""associativvordes/family-index-v5/members/fr/db.json.gz"", ""family_id"": ""surface:fr:deregulat"", ""record_sha256"": ""a2a1617c183e5b7c5959fcf5da368c9e49dd5e8aad666771efddb49e870aee4d""}]"	"{""lemma_id"": ""lemma:705c58c03fab1fb1f6a2"", ""word"": ""dérégulateur"", ""normalized"": ""dérégulateur"", ""search_form"": ""deregulateur"", ""rank"": 91713, ""frequency_score"": 0.7103762400273185, ""category_breakdown"": {""subtitles"": {""ipm_values"": [0.041375], ""category_ipm"": 0.041375, ""category_score"": 0.7103762400273185}}, ""sources"": [{""id"": ""subtitles/hermit_2018_fr_full_lemmatized_ipm6_spacy_lookup_cleaned_v8.json"", ""file"": ""hermit_2018_fr_full_lemmatized_ipm6_spacy_lookup_cleaned_v8.json"", ""category"": ""subtitles"", ""ipm"": 0.041375}], ""corpus_quality"": {""status"": ""accepted"", ""reasons"": []}, ""components"": [{""surface"": ""regul"", ""canonical_candidate"": ""regul"", ""confidence"": 0.97, ""evidence"": [{""type"": ""compound_morphology"", ""source"": ""manually_verified"", ""path"": [""deregulateur"", ""regul"", ""regul""], ""confidence"": 0.97}, {""type"": ""verified_seed_alias"", ""source"": ""methodology_control_seed"", ""path"": [""fr"", ""regul"", ""family:regul""], ""confidence"": 1}]}]}"
fr	lemma:70997fbc2a5155756e63	réglér	uncertain	not_admitted_candidate		aggregate_only_not_sense_frequency	"[{""path"": ""associativvordes/family-index-v5/members/fr/bf.json.gz"", ""family_id"": ""ety:d082e43767db"", ""record_sha256"": ""afdf21e37b3770dcfd91daa2eec23a571900c5543ee840cb71fad472474dbbe5""}]"	"{""lemma_id"": ""lemma:70997fbc2a5155756e63"", ""word"": ""réglér"", ""normalized"": ""réglér"", ""search_form"": ""regler"", ""rank"": 462680, ""frequency_score"": 0.06031194627701871, ""category_breakdown"": {""subtitles"": {""ipm_values"": [0.003448], ""category_ipm"": 0.003448, ""category_score"": 0.06031194627701871}}, ""sources"": [{""id"": ""subtitles/hermit_2018_fr_full_lemmatized_ipm6_spacy_lookup_cleaned_v8.json"", ""file"": ""hermit_2018_fr_full_lemmatized_ipm6_spacy_lookup_cleaned_v8.json"", ""category"": ""subtitles"", ""ipm"": 0.003448}], ""corpus_quality"": {""status"": ""accepted"", ""reasons"": []}, ""components"": [{""surface"": ""regler"", ""canonical_candidate"": ""regler"", ""confidence"": 0.92, ""evidence"": [{""type"": ""morphological_parse"", ""source"": ""candidate_index"", ""path"": [""regler"", ""regler"", ""regler""], ""confidence"": 0.92}]}]}"
fr	lemma:7123e80f92db8dcaeeea	régulierement	uncertain	withheld_historical_uncertain		aggregate_only_not_sense_frequency	"[{""path"": ""associativvordes/family-index-v5/members/fr/40.json.gz"", ""family_id"": ""family:regul"", ""record_sha256"": ""1574ad69c92e6b6d701020b644d13e64931d7a675f35207f860d9566e4673127""}]"	"{""lemma_id"": ""lemma:7123e80f92db8dcaeeea"", ""word"": ""régulierement"", ""normalized"": ""régulierement"", ""search_form"": ""regulierement"", ""rank"": 40438, ""frequency_score"": 3.5968382877215253, ""category_breakdown"": {""subtitles"": {""ipm_values"": [0.01724], ""category_ipm"": 0.01724, ""category_score"": 0.29950494441567443}, ""web"": {""ipm_values"": [0.482097], ""category_ipm"": 0.482097, ""category_score"": 6.894171631027376}}, ""sources"": [{""id"": ""subtitles/hermit_2018_fr_full_lemmatized_ipm6_spacy_lookup_cleaned_v8.json"", ""file"": ""hermit_2018_fr_full_lemmatized_ipm6_spacy_lookup_cleaned_v8.json"", ""category"": ""subtitles"", ""ipm"": 0.01724}, {""id"": ""web/sorted.fr.lemma.unigrams.cleaned_recommended_min100_ipm6.json"", ""file"": ""sorted.fr.lemma.unigrams.cleaned_recommended_min100_ipm6.json"", ""category"": ""web"", ""ipm"": 0.482097}], ""corpus_quality"": {""status"": ""accepted"", ""reasons"": []}, ""components"": [{""surface"": ""regul"", ""canonical_candidate"": ""regul"", ""confidence"": 0.97, ""evidence"": [{""type"": ""compound_morphology"", ""source"": ""manually_verified"", ""path"": [""regulierement"", ""regul"", ""regul""], ""confidence"": 0.97}, {""type"": ""verified_seed_alias"", ""source"": ""methodology_control_seed"", ""path"": [""fr"", ""regul"", ""family:regul""], ""confidence"": 1}]}]}"
fr	lemma:71bcf476cccf1e556d2f	règleront	uncertain	not_admitted_candidate		aggregate_only_not_sense_frequency	"[{""path"": ""associativvordes/family-index-v5/members/fr/91.json.gz"", ""family_id"": ""surface:fr:ront"", ""record_sha256"": ""17ac974aee35cfaee702c732b9a3dc5e24e27b5b4e71fbefcb4d5d035a44a9ed""}, {""path"": ""associativvordes/family-index-v5/members/fr/bf.json.gz"", ""family_id"": ""ety:d082e43767db"", ""record_sha256"": ""973583b43ecd2cbd4e0a6fde5871ada56631aac3a2ecf64c23eed420e46dd548""}]"	"{""lemma_id"": ""lemma:71bcf476cccf1e556d2f"", ""word"": ""règleront"", ""normalized"": ""règleront"", ""search_form"": ""regleront"", ""rank"": 69008, ""frequency_score"": 1.2248707147479216, ""category_breakdown"": {""subtitles"": {""ipm_values"": [0.072406], ""category_ipm"": 0.072406, ""category_score"": 1.2248707147479216}}, ""sources"": [{""id"": ""subtitles/hermit_2018_fr_full_lemmatized_ipm6_spacy_lookup_cleaned_v8.json"", ""file"": ""hermit_2018_fr_full_lemmatized_ipm6_spacy_lookup_cleaned_v8.json"", ""category"": ""subtitles"", ""ipm"": 0.072406}], ""corpus_quality"": {""status"": ""accepted"", ""reasons"": []}, ""components"": [{""surface"": ""ront"", ""canonical_candidate"": ""ront"", ""confidence"": 0.89, ""evidence"": [{""type"": ""compound_morphology"", ""source"": ""candidate_index"", ""path"": [""regleront"", ""ront"", ""ront""], ""confidence"": 0.89}]}]}"
fr	lemma:73136f108357f520e4f0	régularisation	accepted	accepted	régulariser	aggregate_only_not_sense_frequency	"[{""path"": ""associativvordes/family-index-v5/members/fr/40.json.gz"", ""family_id"": ""family:regul"", ""record_sha256"": ""ab6336e1c234bf6d7f659de7c43b3087fc48d028f2b70e033e069ab24553937e""}, {""path"": ""associativvordes/family-index-v5/members/fr/41.json.gz"", ""family_id"": ""surface:fr:regularisat"", ""record_sha256"": ""4c71a8ebc54b154da05b893d67932835a6c619caec0f29a69ceb3f38468237cd""}, {""path"": ""associativvordes/family-index-v5/members/fr/e5.json.gz"", ""family_id"": ""surface:fr:isation"", ""record_sha256"": ""38d583af67a120ecf492d4c9c77f3a7749f88cfe3e44080c91c3b2e820660e04""}]"	"{""lemma_id"": ""lemma:73136f108357f520e4f0"", ""word"": ""régularisation"", ""normalized"": ""régularisation"", ""search_form"": ""regularisation"", ""rank"": 7923, ""frequency_score"": 18.404520473324013, ""category_breakdown"": {""subtitles"": {""ipm_values"": [0.051719], ""category_ipm"": 0.051719, ""category_score"": 0.8835639409408945}, ""web"": {""ipm_values"": [6.770283], ""category_ipm"": 6.770283, ""category_score"": 35.92547700570713}}, ""sources"": [{""id"": ""subtitles/hermit_2018_fr_full_lemmatized_ipm6_spacy_lookup_cleaned_v8.json"", ""file"": ""hermit_2018_fr_full_lemmatized_ipm6_spacy_lookup_cleaned_v8.json"", ""category"": ""subtitles"", ""ipm"": 0.051719}, {""id"": ""web/sorted.fr.lemma.unigrams.cleaned_recommended_min100_ipm6.json"", ""file"": ""sorted.fr.lemma.unigrams.cleaned_recommended_min100_ipm6.json"", ""category"": ""web"", ""ipm"": 6.770283}], ""corpus_quality"": {""status"": ""accepted"", ""reasons"": []}, ""components"": [{""surface"": ""regul"", ""canonical_candidate"": ""regul"", ""confidence"": 0.97, ""evidence"": [{""type"": ""compound_morphology"", ""source"": ""manually_verified"", ""path"": [""regularisation"", ""regul"", ""regul""], ""confidence"": 0.97}, {""type"": ""verified_seed_alias"", ""source"": ""methodology_control_seed"", ""path"": [""fr"", ""regul"", ""family:regul""], ""confidence"": 1}]}]}"
fr	lemma:73362862cfcba8d5dda1	reréglées	uncertain	not_admitted_candidate		aggregate_only_not_sense_frequency	"[{""path"": ""associativvordes/family-index-v5/members/fr/29.json.gz"", ""family_id"": ""surface:fr:rereglee"", ""record_sha256"": ""a31abc2c8c62bab5c9befb62d70e2e7d522da54c5a66777976dcc578e7d1b103""}, {""path"": ""associativvordes/family-index-v5/members/fr/f3.json.gz"", ""family_id"": ""surface:fr:lees"", ""record_sha256"": ""1391f96e136b743061bc59867754ca8819fdd221fdcbb819b432ca64b2e507f8""}]"	"{""lemma_id"": ""lemma:73362862cfcba8d5dda1"", ""word"": ""reréglées"", ""normalized"": ""reréglées"", ""search_form"": ""rereglees"", ""rank"": 456812, ""frequency_score"": 0.06031194627701871, ""category_breakdown"": {""subtitles"": {""ipm_values"": [0.003448], ""category_ipm"": 0.003448, ""category_score"": 0.06031194627701871}}, ""sources"": [{""id"": ""subtitles/hermit_2018_fr_full_lemmatized_ipm6_spacy_lookup_cleaned_v8.json"", ""file"": ""hermit_2018_fr_full_lemmatized_ipm6_spacy_lookup_cleaned_v8.json"", ""category"": ""subtitles"", ""ipm"": 0.003448}], ""corpus_quality"": {""status"": ""accepted"", ""reasons"": []}, ""components"": [{""surface"": ""rereglee"", ""canonical_candidate"": ""rereglee"", ""confidence"": 0.92, ""evidence"": [{""type"": ""morphological_parse"", ""source"": ""candidate_index"", ""path"": [""rereglees"", ""rereglee"", ""rereglee""], ""confidence"": 0.92}]}]}"
fr	lemma:747ecd0de1d31f00bb50	réglementairement	uncertain	not_admitted_candidate		aggregate_only_not_sense_frequency	"[{""path"": ""associativvordes/family-index-v5/members/fr/4e.json.gz"", ""family_id"": ""surface:fr:reglementaire"", ""record_sha256"": ""a284866216e2b0711f5a1da04927e8447f06a6147c3a398807123b7f58450ec0""}, {""path"": ""associativvordes/family-index-v5/members/fr/61.json.gz"", ""family_id"": ""surface:fr:rement"", ""record_sha256"": ""79908eeebf6d4c7d59932b95ea22c7438aa1c021151dae33ebd9148388bc6230""}]"	"{""lemma_id"": ""lemma:747ecd0de1d31f00bb50"", ""word"": ""réglementairement"", ""normalized"": ""réglementairement"", ""search_form"": ""reglementairement"", ""rank"": 29940, ""frequency_score"": 5.295378682170533, ""category_breakdown"": {""subtitles"": {""ipm_values"": [0.013792], ""category_ipm"": 0.013792, ""category_score"": 0.24001211272896547}, ""web"": {""ipm_values"": [0.805303], ""category_ipm"": 0.805303, ""category_score"": 10.3507452516121}}, ""sources"": [{""id"": ""subtitles/hermit_2018_fr_full_lemmatized_ipm6_spacy_lookup_cleaned_v8.json"", ""file"": ""hermit_2018_fr_full_lemmatized_ipm6_spacy_lookup_cleaned_v8.json"", ""category"": ""subtitles"", ""ipm"": 0.013792}, {""id"": ""web/sorted.fr.lemma.unigrams.cleaned_recommended_min100_ipm6.json"", ""file"": ""sorted.fr.lemma.unigrams.cleaned_recommended_min100_ipm6.json"", ""category"": ""web"", ""ipm"": 0.805303}], ""corpus_quality"": {""status"": ""accepted"", ""reasons"": []}, ""components"": [{""surface"": ""reglementaire"", ""canonical_candidate"": ""reglementaire"", ""confidence"": 0.89, ""evidence"": [{""type"": ""compound_morphology"", ""source"": ""candidate_index"", ""path"": [""reglementairement"", ""reglementaire"", ""reglementaire""], ""confidence"": 0.89}]}]}"
fr	lemma:7521e0e6e52ba731f680	autorèglementons	uncertain	not_admitted_candidate		aggregate_only_not_sense_frequency	"[{""path"": ""associativvordes/family-index-v5/members/fr/3d.json.gz"", ""family_id"": ""surface:fr:autoreglementon"", ""record_sha256"": ""2dacba42151495fe2894a2bfc92a3bdda946c6cf12c54b3acaafca305c430118""}]"	"{""lemma_id"": ""lemma:7521e0e6e52ba731f680"", ""word"": ""autorèglementons"", ""normalized"": ""autorèglementons"", ""search_form"": ""autoreglementons"", ""rank"": 295314, ""frequency_score"": 0.06031194627701871, ""category_breakdown"": {""subtitles"": {""ipm_values"": [0.003448], ""category_ipm"": 0.003448, ""category_score"": 0.06031194627701871}}, ""sources"": [{""id"": ""subtitles/hermit_2018_fr_full_lemmatized_ipm6_spacy_lookup_cleaned_v8.json"", ""file"": ""hermit_2018_fr_full_lemmatized_ipm6_spacy_lookup_cleaned_v8.json"", ""category"": ""subtitles"", ""ipm"": 0.003448}], ""corpus_quality"": {""status"": ""accepted"", ""reasons"": []}, ""components"": [{""surface"": ""autoreglementon"", ""canonical_candidate"": ""autoreglementon"", ""confidence"": 0.92, ""evidence"": [{""type"": ""morphological_parse"", ""source"": ""candidate_index"", ""path"": [""autoreglementons"", ""autoreglementon"", ""autoreglementon""], ""confidence"": 0.92}]}]}"
fr	lemma:75d67f6f8a72b151ecd1	régulièrment	uncertain	withheld_historical_uncertain		aggregate_only_not_sense_frequency	"[{""path"": ""associativvordes/family-index-v5/members/fr/40.json.gz"", ""family_id"": ""family:regul"", ""record_sha256"": ""1ce8ea8ce40d0a8f45b5413a304c3e01c3c973617bf98351663985ea3aafab7c""}, {""path"": ""associativvordes/family-index-v5/members/fr/64.json.gz"", ""family_id"": ""surface:fr:ment"", ""record_sha256"": ""efa11edce6bccf736f4a05be351d9f3b8d78a331f0a65a3c40be61b651df1d8c""}, {""path"": ""associativvordes/family-index-v5/members/fr/69.json.gz"", ""family_id"": ""surface:fr:regulier"", ""record_sha256"": ""28fde2aeec055d4d60f6da3989549d9563817d0bf25e3e26a841a76a9af17b35""}, {""path"": ""associativvordes/family-index-v5/members/fr/fe.json.gz"", ""family_id"": ""surface:fr:erm"", ""record_sha256"": ""a5e06ad22a6d142338f815f51dab3d88549ab8230324cf9db0a2484d5d692772""}]"	"{""lemma_id"": ""lemma:75d67f6f8a72b151ecd1"", ""word"": ""régulièrment"", ""normalized"": ""régulièrment"", ""search_form"": ""regulierment"", ""rank"": 462695, ""frequency_score"": 0.06031194627701871, ""category_breakdown"": {""subtitles"": {""ipm_values"": [0.003448], ""category_ipm"": 0.003448, ""category_score"": 0.06031194627701871}}, ""sources"": [{""id"": ""subtitles/hermit_2018_fr_full_lemmatized_ipm6_spacy_lookup_cleaned_v8.json"", ""file"": ""hermit_2018_fr_full_lemmatized_ipm6_spacy_lookup_cleaned_v8.json"", ""category"": ""subtitles"", ""ipm"": 0.003448}], ""corpus_quality"": {""status"": ""accepted"", ""reasons"": []}, ""components"": [{""surface"": ""regul"", ""canonical_candidate"": ""regul"", ""confidence"": 0.97, ""evidence"": [{""type"": ""compound_morphology"", ""source"": ""manually_verified"", ""path"": [""regulierment"", ""regul"", ""regul""], ""confidence"": 0.97}, {""type"": ""verified_seed_alias"", ""source"": ""methodology_control_seed"", ""path"": [""fr"", ""regul"", ""family:regul""], ""confidence"": 1}]}]}"
fr	lemma:785be4f63cbda052b53e	règlerons	uncertain	not_admitted_candidate		aggregate_only_not_sense_frequency	"[{""path"": ""associativvordes/family-index-v5/members/fr/40.json.gz"", ""family_id"": ""surface:fr:regleron"", ""record_sha256"": ""dd1c798066937aaa1bd32cb29fd534198ccee396cb849604b526599f62cc2483""}]"	"{""lemma_id"": ""lemma:785be4f63cbda052b53e"", ""word"": ""règlerons"", ""normalized"": ""règlerons"", ""search_form"": ""reglerons"", ""rank"": 55996, ""frequency_score"": 1.7793552121326668, ""category_breakdown"": {""subtitles"": {""ipm_values"": [0.106885], ""category_ipm"": 0.106885, ""category_score"": 1.7793552121326668}}, ""sources"": [{""id"": ""subtitles/hermit_2018_fr_full_lemmatized_ipm6_spacy_lookup_cleaned_v8.json"", ""file"": ""hermit_2018_fr_full_lemmatized_ipm6_spacy_lookup_cleaned_v8.json"", ""category"": ""subtitles"", ""ipm"": 0.106885}], ""corpus_quality"": {""status"": ""accepted"", ""reasons"": []}, ""components"": [{""surface"": ""regleron"", ""canonical_candidate"": ""regleron"", ""confidence"": 0.92, ""evidence"": [{""type"": ""morphological_parse"", ""source"": ""candidate_index"", ""path"": [""reglerons"", ""regleron"", ""regleron""], ""confidence"": 0.92}]}]}"
fr	lemma:78f43f425119ecb0fa88	co-régulation	accepted	accepted	régulation	aggregate_only_not_sense_frequency	"[{""path"": ""associativvordes/family-index-v5/members/fr/5d.json.gz"", ""family_id"": ""surface:fr:ation"", ""record_sha256"": ""99a96db62ed9de8aa2c74cc96723657d96e4cdbc1497554478c217bbceb22307""}, {""path"": ""associativvordes/family-index-v5/members/fr/ec.json.gz"", ""family_id"": ""surface:fr:coregulat"", ""record_sha256"": ""57e3f71283492b04467c863fe699deae931270f8980984d1a9afff5dfa38b2bc""}]"	"{""lemma_id"": ""lemma:78f43f425119ecb0fa88"", ""word"": ""co-régulation"", ""normalized"": ""co-régulation"", ""search_form"": ""co-regulation"", ""rank"": 112316, ""frequency_score"": 1.433610758304954, ""category_breakdown"": {""web"": {""ipm_values"": [0.085258], ""category_ipm"": 0.085258, ""category_score"": 1.433610758304954}}, ""sources"": [{""id"": ""web/sorted.fr.lemma.unigrams.cleaned_recommended_min100_ipm6.json"", ""file"": ""sorted.fr.lemma.unigrams.cleaned_recommended_min100_ipm6.json"", ""category"": ""web"", ""ipm"": 0.085258}], ""corpus_quality"": {""status"": ""accepted"", ""reasons"": []}, ""components"": [{""surface"": ""ation"", ""canonical_candidate"": ""ation"", ""confidence"": 0.89, ""evidence"": [{""type"": ""compound_morphology"", ""source"": ""candidate_index"", ""path"": [""co-regulation"", ""ation"", ""ation""], ""confidence"": 0.89}]}]}"
fr	lemma:79f2eb7dabc69e1c1023	regulam	uncertain	not_admitted_candidate		aggregate_only_not_sense_frequency	"[{""path"": ""associativvordes/family-index-v5/members/fr/3d.json.gz"", ""family_id"": ""surface:fr:regu"", ""record_sha256"": ""dc0f16980359d86d397daeebaebe3f17fbe8ac46e0c23be357740f3e6b3dcee5""}, {""path"": ""associativvordes/family-index-v5/members/fr/f8.json.gz"", ""family_id"": ""ety:262f0c3dd3c9"", ""record_sha256"": ""61fb1c71569c77a16de6e1e0ccc0ff650699e6169d7a5746adc7352a9554db74""}]"	"{""lemma_id"": ""lemma:79f2eb7dabc69e1c1023"", ""word"": ""regulam"", ""normalized"": ""regulam"", ""search_form"": ""regulam"", ""rank"": 454959, ""frequency_score"": 0.06031194627701871, ""category_breakdown"": {""subtitles"": {""ipm_values"": [0.003448], ""category_ipm"": 0.003448, ""category_score"": 0.06031194627701871}}, ""sources"": [{""id"": ""subtitles/hermit_2018_fr_full_lemmatized_ipm6_spacy_lookup_cleaned_v8.json"", ""file"": ""hermit_2018_fr_full_lemmatized_ipm6_spacy_lookup_cleaned_v8.json"", ""category"": ""subtitles"", ""ipm"": 0.003448}], ""corpus_quality"": {""status"": ""accepted"", ""reasons"": []}, ""components"": [{""surface"": ""regu"", ""canonical_candidate"": ""regu"", ""confidence"": 0.81, ""evidence"": [{""type"": ""compound_morphology"", ""source"": ""candidate_index"", ""path"": [""regulam"", ""regu"", ""regu""], ""confidence"": 0.81}]}]}"
fr	lemma:7ba17352462606dcaf52	déréglement	uncertain	not_admitted_candidate		aggregate_only_not_sense_frequency	"[{""path"": ""associativvordes/family-index-v5/members/fr/b0.json.gz"", ""family_id"": ""surface:fr:dereglement"", ""record_sha256"": ""49a86f5e19519f56271d15c9aa3616b730fb39b8750e7511e552afa8fa902298""}]"	"{""lemma_id"": ""lemma:7ba17352462606dcaf52"", ""word"": ""déréglement"", ""normalized"": ""déréglement"", ""search_form"": ""dereglement"", ""rank"": 229846, ""frequency_score"": 0.12041700656906522, ""category_breakdown"": {""subtitles"": {""ipm_values"": [0.006896], ""category_ipm"": 0.006896, ""category_score"": 0.12041700656906522}}, ""sources"": [{""id"": ""subtitles/hermit_2018_fr_full_lemmatized_ipm6_spacy_lookup_cleaned_v8.json"", ""file"": ""hermit_2018_fr_full_lemmatized_ipm6_spacy_lookup_cleaned_v8.json"", ""category"": ""subtitles"", ""ipm"": 0.006896}], ""corpus_quality"": {""status"": ""accepted"", ""reasons"": []}, ""components"": [{""surface"": ""dereglement"", ""canonical_candidate"": ""dereglement"", ""confidence"": 0.92, ""evidence"": [{""type"": ""morphological_parse"", ""source"": ""candidate_index"", ""path"": [""dereglement"", ""dereglement"", ""dereglement""], ""confidence"": 0.92}]}]}"
fr	lemma:7dd8fe7115fc8e62445c	déréglementé	uncertain	not_admitted_candidate		aggregate_only_not_sense_frequency	"[{""path"": ""associativvordes/family-index-v5/members/fr/98.json.gz"", ""family_id"": ""surface:fr:reglemente"", ""record_sha256"": ""5c60a3812febfca30581d67454b7a42bcd03bb69a458afcb3499082d7aea8096""}, {""path"": ""associativvordes/family-index-v5/members/fr/b0.json.gz"", ""family_id"": ""surface:fr:dereglement"", ""record_sha256"": ""92d63724e92566af4182b9700ebe7ed857f2d8484b1e944328663d94e8dce57d""}]"	"{""lemma_id"": ""lemma:7dd8fe7115fc8e62445c"", ""word"": ""déréglementé"", ""normalized"": ""déréglementé"", ""search_form"": ""dereglemente"", ""rank"": 229847, ""frequency_score"": 0.12041700656906522, ""category_breakdown"": {""subtitles"": {""ipm_values"": [0.006896], ""category_ipm"": 0.006896, ""category_score"": 0.12041700656906522}}, ""sources"": [{""id"": ""subtitles/hermit_2018_fr_full_lemmatized_ipm6_spacy_lookup_cleaned_v8.json"", ""file"": ""hermit_2018_fr_full_lemmatized_ipm6_spacy_lookup_cleaned_v8.json"", ""category"": ""subtitles"", ""ipm"": 0.006896}], ""corpus_quality"": {""status"": ""accepted"", ""reasons"": []}, ""components"": [{""surface"": ""reglemente"", ""canonical_candidate"": ""reglemente"", ""confidence"": 0.92, ""evidence"": [{""type"": ""morphological_parse"", ""source"": ""candidate_index"", ""path"": [""dereglemente"", ""reglemente"", ""reglemente""], ""confidence"": 0.92}]}]}"
fr	lemma:7f5cb08e76802ecdce3a	corégulation	accepted	accepted	régulation	aggregate_only_not_sense_frequency	"[{""path"": ""associativvordes/family-index-v5/members/fr/5d.json.gz"", ""family_id"": ""surface:fr:ation"", ""record_sha256"": ""d89d7e557c279d591f66ab9f5ff066e6e266d1164e52f62cd144de7327ab225b""}, {""path"": ""associativvordes/family-index-v5/members/fr/ec.json.gz"", ""family_id"": ""surface:fr:coregulat"", ""record_sha256"": ""5cae24ccd0a32225be3b794645a1da6b80418dfbc85c747460d276e7427ac7be""}]"	"{""lemma_id"": ""lemma:7f5cb08e76802ecdce3a"", ""word"": ""corégulation"", ""normalized"": ""corégulation"", ""search_form"": ""coregulation"", ""rank"": 86553, ""frequency_score"": 2.156811088063614, ""category_breakdown"": {""web"": {""ipm_values"": [0.130988], ""category_ipm"": 0.130988, ""category_score"": 2.156811088063614}}, ""sources"": [{""id"": ""web/sorted.fr.lemma.unigrams.cleaned_recommended_min100_ipm6.json"", ""file"": ""sorted.fr.lemma.unigrams.cleaned_recommended_min100_ipm6.json"", ""category"": ""web"", ""ipm"": 0.130988}], ""corpus_quality"": {""status"": ""accepted"", ""reasons"": []}, ""components"": [{""surface"": ""ation"", ""canonical_candidate"": ""ation"", ""confidence"": 0.89, ""evidence"": [{""type"": ""compound_morphology"", ""source"": ""candidate_index"", ""path"": [""coregulation"", ""ation"", ""ation""], ""confidence"": 0.89}]}]}"
fr	lemma:8019e4e8349c82a09222	réguliè	uncertain	not_admitted_candidate		aggregate_only_not_sense_frequency	"[{""path"": ""associativvordes/family-index-v5/members/fr/2a.json.gz"", ""family_id"": ""ety:00914ab8b189"", ""record_sha256"": ""9fcf67232ab29eb7975cbb3f0bbeb8989de6026cf0df592f88c0c05379564f0d""}, {""path"": ""associativvordes/family-index-v5/members/fr/5e.json.gz"", ""family_id"": ""surface:fr:reguli"", ""record_sha256"": ""691699957941f2f038b21619f9776a3496406fa2e2c0c964cb0917a8fe442866""}]"	"{""lemma_id"": ""lemma:8019e4e8349c82a09222"", ""word"": ""réguliè"", ""normalized"": ""réguliè"", ""search_form"": ""regulie"", ""rank"": 462692, ""frequency_score"": 0.06031194627701871, ""category_breakdown"": {""subtitles"": {""ipm_values"": [0.003448], ""category_ipm"": 0.003448, ""category_score"": 0.06031194627701871}}, ""sources"": [{""id"": ""subtitles/hermit_2018_fr_full_lemmatized_ipm6_spacy_lookup_cleaned_v8.json"", ""file"": ""hermit_2018_fr_full_lemmatized_ipm6_spacy_lookup_cleaned_v8.json"", ""category"": ""subtitles"", ""ipm"": 0.003448}], ""corpus_quality"": {""status"": ""accepted"", ""reasons"": []}, ""components"": [{""surface"": ""lie"", ""canonical_candidate"": ""lie"", ""confidence"": 0.89, ""evidence"": [{""type"": ""compound_morphology"", ""source"": ""candidate_index"", ""path"": [""regulie"", ""lie"", ""lie""], ""confidence"": 0.89}]}]}"
fr	lemma:8043b825d06b8c16525c	régles	uncertain	not_admitted_candidate		aggregate_only_not_sense_frequency	"[{""path"": ""associativvordes/family-index-v5/members/fr/65.json.gz"", ""family_id"": ""surface:fr:regle"", ""record_sha256"": ""ef556d7de0f30265fd08bbace90eac57fb06719274f8aca5c23850b91f06bab3""}, {""path"": ""associativvordes/family-index-v5/members/fr/6b.json.gz"", ""family_id"": ""surface:fr:gles"", ""record_sha256"": ""f1d84735a3e5d9826117278d1cc6b662504cd30a03431c11d97c93fdf46e4d50""}]"	"{""lemma_id"": ""lemma:8043b825d06b8c16525c"", ""word"": ""régles"", ""normalized"": ""régles"", ""search_form"": ""regles"", ""rank"": 22236, ""frequency_score"": 11.528601193301974, ""category_breakdown"": {""subtitles"": {""ipm_values"": [0.672344], ""category_ipm"": 0.672344, ""category_score"": 9.010273348030804}, ""web"": {""ipm_values"": [1.229269], ""category_ipm"": 1.229269, ""category_score"": 14.046929038573142}}, ""sources"": [{""id"": ""subtitles/hermit_2018_fr_full_lemmatized_ipm6_spacy_lookup_cleaned_v8.json"", ""file"": ""hermit_2018_fr_full_lemmatized_ipm6_spacy_lookup_cleaned_v8.json"", ""category"": ""subtitles"", ""ipm"": 0.672344}, {""id"": ""web/sorted.fr.lemma.unigrams.cleaned_recommended_min100_ipm6.json"", ""file"": ""sorted.fr.lemma.unigrams.cleaned_recommended_min100_ipm6.json"", ""category"": ""web"", ""ipm"": 1.229269}], ""corpus_quality"": {""status"": ""accepted"", ""reasons"": []}, ""components"": [{""surface"": ""regle"", ""canonical_candidate"": ""regle"", ""confidence"": 0.92, ""evidence"": [{""type"": ""morphological_parse"", ""source"": ""candidate_index"", ""path"": [""regles"", ""regle"", ""regle""], ""confidence"": 0.92}]}]}"
fr	lemma:8171d616522a86209351	préréglage	uncertain	not_admitted_candidate		aggregate_only_not_sense_frequency	"[{""path"": ""associativvordes/family-index-v5/members/fr/de.json.gz"", ""family_id"": ""surface:fr:prereglage"", ""record_sha256"": ""bbf858c39c5913b571f270a91b077f86d75da1725df1439df92ed4a72042a1b7""}]"	"{""lemma_id"": ""lemma:8171d616522a86209351"", ""word"": ""préréglage"", ""normalized"": ""préréglage"", ""search_form"": ""prereglage"", ""rank"": 62832, ""frequency_score"": 1.8420846674798523, ""category_breakdown"": {""subtitles"": {""ipm_values"": [0.006896], ""category_ipm"": 0.006896, ""category_score"": 0.12041700656906522}, ""web"": {""ipm_values"": [0.225547], ""category_ipm"": 0.225547, ""category_score"": 3.5637523283906396}}, ""sources"": [{""id"": ""subtitles/hermit_2018_fr_full_lemmatized_ipm6_spacy_lookup_cleaned_v8.json"", ""file"": ""hermit_2018_fr_full_lemmatized_ipm6_spacy_lookup_cleaned_v8.json"", ""category"": ""subtitles"", ""ipm"": 0.006896}, {""id"": ""web/sorted.fr.lemma.unigrams.cleaned_recommended_min100_ipm6.json"", ""file"": ""sorted.fr.lemma.unigrams.cleaned_recommended_min100_ipm6.json"", ""category"": ""web"", ""ipm"": 0.225547}], ""corpus_quality"": {""status"": ""accepted"", ""reasons"": []}, ""components"": [{""surface"": ""prereglage"", ""canonical_candidate"": ""prereglage"", ""confidence"": 0.92, ""evidence"": [{""type"": ""morphological_parse"", ""source"": ""candidate_index"", ""path"": [""prereglage"", ""prereglage"", ""prereglage""], ""confidence"": 0.92}]}]}"
fr	lemma:831b7a84960839dc546a	strégulateur	uncertain	not_admitted_candidate		aggregate_only_not_sense_frequency	"[{""path"": ""associativvordes/family-index-v5/members/fr/17.json.gz"", ""family_id"": ""surface:fr:egu"", ""record_sha256"": ""e894ac7ca2cfb22de8ffa13ffd4f3d7978f603162ce78ae945098662f03f6b29""}, {""path"": ""associativvordes/family-index-v5/members/fr/58.json.gz"", ""family_id"": ""surface:fr:teur"", ""record_sha256"": ""f0096ca75fd34c45ff9a70dd33e58e6f3131640fb0852029e167c980723fb0aa""}, {""path"": ""associativvordes/family-index-v5/members/fr/ee.json.gz"", ""family_id"": ""surface:fr:stre"", ""record_sha256"": ""94c1b612f9df33a2ef3d69c1873521c60b005138a3860e2465c84a1378825d27""}, {""path"": ""associativvordes/family-index-v5/members/fr/f1.json.gz"", ""family_id"": ""surface:fr:gulat"", ""record_sha256"": ""09db854e3f38aa5b5eac5b8a4d4b528e24c69b530e7f2361bbc3da271b0d5d0c""}]"	"{""lemma_id"": ""lemma:831b7a84960839dc546a"", ""word"": ""strégulateur"", ""normalized"": ""strégulateur"", ""search_form"": ""stregulateur"", ""rank"": 480365, ""frequency_score"": 0.06031194627701871, ""category_breakdown"": {""subtitles"": {""ipm_values"": [0.003448], ""category_ipm"": 0.003448, ""category_score"": 0.06031194627701871}}, ""sources"": [{""id"": ""subtitles/hermit_2018_fr_full_lemmatized_ipm6_spacy_lookup_cleaned_v8.json"", ""file"": ""hermit_2018_fr_full_lemmatized_ipm6_spacy_lookup_cleaned_v8.json"", ""category"": ""subtitles"", ""ipm"": 0.003448}], ""corpus_quality"": {""status"": ""accepted"", ""reasons"": []}, ""components"": [{""surface"": ""egu"", ""canonical_candidate"": ""egu"", ""confidence"": 0.81, ""evidence"": [{""type"": ""compound_morphology"", ""source"": ""candidate_index"", ""path"": [""stregulateur"", ""egu"", ""egu""], ""confidence"": 0.81}]}]}"
fr	lemma:85df0b681baf1d0d8e1a	irregularites	uncertain	not_admitted_candidate		aggregate_only_not_sense_frequency	"[{""path"": ""associativvordes/family-index-v5/members/fr/c7.json.gz"", ""family_id"": ""surface:fr:irregularite"", ""record_sha256"": ""b4306e3f83a495e8c1cde935fcb3f5dc6346f2598f081ac6686a0205c785ea7f""}]"	"{""lemma_id"": ""lemma:85df0b681baf1d0d8e1a"", ""word"": ""irregularites"", ""normalized"": ""irregularites"", ""search_form"": ""irregularites"", ""rank"": 192854, ""frequency_score"": 0.18031659537310277, ""category_breakdown"": {""subtitles"": {""ipm_values"": [0.010344], ""category_ipm"": 0.010344, ""category_score"": 0.18031659537310277}}, ""sources"": [{""id"": ""subtitles/hermit_2018_fr_full_lemmatized_ipm6_spacy_lookup_cleaned_v8.json"", ""file"": ""hermit_2018_fr_full_lemmatized_ipm6_spacy_lookup_cleaned_v8.json"", ""category"": ""subtitles"", ""ipm"": 0.010344}], ""corpus_quality"": {""status"": ""accepted"", ""reasons"": []}, ""components"": [{""surface"": ""irregularite"", ""canonical_candidate"": ""irregularite"", ""confidence"": 0.92, ""evidence"": [{""type"": ""morphological_parse"", ""source"": ""candidate_index"", ""path"": [""irregularites"", ""irregularite"", ""irregularite""], ""confidence"": 0.92}]}]}"
fr	lemma:85e2db52c1de203520ff	surréglementation	uncertain	not_admitted_candidate		aggregate_only_not_sense_frequency	"[{""path"": ""associativvordes/family-index-v5/members/fr/2a.json.gz"", ""family_id"": ""surface:fr:surreglementat"", ""record_sha256"": ""68f7b61b0941bb678a144e55d345180088163a4ef49d99ebd7be91416d9a6fe4""}, {""path"": ""associativvordes/family-index-v5/members/fr/76.json.gz"", ""family_id"": ""surface:fr:reglementation"", ""record_sha256"": ""4bc5e82f6043725f646b84684ca6d4b87f7e9365860e072890901c523de8abd4""}]"	"{""lemma_id"": ""lemma:85e2db52c1de203520ff"", ""word"": ""surréglementation"", ""normalized"": ""surréglementation"", ""search_form"": ""surreglementation"", ""rank"": 482817, ""frequency_score"": 0.06031194627701871, ""category_breakdown"": {""subtitles"": {""ipm_values"": [0.003448], ""category_ipm"": 0.003448, ""category_score"": 0.06031194627701871}}, ""sources"": [{""id"": ""subtitles/hermit_2018_fr_full_lemmatized_ipm6_spacy_lookup_cleaned_v8.json"", ""file"": ""hermit_2018_fr_full_lemmatized_ipm6_spacy_lookup_cleaned_v8.json"", ""category"": ""subtitles"", ""ipm"": 0.003448}], ""corpus_quality"": {""status"": ""accepted"", ""reasons"": []}, ""components"": [{""surface"": ""surreglementat"", ""canonical_candidate"": ""surreglementat"", ""confidence"": 0.89, ""evidence"": [{""type"": ""compound_morphology"", ""source"": ""candidate_index"", ""path"": [""surreglementation"", ""surreglementat"", ""surreglementat""], ""confidence"": 0.89}]}]}"
fr	lemma:88168f5d9ec7c72b0fb3	régularité	accepted	accepted	régularité	aggregate_only_not_sense_frequency	"[{""path"": ""associativvordes/family-index-v5/members/fr/1e.json.gz"", ""family_id"": ""ety:de929b7c473f"", ""record_sha256"": ""1e337cea72da0a7c62814c16b21deac2201404bd285a7b6e6c93b466cef621e7""}, {""path"": ""associativvordes/family-index-v5/members/fr/40.json.gz"", ""family_id"": ""family:regul"", ""record_sha256"": ""eee971b4566ef9d87db05259976564e8ecfa263878fbad8e330c5f7a272ff93c""}, {""path"": ""associativvordes/family-index-v5/members/fr/81.json.gz"", ""family_id"": ""surface:fr:regularit"", ""record_sha256"": ""3b365e1a7f770d0c28ea9b5955ff671bb264933af1abfc91d98718c5b5ef5b0b""}]"	"{""lemma_id"": ""lemma:88168f5d9ec7c72b0fb3"", ""word"": ""régularité"", ""normalized"": ""régularité"", ""search_form"": ""regularite"", ""rank"": 7161, ""frequency_score"": 21.95408818771844, ""category_breakdown"": {""subtitles"": {""ipm_values"": [0.355136], ""category_ipm"": 0.355136, ""category_score"": 5.324968402587803}, ""web"": {""ipm_values"": [8.042957], ""category_ipm"": 8.042957, ""category_score"": 38.583207972849074}}, ""sources"": [{""id"": ""subtitles/hermit_2018_fr_full_lemmatized_ipm6_spacy_lookup_cleaned_v8.json"", ""file"": ""hermit_2018_fr_full_lemmatized_ipm6_spacy_lookup_cleaned_v8.json"", ""category"": ""subtitles"", ""ipm"": 0.355136}, {""id"": ""web/sorted.fr.lemma.unigrams.cleaned_recommended_min100_ipm6.json"", ""file"": ""sorted.fr.lemma.unigrams.cleaned_recommended_min100_ipm6.json"", ""category"": ""web"", ""ipm"": 8.042957}], ""corpus_quality"": {""status"": ""accepted"", ""reasons"": []}, ""components"": [{""surface"": ""rite"", ""canonical_candidate"": ""rite"", ""confidence"": 0.89, ""evidence"": [{""type"": ""compound_morphology"", ""source"": ""candidate_index"", ""path"": [""regularite"", ""rite"", ""rite""], ""confidence"": 0.89}]}]}"
fr	lemma:8abf042887c330db5488	réguler	uncertain	not_admitted_candidate		aggregate_only_not_sense_frequency	"[{""path"": ""associativvordes/family-index-v5/members/fr/bf.json.gz"", ""family_id"": ""ety:d082e43767db"", ""record_sha256"": ""b814bba47bdc7764f24f15318086b36fc7cc23e0ff382c16fa1dc75cec875351""}]"	"{""lemma_id"": ""lemma:8abf042887c330db5488"", ""word"": ""réguler"", ""normalized"": ""réguler"", ""search_form"": ""reguler"", ""rank"": 6124, ""frequency_score"": 27.764615877492677, ""category_breakdown"": {""subtitles"": {""ipm_values"": [1.127469], ""category_ipm"": 1.127469, ""category_score"": 13.227938050004006}, ""web"": {""ipm_values"": [10.180615], ""category_ipm"": 10.180615, ""category_score"": 42.30129370498135}}, ""sources"": [{""id"": ""subtitles/hermit_2018_fr_full_lemmatized_ipm6_spacy_lookup_cleaned_v8.json"", ""file"": ""hermit_2018_fr_full_lemmatized_ipm6_spacy_lookup_cleaned_v8.json"", ""category"": ""subtitles"", ""ipm"": 1.127469}, {""id"": ""web/sorted.fr.lemma.unigrams.cleaned_recommended_min100_ipm6.json"", ""file"": ""sorted.fr.lemma.unigrams.cleaned_recommended_min100_ipm6.json"", ""category"": ""web"", ""ipm"": 10.180615}], ""corpus_quality"": {""status"": ""accepted"", ""reasons"": []}, ""components"": [{""surface"": ""reguler"", ""canonical_candidate"": ""reguler"", ""confidence"": 0.92, ""evidence"": [{""type"": ""morphological_parse"", ""source"": ""candidate_index"", ""path"": [""reguler"", ""reguler"", ""reguler""], ""confidence"": 0.92}]}]}"
fr	lemma:8baedfa8b53259924e74	règlement	uncertain	not_admitted_candidate		aggregate_only_not_sense_frequency	"[{""path"": ""associativvordes/family-index-v5/members/fr/6d.json.gz"", ""family_id"": ""surface:fr:reglement"", ""record_sha256"": ""d1baa81485878776e0f149a208a717f54be65baa586bb64743d74a93a0d7f472""}]"	"{""lemma_id"": ""lemma:8baedfa8b53259924e74"", ""word"": ""règlement"", ""normalized"": ""règlement"", ""search_form"": ""reglement"", ""rank"": 1170, ""frequency_score"": 65.1501098390482, ""category_breakdown"": {""subtitles"": {""ipm_values"": [16.32589], ""category_ipm"": 16.32589, ""category_score"": 49.97628891498916}, ""web"": {""ipm_values"": [96.922397], ""category_ipm"": 96.922397, ""category_score"": 80.32393076310723}}, ""sources"": [{""id"": ""subtitles/hermit_2018_fr_full_lemmatized_ipm6_spacy_lookup_cleaned_v8.json"", ""file"": ""hermit_2018_fr_full_lemmatized_ipm6_spacy_lookup_cleaned_v8.json"", ""category"": ""subtitles"", ""ipm"": 16.32589}, {""id"": ""web/sorted.fr.lemma.unigrams.cleaned_recommended_min100_ipm6.json"", ""file"": ""sorted.fr.lemma.unigrams.cleaned_recommended_min100_ipm6.json"", ""category"": ""web"", ""ipm"": 96.922397}], ""corpus_quality"": {""status"": ""accepted"", ""reasons"": []}, ""components"": [{""surface"": ""reglement"", ""canonical_candidate"": ""reglement"", ""confidence"": 0.92, ""evidence"": [{""type"": ""morphological_parse"", ""source"": ""candidate_index"", ""path"": [""reglement"", ""reglement"", ""reglement""], ""confidence"": 0.92}]}]}"
fr	lemma:8be51d87d5649726f399	regule	uncertain	withheld_historical_uncertain		aggregate_only_not_sense_frequency	"[{""path"": ""associativvordes/family-index-v5/members/fr/24.json.gz"", ""family_id"": ""surface:fr:ule"", ""record_sha256"": ""8e6b8c5cb5cbdcd3e47f27505e51f08830b7c98e9fda4eb7d0958b5deee8e278""}, {""path"": ""associativvordes/family-index-v5/members/fr/40.json.gz"", ""family_id"": ""family:regul"", ""record_sha256"": ""d93ff076f4f5b060c06ec91693b3ee11ce837112edd081f8dfa5601578059233""}]"	"{""lemma_id"": ""lemma:8be51d87d5649726f399"", ""word"": ""regule"", ""normalized"": ""regule"", ""search_form"": ""regule"", ""rank"": 454967, ""frequency_score"": 0.06031194627701871, ""category_breakdown"": {""subtitles"": {""ipm_values"": [0.003448], ""category_ipm"": 0.003448, ""category_score"": 0.06031194627701871}}, ""sources"": [{""id"": ""subtitles/hermit_2018_fr_full_lemmatized_ipm6_spacy_lookup_cleaned_v8.json"", ""file"": ""hermit_2018_fr_full_lemmatized_ipm6_spacy_lookup_cleaned_v8.json"", ""category"": ""subtitles"", ""ipm"": 0.003448}], ""corpus_quality"": {""status"": ""accepted"", ""reasons"": []}, ""components"": [{""surface"": ""ule"", ""canonical_candidate"": ""ule"", ""confidence"": 0.89, ""evidence"": [{""type"": ""compound_morphology"", ""source"": ""candidate_index"", ""path"": [""regule"", ""ule"", ""ule""], ""confidence"": 0.89}]}]}"
fr	lemma:8c2a50c60a833aa067a4	irregularite	uncertain	not_admitted_candidate		aggregate_only_not_sense_frequency	"[{""path"": ""associativvordes/family-index-v5/members/fr/c7.json.gz"", ""family_id"": ""surface:fr:irregularite"", ""record_sha256"": ""c6b8afd055113437e6e6b9ff5f611bf57e36e722478c564ddc8327389d4d17cc""}]"	"{""lemma_id"": ""lemma:8c2a50c60a833aa067a4"", ""word"": ""irregularite"", ""normalized"": ""irregularite"", ""search_form"": ""irregularite"", ""rank"": 241593, ""frequency_score"": 0.12041700656906522, ""category_breakdown"": {""subtitles"": {""ipm_values"": [0.006896], ""category_ipm"": 0.006896, ""category_score"": 0.12041700656906522}}, ""sources"": [{""id"": ""subtitles/hermit_2018_fr_full_lemmatized_ipm6_spacy_lookup_cleaned_v8.json"", ""file"": ""hermit_2018_fr_full_lemmatized_ipm6_spacy_lookup_cleaned_v8.json"", ""category"": ""subtitles"", ""ipm"": 0.006896}], ""corpus_quality"": {""status"": ""accepted"", ""reasons"": []}, ""components"": [{""surface"": ""irregularite"", ""canonical_candidate"": ""irregularite"", ""confidence"": 0.92, ""evidence"": [{""type"": ""morphological_parse"", ""source"": ""candidate_index"", ""path"": [""irregularite"", ""irregularite"", ""irregularite""], ""confidence"": 0.92}]}]}"
fr	lemma:8e3a690b52aa07dc2895	dérèglerait	uncertain	not_admitted_candidate		aggregate_only_not_sense_frequency	"[{""path"": ""associativvordes/family-index-v5/members/fr/8c.json.gz"", ""family_id"": ""surface:fr:deregle"", ""record_sha256"": ""9908a049a97daec3c09f0ed54a00578ee92a20ede09cffea5e9a345577960988""}, {""path"": ""associativvordes/family-index-v5/members/fr/be.json.gz"", ""family_id"": ""surface:fr:ait"", ""record_sha256"": ""f04ad08cfbcf521520bc2c4dc54ff2793febb36de52cb678b52857e5fa3fc0aa""}, {""path"": ""associativvordes/family-index-v5/members/fr/bf.json.gz"", ""family_id"": ""ety:d082e43767db"", ""record_sha256"": ""6ee83e9359a1762df98fd8b3163ab0bb33879138028d88812651b4a563ccfbd6""}]"	"{""lemma_id"": ""lemma:8e3a690b52aa07dc2895"", ""word"": ""dérèglerait"", ""normalized"": ""dérèglerait"", ""search_form"": ""dereglerait"", ""rank"": 342193, ""frequency_score"": 0.06031194627701871, ""category_breakdown"": {""subtitles"": {""ipm_values"": [0.003448], ""category_ipm"": 0.003448, ""category_score"": 0.06031194627701871}}, ""sources"": [{""id"": ""subtitles/hermit_2018_fr_full_lemmatized_ipm6_spacy_lookup_cleaned_v8.json"", ""file"": ""hermit_2018_fr_full_lemmatized_ipm6_spacy_lookup_cleaned_v8.json"", ""category"": ""subtitles"", ""ipm"": 0.003448}], ""corpus_quality"": {""status"": ""accepted"", ""reasons"": []}, ""components"": [{""surface"": ""deregle"", ""canonical_candidate"": ""deregle"", ""confidence"": 0.81, ""evidence"": [{""type"": ""compound_morphology"", ""source"": ""candidate_index"", ""path"": [""dereglerait"", ""deregle"", ""deregle""], ""confidence"": 0.81}]}]}"
fr	lemma:8e4788909646d75483e5	regulation	uncertain	withheld_historical_uncertain		aggregate_only_not_sense_frequency	"[{""path"": ""associativvordes/family-index-v5/members/fr/40.json.gz"", ""family_id"": ""family:regul"", ""record_sha256"": ""6d9d1063c8af128a65336bbbe691943178460b5ad2ec445810f5b22b7dedf2d2""}]"	"{""lemma_id"": ""lemma:8e4788909646d75483e5"", ""word"": ""regulation"", ""normalized"": ""regulation"", ""search_form"": ""regulation"", ""rank"": 32316, ""frequency_score"": 4.774321326270347, ""category_breakdown"": {""subtitles"": {""ipm_values"": [0.010344], ""category_ipm"": 0.010344, ""category_score"": 0.18031659537310277}, ""web"": {""ipm_values"": [0.706869], ""category_ipm"": 0.706869, ""category_score"": 9.368326057167591}}, ""sources"": [{""id"": ""subtitles/hermit_2018_fr_full_lemmatized_ipm6_spacy_lookup_cleaned_v8.json"", ""file"": ""hermit_2018_fr_full_lemmatized_ipm6_spacy_lookup_cleaned_v8.json"", ""category"": ""subtitles"", ""ipm"": 0.010344}, {""id"": ""web/sorted.fr.lemma.unigrams.cleaned_recommended_min100_ipm6.json"", ""file"": ""sorted.fr.lemma.unigrams.cleaned_recommended_min100_ipm6.json"", ""category"": ""web"", ""ipm"": 0.706869}], ""corpus_quality"": {""status"": ""accepted"", ""reasons"": []}, ""components"": [{""surface"": ""regul"", ""canonical_candidate"": ""regul"", ""confidence"": 1, ""evidence"": [{""type"": ""compound_morphology"", ""source"": ""manually_verified"", ""path"": [""regulation"", ""regul"", ""regul""], ""confidence"": 1}, {""type"": ""verified_seed_alias"", ""source"": ""methodology_control_seed"", ""path"": [""fr"", ""regul"", ""family:regul""], ""confidence"": 1}]}]}"
fr	lemma:8e4b1f94e25ad033d8d7	dérégle	uncertain	not_admitted_candidate		aggregate_only_not_sense_frequency	"[{""path"": ""associativvordes/family-index-v5/members/fr/8c.json.gz"", ""family_id"": ""surface:fr:deregle"", ""record_sha256"": ""9f61fc628c2266bed6bcdc0108d2dedc480ce9149d32f2665756556412faeabc""}]"	"{""lemma_id"": ""lemma:8e4b1f94e25ad033d8d7"", ""word"": ""dérégle"", ""normalized"": ""dérégle"", ""search_form"": ""deregle"", ""rank"": 342197, ""frequency_score"": 0.06031194627701871, ""category_breakdown"": {""subtitles"": {""ipm_values"": [0.003448], ""category_ipm"": 0.003448, ""category_score"": 0.06031194627701871}}, ""sources"": [{""id"": ""subtitles/hermit_2018_fr_full_lemmatized_ipm6_spacy_lookup_cleaned_v8.json"", ""file"": ""hermit_2018_fr_full_lemmatized_ipm6_spacy_lookup_cleaned_v8.json"", ""category"": ""subtitles"", ""ipm"": 0.003448}], ""corpus_quality"": {""status"": ""accepted"", ""reasons"": []}, ""components"": [{""surface"": ""deregle"", ""canonical_candidate"": ""deregle"", ""confidence"": 0.92, ""evidence"": [{""type"": ""morphological_parse"", ""source"": ""candidate_index"", ""path"": [""deregle"", ""deregle"", ""deregle""], ""confidence"": 0.92}]}]}"
fr	lemma:8f22b40049c5966e944e	préglaciaire	uncertain	not_admitted_candidate		aggregate_only_not_sense_frequency	"[{""path"": ""associativvordes/family-index-v5/members/fr/47.json.gz"", ""family_id"": ""surface:fr:preglaciair"", ""record_sha256"": ""b974fb770f1e55bc6d71a79829d537950b2f734ed7b19579a5965da4a5bc4775""}, {""path"": ""associativvordes/family-index-v5/members/fr/6a.json.gz"", ""family_id"": ""ety:0d8b253b6d83"", ""record_sha256"": ""142109410839eff8b9926a467278cca8cc8e52cee3346e573494d336ff1e7a80""}, {""path"": ""associativvordes/family-index-v5/members/fr/93.json.gz"", ""family_id"": ""ety:08cce9ed00f5"", ""record_sha256"": ""142109410839eff8b9926a467278cca8cc8e52cee3346e573494d336ff1e7a80""}, {""path"": ""associativvordes/family-index-v5/members/fr/96.json.gz"", ""family_id"": ""ety:502ddeaf7a8b"", ""record_sha256"": ""142109410839eff8b9926a467278cca8cc8e52cee3346e573494d336ff1e7a80""}]"	"{""lemma_id"": ""lemma:8f22b40049c5966e944e"", ""word"": ""préglaciaire"", ""normalized"": ""préglaciaire"", ""search_form"": ""preglaciaire"", ""rank"": 446969, ""frequency_score"": 0.06031194627701871, ""category_breakdown"": {""subtitles"": {""ipm_values"": [0.003448], ""category_ipm"": 0.003448, ""category_score"": 0.06031194627701871}}, ""sources"": [{""id"": ""subtitles/hermit_2018_fr_full_lemmatized_ipm6_spacy_lookup_cleaned_v8.json"", ""file"": ""hermit_2018_fr_full_lemmatized_ipm6_spacy_lookup_cleaned_v8.json"", ""category"": ""subtitles"", ""ipm"": 0.003448}], ""corpus_quality"": {""status"": ""accepted"", ""reasons"": []}, ""components"": [{""surface"": ""preglaciair"", ""canonical_candidate"": ""preglaciair"", ""confidence"": 0.92, ""evidence"": [{""type"": ""morphological_parse"", ""source"": ""candidate_index"", ""path"": [""preglaciaire"", ""preglaciair"", ""preglaciair""], ""confidence"": 0.92}]}]}"
fr	lemma:8fc76978856a42889766	dérégule	accepted	accepted	réguler	aggregate_only_not_sense_frequency	"[{""path"": ""associativvordes/family-index-v5/members/fr/40.json.gz"", ""family_id"": ""family:regul"", ""record_sha256"": ""92472efaffa56704bbd4bb30ee91023418140d1666043fd94f38543c6a92040c""}]"	"{""lemma_id"": ""lemma:8fc76978856a42889766"", ""word"": ""dérégule"", ""normalized"": ""dérégule"", ""search_form"": ""deregule"", ""rank"": 229848, ""frequency_score"": 0.12041700656906522, ""category_breakdown"": {""subtitles"": {""ipm_values"": [0.006896], ""category_ipm"": 0.006896, ""category_score"": 0.12041700656906522}}, ""sources"": [{""id"": ""subtitles/hermit_2018_fr_full_lemmatized_ipm6_spacy_lookup_cleaned_v8.json"", ""file"": ""hermit_2018_fr_full_lemmatized_ipm6_spacy_lookup_cleaned_v8.json"", ""category"": ""subtitles"", ""ipm"": 0.006896}], ""corpus_quality"": {""status"": ""accepted"", ""reasons"": []}, ""components"": [{""surface"": ""regul"", ""canonical_candidate"": ""regul"", ""confidence"": 1, ""evidence"": [{""type"": ""morphological_parse"", ""source"": ""manually_verified"", ""path"": [""deregule"", ""regul"", ""regul""], ""confidence"": 1}, {""type"": ""verified_seed_alias"", ""source"": ""methodology_control_seed"", ""path"": [""fr"", ""regul"", ""family:regul""], ""confidence"": 1}]}]}"
fr	lemma:90e3377edda3ae03886e	régulèrement	uncertain	withheld_historical_uncertain		aggregate_only_not_sense_frequency	"[{""path"": ""associativvordes/family-index-v5/members/fr/40.json.gz"", ""family_id"": ""family:regul"", ""record_sha256"": ""a9b221213ee3562aebb1257fe4c88d76184eb899a634cbb87e5185d7be62fb17""}, {""path"": ""associativvordes/family-index-v5/members/fr/51.json.gz"", ""family_id"": ""surface:fr:erem"", ""record_sha256"": ""f7b8ae2c9df0bf4ddc08ee11d9122293c7c3444e4b996f4964257ed73c377adf""}, {""path"": ""associativvordes/family-index-v5/members/fr/61.json.gz"", ""family_id"": ""surface:fr:rement"", ""record_sha256"": ""f6b2ca48b784c8cc4bf019ad9305473e6e444c727fecc7a60f20b9d0c78dbe51""}, {""path"": ""associativvordes/family-index-v5/members/fr/9f.json.gz"", ""family_id"": ""surface:fr:regulere"", ""record_sha256"": ""6cc780ea2753bd52751f2d9ba8a15c524b810e31322d29c50cea5844915c88c0""}]"	"{""lemma_id"": ""lemma:90e3377edda3ae03886e"", ""word"": ""régulèrement"", ""normalized"": ""régulèrement"", ""search_form"": ""regulerement"", ""rank"": 462698, ""frequency_score"": 0.06031194627701871, ""category_breakdown"": {""subtitles"": {""ipm_values"": [0.003448], ""category_ipm"": 0.003448, ""category_score"": 0.06031194627701871}}, ""sources"": [{""id"": ""subtitles/hermit_2018_fr_full_lemmatized_ipm6_spacy_lookup_cleaned_v8.json"", ""file"": ""hermit_2018_fr_full_lemmatized_ipm6_spacy_lookup_cleaned_v8.json"", ""category"": ""subtitles"", ""ipm"": 0.003448}], ""corpus_quality"": {""status"": ""accepted"", ""reasons"": []}, ""components"": [{""surface"": ""regul"", ""canonical_candidate"": ""regul"", ""confidence"": 0.97, ""evidence"": [{""type"": ""compound_morphology"", ""source"": ""manually_verified"", ""path"": [""regulerement"", ""regul"", ""regul""], ""confidence"": 0.97}, {""type"": ""verified_seed_alias"", ""source"": ""methodology_control_seed"", ""path"": [""fr"", ""regul"", ""family:regul""], ""confidence"": 1}]}]}"
fr	lemma:910b647c5e2cffa1a4fb	dérégulations	accepted	accepted	régulation	aggregate_only_not_sense_frequency	"[{""path"": ""associativvordes/family-index-v5/members/fr/2f.json.gz"", ""family_id"": ""surface:fr:deregulation"", ""record_sha256"": ""9b2e633cc51357fc67b2a5bfae92ff40fcb8996674f2a7df5bdc5913de935297""}, {""path"": ""associativvordes/family-index-v5/members/fr/40.json.gz"", ""family_id"": ""family:regul"", ""record_sha256"": ""ddf5487aecd71faeb4272f13122a23908f4614683cc21c613c8196b564f2e2f1""}]"	"{""lemma_id"": ""lemma:910b647c5e2cffa1a4fb"", ""word"": ""dérégulations"", ""normalized"": ""dérégulations"", ""search_form"": ""deregulations"", ""rank"": 89767, ""frequency_score"": 2.0363141756715732, ""category_breakdown"": {""web"": {""ipm_values"": [0.123237], ""category_ipm"": 0.123237, ""category_score"": 2.0363141756715732}}, ""sources"": [{""id"": ""web/sorted.fr.lemma.unigrams.cleaned_recommended_min100_ipm6.json"", ""file"": ""sorted.fr.lemma.unigrams.cleaned_recommended_min100_ipm6.json"", ""category"": ""web"", ""ipm"": 0.123237}], ""corpus_quality"": {""status"": ""accepted"", ""reasons"": []}, ""components"": [{""surface"": ""deregulation"", ""canonical_candidate"": ""deregulation"", ""confidence"": 0.92, ""evidence"": [{""type"": ""morphological_parse"", ""source"": ""candidate_index"", ""path"": [""deregulations"", ""deregulation"", ""deregulation""], ""confidence"": 0.92}]}]}"
fr	lemma:926a444bd100d51b5bf7	règlé	uncertain	not_admitted_candidate		aggregate_only_not_sense_frequency	"[{""path"": ""associativvordes/family-index-v5/members/fr/65.json.gz"", ""family_id"": ""surface:fr:regle"", ""record_sha256"": ""99953e9dc68d0e29d331871194d234736273a1b629e8f5a6dca69e860bb08615""}]"	"{""lemma_id"": ""lemma:926a444bd100d51b5bf7"", ""word"": ""règlé"", ""normalized"": ""règlé"", ""search_form"": ""regle"", ""rank"": 75157, ""frequency_score"": 1.2630907655816754, ""category_breakdown"": {""subtitles"": {""ipm_values"": [0.062063], ""category_ipm"": 0.062063, ""category_score"": 1.0550565925821063}, ""web"": {""ipm_values"": [0.087584], ""category_ipm"": 0.087584, ""category_score"": 1.4711249385812448}}, ""sources"": [{""id"": ""subtitles/hermit_2018_fr_full_lemmatized_ipm6_spacy_lookup_cleaned_v8.json"", ""file"": ""hermit_2018_fr_full_lemmatized_ipm6_spacy_lookup_cleaned_v8.json"", ""category"": ""subtitles"", ""ipm"": 0.062063}, {""id"": ""web/sorted.fr.lemma.unigrams.cleaned_recommended_min100_ipm6.json"", ""file"": ""sorted.fr.lemma.unigrams.cleaned_recommended_min100_ipm6.json"", ""category"": ""web"", ""ipm"": 0.087584}], ""corpus_quality"": {""status"": ""accepted"", ""reasons"": []}, ""components"": [{""surface"": ""regle"", ""canonical_candidate"": ""regle"", ""confidence"": 0.92, ""evidence"": [{""type"": ""morphological_parse"", ""source"": ""candidate_index"", ""path"": [""regle"", ""regle"", ""regle""], ""confidence"": 0.92}]}]}"
fr	lemma:92fe0e38bac79a658c63	déréglé	uncertain	not_admitted_candidate		aggregate_only_not_sense_frequency	"[{""path"": ""associativvordes/family-index-v5/members/fr/8c.json.gz"", ""family_id"": ""surface:fr:deregle"", ""record_sha256"": ""944174a071d7629abf619f4294b338910ce2ed4e113b224f1f2e2904491a82c9""}]"	"{""lemma_id"": ""lemma:92fe0e38bac79a658c63"", ""word"": ""déréglé"", ""normalized"": ""déréglé"", ""search_form"": ""deregle"", ""rank"": 24769, ""frequency_score"": 7.580739086110539, ""category_breakdown"": {""subtitles"": {""ipm_values"": [0.541323], ""category_ipm"": 0.541323, ""category_score"": 7.580739086110539}}, ""sources"": [{""id"": ""subtitles/hermit_2018_fr_full_lemmatized_ipm6_spacy_lookup_cleaned_v8.json"", ""file"": ""hermit_2018_fr_full_lemmatized_ipm6_spacy_lookup_cleaned_v8.json"", ""category"": ""subtitles"", ""ipm"": 0.541323}], ""corpus_quality"": {""status"": ""accepted"", ""reasons"": []}, ""components"": [{""surface"": ""deregle"", ""canonical_candidate"": ""deregle"", ""confidence"": 0.92, ""evidence"": [{""type"": ""morphological_parse"", ""source"": ""candidate_index"", ""path"": [""deregle"", ""deregle"", ""deregle""], ""confidence"": 0.92}]}]}"
fr	lemma:9359398e98ed63fe6670	déréglisse	uncertain	not_admitted_candidate		aggregate_only_not_sense_frequency	"[{""path"": ""associativvordes/family-index-v5/members/fr/5a.json.gz"", ""family_id"": ""ety:c91adc390a50"", ""record_sha256"": ""11e7e40433ae269d150c936ebe6920aaa101eaeedc3651f29effac104e53606e""}, {""path"": ""associativvordes/family-index-v5/members/fr/8a.json.gz"", ""family_id"": ""ety:d0ae567efc70"", ""record_sha256"": ""11e7e40433ae269d150c936ebe6920aaa101eaeedc3651f29effac104e53606e""}, {""path"": ""associativvordes/family-index-v5/members/fr/94.json.gz"", ""family_id"": ""ety:037c287a3a02"", ""record_sha256"": ""11e7e40433ae269d150c936ebe6920aaa101eaeedc3651f29effac104e53606e""}, {""path"": ""associativvordes/family-index-v5/members/fr/e6.json.gz"", ""family_id"": ""surface:fr:deregliss"", ""record_sha256"": ""c79da561ff36ce2d79ddaec530630c662c2ee82dcdf775806b18dd8ed8f7dccd""}]"	"{""lemma_id"": ""lemma:9359398e98ed63fe6670"", ""word"": ""déréglisse"", ""normalized"": ""déréglisse"", ""search_form"": ""dereglisse"", ""rank"": 342198, ""frequency_score"": 0.06031194627701871, ""category_breakdown"": {""subtitles"": {""ipm_values"": [0.003448], ""category_ipm"": 0.003448, ""category_score"": 0.06031194627701871}}, ""sources"": [{""id"": ""subtitles/hermit_2018_fr_full_lemmatized_ipm6_spacy_lookup_cleaned_v8.json"", ""file"": ""hermit_2018_fr_full_lemmatized_ipm6_spacy_lookup_cleaned_v8.json"", ""category"": ""subtitles"", ""ipm"": 0.003448}], ""corpus_quality"": {""status"": ""accepted"", ""reasons"": []}, ""components"": [{""surface"": ""reglisse"", ""canonical_candidate"": ""reglisse"", ""confidence"": 0.92, ""evidence"": [{""type"": ""morphological_parse"", ""source"": ""candidate_index"", ""path"": [""dereglisse"", ""reglisse"", ""reglisse""], ""confidence"": 0.92}]}]}"
fr	lemma:947465dd0cdd2c8d5443	régler	uncertain	not_admitted_candidate		aggregate_only_not_sense_frequency	"[{""path"": ""associativvordes/family-index-v5/members/fr/bf.json.gz"", ""family_id"": ""ety:d082e43767db"", ""record_sha256"": ""ace76aab27adf3d51f237825f7c55c1d909ae77726ebe7b588297c7ad3903014""}]"	"{""lemma_id"": ""lemma:947465dd0cdd2c8d5443"", ""word"": ""régler"", ""normalized"": ""régler"", ""search_form"": ""regler"", ""rank"": 821, ""frequency_score"": 74.1022144645112, ""category_breakdown"": {""subtitles"": {""ipm_values"": [95.765912], ""category_ipm"": 95.765912, ""category_score"": 80.11576036553862}, ""web"": {""ipm_values"": [47.710538], ""category_ipm"": 47.710538, ""category_score"": 68.08866856348378}}, ""sources"": [{""id"": ""subtitles/hermit_2018_fr_full_lemmatized_ipm6_spacy_lookup_cleaned_v8.json"", ""file"": ""hermit_2018_fr_full_lemmatized_ipm6_spacy_lookup_cleaned_v8.json"", ""category"": ""subtitles"", ""ipm"": 95.765912}, {""id"": ""web/sorted.fr.lemma.unigrams.cleaned_recommended_min100_ipm6.json"", ""file"": ""sorted.fr.lemma.unigrams.cleaned_recommended_min100_ipm6.json"", ""category"": ""web"", ""ipm"": 47.710538}], ""corpus_quality"": {""status"": ""accepted"", ""reasons"": []}, ""components"": [{""surface"": ""regler"", ""canonical_candidate"": ""regler"", ""confidence"": 0.92, ""evidence"": [{""type"": ""morphological_parse"", ""source"": ""candidate_index"", ""path"": [""regler"", ""regler"", ""regler""], ""confidence"": 0.92}]}]}"
fr	lemma:94f17addf4f5a4547b78	réglette	uncertain	not_admitted_candidate		aggregate_only_not_sense_frequency	"[{""path"": ""associativvordes/family-index-v5/members/fr/15.json.gz"", ""family_id"": ""surface:fr:reglett"", ""record_sha256"": ""a905a7bfc9ab8ecb807a97520e97933a74bb3186b6aca7306b58ca34e2ee8115""}, {""path"": ""associativvordes/family-index-v5/members/fr/97.json.gz"", ""family_id"": ""surface:fr:tte"", ""record_sha256"": ""10cc2764d3c9625710d349c2d80c95ccc93ecffa816d07ec89724763aa3aaca0""}]"	"{""lemma_id"": ""lemma:94f17addf4f5a4547b78"", ""word"": ""réglette"", ""normalized"": ""réglette"", ""search_form"": ""reglette"", ""rank"": 42247, ""frequency_score"": 3.358449644144101, ""category_breakdown"": {""subtitles"": {""ipm_values"": [0.013792], ""category_ipm"": 0.013792, ""category_score"": 0.24001211272896547}, ""web"": {""ipm_values"": [0.447218], ""category_ipm"": 0.447218, ""category_score"": 6.476887175559236}}, ""sources"": [{""id"": ""subtitles/hermit_2018_fr_full_lemmatized_ipm6_spacy_lookup_cleaned_v8.json"", ""file"": ""hermit_2018_fr_full_lemmatized_ipm6_spacy_lookup_cleaned_v8.json"", ""category"": ""subtitles"", ""ipm"": 0.013792}, {""id"": ""web/sorted.fr.lemma.unigrams.cleaned_recommended_min100_ipm6.json"", ""file"": ""sorted.fr.lemma.unigrams.cleaned_recommended_min100_ipm6.json"", ""category"": ""web"", ""ipm"": 0.447218}], ""corpus_quality"": {""status"": ""accepted"", ""reasons"": []}, ""components"": [{""surface"": ""reglett"", ""canonical_candidate"": ""reglett"", ""confidence"": 0.92, ""evidence"": [{""type"": ""morphological_parse"", ""source"": ""candidate_index"", ""path"": [""reglette"", ""reglett"", ""reglett""], ""confidence"": 0.92}]}]}"
fr	lemma:964fcb746bdbcf2003bf	déréglemente	uncertain	not_admitted_candidate		aggregate_only_not_sense_frequency	"[{""path"": ""associativvordes/family-index-v5/members/fr/98.json.gz"", ""family_id"": ""surface:fr:reglemente"", ""record_sha256"": ""2a4d5e6507a7e3950140afb6d2ffa5836e38e890d0da48373fe813686e4beef7""}, {""path"": ""associativvordes/family-index-v5/members/fr/b0.json.gz"", ""family_id"": ""surface:fr:dereglement"", ""record_sha256"": ""9676c4f72cae8fad6259783ecee0ee9a74154e7058570e5b926da4dd200e962d""}]"	"{""lemma_id"": ""lemma:964fcb746bdbcf2003bf"", ""word"": ""déréglemente"", ""normalized"": ""déréglemente"", ""search_form"": ""dereglemente"", ""rank"": 161744, ""frequency_score"": 0.24001211272896547, ""category_breakdown"": {""subtitles"": {""ipm_values"": [0.013792], ""category_ipm"": 0.013792, ""category_score"": 0.24001211272896547}}, ""sources"": [{""id"": ""subtitles/hermit_2018_fr_full_lemmatized_ipm6_spacy_lookup_cleaned_v8.json"", ""file"": ""hermit_2018_fr_full_lemmatized_ipm6_spacy_lookup_cleaned_v8.json"", ""category"": ""subtitles"", ""ipm"": 0.013792}], ""corpus_quality"": {""status"": ""accepted"", ""reasons"": []}, ""components"": [{""surface"": ""reglemente"", ""canonical_candidate"": ""reglemente"", ""confidence"": 0.92, ""evidence"": [{""type"": ""morphological_parse"", ""source"": ""candidate_index"", ""path"": [""dereglemente"", ""reglemente"", ""reglemente""], ""confidence"": 0.92}]}]}"
fr	lemma:984e268ecedb682a5847	thermorégulé	accepted	accepted	réguler	aggregate_only_not_sense_frequency	"[{""path"": ""associativvordes/family-index-v5/members/fr/02.json.gz"", ""family_id"": ""surface:fr:thermoregul"", ""record_sha256"": ""393a4875bc8c884cf993b3bc3138b098aaba06920a21b874c9a96806a12e7e6c""}, {""path"": ""associativvordes/family-index-v5/members/fr/24.json.gz"", ""family_id"": ""surface:fr:ule"", ""record_sha256"": ""90a33c0418a2d5acb48ba928cb1e6ad249ee8312c0ae834338c8b829d8002f5c""}, {""path"": ""associativvordes/family-index-v5/members/fr/40.json.gz"", ""family_id"": ""family:regul"", ""record_sha256"": ""9122a6d0b02600ea9594ef6ad7054bb427c156509b6456cd6586e2180fb98c93""}]"	"{""lemma_id"": ""lemma:984e268ecedb682a5847"", ""word"": ""thermorégulé"", ""normalized"": ""thermorégulé"", ""search_form"": ""thermoregule"", ""rank"": 488589, ""frequency_score"": 0.06031194627701871, ""category_breakdown"": {""subtitles"": {""ipm_values"": [0.003448], ""category_ipm"": 0.003448, ""category_score"": 0.06031194627701871}}, ""sources"": [{""id"": ""subtitles/hermit_2018_fr_full_lemmatized_ipm6_spacy_lookup_cleaned_v8.json"", ""file"": ""hermit_2018_fr_full_lemmatized_ipm6_spacy_lookup_cleaned_v8.json"", ""category"": ""subtitles"", ""ipm"": 0.003448}], ""corpus_quality"": {""status"": ""accepted"", ""reasons"": []}, ""components"": [{""surface"": ""thermoregul"", ""canonical_candidate"": ""thermoregul"", ""confidence"": 0.92, ""evidence"": [{""type"": ""morphological_parse"", ""source"": ""candidate_index"", ""path"": [""thermoregule"", ""thermoregul"", ""thermoregul""], ""confidence"": 0.92}]}]}"
fr	lemma:98925886dfb36a82c262	régullere	uncertain	withheld_historical_uncertain		aggregate_only_not_sense_frequency	"[{""path"": ""associativvordes/family-index-v5/members/fr/40.json.gz"", ""family_id"": ""family:regul"", ""record_sha256"": ""27b1cca6d7e3e7b0437a5f9da638ba5a01225d0eea41c5985dfef133fb843086""}, {""path"": ""associativvordes/family-index-v5/members/fr/7b.json.gz"", ""family_id"": ""ety:8bb4f1b322b0"", ""record_sha256"": ""99a88f13173567f569aecfda8d0e33b68f3cdbc18974e78fcec38671fcd375f8""}, {""path"": ""associativvordes/family-index-v5/members/fr/8e.json.gz"", ""family_id"": ""surface:fr:reguller"", ""record_sha256"": ""5fa4c9e38a83f71b6a24cdd28559ccef132a0d1a691c22b07dd497bf8023e6ef""}]"	"{""lemma_id"": ""lemma:98925886dfb36a82c262"", ""word"": ""régullere"", ""normalized"": ""régullere"", ""search_form"": ""regullere"", ""rank"": 264610, ""frequency_score"": 0.12041700656906522, ""category_breakdown"": {""subtitles"": {""ipm_values"": [0.006896], ""category_ipm"": 0.006896, ""category_score"": 0.12041700656906522}}, ""sources"": [{""id"": ""subtitles/hermit_2018_fr_full_lemmatized_ipm6_spacy_lookup_cleaned_v8.json"", ""file"": ""hermit_2018_fr_full_lemmatized_ipm6_spacy_lookup_cleaned_v8.json"", ""category"": ""subtitles"", ""ipm"": 0.006896}], ""corpus_quality"": {""status"": ""accepted"", ""reasons"": []}, ""components"": [{""surface"": ""regul"", ""canonical_candidate"": ""regul"", ""confidence"": 0.97, ""evidence"": [{""type"": ""compound_morphology"", ""source"": ""manually_verified"", ""path"": [""regullere"", ""regul"", ""regul""], ""confidence"": 0.97}, {""type"": ""verified_seed_alias"", ""source"": ""methodology_control_seed"", ""path"": [""fr"", ""regul"", ""family:regul""], ""confidence"": 1}]}]}"
fr	lemma:98a5ea0be32ba293b5f5	réguliere	uncertain	withheld_historical_uncertain		aggregate_only_not_sense_frequency	"[{""path"": ""associativvordes/family-index-v5/members/fr/40.json.gz"", ""family_id"": ""family:regul"", ""record_sha256"": ""75b6169c624c464ebdc44c55bf9182cb704e67a4289f11efec1d15af91661bb1""}]"	"{""lemma_id"": ""lemma:98a5ea0be32ba293b5f5"", ""word"": ""réguliere"", ""normalized"": ""réguliere"", ""search_form"": ""reguliere"", ""rank"": 117563, ""frequency_score"": 0.4767639217120168, ""category_breakdown"": {""subtitles"": {""ipm_values"": [0.027583], ""category_ipm"": 0.027583, ""category_score"": 0.4767639217120168}}, ""sources"": [{""id"": ""subtitles/hermit_2018_fr_full_lemmatized_ipm6_spacy_lookup_cleaned_v8.json"", ""file"": ""hermit_2018_fr_full_lemmatized_ipm6_spacy_lookup_cleaned_v8.json"", ""category"": ""subtitles"", ""ipm"": 0.027583}], ""corpus_quality"": {""status"": ""accepted"", ""reasons"": []}, ""components"": [{""surface"": ""regul"", ""canonical_candidate"": ""regul"", ""confidence"": 0.97, ""evidence"": [{""type"": ""compound_morphology"", ""source"": ""manually_verified"", ""path"": [""reguliere"", ""regul"", ""regul""], ""confidence"": 0.97}, {""type"": ""verified_seed_alias"", ""source"": ""methodology_control_seed"", ""path"": [""fr"", ""regul"", ""family:regul""], ""confidence"": 1}]}]}"
fr	lemma:9b225697b41b6d5ba415	regulus	uncertain	not_admitted_candidate		aggregate_only_not_sense_frequency	"[{""path"": ""associativvordes/family-index-v5/members/fr/42.json.gz"", ""family_id"": ""surface:fr:regulu"", ""record_sha256"": ""5b1cdcae8462700cb833507d9ae53f4b157d4d6892419c3abb1bc3fd57845e34""}, {""path"": ""associativvordes/family-index-v5/members/fr/a0.json.gz"", ""family_id"": ""surface:fr:lus"", ""record_sha256"": ""c80055c64e74b7608fec63da0ae191b50bc67f490213397b64a2892d777175dc""}]"	"{""lemma_id"": ""lemma:9b225697b41b6d5ba415"", ""word"": ""regulus"", ""normalized"": ""regulus"", ""search_form"": ""regulus"", ""rank"": 70856, ""frequency_score"": 1.3197840728907027, ""category_breakdown"": {""subtitles"": {""ipm_values"": [0.068958], ""category_ipm"": 0.068958, ""category_score"": 1.1684432072001605}, ""web"": {""ipm_values"": [0.087584], ""category_ipm"": 0.087584, ""category_score"": 1.4711249385812448}}, ""sources"": [{""id"": ""subtitles/hermit_2018_fr_full_lemmatized_ipm6_spacy_lookup_cleaned_v8.json"", ""file"": ""hermit_2018_fr_full_lemmatized_ipm6_spacy_lookup_cleaned_v8.json"", ""category"": ""subtitles"", ""ipm"": 0.068958}, {""id"": ""web/sorted.fr.lemma.unigrams.cleaned_recommended_min100_ipm6.json"", ""file"": ""sorted.fr.lemma.unigrams.cleaned_recommended_min100_ipm6.json"", ""category"": ""web"", ""ipm"": 0.087584}], ""corpus_quality"": {""status"": ""accepted"", ""reasons"": []}, ""components"": [{""surface"": ""regulu"", ""canonical_candidate"": ""regulu"", ""confidence"": 0.92, ""evidence"": [{""type"": ""morphological_parse"", ""source"": ""candidate_index"", ""path"": [""regulus"", ""regulu"", ""regulu""], ""confidence"": 0.92}]}]}"
fr	lemma:9cc2345911b36e1a50af	regulatory	uncertain	withheld_historical_uncertain		aggregate_only_not_sense_frequency	"[{""path"": ""associativvordes/family-index-v5/members/fr/1c.json.gz"", ""family_id"": ""surface:fr:ory"", ""record_sha256"": ""f42b9226d19c1ece2d1b56adbfa5b26ce168744b402406e9fbd96421ba5fb001""}, {""path"": ""associativvordes/family-index-v5/members/fr/36.json.gz"", ""family_id"": ""surface:fr:regulat"", ""record_sha256"": ""38b675c3b6a6a74f326f70182218a15de40bc2aac2eb901b8c050792846bb459""}, {""path"": ""associativvordes/family-index-v5/members/fr/40.json.gz"", ""family_id"": ""family:regul"", ""record_sha256"": ""d4010f75908873be90be509247219a4f9d73a457e0bd9720b148b1c7e01db24b""}]"	"{""lemma_id"": ""lemma:9cc2345911b36e1a50af"", ""word"": ""regulatory"", ""normalized"": ""regulatory"", ""search_form"": ""regulatory"", ""rank"": 64789, ""frequency_score"": 3.3967385838362207, ""category_breakdown"": {""web"": {""ipm_values"": [0.213921], ""category_ipm"": 0.213921, ""category_score"": 3.3967385838362207}}, ""sources"": [{""id"": ""web/sorted.fr.lemma.unigrams.cleaned_recommended_min100_ipm6.json"", ""file"": ""sorted.fr.lemma.unigrams.cleaned_recommended_min100_ipm6.json"", ""category"": ""web"", ""ipm"": 0.213921}], ""corpus_quality"": {""status"": ""accepted"", ""reasons"": []}, ""components"": [{""surface"": ""ory"", ""canonical_candidate"": ""ory"", ""confidence"": 0.89, ""evidence"": [{""type"": ""compound_morphology"", ""source"": ""candidate_index"", ""path"": [""regulatory"", ""ory"", ""ory""], ""confidence"": 0.89}]}]}"
fr	lemma:9ebcfb848a4277939f63	osmorégulateur	accepted	accepted	réguler	aggregate_only_not_sense_frequency	"[{""path"": ""associativvordes/family-index-v5/members/fr/2e.json.gz"", ""family_id"": ""surface:fr:osmo"", ""record_sha256"": ""f23b6462a15a35112201ec4d6e844b23e994d75c8df9ec3bab15321eb8817844""}, {""path"": ""associativvordes/family-index-v5/members/fr/36.json.gz"", ""family_id"": ""surface:fr:regulat"", ""record_sha256"": ""a6c19fc6af1130e84a5b934afcc6c40eeb77d0769395461cc30bc5b340a29dab""}, {""path"": ""associativvordes/family-index-v5/members/fr/38.json.gz"", ""family_id"": ""surface:fr:ore"", ""record_sha256"": ""9759797a43c57373ec9a61e8c83c9afeaa90134b24fea1e44b1bc1ea8c8d06ec""}, {""path"": ""associativvordes/family-index-v5/members/fr/40.json.gz"", ""family_id"": ""family:regul"", ""record_sha256"": ""5b7625af68313ea87a203f0d235aa03f977c19069d65099f4c226d1e34884205""}, {""path"": ""associativvordes/family-index-v5/members/fr/58.json.gz"", ""family_id"": ""surface:fr:teur"", ""record_sha256"": ""44d5727e458e1be263b1aeeb540ee826d32a8c3cb8f7a17c24cd7aa2e03a6516""}]"	"{""lemma_id"": ""lemma:9ebcfb848a4277939f63"", ""word"": ""osmorégulateur"", ""normalized"": ""osmorégulateur"", ""search_form"": ""osmoregulateur"", ""rank"": 430606, ""frequency_score"": 0.06031194627701871, ""category_breakdown"": {""subtitles"": {""ipm_values"": [0.003448], ""category_ipm"": 0.003448, ""category_score"": 0.06031194627701871}}, ""sources"": [{""id"": ""subtitles/hermit_2018_fr_full_lemmatized_ipm6_spacy_lookup_cleaned_v8.json"", ""file"": ""hermit_2018_fr_full_lemmatized_ipm6_spacy_lookup_cleaned_v8.json"", ""category"": ""subtitles"", ""ipm"": 0.003448}], ""corpus_quality"": {""status"": ""accepted"", ""reasons"": []}, ""components"": [{""surface"": ""osmo"", ""canonical_candidate"": ""osmo"", ""confidence"": 0.81, ""evidence"": [{""type"": ""compound_morphology"", ""source"": ""candidate_index"", ""path"": [""osmoregulateur"", ""osmo"", ""osmo""], ""confidence"": 0.81}]}]}"
fr	lemma:9f65363190b10fa258d1	regulian	uncertain	withheld_historical_uncertain		aggregate_only_not_sense_frequency	"[{""path"": ""associativvordes/family-index-v5/members/fr/40.json.gz"", ""family_id"": ""family:regul"", ""record_sha256"": ""cf7dff5d0ca7690b9386c867497d9fcd66509213542d5a5564f90f154283ad01""}, {""path"": ""associativvordes/family-index-v5/members/fr/54.json.gz"", ""family_id"": ""surface:fr:lian"", ""record_sha256"": ""0a7e60fb9dc1ca6ae967ea0166c70eac8aea2e3d36a63f95e5db89e27064f2ea""}]"	"{""lemma_id"": ""lemma:9f65363190b10fa258d1"", ""word"": ""regulian"", ""normalized"": ""regulian"", ""search_form"": ""regulian"", ""rank"": 454968, ""frequency_score"": 0.06031194627701871, ""category_breakdown"": {""subtitles"": {""ipm_values"": [0.003448], ""category_ipm"": 0.003448, ""category_score"": 0.06031194627701871}}, ""sources"": [{""id"": ""subtitles/hermit_2018_fr_full_lemmatized_ipm6_spacy_lookup_cleaned_v8.json"", ""file"": ""hermit_2018_fr_full_lemmatized_ipm6_spacy_lookup_cleaned_v8.json"", ""category"": ""subtitles"", ""ipm"": 0.003448}], ""corpus_quality"": {""status"": ""accepted"", ""reasons"": []}, ""components"": [{""surface"": ""regul"", ""canonical_candidate"": ""regul"", ""confidence"": 0.97, ""evidence"": [{""type"": ""compound_morphology"", ""source"": ""manually_verified"", ""path"": [""regulian"", ""regul"", ""regul""], ""confidence"": 0.97}, {""type"": ""verified_seed_alias"", ""source"": ""methodology_control_seed"", ""path"": [""fr"", ""regul"", ""family:regul""], ""confidence"": 1}]}]}"
fr	lemma:a0fa8ab49599ccb2efb6	regola	uncertain	not_admitted_candidate		aggregate_only_not_sense_frequency	"[{""path"": ""associativvordes/family-index-v5/members/fr/9a.json.gz"", ""family_id"": ""surface:fr:reg"", ""record_sha256"": ""28349f86783cdaefeaa84578dfc6f6f840c4a3ce4c1de41d82dedee7f3353371""}, {""path"": ""associativvordes/family-index-v5/members/fr/e5.json.gz"", ""family_id"": ""surface:fr:gola"", ""record_sha256"": ""a9696c1a36baf85033ab7e3e937e7b3387b9ad233069fdb0aa2db5c834d97ecf""}]"	"{""lemma_id"": ""lemma:a0fa8ab49599ccb2efb6"", ""word"": ""regola"", ""normalized"": ""regola"", ""search_form"": ""regola"", ""rank"": 203280, ""frequency_score"": 0.18031659537310277, ""category_breakdown"": {""subtitles"": {""ipm_values"": [0.010344], ""category_ipm"": 0.010344, ""category_score"": 0.18031659537310277}}, ""sources"": [{""id"": ""subtitles/hermit_2018_fr_full_lemmatized_ipm6_spacy_lookup_cleaned_v8.json"", ""file"": ""hermit_2018_fr_full_lemmatized_ipm6_spacy_lookup_cleaned_v8.json"", ""category"": ""subtitles"", ""ipm"": 0.010344}], ""corpus_quality"": {""status"": ""accepted"", ""reasons"": []}, ""components"": [{""surface"": ""reg"", ""canonical_candidate"": ""reg"", ""confidence"": 0.81, ""evidence"": [{""type"": ""compound_morphology"", ""source"": ""candidate_index"", ""path"": [""regola"", ""reg"", ""reg""], ""confidence"": 0.81}]}]}"
fr	lemma:a17ff3c9967a7a768db4	règlementée	uncertain	not_admitted_candidate		aggregate_only_not_sense_frequency	"[{""path"": ""associativvordes/family-index-v5/members/fr/47.json.gz"", ""family_id"": ""surface:fr:reglementee"", ""record_sha256"": ""717aa4b571ff1bfd4d021706b32b2f1a18def85f5cff4f853ef99d60dba1f412""}]"	"{""lemma_id"": ""lemma:a17ff3c9967a7a768db4"", ""word"": ""règlementée"", ""normalized"": ""règlementée"", ""search_form"": ""reglementee"", ""rank"": 103825, ""frequency_score"": 0.8765562332790509, ""category_breakdown"": {""subtitles"": {""ipm_values"": [0.006896], ""category_ipm"": 0.006896, ""category_score"": 0.12041700656906522}, ""web"": {""ipm_values"": [0.097659], ""category_ipm"": 0.097659, ""category_score"": 1.6326954599890364}}, ""sources"": [{""id"": ""subtitles/hermit_2018_fr_full_lemmatized_ipm6_spacy_lookup_cleaned_v8.json"", ""file"": ""hermit_2018_fr_full_lemmatized_ipm6_spacy_lookup_cleaned_v8.json"", ""category"": ""subtitles"", ""ipm"": 0.006896}, {""id"": ""web/sorted.fr.lemma.unigrams.cleaned_recommended_min100_ipm6.json"", ""file"": ""sorted.fr.lemma.unigrams.cleaned_recommended_min100_ipm6.json"", ""category"": ""web"", ""ipm"": 0.097659}], ""corpus_quality"": {""status"": ""accepted"", ""reasons"": []}, ""components"": [{""surface"": ""reglementee"", ""canonical_candidate"": ""reglementee"", ""confidence"": 0.92, ""evidence"": [{""type"": ""morphological_parse"", ""source"": ""candidate_index"", ""path"": [""reglementee"", ""reglementee"", ""reglementee""], ""confidence"": 0.92}]}]}"
fr	lemma:a24492789c0da16978f7	irrégulièrement	accepted	accepted	régulier	aggregate_only_not_sense_frequency	"[{""path"": ""associativvordes/family-index-v5/members/fr/51.json.gz"", ""family_id"": ""surface:fr:erem"", ""record_sha256"": ""2090144b55681d3c5cd1ac776bcc53920b5bde2d9abefb7bea4b414514296357""}, {""path"": ""associativvordes/family-index-v5/members/fr/61.json.gz"", ""family_id"": ""surface:fr:rement"", ""record_sha256"": ""33dd2ba7c550861f59a796f146e4d6f7b41333cda2d90be1a7c34c9ca2884215""}, {""path"": ""associativvordes/family-index-v5/members/fr/c9.json.gz"", ""family_id"": ""surface:fr:irreguliere"", ""record_sha256"": ""165e811f0cba334582189708f86c861adec48c96402403e2184f6e7c506d2b8d""}]"	"{""lemma_id"": ""lemma:a24492789c0da16978f7"", ""word"": ""irrégulièrement"", ""normalized"": ""irrégulièrement"", ""search_form"": ""irregulierement"", ""rank"": 30212, ""frequency_score"": 5.894819902219765, ""category_breakdown"": {""subtitles"": {""ipm_values"": [0.093094], ""category_ipm"": 0.093094, ""category_score"": 1.5596721142061032}, ""web"": {""ipm_values"": [0.792902], ""category_ipm"": 0.792902, ""category_score"": 10.229967690233426}}, ""sources"": [{""id"": ""subtitles/hermit_2018_fr_full_lemmatized_ipm6_spacy_lookup_cleaned_v8.json"", ""file"": ""hermit_2018_fr_full_lemmatized_ipm6_spacy_lookup_cleaned_v8.json"", ""category"": ""subtitles"", ""ipm"": 0.093094}, {""id"": ""web/sorted.fr.lemma.unigrams.cleaned_recommended_min100_ipm6.json"", ""file"": ""sorted.fr.lemma.unigrams.cleaned_recommended_min100_ipm6.json"", ""category"": ""web"", ""ipm"": 0.792902}], ""corpus_quality"": {""status"": ""accepted"", ""reasons"": []}, ""components"": [{""surface"": ""erem"", ""canonical_candidate"": ""erem"", ""confidence"": 0.81, ""evidence"": [{""type"": ""compound_morphology"", ""source"": ""candidate_index"", ""path"": [""irregulierement"", ""erem"", ""erem""], ""confidence"": 0.81}]}]}"
fr	lemma:a316ddd794a2a4fec9c2	règlkement	uncertain	not_admitted_candidate		aggregate_only_not_sense_frequency	"[{""path"": ""associativvordes/family-index-v5/members/fr/53.json.gz"", ""family_id"": ""surface:fr:ement"", ""record_sha256"": ""eb99bccdc10c0e407cc36200bd975748c81d10e75371626b2f8740fb00dea14e""}, {""path"": ""associativvordes/family-index-v5/members/fr/73.json.gz"", ""family_id"": ""surface:fr:kem"", ""record_sha256"": ""bad863b387064a9372a0e94bb7691e9f78d7188c982355fe929e4d63cf8255a1""}, {""path"": ""associativvordes/family-index-v5/members/fr/aa.json.gz"", ""family_id"": ""surface:fr:reglke"", ""record_sha256"": ""5713e171d3f3aafba791ad7bfafbb46e2f846c0f9afb26c19954ecee56e8679f""}]"	"{""lemma_id"": ""lemma:a316ddd794a2a4fec9c2"", ""word"": ""règlkement"", ""normalized"": ""règlkement"", ""search_form"": ""reglkement"", ""rank"": 461958, ""frequency_score"": 0.06031194627701871, ""category_breakdown"": {""subtitles"": {""ipm_values"": [0.003448], ""category_ipm"": 0.003448, ""category_score"": 0.06031194627701871}}, ""sources"": [{""id"": ""subtitles/hermit_2018_fr_full_lemmatized_ipm6_spacy_lookup_cleaned_v8.json"", ""file"": ""hermit_2018_fr_full_lemmatized_ipm6_spacy_lookup_cleaned_v8.json"", ""category"": ""subtitles"", ""ipm"": 0.003448}], ""corpus_quality"": {""status"": ""accepted"", ""reasons"": []}, ""components"": [{""surface"": ""ement"", ""canonical_candidate"": ""ement"", ""confidence"": 0.89, ""evidence"": [{""type"": ""compound_morphology"", ""source"": ""candidate_index"", ""path"": [""reglkement"", ""ement"", ""ement""], ""confidence"": 0.89}]}]}"
fr	lemma:a3ba24e9e917462ad4d2	dérégularise	accepted	accepted	régulariser	aggregate_only_not_sense_frequency	"[{""path"": ""associativvordes/family-index-v5/members/fr/0d.json.gz"", ""family_id"": ""surface:fr:deregularis"", ""record_sha256"": ""c05cc640f3f12a537f2e0914999846f7358af288eb5cf6e6cf818acd989ead70""}, {""path"": ""associativvordes/family-index-v5/members/fr/40.json.gz"", ""family_id"": ""family:regul"", ""record_sha256"": ""21b0c4496c334547739f62c46f87c84fd1f5d85083ad4153f78c76adb7d7bf71""}, {""path"": ""associativvordes/family-index-v5/members/fr/7d.json.gz"", ""family_id"": ""surface:fr:rise"", ""record_sha256"": ""9e1480028089f1e113150fdac3b7c4f3e2dc5ccfa7d7ff1459bcffd87117b26f""}]"	"{""lemma_id"": ""lemma:a3ba24e9e917462ad4d2"", ""word"": ""dérégularise"", ""normalized"": ""dérégularise"", ""search_form"": ""deregularise"", ""rank"": 342200, ""frequency_score"": 0.06031194627701871, ""category_breakdown"": {""subtitles"": {""ipm_values"": [0.003448], ""category_ipm"": 0.003448, ""category_score"": 0.06031194627701871}}, ""sources"": [{""id"": ""subtitles/hermit_2018_fr_full_lemmatized_ipm6_spacy_lookup_cleaned_v8.json"", ""file"": ""hermit_2018_fr_full_lemmatized_ipm6_spacy_lookup_cleaned_v8.json"", ""category"": ""subtitles"", ""ipm"": 0.003448}], ""corpus_quality"": {""status"": ""accepted"", ""reasons"": []}, ""components"": [{""surface"": ""deregularis"", ""canonical_candidate"": ""deregularis"", ""confidence"": 0.92, ""evidence"": [{""type"": ""morphological_parse"", ""source"": ""candidate_index"", ""path"": [""deregularise"", ""deregularis"", ""deregularis""], ""confidence"": 0.92}]}]}"
fr	lemma:a459740f1c176121b00c	règlera	uncertain	not_admitted_candidate		aggregate_only_not_sense_frequency	"[{""path"": ""associativvordes/family-index-v5/members/fr/3c.json.gz"", ""family_id"": ""surface:fr:reglera"", ""record_sha256"": ""cf23495354790b747929a4325ade953d22d8dddaf839eb1f7095fb48f6aeb7cc""}]"	"{""lemma_id"": ""lemma:a459740f1c176121b00c"", ""word"": ""règlera"", ""normalized"": ""règlera"", ""search_form"": ""reglera"", ""rank"": 21587, ""frequency_score"": 7.605293487307138, ""category_breakdown"": {""subtitles"": {""ipm_values"": [0.710271], ""category_ipm"": 0.710271, ""category_score"": 9.403214807411675}, ""web"": {""ipm_values"": [0.392963], ""category_ipm"": 0.392963, ""category_score"": 5.8073721672026}}, ""sources"": [{""id"": ""subtitles/hermit_2018_fr_full_lemmatized_ipm6_spacy_lookup_cleaned_v8.json"", ""file"": ""hermit_2018_fr_full_lemmatized_ipm6_spacy_lookup_cleaned_v8.json"", ""category"": ""subtitles"", ""ipm"": 0.710271}, {""id"": ""web/sorted.fr.lemma.unigrams.cleaned_recommended_min100_ipm6.json"", ""file"": ""sorted.fr.lemma.unigrams.cleaned_recommended_min100_ipm6.json"", ""category"": ""web"", ""ipm"": 0.392963}], ""corpus_quality"": {""status"": ""accepted"", ""reasons"": []}, ""components"": [{""surface"": ""reglera"", ""canonical_candidate"": ""reglera"", ""confidence"": 0.92, ""evidence"": [{""type"": ""morphological_parse"", ""source"": ""candidate_index"", ""path"": [""reglera"", ""reglera"", ""reglera""], ""confidence"": 0.92}]}]}"
fr	lemma:a680db96c44cfe8eeb91	autorégulateur	accepted	accepted	réguler	aggregate_only_not_sense_frequency	"[{""path"": ""associativvordes/family-index-v5/members/fr/40.json.gz"", ""family_id"": ""family:regul"", ""record_sha256"": ""7de21d4eb2dd26805e4c691519763af8274f584ebe5720de642dc3cb14e01c09""}, {""path"": ""associativvordes/family-index-v5/members/fr/58.json.gz"", ""family_id"": ""surface:fr:teur"", ""record_sha256"": ""74ce81de9bb69ffab300caef23367d822843ed13b3dd28c691cbed6da6327def""}, {""path"": ""associativvordes/family-index-v5/members/fr/97.json.gz"", ""family_id"": ""surface:fr:autoregulat"", ""record_sha256"": ""388fef54597e1ec5867136193dff8eceae113ff9955ba04d72e23f65c387b429""}]"	"{""lemma_id"": ""lemma:a680db96c44cfe8eeb91"", ""word"": ""autorégulateur"", ""normalized"": ""autorégulateur"", ""search_form"": ""autoregulateur"", ""rank"": 79345, ""frequency_score"": 1.2933435679309055, ""category_breakdown"": {""subtitles"": {""ipm_values"": [0.006896], ""category_ipm"": 0.006896, ""category_score"": 0.12041700656906522}, ""web"": {""ipm_values"": [0.15114], ""category_ipm"": 0.15114, ""category_score"": 2.466270129292746}}, ""sources"": [{""id"": ""subtitles/hermit_2018_fr_full_lemmatized_ipm6_spacy_lookup_cleaned_v8.json"", ""file"": ""hermit_2018_fr_full_lemmatized_ipm6_spacy_lookup_cleaned_v8.json"", ""category"": ""subtitles"", ""ipm"": 0.006896}, {""id"": ""web/sorted.fr.lemma.unigrams.cleaned_recommended_min100_ipm6.json"", ""file"": ""sorted.fr.lemma.unigrams.cleaned_recommended_min100_ipm6.json"", ""category"": ""web"", ""ipm"": 0.15114}], ""corpus_quality"": {""status"": ""accepted"", ""reasons"": []}, ""components"": [{""surface"": ""regul"", ""canonical_candidate"": ""regul"", ""confidence"": 0.97, ""evidence"": [{""type"": ""compound_morphology"", ""source"": ""manually_verified"", ""path"": [""autoregulateur"", ""regul"", ""regul""], ""confidence"": 0.97}, {""type"": ""verified_seed_alias"", ""source"": ""methodology_control_seed"", ""path"": [""fr"", ""regul"", ""family:regul""], ""confidence"": 1}]}]}"
fr	lemma:a91ad8f65addebfd0597	reguler	uncertain	not_admitted_candidate		aggregate_only_not_sense_frequency	"[{""path"": ""associativvordes/family-index-v5/members/fr/bf.json.gz"", ""family_id"": ""ety:d082e43767db"", ""record_sha256"": ""6a32766eddf2e084466d1afae47e88d6ada7046f1065b9f3a6c7d5d8262c2087""}]"	"{""lemma_id"": ""lemma:a91ad8f65addebfd0597"", ""word"": ""reguler"", ""normalized"": ""reguler"", ""search_form"": ""reguler"", ""rank"": 203287, ""frequency_score"": 0.18031659537310277, ""category_breakdown"": {""subtitles"": {""ipm_values"": [0.010344], ""category_ipm"": 0.010344, ""category_score"": 0.18031659537310277}}, ""sources"": [{""id"": ""subtitles/hermit_2018_fr_full_lemmatized_ipm6_spacy_lookup_cleaned_v8.json"", ""file"": ""hermit_2018_fr_full_lemmatized_ipm6_spacy_lookup_cleaned_v8.json"", ""category"": ""subtitles"", ""ipm"": 0.010344}], ""corpus_quality"": {""status"": ""accepted"", ""reasons"": []}, ""components"": [{""surface"": ""reguler"", ""canonical_candidate"": ""reguler"", ""confidence"": 0.92, ""evidence"": [{""type"": ""morphological_parse"", ""source"": ""candidate_index"", ""path"": [""reguler"", ""reguler"", ""reguler""], ""confidence"": 0.92}]}]}"
fr	lemma:ab6044d527361f1a26c9	réglo	uncertain	not_admitted_candidate		aggregate_only_not_sense_frequency	"[{""path"": ""associativvordes/family-index-v5/members/fr/d7.json.gz"", ""family_id"": ""surface:fr:reglo"", ""record_sha256"": ""2db3a46166f9eddbc0c4d095453438a05dfe026630bdcda6ae48e1beb5b6661e""}]"	"{""lemma_id"": ""lemma:ab6044d527361f1a26c9"", ""word"": ""réglo"", ""normalized"": ""réglo"", ""search_form"": ""reglo"", ""rank"": 5772, ""frequency_score"": 19.622232323766536, ""category_breakdown"": {""subtitles"": {""ipm_values"": [7.257867], ""category_ipm"": 7.257867, ""category_score"": 36.99186144658312}, ""web"": {""ipm_values"": [0.137188], ""category_ipm"": 0.137188, ""category_score"": 2.252603200949952}}, ""sources"": [{""id"": ""subtitles/hermit_2018_fr_full_lemmatized_ipm6_spacy_lookup_cleaned_v8.json"", ""file"": ""hermit_2018_fr_full_lemmatized_ipm6_spacy_lookup_cleaned_v8.json"", ""category"": ""subtitles"", ""ipm"": 7.257867}, {""id"": ""web/sorted.fr.lemma.unigrams.cleaned_recommended_min100_ipm6.json"", ""file"": ""sorted.fr.lemma.unigrams.cleaned_recommended_min100_ipm6.json"", ""category"": ""web"", ""ipm"": 0.137188}], ""corpus_quality"": {""status"": ""accepted"", ""reasons"": []}, ""components"": [{""surface"": ""reglo"", ""canonical_candidate"": ""reglo"", ""confidence"": 0.92, ""evidence"": [{""type"": ""morphological_parse"", ""source"": ""candidate_index"", ""path"": [""reglo"", ""reglo"", ""reglo""], ""confidence"": 0.92}]}]}"
fr	lemma:b1503799279655b51fbb	rrègles	uncertain	not_admitted_candidate		aggregate_only_not_sense_frequency	"[{""path"": ""associativvordes/family-index-v5/members/fr/6b.json.gz"", ""family_id"": ""surface:fr:gles"", ""record_sha256"": ""bedfa95cded8ca010b27b3c302ff994818720778ab49fc6ceaf7c1fa27f10f9f""}, {""path"": ""associativvordes/family-index-v5/members/fr/f7.json.gz"", ""family_id"": ""surface:fr:rregle"", ""record_sha256"": ""76b2ea2ed78225ef75f621c285808282c459a9f9741e7045ec654c33785ad065""}]"	"{""lemma_id"": ""lemma:b1503799279655b51fbb"", ""word"": ""rrègles"", ""normalized"": ""rrègles"", ""search_form"": ""rregles"", ""rank"": 461121, ""frequency_score"": 0.06031194627701871, ""category_breakdown"": {""subtitles"": {""ipm_values"": [0.003448], ""category_ipm"": 0.003448, ""category_score"": 0.06031194627701871}}, ""sources"": [{""id"": ""subtitles/hermit_2018_fr_full_lemmatized_ipm6_spacy_lookup_cleaned_v8.json"", ""file"": ""hermit_2018_fr_full_lemmatized_ipm6_spacy_lookup_cleaned_v8.json"", ""category"": ""subtitles"", ""ipm"": 0.003448}], ""corpus_quality"": {""status"": ""accepted"", ""reasons"": []}, ""components"": [{""surface"": ""gles"", ""canonical_candidate"": ""gles"", ""confidence"": 0.89, ""evidence"": [{""type"": ""compound_morphology"", ""source"": ""candidate_index"", ""path"": [""rregles"", ""gles"", ""gles""], ""confidence"": 0.89}]}]}"
fr	lemma:b16e8f7b142469381a8d	réglementer	uncertain	not_admitted_candidate		aggregate_only_not_sense_frequency	"[{""path"": ""associativvordes/family-index-v5/members/fr/0e.json.gz"", ""family_id"": ""ety:2d5a65337a06"", ""record_sha256"": ""9787dcbbe811eafda5cda13d862c4379e01a60e21ec1d441bcb215dee0ef3ec4""}, {""path"": ""associativvordes/family-index-v5/members/fr/1d.json.gz"", ""family_id"": ""surface:fr:leme"", ""record_sha256"": ""3223ad40cf377bf94f8732e44332f603ae47d12699a2d75457089e53717ec140""}, {""path"": ""associativvordes/family-index-v5/members/fr/35.json.gz"", ""family_id"": ""surface:fr:emen"", ""record_sha256"": ""5c26f71af1e7fb49375558f694751affaad982888f47fcdb38b683472ad12d54""}, {""path"": ""associativvordes/family-index-v5/members/fr/65.json.gz"", ""family_id"": ""surface:fr:regle"", ""record_sha256"": ""23ce08f33f907348e767bb441163779099148f85b2cda938fbb35444a5411735""}]"	"{""lemma_id"": ""lemma:b16e8f7b142469381a8d"", ""word"": ""réglementer"", ""normalized"": ""réglementer"", ""search_form"": ""reglementer"", ""rank"": 4855, ""frequency_score"": 29.269738346069563, ""category_breakdown"": {""subtitles"": {""ipm_values"": [0.799917], ""category_ipm"": 0.799917, ""category_score"": 10.298391400603501}, ""web"": {""ipm_values"": [14.692328], ""category_ipm"": 14.692328, ""category_score"": 48.241085291535626}}, ""sources"": [{""id"": ""subtitles/hermit_2018_fr_full_lemmatized_ipm6_spacy_lookup_cleaned_v8.json"", ""file"": ""hermit_2018_fr_full_lemmatized_ipm6_spacy_lookup_cleaned_v8.json"", ""category"": ""subtitles"", ""ipm"": 0.799917}, {""id"": ""web/sorted.fr.lemma.unigrams.cleaned_recommended_min100_ipm6.json"", ""file"": ""sorted.fr.lemma.unigrams.cleaned_recommended_min100_ipm6.json"", ""category"": ""web"", ""ipm"": 14.692328}], ""corpus_quality"": {""status"": ""accepted"", ""reasons"": []}, ""components"": [{""surface"": ""enter"", ""canonical_candidate"": ""enter"", ""confidence"": 0.89, ""evidence"": [{""type"": ""compound_morphology"", ""source"": ""candidate_index"", ""path"": [""reglementer"", ""enter"", ""enter""], ""confidence"": 0.89}]}]}"
fr	lemma:b237922afef00208acb0	réglèment	uncertain	not_admitted_candidate		aggregate_only_not_sense_frequency	"[{""path"": ""associativvordes/family-index-v5/members/fr/6d.json.gz"", ""family_id"": ""surface:fr:reglement"", ""record_sha256"": ""7afad1801e67184f86fda38904fddfd743bcf60a7e7d06988698c3d89f1d72c2""}]"	"{""lemma_id"": ""lemma:b237922afef00208acb0"", ""word"": ""réglèment"", ""normalized"": ""réglèment"", ""search_form"": ""reglement"", ""rank"": 264606, ""frequency_score"": 0.12041700656906522, ""category_breakdown"": {""subtitles"": {""ipm_values"": [0.006896], ""category_ipm"": 0.006896, ""category_score"": 0.12041700656906522}}, ""sources"": [{""id"": ""subtitles/hermit_2018_fr_full_lemmatized_ipm6_spacy_lookup_cleaned_v8.json"", ""file"": ""hermit_2018_fr_full_lemmatized_ipm6_spacy_lookup_cleaned_v8.json"", ""category"": ""subtitles"", ""ipm"": 0.006896}], ""corpus_quality"": {""status"": ""accepted"", ""reasons"": []}, ""components"": [{""surface"": ""reglement"", ""canonical_candidate"": ""reglement"", ""confidence"": 0.92, ""evidence"": [{""type"": ""morphological_parse"", ""source"": ""candidate_index"", ""path"": [""reglement"", ""reglement"", ""reglement""], ""confidence"": 0.92}]}]}"
fr	lemma:b2f56ab290b79ddb87b5	autorégulée	accepted	accepted	réguler	aggregate_only_not_sense_frequency	"[{""path"": ""associativvordes/family-index-v5/members/fr/40.json.gz"", ""family_id"": ""family:regul"", ""record_sha256"": ""20254c17752dfc9928a420baaa132b146ff76ab2d965e8d333b0cc65e567f1f5""}, {""path"": ""associativvordes/family-index-v5/members/fr/52.json.gz"", ""family_id"": ""surface:fr:lee"", ""record_sha256"": ""d4a22b52804b6bb49ef461a4b761bb0fa4893372da28982b81f6a0aaa688f536""}, {""path"": ""associativvordes/family-index-v5/members/fr/65.json.gz"", ""family_id"": ""surface:fr:autoregule"", ""record_sha256"": ""805607518f1abed659f634261bacfdc3cc3c1a9dff1497bded4295ac592d38d0""}]"	"{""lemma_id"": ""lemma:b2f56ab290b79ddb87b5"", ""word"": ""autorégulée"", ""normalized"": ""autorégulée"", ""search_form"": ""autoregulee"", ""rank"": 216180, ""frequency_score"": 0.12041700656906522, ""category_breakdown"": {""subtitles"": {""ipm_values"": [0.006896], ""category_ipm"": 0.006896, ""category_score"": 0.12041700656906522}}, ""sources"": [{""id"": ""subtitles/hermit_2018_fr_full_lemmatized_ipm6_spacy_lookup_cleaned_v8.json"", ""file"": ""hermit_2018_fr_full_lemmatized_ipm6_spacy_lookup_cleaned_v8.json"", ""category"": ""subtitles"", ""ipm"": 0.006896}], ""corpus_quality"": {""status"": ""accepted"", ""reasons"": []}, ""components"": [{""surface"": ""regul"", ""canonical_candidate"": ""regul"", ""confidence"": 1, ""evidence"": [{""type"": ""compound_morphology"", ""source"": ""manually_verified"", ""path"": [""autoregulee"", ""regul"", ""regul""], ""confidence"": 1}, {""type"": ""verified_seed_alias"", ""source"": ""methodology_control_seed"", ""path"": [""fr"", ""regul"", ""family:regul""], ""confidence"": 1}]}]}"
fr	lemma:b3ea3441b84c2b34b6ed	regulador	uncertain	withheld_historical_uncertain		aggregate_only_not_sense_frequency	"[{""path"": ""associativvordes/family-index-v5/members/fr/40.json.gz"", ""family_id"": ""family:regul"", ""record_sha256"": ""13830d78b29ea23271bcafb1297ae94444dcec4e06f837d357eb11a2db9045a4""}, {""path"": ""associativvordes/family-index-v5/members/fr/58.json.gz"", ""family_id"": ""surface:fr:lador"", ""record_sha256"": ""cea915f8696b940fe452f075a40796057611dd31ed02676d61cfddc6ea9302b4""}, {""path"": ""associativvordes/family-index-v5/members/fr/c6.json.gz"", ""family_id"": ""surface:fr:regula"", ""record_sha256"": ""7b14b709fa05c4a62011fc8cc3de27e9f207daf5ed3f9b5e2c5f65149c2a1965""}]"	"{""lemma_id"": ""lemma:b3ea3441b84c2b34b6ed"", ""word"": ""regulador"", ""normalized"": ""regulador"", ""search_form"": ""regulador"", ""rank"": 262566, ""frequency_score"": 0.12041700656906522, ""category_breakdown"": {""subtitles"": {""ipm_values"": [0.006896], ""category_ipm"": 0.006896, ""category_score"": 0.12041700656906522}}, ""sources"": [{""id"": ""subtitles/hermit_2018_fr_full_lemmatized_ipm6_spacy_lookup_cleaned_v8.json"", ""file"": ""hermit_2018_fr_full_lemmatized_ipm6_spacy_lookup_cleaned_v8.json"", ""category"": ""subtitles"", ""ipm"": 0.006896}], ""corpus_quality"": {""status"": ""accepted"", ""reasons"": []}, ""components"": [{""surface"": ""regul"", ""canonical_candidate"": ""regul"", ""confidence"": 0.97, ""evidence"": [{""type"": ""compound_morphology"", ""source"": ""manually_verified"", ""path"": [""regulador"", ""regul"", ""regul""], ""confidence"": 0.97}, {""type"": ""verified_seed_alias"", ""source"": ""methodology_control_seed"", ""path"": [""fr"", ""regul"", ""family:regul""], ""confidence"": 1}]}]}"
fr	lemma:b46d4212929eb1d8c7d8	regulierment	uncertain	withheld_historical_uncertain		aggregate_only_not_sense_frequency	"[{""path"": ""associativvordes/family-index-v5/members/fr/40.json.gz"", ""family_id"": ""family:regul"", ""record_sha256"": ""8320de0cbb118ee9e6f551648fae19c33791a933b31283098a26c557f4cfc306""}, {""path"": ""associativvordes/family-index-v5/members/fr/64.json.gz"", ""family_id"": ""surface:fr:ment"", ""record_sha256"": ""76673d8714c68946248d822f53dfdda0ac89f3e6b7971ce30ab5d1f9b05d224e""}, {""path"": ""associativvordes/family-index-v5/members/fr/69.json.gz"", ""family_id"": ""surface:fr:regulier"", ""record_sha256"": ""0afb3d18f7a901aaa36844c2e630f1c48f98dcb2d27ff2de723afa9c042fe0bd""}, {""path"": ""associativvordes/family-index-v5/members/fr/fe.json.gz"", ""family_id"": ""surface:fr:erm"", ""record_sha256"": ""78a6da09c945cab645c749a338ce155d9db371b12a18a47cd3854ccff8e49f50""}]"	"{""lemma_id"": ""lemma:b46d4212929eb1d8c7d8"", ""word"": ""regulierment"", ""normalized"": ""regulierment"", ""search_form"": ""regulierment"", ""rank"": 454972, ""frequency_score"": 0.06031194627701871, ""category_breakdown"": {""subtitles"": {""ipm_values"": [0.003448], ""category_ipm"": 0.003448, ""category_score"": 0.06031194627701871}}, ""sources"": [{""id"": ""subtitles/hermit_2018_fr_full_lemmatized_ipm6_spacy_lookup_cleaned_v8.json"", ""file"": ""hermit_2018_fr_full_lemmatized_ipm6_spacy_lookup_cleaned_v8.json"", ""category"": ""subtitles"", ""ipm"": 0.003448}], ""corpus_quality"": {""status"": ""accepted"", ""reasons"": []}, ""components"": [{""surface"": ""regul"", ""canonical_candidate"": ""regul"", ""confidence"": 0.97, ""evidence"": [{""type"": ""compound_morphology"", ""source"": ""manually_verified"", ""path"": [""regulierment"", ""regul"", ""regul""], ""confidence"": 0.97}, {""type"": ""verified_seed_alias"", ""source"": ""methodology_control_seed"", ""path"": [""fr"", ""regul"", ""family:regul""], ""confidence"": 1}]}]}"
fr	lemma:b5c9a8ef3d8c75c57e55	psychorégulateurs	accepted	accepted	réguler	aggregate_only_not_sense_frequency	"[{""path"": ""associativvordes/family-index-v5/members/fr/0c.json.gz"", ""family_id"": ""surface:fr:urs"", ""record_sha256"": ""2ede39970782620d1d74576458b73c05ae89222280c97ac5702e69eae6044e5f""}, {""path"": ""associativvordes/family-index-v5/members/fr/0e.json.gz"", ""family_id"": ""surface:fr:psychoregulateur"", ""record_sha256"": ""deb1921a22fcaed79b039391e1e830ecf6756e08e0d921fce3188369027147c3""}, {""path"": ""associativvordes/family-index-v5/members/fr/40.json.gz"", ""family_id"": ""family:regul"", ""record_sha256"": ""f923e749692b3a3db6a6adfb7507f0ce4aa9a0c3a870a70656626cd6a30b610b""}]"	"{""lemma_id"": ""lemma:b5c9a8ef3d8c75c57e55"", ""word"": ""psychorégulateurs"", ""normalized"": ""psychorégulateurs"", ""search_form"": ""psychoregulateurs"", ""rank"": 202305, ""frequency_score"": 0.18031659537310277, ""category_breakdown"": {""subtitles"": {""ipm_values"": [0.010344], ""category_ipm"": 0.010344, ""category_score"": 0.18031659537310277}}, ""sources"": [{""id"": ""subtitles/hermit_2018_fr_full_lemmatized_ipm6_spacy_lookup_cleaned_v8.json"", ""file"": ""hermit_2018_fr_full_lemmatized_ipm6_spacy_lookup_cleaned_v8.json"", ""category"": ""subtitles"", ""ipm"": 0.010344}], ""corpus_quality"": {""status"": ""accepted"", ""reasons"": []}, ""components"": [{""surface"": ""urs"", ""canonical_candidate"": ""urs"", ""confidence"": 0.89, ""evidence"": [{""type"": ""compound_morphology"", ""source"": ""candidate_index"", ""path"": [""psychoregulateurs"", ""urs"", ""urs""], ""confidence"": 0.89}]}]}"
fr	lemma:b625c85f08bae7d0af07	préréglés	uncertain	not_admitted_candidate		aggregate_only_not_sense_frequency	"[{""path"": ""associativvordes/family-index-v5/members/fr/26.json.gz"", ""family_id"": ""surface:fr:preregle"", ""record_sha256"": ""25004d3cc3338fd08a024af0f18f7b4e3d198aadbc154757ee377e068aa1a27f""}, {""path"": ""associativvordes/family-index-v5/members/fr/6b.json.gz"", ""family_id"": ""surface:fr:gles"", ""record_sha256"": ""79fabc690c6feab5651a4ec2f4fe0f6f72bc3681bab0c3551dbac49900540aff""}]"	"{""lemma_id"": ""lemma:b625c85f08bae7d0af07"", ""word"": ""préréglés"", ""normalized"": ""préréglés"", ""search_form"": ""preregles"", ""rank"": 447161, ""frequency_score"": 0.06031194627701871, ""category_breakdown"": {""subtitles"": {""ipm_values"": [0.003448], ""category_ipm"": 0.003448, ""category_score"": 0.06031194627701871}}, ""sources"": [{""id"": ""subtitles/hermit_2018_fr_full_lemmatized_ipm6_spacy_lookup_cleaned_v8.json"", ""file"": ""hermit_2018_fr_full_lemmatized_ipm6_spacy_lookup_cleaned_v8.json"", ""category"": ""subtitles"", ""ipm"": 0.003448}], ""corpus_quality"": {""status"": ""accepted"", ""reasons"": []}, ""components"": [{""surface"": ""preregle"", ""canonical_candidate"": ""preregle"", ""confidence"": 0.92, ""evidence"": [{""type"": ""morphological_parse"", ""source"": ""candidate_index"", ""path"": [""preregles"", ""preregle"", ""preregle""], ""confidence"": 0.92}]}]}"
fr	lemma:b70a8f30cbe96aa55f59	autorégulé	accepted	accepted	réguler	aggregate_only_not_sense_frequency	"[{""path"": ""associativvordes/family-index-v5/members/fr/40.json.gz"", ""family_id"": ""family:regul"", ""record_sha256"": ""2551539539973c041a09578f1382eb1200dd040a0ad6800ff82904fc4f4a56cc""}]"	"{""lemma_id"": ""lemma:b70a8f30cbe96aa55f59"", ""word"": ""autorégulé"", ""normalized"": ""autorégulé"", ""search_form"": ""autoregule"", ""rank"": 96047, ""frequency_score"": 1.8295593378345905, ""category_breakdown"": {""web"": {""ipm_values"": [0.110061], ""category_ipm"": 0.110061, ""category_score"": 1.8295593378345905}}, ""sources"": [{""id"": ""web/sorted.fr.lemma.unigrams.cleaned_recommended_min100_ipm6.json"", ""file"": ""sorted.fr.lemma.unigrams.cleaned_recommended_min100_ipm6.json"", ""category"": ""web"", ""ipm"": 0.110061}], ""corpus_quality"": {""status"": ""accepted"", ""reasons"": []}, ""components"": [{""surface"": ""regul"", ""canonical_candidate"": ""regul"", ""confidence"": 1, ""evidence"": [{""type"": ""compound_morphology"", ""source"": ""manually_verified"", ""path"": [""autoregule"", ""regul"", ""regul""], ""confidence"": 1}, {""type"": ""verified_seed_alias"", ""source"": ""methodology_control_seed"", ""path"": [""fr"", ""regul"", ""family:regul""], ""confidence"": 1}]}]}"
fr	lemma:b8f5041833fd1b05a389	règlerez	uncertain	not_admitted_candidate		aggregate_only_not_sense_frequency	"[{""path"": ""associativvordes/family-index-v5/members/fr/1f.json.gz"", ""family_id"": ""ety:e65ad18433bf"", ""record_sha256"": ""af4fa2f0bb7250db16adfa072ac456feee17de7cddb304efefb61b68ac44bdab""}, {""path"": ""associativvordes/family-index-v5/members/fr/41.json.gz"", ""family_id"": ""ety:4bbc4ebeec10"", ""record_sha256"": ""af4fa2f0bb7250db16adfa072ac456feee17de7cddb304efefb61b68ac44bdab""}, {""path"": ""associativvordes/family-index-v5/members/fr/65.json.gz"", ""family_id"": ""surface:fr:regle"", ""record_sha256"": ""c1fae5785cfcdcfedf405216f2102419a117551082f4d0eafab1b15bf93cefbc""}]"	"{""lemma_id"": ""lemma:b8f5041833fd1b05a389"", ""word"": ""règlerez"", ""normalized"": ""règlerez"", ""search_form"": ""reglerez"", ""rank"": 93857, ""frequency_score"": 0.7103762400273185, ""category_breakdown"": {""subtitles"": {""ipm_values"": [0.041375], ""category_ipm"": 0.041375, ""category_score"": 0.7103762400273185}}, ""sources"": [{""id"": ""subtitles/hermit_2018_fr_full_lemmatized_ipm6_spacy_lookup_cleaned_v8.json"", ""file"": ""hermit_2018_fr_full_lemmatized_ipm6_spacy_lookup_cleaned_v8.json"", ""category"": ""subtitles"", ""ipm"": 0.041375}], ""corpus_quality"": {""status"": ""accepted"", ""reasons"": []}, ""components"": [{""surface"": ""rez"", ""canonical_candidate"": ""rez"", ""confidence"": 0.89, ""evidence"": [{""type"": ""compound_morphology"", ""source"": ""candidate_index"", ""path"": [""reglerez"", ""rez"", ""rez""], ""confidence"": 0.89}]}]}"
fr	lemma:b935e4305b31e587a7d9	irréguliés	uncertain	not_admitted_candidate		aggregate_only_not_sense_frequency	"[{""path"": ""associativvordes/family-index-v5/members/fr/0f.json.gz"", ""family_id"": ""surface:fr:lies"", ""record_sha256"": ""ba9a5b37a74e53a26f93e330f82be053bef593027f8c224857dc5ee977bcbf03""}, {""path"": ""associativvordes/family-index-v5/members/fr/e0.json.gz"", ""family_id"": ""surface:fr:irregulie"", ""record_sha256"": ""1cc345faba57f71fe303a4753a161db0d5bc74331563659ac1c05874b9429cc5""}]"	"{""lemma_id"": ""lemma:b935e4305b31e587a7d9"", ""word"": ""irréguliés"", ""normalized"": ""irréguliés"", ""search_form"": ""irregulies"", ""rank"": 384394, ""frequency_score"": 0.06031194627701871, ""category_breakdown"": {""subtitles"": {""ipm_values"": [0.003448], ""category_ipm"": 0.003448, ""category_score"": 0.06031194627701871}}, ""sources"": [{""id"": ""subtitles/hermit_2018_fr_full_lemmatized_ipm6_spacy_lookup_cleaned_v8.json"", ""file"": ""hermit_2018_fr_full_lemmatized_ipm6_spacy_lookup_cleaned_v8.json"", ""category"": ""subtitles"", ""ipm"": 0.003448}], ""corpus_quality"": {""status"": ""accepted"", ""reasons"": []}, ""components"": [{""surface"": ""lies"", ""canonical_candidate"": ""lies"", ""confidence"": 0.89, ""evidence"": [{""type"": ""compound_morphology"", ""source"": ""candidate_index"", ""path"": [""irregulies"", ""lies"", ""lies""], ""confidence"": 0.89}]}]}"
fr	lemma:baad688be67c19ffacf5	règleras	uncertain	not_admitted_candidate		aggregate_only_not_sense_frequency	"[{""path"": ""associativvordes/family-index-v5/members/fr/3c.json.gz"", ""family_id"": ""surface:fr:reglera"", ""record_sha256"": ""63ca22e3f863d527b49d28613696f3f82ba2d8a2844e51ed29cf379107775d01""}, {""path"": ""associativvordes/family-index-v5/members/fr/d3.json.gz"", ""family_id"": ""surface:fr:eras"", ""record_sha256"": ""5fb9b6849c44d779b2b11e2f43312ba709509791faceb9241841f9acee58ded4""}]"	"{""lemma_id"": ""lemma:baad688be67c19ffacf5"", ""word"": ""règleras"", ""normalized"": ""règleras"", ""search_form"": ""regleras"", ""rank"": 93856, ""frequency_score"": 0.7103762400273185, ""category_breakdown"": {""subtitles"": {""ipm_values"": [0.041375], ""category_ipm"": 0.041375, ""category_score"": 0.7103762400273185}}, ""sources"": [{""id"": ""subtitles/hermit_2018_fr_full_lemmatized_ipm6_spacy_lookup_cleaned_v8.json"", ""file"": ""hermit_2018_fr_full_lemmatized_ipm6_spacy_lookup_cleaned_v8.json"", ""category"": ""subtitles"", ""ipm"": 0.041375}], ""corpus_quality"": {""status"": ""accepted"", ""reasons"": []}, ""components"": [{""surface"": ""reglera"", ""canonical_candidate"": ""reglera"", ""confidence"": 0.92, ""evidence"": [{""type"": ""morphological_parse"", ""source"": ""candidate_index"", ""path"": [""regleras"", ""reglera"", ""reglera""], ""confidence"": 0.92}]}]}"
fr	lemma:bacb06b369a4ea24ff92	dérégulant	accepted	accepted	réguler	aggregate_only_not_sense_frequency	"[{""path"": ""associativvordes/family-index-v5/members/fr/1e.json.gz"", ""family_id"": ""surface:fr:deregul"", ""record_sha256"": ""1f7aa1e568803303d6bd7a5ae39f1399656d79b10a7bf4e7745783ef61026c6e""}, {""path"": ""associativvordes/family-index-v5/members/fr/40.json.gz"", ""family_id"": ""family:regul"", ""record_sha256"": ""346a722244cccb525d70fc0d5dfabeaae535b6eb95e7ed0de4c7f70b5ed09ae6""}, {""path"": ""associativvordes/family-index-v5/members/fr/45.json.gz"", ""family_id"": ""surface:fr:lant"", ""record_sha256"": ""386f93a2789266ae690d0869eea355c7099d59224f4f0988e8bfe3d2e11eddd7""}]"	"{""lemma_id"": ""lemma:bacb06b369a4ea24ff92"", ""word"": ""dérégulant"", ""normalized"": ""dérégulant"", ""search_form"": ""deregulant"", ""rank"": 342199, ""frequency_score"": 0.06031194627701871, ""category_breakdown"": {""subtitles"": {""ipm_values"": [0.003448], ""category_ipm"": 0.003448, ""category_score"": 0.06031194627701871}}, ""sources"": [{""id"": ""subtitles/hermit_2018_fr_full_lemmatized_ipm6_spacy_lookup_cleaned_v8.json"", ""file"": ""hermit_2018_fr_full_lemmatized_ipm6_spacy_lookup_cleaned_v8.json"", ""category"": ""subtitles"", ""ipm"": 0.003448}], ""corpus_quality"": {""status"": ""accepted"", ""reasons"": []}, ""components"": [{""surface"": ""deregul"", ""canonical_candidate"": ""deregul"", ""confidence"": 0.81, ""evidence"": [{""type"": ""compound_morphology"", ""source"": ""candidate_index"", ""path"": [""deregulant"", ""deregul"", ""deregul""], ""confidence"": 0.81}]}]}"
fr	lemma:bad39debbd47e9bef324	réglier	uncertain	not_admitted_candidate		aggregate_only_not_sense_frequency	"[{""path"": ""associativvordes/family-index-v5/members/fr/4a.json.gz"", ""family_id"": ""surface:fr:reglier"", ""record_sha256"": ""a7e93bf1cec9ebbf29d0e91ac8256709d91ce1181d2e6e690c2a745c7cebbe98""}]"	"{""lemma_id"": ""lemma:bad39debbd47e9bef324"", ""word"": ""réglier"", ""normalized"": ""réglier"", ""search_form"": ""reglier"", ""rank"": 462676, ""frequency_score"": 0.06031194627701871, ""category_breakdown"": {""subtitles"": {""ipm_values"": [0.003448], ""category_ipm"": 0.003448, ""category_score"": 0.06031194627701871}}, ""sources"": [{""id"": ""subtitles/hermit_2018_fr_full_lemmatized_ipm6_spacy_lookup_cleaned_v8.json"", ""file"": ""hermit_2018_fr_full_lemmatized_ipm6_spacy_lookup_cleaned_v8.json"", ""category"": ""subtitles"", ""ipm"": 0.003448}], ""corpus_quality"": {""status"": ""accepted"", ""reasons"": []}, ""components"": [{""surface"": ""reglier"", ""canonical_candidate"": ""reglier"", ""confidence"": 0.92, ""evidence"": [{""type"": ""morphological_parse"", ""source"": ""candidate_index"", ""path"": [""reglier"", ""reglier"", ""reglier""], ""confidence"": 0.92}]}]}"
fr	lemma:bb7919f3afe78006294f	pèregolat	uncertain	not_admitted_candidate		aggregate_only_not_sense_frequency	"[{""path"": ""associativvordes/family-index-v5/members/fr/4b.json.gz"", ""family_id"": ""ety:8ba19f9c9491"", ""record_sha256"": ""85d2c49a430691470e0521a7de61fe03e50bda857ece9c6576d268dc076c4ddf""}, {""path"": ""associativvordes/family-index-v5/members/fr/b6.json.gz"", ""family_id"": ""surface:fr:pere"", ""record_sha256"": ""2c710712e4cecaefa41c378c370546e0ab113ef5526a1564558d5504434fe095""}, {""path"": ""associativvordes/family-index-v5/members/fr/f9.json.gz"", ""family_id"": ""ety:001b53c701dd"", ""record_sha256"": ""c965a76f58fc50a127e9e7fbeb91bcfd0a8916c83fb10ff9ba9289dd3a16d59c""}]"	"{""lemma_id"": ""lemma:bb7919f3afe78006294f"", ""word"": ""pèregolat"", ""normalized"": ""pèregolat"", ""search_form"": ""peregolat"", ""rank"": 448793, ""frequency_score"": 0.06031194627701871, ""category_breakdown"": {""subtitles"": {""ipm_values"": [0.003448], ""category_ipm"": 0.003448, ""category_score"": 0.06031194627701871}}, ""sources"": [{""id"": ""subtitles/hermit_2018_fr_full_lemmatized_ipm6_spacy_lookup_cleaned_v8.json"", ""file"": ""hermit_2018_fr_full_lemmatized_ipm6_spacy_lookup_cleaned_v8.json"", ""category"": ""subtitles"", ""ipm"": 0.003448}], ""corpus_quality"": {""status"": ""accepted"", ""reasons"": []}, ""components"": [{""surface"": ""ego"", ""canonical_candidate"": ""ego"", ""confidence"": 0.81, ""evidence"": [{""type"": ""compound_morphology"", ""source"": ""candidate_index"", ""path"": [""peregolat"", ""ego"", ""ego""], ""confidence"": 0.81}]}]}"
fr	lemma:bcebf4c7c8f5ad61cbc3	dérèglement	uncertain	not_admitted_candidate		aggregate_only_not_sense_frequency	"[{""path"": ""associativvordes/family-index-v5/members/fr/b0.json.gz"", ""family_id"": ""surface:fr:dereglement"", ""record_sha256"": ""6c68d2a5e716d7619f24746eb0b4b887bccb786c70de8f693510b5bf4d544c78""}]"	"{""lemma_id"": ""lemma:bcebf4c7c8f5ad61cbc3"", ""word"": ""dérèglement"", ""normalized"": ""dérèglement"", ""search_form"": ""dereglement"", ""rank"": 16059, ""frequency_score"": 13.129763852289209, ""category_breakdown"": {""subtitles"": {""ipm_values"": [0.393063], ""category_ipm"": 0.393063, ""category_score"": 5.80863001637201}, ""web"": {""ipm_values"": [2.21284], ""category_ipm"": 2.21284, ""category_score"": 20.450897688206407}}, ""sources"": [{""id"": ""subtitles/hermit_2018_fr_full_lemmatized_ipm6_spacy_lookup_cleaned_v8.json"", ""file"": ""hermit_2018_fr_full_lemmatized_ipm6_spacy_lookup_cleaned_v8.json"", ""category"": ""subtitles"", ""ipm"": 0.393063}, {""id"": ""web/sorted.fr.lemma.unigrams.cleaned_recommended_min100_ipm6.json"", ""file"": ""sorted.fr.lemma.unigrams.cleaned_recommended_min100_ipm6.json"", ""category"": ""web"", ""ipm"": 2.21284}], ""corpus_quality"": {""status"": ""accepted"", ""reasons"": []}, ""components"": [{""surface"": ""dereglement"", ""canonical_candidate"": ""dereglement"", ""confidence"": 0.92, ""evidence"": [{""type"": ""morphological_parse"", ""source"": ""candidate_index"", ""path"": [""dereglement"", ""dereglement"", ""dereglement""], ""confidence"": 0.92}]}]}"
fr	lemma:bd9b189ac58f5e44bc75	règlementaires	uncertain	not_admitted_candidate		aggregate_only_not_sense_frequency	"[{""path"": ""associativvordes/family-index-v5/members/fr/16.json.gz"", ""family_id"": ""ety:2438d2afc8c7"", ""record_sha256"": ""7043f8307faa45e5df294d17388a975937254311e2a5ddeb942b26e2859a1d30""}, {""path"": ""associativvordes/family-index-v5/members/fr/4e.json.gz"", ""family_id"": ""surface:fr:reglementaire"", ""record_sha256"": ""c7ccafbf3c4250fdf8e0eaebbe4cb7a04167f263d09b2623ab046247635f4817""}]"	"{""lemma_id"": ""lemma:bd9b189ac58f5e44bc75"", ""word"": ""règlementaires"", ""normalized"": ""règlementaires"", ""search_form"": ""reglementaires"", ""rank"": 25495, ""frequency_score"": 6.525034987115204, ""category_breakdown"": {""subtitles"": {""ipm_values"": [0.027583], ""category_ipm"": 0.027583, ""category_score"": 0.4767639217120168}, ""web"": {""ipm_values"": [1.049452], ""category_ipm"": 1.049452, ""category_score"": 12.57330605251839}}, ""sources"": [{""id"": ""subtitles/hermit_2018_fr_full_lemmatized_ipm6_spacy_lookup_cleaned_v8.json"", ""file"": ""hermit_2018_fr_full_lemmatized_ipm6_spacy_lookup_cleaned_v8.json"", ""category"": ""subtitles"", ""ipm"": 0.027583}, {""id"": ""web/sorted.fr.lemma.unigrams.cleaned_recommended_min100_ipm6.json"", ""file"": ""sorted.fr.lemma.unigrams.cleaned_recommended_min100_ipm6.json"", ""category"": ""web"", ""ipm"": 1.049452}], ""corpus_quality"": {""status"": ""accepted"", ""reasons"": []}, ""components"": [{""surface"": ""res"", ""canonical_candidate"": ""res"", ""confidence"": 0.89, ""evidence"": [{""type"": ""compound_morphology"", ""source"": ""candidate_index"", ""path"": [""reglementaires"", ""res"", ""res""], ""confidence"": 0.89}]}]}"
fr	lemma:bdabe37210293cb2b749	dérégulée	accepted	accepted	réguler	aggregate_only_not_sense_frequency	"[{""path"": ""associativvordes/family-index-v5/members/fr/40.json.gz"", ""family_id"": ""family:regul"", ""record_sha256"": ""aca4cd64fa982bc6a20bd2f39811653afe47ee637f74c32c0b224216242863ce""}, {""path"": ""associativvordes/family-index-v5/members/fr/52.json.gz"", ""family_id"": ""surface:fr:lee"", ""record_sha256"": ""5fd20e15d88cb7564ca542626c715c0390648da104217079d2edb6329fd7bbe0""}, {""path"": ""associativvordes/family-index-v5/members/fr/a1.json.gz"", ""family_id"": ""surface:fr:deregule"", ""record_sha256"": ""fd91769eb6ec3fbd28b3f5e8edf3f77df707ce11fa1617ecf5fbd4b197137b69""}]"	"{""lemma_id"": ""lemma:bdabe37210293cb2b749"", ""word"": ""dérégulée"", ""normalized"": ""dérégulée"", ""search_form"": ""deregulee"", ""rank"": 342201, ""frequency_score"": 0.06031194627701871, ""category_breakdown"": {""subtitles"": {""ipm_values"": [0.003448], ""category_ipm"": 0.003448, ""category_score"": 0.06031194627701871}}, ""sources"": [{""id"": ""subtitles/hermit_2018_fr_full_lemmatized_ipm6_spacy_lookup_cleaned_v8.json"", ""file"": ""hermit_2018_fr_full_lemmatized_ipm6_spacy_lookup_cleaned_v8.json"", ""category"": ""subtitles"", ""ipm"": 0.003448}], ""corpus_quality"": {""status"": ""accepted"", ""reasons"": []}, ""components"": [{""surface"": ""regul"", ""canonical_candidate"": ""regul"", ""confidence"": 1, ""evidence"": [{""type"": ""morphological_parse"", ""source"": ""manually_verified"", ""path"": [""deregulee"", ""regul"", ""regul""], ""confidence"": 1}, {""type"": ""verified_seed_alias"", ""source"": ""methodology_control_seed"", ""path"": [""fr"", ""regul"", ""family:regul""], ""confidence"": 1}]}]}"
fr	lemma:be950e1455c36b4cfdc0	regulars	uncertain	withheld_historical_uncertain		aggregate_only_not_sense_frequency	"[{""path"": ""associativvordes/family-index-v5/members/fr/40.json.gz"", ""family_id"": ""family:regul"", ""record_sha256"": ""d6452b2ed28f60a6b5d557394662db5e94f5ff848e9309f479fb9427e864ada8""}, {""path"": ""associativvordes/family-index-v5/members/fr/5c.json.gz"", ""family_id"": ""surface:fr:lars"", ""record_sha256"": ""d5554f4d90a7638f71eb3806799630fd0af1190e89e071b36a566c995dcf2d39""}, {""path"": ""associativvordes/family-index-v5/members/fr/5c.json.gz"", ""family_id"": ""surface:fr:regular"", ""record_sha256"": ""e1aeb07c5e4219b5b857878fa0f0d16aeea1e778dd209f3c681beedaa0ee6485""}]"	"{""lemma_id"": ""lemma:be950e1455c36b4cfdc0"", ""word"": ""regulars"", ""normalized"": ""regulars"", ""search_form"": ""regulars"", ""rank"": 262567, ""frequency_score"": 0.12041700656906522, ""category_breakdown"": {""subtitles"": {""ipm_values"": [0.006896], ""category_ipm"": 0.006896, ""category_score"": 0.12041700656906522}}, ""sources"": [{""id"": ""subtitles/hermit_2018_fr_full_lemmatized_ipm6_spacy_lookup_cleaned_v8.json"", ""file"": ""hermit_2018_fr_full_lemmatized_ipm6_spacy_lookup_cleaned_v8.json"", ""category"": ""subtitles"", ""ipm"": 0.006896}], ""corpus_quality"": {""status"": ""accepted"", ""reasons"": []}, ""components"": [{""surface"": ""regul"", ""canonical_candidate"": ""regul"", ""confidence"": 0.97, ""evidence"": [{""type"": ""compound_morphology"", ""source"": ""manually_verified"", ""path"": [""regulars"", ""regul"", ""regul""], ""confidence"": 0.97}, {""type"": ""verified_seed_alias"", ""source"": ""methodology_control_seed"", ""path"": [""fr"", ""regul"", ""family:regul""], ""confidence"": 1}]}]}"
fr	lemma:c01efa32af7bc6fb4510	reguliers	uncertain	withheld_historical_uncertain		aggregate_only_not_sense_frequency	"[{""path"": ""associativvordes/family-index-v5/members/fr/40.json.gz"", ""family_id"": ""family:regul"", ""record_sha256"": ""9db001324d7ab3ec30268a19292a7fc06ba7ae8d66b784d5eb6a8f7d288a41ad""}, {""path"": ""associativvordes/family-index-v5/members/fr/69.json.gz"", ""family_id"": ""surface:fr:regulier"", ""record_sha256"": ""5efcb40668f1b160184ab45ab212856555e2673c791d0f13cc0ff65474f5f4f9""}, {""path"": ""associativvordes/family-index-v5/members/fr/9d.json.gz"", ""family_id"": ""surface:fr:liers"", ""record_sha256"": ""ea75804ba4b9076afd6cb5c3d5ee54a443108b09fb5ce32179913693309a4349""}]"	"{""lemma_id"": ""lemma:c01efa32af7bc6fb4510"", ""word"": ""reguliers"", ""normalized"": ""reguliers"", ""search_form"": ""reguliers"", ""rank"": 84066, ""frequency_score"": 1.2522762947093677, ""category_breakdown"": {""subtitles"": {""ipm_values"": [0.013792], ""category_ipm"": 0.013792, ""category_score"": 0.24001211272896547}, ""web"": {""ipm_values"": [0.137963], ""category_ipm"": 0.137963, ""category_score"": 2.26454047668977}}, ""sources"": [{""id"": ""subtitles/hermit_2018_fr_full_lemmatized_ipm6_spacy_lookup_cleaned_v8.json"", ""file"": ""hermit_2018_fr_full_lemmatized_ipm6_spacy_lookup_cleaned_v8.json"", ""category"": ""subtitles"", ""ipm"": 0.013792}, {""id"": ""web/sorted.fr.lemma.unigrams.cleaned_recommended_min100_ipm6.json"", ""file"": ""sorted.fr.lemma.unigrams.cleaned_recommended_min100_ipm6.json"", ""category"": ""web"", ""ipm"": 0.137963}], ""corpus_quality"": {""status"": ""accepted"", ""reasons"": []}, ""components"": [{""surface"": ""regul"", ""canonical_candidate"": ""regul"", ""confidence"": 0.97, ""evidence"": [{""type"": ""compound_morphology"", ""source"": ""manually_verified"", ""path"": [""reguliers"", ""regul"", ""regul""], ""confidence"": 0.97}, {""type"": ""verified_seed_alias"", ""source"": ""methodology_control_seed"", ""path"": [""fr"", ""regul"", ""family:regul""], ""confidence"": 1}]}]}"
fr	lemma:c0d9216b3894a4247a5e	larègle	uncertain	not_admitted_candidate		aggregate_only_not_sense_frequency	"[{""path"": ""associativvordes/family-index-v5/members/fr/0d.json.gz"", ""family_id"": ""surface:fr:laregl"", ""record_sha256"": ""97cc5137916e9f07af35d0ed0a32b1bae734f200f5e804cd0cd2efd680b76863""}, {""path"": ""associativvordes/family-index-v5/members/fr/7b.json.gz"", ""family_id"": ""surface:fr:egle"", ""record_sha256"": ""fe557489bef7d48c7d25fa2c468bd57f4a12f759f863b024c43b93acf8199765""}]"	"{""lemma_id"": ""lemma:c0d9216b3894a4247a5e"", ""word"": ""larègle"", ""normalized"": ""larègle"", ""search_form"": ""laregle"", ""rank"": 397561, ""frequency_score"": 0.06031194627701871, ""category_breakdown"": {""subtitles"": {""ipm_values"": [0.003448], ""category_ipm"": 0.003448, ""category_score"": 0.06031194627701871}}, ""sources"": [{""id"": ""subtitles/hermit_2018_fr_full_lemmatized_ipm6_spacy_lookup_cleaned_v8.json"", ""file"": ""hermit_2018_fr_full_lemmatized_ipm6_spacy_lookup_cleaned_v8.json"", ""category"": ""subtitles"", ""ipm"": 0.003448}], ""corpus_quality"": {""status"": ""accepted"", ""reasons"": []}, ""components"": [{""surface"": ""laregl"", ""canonical_candidate"": ""laregl"", ""confidence"": 0.92, ""evidence"": [{""type"": ""morphological_parse"", ""source"": ""candidate_index"", ""path"": [""laregle"", ""laregl"", ""laregl""], ""confidence"": 0.92}]}]}"
fr	lemma:c1d1731253cdae1948b1	dartopérégulateurs	uncertain	withheld_historical_uncertain		aggregate_only_not_sense_frequency	"[{""path"": ""associativvordes/family-index-v5/members/fr/0c.json.gz"", ""family_id"": ""surface:fr:urs"", ""record_sha256"": ""f2189108faa8d7a53c2c0b5e4aa01f29a6c5eda0e3693d1765fbda266f460aa1""}, {""path"": ""associativvordes/family-index-v5/members/fr/40.json.gz"", ""family_id"": ""family:regul"", ""record_sha256"": ""b7d7187a108aef6490633db35ca86cc4a8db16ed98ccf002117f36e321c182f5""}, {""path"": ""associativvordes/family-index-v5/members/fr/5f.json.gz"", ""family_id"": ""surface:fr:dartoperegulateur"", ""record_sha256"": ""c80190186a10836550efd554a556552c15fc0d9504afe0a41f38086af71835f2""}]"	"{""lemma_id"": ""lemma:c1d1731253cdae1948b1"", ""word"": ""dartopérégulateurs"", ""normalized"": ""dartopérégulateurs"", ""search_form"": ""dartoperegulateurs"", ""rank"": 329649, ""frequency_score"": 0.06031194627701871, ""category_breakdown"": {""subtitles"": {""ipm_values"": [0.003448], ""category_ipm"": 0.003448, ""category_score"": 0.06031194627701871}}, ""sources"": [{""id"": ""subtitles/hermit_2018_fr_full_lemmatized_ipm6_spacy_lookup_cleaned_v8.json"", ""file"": ""hermit_2018_fr_full_lemmatized_ipm6_spacy_lookup_cleaned_v8.json"", ""category"": ""subtitles"", ""ipm"": 0.003448}], ""corpus_quality"": {""status"": ""accepted"", ""reasons"": []}, ""components"": [{""surface"": ""urs"", ""canonical_candidate"": ""urs"", ""confidence"": 0.89, ""evidence"": [{""type"": ""compound_morphology"", ""source"": ""candidate_index"", ""path"": [""dartoperegulateurs"", ""urs"", ""urs""], ""confidence"": 0.89}]}]}"
fr	lemma:c2137b67301ac49681fc	regulak	uncertain	not_admitted_candidate		aggregate_only_not_sense_frequency	"[{""path"": ""associativvordes/family-index-v5/members/fr/3d.json.gz"", ""family_id"": ""surface:fr:regu"", ""record_sha256"": ""9f8ac2727e7dc82c3daabd060fff83c07b1c6d6cedff877157db023b2a4ef0e6""}, {""path"": ""associativvordes/family-index-v5/members/fr/6c.json.gz"", ""family_id"": ""surface:fr:lak"", ""record_sha256"": ""aeb9a93e7312512398c4ecfd821828760ad9f8d3173a3e12b4d9da5c371e7471""}]"	"{""lemma_id"": ""lemma:c2137b67301ac49681fc"", ""word"": ""regulak"", ""normalized"": ""regulak"", ""search_form"": ""regulak"", ""rank"": 454958, ""frequency_score"": 0.06031194627701871, ""category_breakdown"": {""subtitles"": {""ipm_values"": [0.003448], ""category_ipm"": 0.003448, ""category_score"": 0.06031194627701871}}, ""sources"": [{""id"": ""subtitles/hermit_2018_fr_full_lemmatized_ipm6_spacy_lookup_cleaned_v8.json"", ""file"": ""hermit_2018_fr_full_lemmatized_ipm6_spacy_lookup_cleaned_v8.json"", ""category"": ""subtitles"", ""ipm"": 0.003448}], ""corpus_quality"": {""status"": ""accepted"", ""reasons"": []}, ""components"": [{""surface"": ""regu"", ""canonical_candidate"": ""regu"", ""confidence"": 0.81, ""evidence"": [{""type"": ""compound_morphology"", ""source"": ""candidate_index"", ""path"": [""regulak"", ""regu"", ""regu""], ""confidence"": 0.81}]}]}"
fr	lemma:c257371c844d1449648f	regolare	uncertain	not_admitted_candidate		aggregate_only_not_sense_frequency	"[{""path"": ""associativvordes/family-index-v5/members/fr/4e.json.gz"", ""family_id"": ""surface:fr:regolar"", ""record_sha256"": ""ea75d866fabf85637253ddf714cf1d1a0e1267bc60d6ed9daa55c989c410749b""}, {""path"": ""associativvordes/family-index-v5/members/fr/6a.json.gz"", ""family_id"": ""ety:0d8b253b6d83"", ""record_sha256"": ""2d5b27c0054fa4d0e90744f5ae55746814ab41b7b3fb8de0cdfd931f7df9b4f9""}]"	"{""lemma_id"": ""lemma:c257371c844d1449648f"", ""word"": ""regolare"", ""normalized"": ""regolare"", ""search_form"": ""regolare"", ""rank"": 262550, ""frequency_score"": 0.12041700656906522, ""category_breakdown"": {""subtitles"": {""ipm_values"": [0.006896], ""category_ipm"": 0.006896, ""category_score"": 0.12041700656906522}}, ""sources"": [{""id"": ""subtitles/hermit_2018_fr_full_lemmatized_ipm6_spacy_lookup_cleaned_v8.json"", ""file"": ""hermit_2018_fr_full_lemmatized_ipm6_spacy_lookup_cleaned_v8.json"", ""category"": ""subtitles"", ""ipm"": 0.006896}], ""corpus_quality"": {""status"": ""accepted"", ""reasons"": []}, ""components"": [{""surface"": ""regolar"", ""canonical_candidate"": ""regolar"", ""confidence"": 0.92, ""evidence"": [{""type"": ""morphological_parse"", ""source"": ""candidate_index"", ""path"": [""regolare"", ""regolar"", ""regolar""], ""confidence"": 0.92}]}]}"
fr	lemma:c55605b837d3cab10a8a	régulariser	accepted	accepted	régulariser	aggregate_only_not_sense_frequency	"[{""path"": ""associativvordes/family-index-v5/members/fr/40.json.gz"", ""family_id"": ""family:regul"", ""record_sha256"": ""7fb3bbfca23d23b5ac2dc109d0c2f57639469b31419209aecfffe488300dbcce""}, {""path"": ""associativvordes/family-index-v5/members/fr/6f.json.gz"", ""family_id"": ""surface:fr:regulari"", ""record_sha256"": ""ac9cd1dfb03cd797dd7a50739cdb85f59f69e9d8c606211d8b4f1f6c855f39fd""}, {""path"": ""associativvordes/family-index-v5/members/fr/9d.json.gz"", ""family_id"": ""surface:fr:riser"", ""record_sha256"": ""26989fb4870d7649cbd4cfe54540ffbf7888735488a6f909da0c0f39f03b6807""}]"	"{""lemma_id"": ""lemma:c55605b837d3cab10a8a"", ""word"": ""régulariser"", ""normalized"": ""régulariser"", ""search_form"": ""regulariser"", ""rank"": 11821, ""frequency_score"": 16.14351598857318, ""category_breakdown"": {""subtitles"": {""ipm_values"": [0.368927], ""category_ipm"": 0.368927, ""category_score"": 5.502385738547004}, ""web"": {""ipm_values"": [3.611851], ""category_ipm"": 3.611851, ""category_score"": 26.784646238599358}}, ""sources"": [{""id"": ""subtitles/hermit_2018_fr_full_lemmatized_ipm6_spacy_lookup_cleaned_v8.json"", ""file"": ""hermit_2018_fr_full_lemmatized_ipm6_spacy_lookup_cleaned_v8.json"", ""category"": ""subtitles"", ""ipm"": 0.368927}, {""id"": ""web/sorted.fr.lemma.unigrams.cleaned_recommended_min100_ipm6.json"", ""file"": ""sorted.fr.lemma.unigrams.cleaned_recommended_min100_ipm6.json"", ""category"": ""web"", ""ipm"": 3.611851}], ""corpus_quality"": {""status"": ""accepted"", ""reasons"": []}, ""components"": [{""surface"": ""regul"", ""canonical_candidate"": ""regul"", ""confidence"": 0.97, ""evidence"": [{""type"": ""compound_morphology"", ""source"": ""manually_verified"", ""path"": [""regulariser"", ""regul"", ""regul""], ""confidence"": 0.97}, {""type"": ""verified_seed_alias"", ""source"": ""methodology_control_seed"", ""path"": [""fr"", ""regul"", ""family:regul""], ""confidence"": 1}]}]}"
fr	lemma:c8d358461e538d46315e	régulier	accepted	accepted	régulier	aggregate_only_not_sense_frequency	"[{""path"": ""associativvordes/family-index-v5/members/fr/40.json.gz"", ""family_id"": ""family:regul"", ""record_sha256"": ""213eee4645115324f38f8c696d165a12106162bfde76f9fe9c9c5ea1d356a73e""}]"	"{""lemma_id"": ""lemma:c8d358461e538d46315e"", ""word"": ""régulier"", ""normalized"": ""régulier"", ""search_form"": ""regulier"", ""rank"": 1805, ""frequency_score"": 54.89692016623719, ""category_breakdown"": {""subtitles"": {""ipm_values"": [7.775054], ""category_ipm"": 7.775054, ""category_score"": 38.05626354539547}, ""web"": {""ipm_values"": [58.987884], ""category_ipm"": 58.987884, ""category_score"": 71.73757678707891}}, ""sources"": [{""id"": ""subtitles/hermit_2018_fr_full_lemmatized_ipm6_spacy_lookup_cleaned_v8.json"", ""file"": ""hermit_2018_fr_full_lemmatized_ipm6_spacy_lookup_cleaned_v8.json"", ""category"": ""subtitles"", ""ipm"": 7.775054}, {""id"": ""web/sorted.fr.lemma.unigrams.cleaned_recommended_min100_ipm6.json"", ""file"": ""sorted.fr.lemma.unigrams.cleaned_recommended_min100_ipm6.json"", ""category"": ""web"", ""ipm"": 58.987884}], ""corpus_quality"": {""status"": ""accepted"", ""reasons"": []}, ""components"": [{""surface"": ""regulier"", ""canonical_candidate"": ""regul"", ""confidence"": 1, ""evidence"": [{""type"": ""manual_override"", ""source"": ""methodology_control_word"", ""path"": [""fr"", ""régulier"", ""family:regul""], ""confidence"": 1}]}]}"
fr	lemma:c96b4582d20779af9502	regulant	uncertain	withheld_historical_uncertain		aggregate_only_not_sense_frequency	"[{""path"": ""associativvordes/family-index-v5/members/fr/40.json.gz"", ""family_id"": ""family:regul"", ""record_sha256"": ""bf48471cbd13e30721933fd2526abf59b60ea6ecb25c04438708448888840519""}, {""path"": ""associativvordes/family-index-v5/members/fr/45.json.gz"", ""family_id"": ""surface:fr:lant"", ""record_sha256"": ""8d96fd0626977356bc44682658780e1e78f8cd35405bc7e676ee1698105fe7de""}]"	"{""lemma_id"": ""lemma:c96b4582d20779af9502"", ""word"": ""regulant"", ""normalized"": ""regulant"", ""search_form"": ""regulant"", ""rank"": 454961, ""frequency_score"": 0.06031194627701871, ""category_breakdown"": {""subtitles"": {""ipm_values"": [0.003448], ""category_ipm"": 0.003448, ""category_score"": 0.06031194627701871}}, ""sources"": [{""id"": ""subtitles/hermit_2018_fr_full_lemmatized_ipm6_spacy_lookup_cleaned_v8.json"", ""file"": ""hermit_2018_fr_full_lemmatized_ipm6_spacy_lookup_cleaned_v8.json"", ""category"": ""subtitles"", ""ipm"": 0.003448}], ""corpus_quality"": {""status"": ""accepted"", ""reasons"": []}, ""components"": [{""surface"": ""regul"", ""canonical_candidate"": ""regul"", ""confidence"": 0.97, ""evidence"": [{""type"": ""compound_morphology"", ""source"": ""manually_verified"", ""path"": [""regulant"", ""regul"", ""regul""], ""confidence"": 0.97}, {""type"": ""verified_seed_alias"", ""source"": ""methodology_control_seed"", ""path"": [""fr"", ""regul"", ""family:regul""], ""confidence"": 1}]}]}"
fr	lemma:c975f58043d4591edaad	erègle	uncertain	not_admitted_candidate		aggregate_only_not_sense_frequency	"[{""path"": ""associativvordes/family-index-v5/members/fr/6d.json.gz"", ""family_id"": ""surface:fr:eregl"", ""record_sha256"": ""229eabb06047507a7ebcd4ef8ab8f853b7ce258bcb1ea81faadfe5add07eae07""}, {""path"": ""associativvordes/family-index-v5/members/fr/ba.json.gz"", ""family_id"": ""surface:fr:gle"", ""record_sha256"": ""3e3d936b2aa2b501e70ed20465091832d00e36562d96ffc44758d128f97d722a""}]"	"{""lemma_id"": ""lemma:c975f58043d4591edaad"", ""word"": ""erègle"", ""normalized"": ""erègle"", ""search_form"": ""eregle"", ""rank"": 349453, ""frequency_score"": 0.06031194627701871, ""category_breakdown"": {""subtitles"": {""ipm_values"": [0.003448], ""category_ipm"": 0.003448, ""category_score"": 0.06031194627701871}}, ""sources"": [{""id"": ""subtitles/hermit_2018_fr_full_lemmatized_ipm6_spacy_lookup_cleaned_v8.json"", ""file"": ""hermit_2018_fr_full_lemmatized_ipm6_spacy_lookup_cleaned_v8.json"", ""category"": ""subtitles"", ""ipm"": 0.003448}], ""corpus_quality"": {""status"": ""accepted"", ""reasons"": []}, ""components"": [{""surface"": ""eregl"", ""canonical_candidate"": ""eregl"", ""confidence"": 0.92, ""evidence"": [{""type"": ""morphological_parse"", ""source"": ""candidate_index"", ""path"": [""eregle"", ""eregl"", ""eregl""], ""confidence"": 0.92}]}]}"
fr	lemma:c9765722f49f51d0bbc8	préréglées	uncertain	not_admitted_candidate		aggregate_only_not_sense_frequency	"[{""path"": ""associativvordes/family-index-v5/members/fr/79.json.gz"", ""family_id"": ""surface:fr:prereglee"", ""record_sha256"": ""88eb3c7f600602e7cf3fe9a7ba91d8ebca950fb9d7f493151321e1c31c24d0a4""}, {""path"": ""associativvordes/family-index-v5/members/fr/f3.json.gz"", ""family_id"": ""surface:fr:lees"", ""record_sha256"": ""4369b104efc5a46e902551abfcb7b23366b7f8070e5ea795da4181837b6b0247""}]"	"{""lemma_id"": ""lemma:c9765722f49f51d0bbc8"", ""word"": ""préréglées"", ""normalized"": ""préréglées"", ""search_form"": ""prereglees"", ""rank"": 136982, ""frequency_score"": 0.3587964621444943, ""category_breakdown"": {""subtitles"": {""ipm_values"": [0.020688], ""category_ipm"": 0.020688, ""category_score"": 0.3587964621444943}}, ""sources"": [{""id"": ""subtitles/hermit_2018_fr_full_lemmatized_ipm6_spacy_lookup_cleaned_v8.json"", ""file"": ""hermit_2018_fr_full_lemmatized_ipm6_spacy_lookup_cleaned_v8.json"", ""category"": ""subtitles"", ""ipm"": 0.020688}], ""corpus_quality"": {""status"": ""accepted"", ""reasons"": []}, ""components"": [{""surface"": ""prereglee"", ""canonical_candidate"": ""prereglee"", ""confidence"": 0.92, ""evidence"": [{""type"": ""morphological_parse"", ""source"": ""candidate_index"", ""path"": [""prereglees"", ""prereglee"", ""prereglee""], ""confidence"": 0.92}]}]}"
fr	lemma:c9975afd3a230f891c59	réglé	uncertain	not_admitted_candidate		aggregate_only_not_sense_frequency	"[{""path"": ""associativvordes/family-index-v5/members/fr/65.json.gz"", ""family_id"": ""surface:fr:regle"", ""record_sha256"": ""989f054308b63622f5c8f481ab8d03a37da21c1f08ff206c848c4afef0c3ed80""}]"	"{""lemma_id"": ""lemma:c9975afd3a230f891c59"", ""word"": ""réglé"", ""normalized"": ""réglé"", ""search_form"": ""regle"", ""rank"": 15414, ""frequency_score"": 21.30878018965215, ""category_breakdown"": {""web"": {""ipm_values"": [2.374056], ""category_ipm"": 2.374056, ""category_score"": 21.30878018965215}}, ""sources"": [{""id"": ""web/sorted.fr.lemma.unigrams.cleaned_recommended_min100_ipm6.json"", ""file"": ""sorted.fr.lemma.unigrams.cleaned_recommended_min100_ipm6.json"", ""category"": ""web"", ""ipm"": 2.374056}], ""corpus_quality"": {""status"": ""accepted"", ""reasons"": []}, ""components"": [{""surface"": ""regle"", ""canonical_candidate"": ""regle"", ""confidence"": 0.92, ""evidence"": [{""type"": ""morphological_parse"", ""source"": ""candidate_index"", ""path"": [""regle"", ""regle"", ""regle""], ""confidence"": 0.92}]}]}"
fr	lemma:ca556ff8721aab7519d9	règlage	uncertain	not_admitted_candidate		aggregate_only_not_sense_frequency	"[{""path"": ""associativvordes/family-index-v5/members/fr/2d.json.gz"", ""family_id"": ""surface:fr:reglage"", ""record_sha256"": ""0063af1f6a1201ad7d1722d2acd2e72b25465213ebe9fa4828a9c1aaf5a134eb""}]"	"{""lemma_id"": ""lemma:ca556ff8721aab7519d9"", ""word"": ""règlage"", ""normalized"": ""règlage"", ""search_form"": ""reglage"", ""rank"": 95109, ""frequency_score"": 0.9632661896644171, ""category_breakdown"": {""subtitles"": {""ipm_values"": [0.003448], ""category_ipm"": 0.003448, ""category_score"": 0.06031194627701871}, ""web"": {""ipm_values"": [0.112386], ""category_ipm"": 0.112386, ""category_score"": 1.8662204330518155}}, ""sources"": [{""id"": ""subtitles/hermit_2018_fr_full_lemmatized_ipm6_spacy_lookup_cleaned_v8.json"", ""file"": ""hermit_2018_fr_full_lemmatized_ipm6_spacy_lookup_cleaned_v8.json"", ""category"": ""subtitles"", ""ipm"": 0.003448}, {""id"": ""web/sorted.fr.lemma.unigrams.cleaned_recommended_min100_ipm6.json"", ""file"": ""sorted.fr.lemma.unigrams.cleaned_recommended_min100_ipm6.json"", ""category"": ""web"", ""ipm"": 0.112386}], ""corpus_quality"": {""status"": ""accepted"", ""reasons"": []}, ""components"": [{""surface"": ""reglage"", ""canonical_candidate"": ""reglage"", ""confidence"": 0.92, ""evidence"": [{""type"": ""morphological_parse"", ""source"": ""candidate_index"", ""path"": [""reglage"", ""reglage"", ""reglage""], ""confidence"": 0.92}]}]}"
fr	lemma:ca6e238948cafea5fa70	réglementations	uncertain	not_admitted_candidate		aggregate_only_not_sense_frequency	"[{""path"": ""associativvordes/family-index-v5/members/fr/76.json.gz"", ""family_id"": ""surface:fr:reglementation"", ""record_sha256"": ""27f74fe58de6b45cafb93a4262634b382d2b80b20da56d6accb3f940f534b2c3""}]"	"{""lemma_id"": ""lemma:ca6e238948cafea5fa70"", ""word"": ""réglementations"", ""normalized"": ""réglementations"", ""search_form"": ""reglementations"", ""rank"": 106391, ""frequency_score"": 1.5707291389570974, ""category_breakdown"": {""web"": {""ipm_values"": [0.093784], ""category_ipm"": 0.093784, ""category_score"": 1.5707291389570974}}, ""sources"": [{""id"": ""web/sorted.fr.lemma.unigrams.cleaned_recommended_min100_ipm6.json"", ""file"": ""sorted.fr.lemma.unigrams.cleaned_recommended_min100_ipm6.json"", ""category"": ""web"", ""ipm"": 0.093784}], ""corpus_quality"": {""status"": ""accepted"", ""reasons"": []}, ""components"": [{""surface"": ""reglementation"", ""canonical_candidate"": ""reglementation"", ""confidence"": 0.92, ""evidence"": [{""type"": ""morphological_parse"", ""source"": ""candidate_index"", ""path"": [""reglementations"", ""reglementation"", ""reglementation""], ""confidence"": 0.92}]}]}"
fr	lemma:cbc6bc9e9c8742be68aa	dysrégulation	accepted	accepted	régulation	aggregate_only_not_sense_frequency	"[{""path"": ""associativvordes/family-index-v5/members/fr/40.json.gz"", ""family_id"": ""family:regul"", ""record_sha256"": ""bb3c4b8991fddf06a028f287379b8b0cf91fe0cfe3e736f77d33e3987b4afdb8""}, {""path"": ""associativvordes/family-index-v5/members/fr/78.json.gz"", ""family_id"": ""surface:fr:regulation"", ""record_sha256"": ""b67728a42ce02acac734fb05cf38da5042512e1ed9a4666f173f1c64ddae8fc6""}, {""path"": ""associativvordes/family-index-v5/members/fr/8a.json.gz"", ""family_id"": ""surface:fr:dysregulat"", ""record_sha256"": ""27abe541b6d69be600b4a002420ab39dba5c24286e3c97047269ff62f729c3ca""}]"	"{""lemma_id"": ""lemma:cbc6bc9e9c8742be68aa"", ""word"": ""dysrégulation"", ""normalized"": ""dysrégulation"", ""search_form"": ""dysregulation"", ""rank"": 186597, ""frequency_score"": 0.18031659537310277, ""category_breakdown"": {""subtitles"": {""ipm_values"": [0.010344], ""category_ipm"": 0.010344, ""category_score"": 0.18031659537310277}}, ""sources"": [{""id"": ""subtitles/hermit_2018_fr_full_lemmatized_ipm6_spacy_lookup_cleaned_v8.json"", ""file"": ""hermit_2018_fr_full_lemmatized_ipm6_spacy_lookup_cleaned_v8.json"", ""category"": ""subtitles"", ""ipm"": 0.010344}], ""corpus_quality"": {""status"": ""accepted"", ""reasons"": []}, ""components"": [{""surface"": ""regul"", ""canonical_candidate"": ""regul"", ""confidence"": 1, ""evidence"": [{""type"": ""compound_morphology"", ""source"": ""manually_verified"", ""path"": [""dysregulation"", ""regul"", ""regul""], ""confidence"": 1}, {""type"": ""verified_seed_alias"", ""source"": ""methodology_control_seed"", ""path"": [""fr"", ""regul"", ""family:regul""], ""confidence"": 1}]}]}"
fr	lemma:cc6fb86d1213ee387e52	réglements	uncertain	not_admitted_candidate		aggregate_only_not_sense_frequency	"[{""path"": ""associativvordes/family-index-v5/members/fr/6d.json.gz"", ""family_id"": ""surface:fr:reglement"", ""record_sha256"": ""6e19fec3a8e774ff789f085802c81f03ab040b9f873f8907045b1ff726f57064""}, {""path"": ""associativvordes/family-index-v5/members/fr/9b.json.gz"", ""family_id"": ""surface:fr:nts"", ""record_sha256"": ""1969d782a300c6b39540c7b86ec24b7f267b642eea587c739a8d6f451d7bd47b""}]"	"{""lemma_id"": ""lemma:cc6fb86d1213ee387e52"", ""word"": ""réglements"", ""normalized"": ""réglements"", ""search_form"": ""reglements"", ""rank"": 29993, ""frequency_score"": 10.328164603753756, ""category_breakdown"": {""web"": {""ipm_values"": [0.802978], ""category_ipm"": 0.802978, ""category_score"": 10.328164603753756}}, ""sources"": [{""id"": ""web/sorted.fr.lemma.unigrams.cleaned_recommended_min100_ipm6.json"", ""file"": ""sorted.fr.lemma.unigrams.cleaned_recommended_min100_ipm6.json"", ""category"": ""web"", ""ipm"": 0.802978}], ""corpus_quality"": {""status"": ""accepted"", ""reasons"": []}, ""components"": [{""surface"": ""reglement"", ""canonical_candidate"": ""reglement"", ""confidence"": 0.92, ""evidence"": [{""type"": ""morphological_parse"", ""source"": ""candidate_index"", ""path"": [""reglements"", ""reglement"", ""reglement""], ""confidence"": 0.92}]}]}"
fr	lemma:cdd970a085268fbe8096	règlerions	uncertain	not_admitted_candidate		aggregate_only_not_sense_frequency	"[{""path"": ""associativvordes/family-index-v5/members/fr/9d.json.gz"", ""family_id"": ""surface:fr:reglerion"", ""record_sha256"": ""17c2a316f6661d5ffb85e58abf56d72b2d77c6fad5c8dc2c4daa756ca878b80f""}]"	"{""lemma_id"": ""lemma:cdd970a085268fbe8096"", ""word"": ""règlerions"", ""normalized"": ""règlerions"", ""search_form"": ""reglerions"", ""rank"": 461957, ""frequency_score"": 0.06031194627701871, ""category_breakdown"": {""subtitles"": {""ipm_values"": [0.003448], ""category_ipm"": 0.003448, ""category_score"": 0.06031194627701871}}, ""sources"": [{""id"": ""subtitles/hermit_2018_fr_full_lemmatized_ipm6_spacy_lookup_cleaned_v8.json"", ""file"": ""hermit_2018_fr_full_lemmatized_ipm6_spacy_lookup_cleaned_v8.json"", ""category"": ""subtitles"", ""ipm"": 0.003448}], ""corpus_quality"": {""status"": ""accepted"", ""reasons"": []}, ""components"": [{""surface"": ""reglerion"", ""canonical_candidate"": ""reglerion"", ""confidence"": 0.92, ""evidence"": [{""type"": ""morphological_parse"", ""source"": ""candidate_index"", ""path"": [""reglerions"", ""reglerion"", ""reglerion""], ""confidence"": 0.92}]}]}"
fr	lemma:ce5da2698b427a42a029	déréguler	accepted	accepted	réguler	aggregate_only_not_sense_frequency	"[{""path"": ""associativvordes/family-index-v5/members/fr/8a.json.gz"", ""family_id"": ""surface:fr:dere"", ""record_sha256"": ""4e5609647a74b7fae671e4259ad4f04bfd7175936e3e5f45f08a641ec82ac81d""}, {""path"": ""associativvordes/family-index-v5/members/fr/bf.json.gz"", ""family_id"": ""ety:d082e43767db"", ""record_sha256"": ""ed5062e71ef1e3fa126c3dce62288d9087a0f6bf4101d441e621b6ddf71bf5ee""}]"	"{""lemma_id"": ""lemma:ce5da2698b427a42a029"", ""word"": ""déréguler"", ""normalized"": ""déréguler"", ""search_form"": ""dereguler"", ""rank"": 113543, ""frequency_score"": 0.9426656552934782, ""category_breakdown"": {""subtitles"": {""ipm_values"": [0.027583], ""category_ipm"": 0.027583, ""category_score"": 0.4767639217120168}, ""web"": {""ipm_values"": [0.083708], ""category_ipm"": 0.083708, ""category_score"": 1.4085673888749397}}, ""sources"": [{""id"": ""subtitles/hermit_2018_fr_full_lemmatized_ipm6_spacy_lookup_cleaned_v8.json"", ""file"": ""hermit_2018_fr_full_lemmatized_ipm6_spacy_lookup_cleaned_v8.json"", ""category"": ""subtitles"", ""ipm"": 0.027583}, {""id"": ""web/sorted.fr.lemma.unigrams.cleaned_recommended_min100_ipm6.json"", ""file"": ""sorted.fr.lemma.unigrams.cleaned_recommended_min100_ipm6.json"", ""category"": ""web"", ""ipm"": 0.083708}], ""corpus_quality"": {""status"": ""accepted"", ""reasons"": []}, ""components"": [{""surface"": ""dere"", ""canonical_candidate"": ""dere"", ""confidence"": 0.81, ""evidence"": [{""type"": ""compound_morphology"", ""source"": ""candidate_index"", ""path"": [""dereguler"", ""dere"", ""dere""], ""confidence"": 0.81}]}]}"
fr	lemma:d1685dbb64ce6f48934c	prérégler	uncertain	not_admitted_candidate		aggregate_only_not_sense_frequency	"[{""path"": ""associativvordes/family-index-v5/members/fr/bf.json.gz"", ""family_id"": ""ety:d082e43767db"", ""record_sha256"": ""41915fa36c1d3a77bb09881c1b5667d2ca54e59f82beb43d07b371a6807eccf2""}, {""path"": ""associativvordes/family-index-v5/members/fr/e1.json.gz"", ""family_id"": ""surface:fr:prer"", ""record_sha256"": ""0c1e8a23c26247a5ed361878674abe4241549fc4dee3f1f7453a9202d7bc0f53""}]"	"{""lemma_id"": ""lemma:d1685dbb64ce6f48934c"", ""word"": ""prérégler"", ""normalized"": ""prérégler"", ""search_form"": ""preregler"", ""rank"": 117118, ""frequency_score"": 0.4767639217120168, ""category_breakdown"": {""subtitles"": {""ipm_values"": [0.027583], ""category_ipm"": 0.027583, ""category_score"": 0.4767639217120168}}, ""sources"": [{""id"": ""subtitles/hermit_2018_fr_full_lemmatized_ipm6_spacy_lookup_cleaned_v8.json"", ""file"": ""hermit_2018_fr_full_lemmatized_ipm6_spacy_lookup_cleaned_v8.json"", ""category"": ""subtitles"", ""ipm"": 0.027583}], ""corpus_quality"": {""status"": ""accepted"", ""reasons"": []}, ""components"": [{""surface"": ""regler"", ""canonical_candidate"": ""regler"", ""confidence"": 0.89, ""evidence"": [{""type"": ""compound_morphology"", ""source"": ""candidate_index"", ""path"": [""preregler"", ""regler"", ""regler""], ""confidence"": 0.89}]}]}"
fr	lemma:d1f22d8a4ffe60574be8	regulière	uncertain	withheld_historical_uncertain		aggregate_only_not_sense_frequency	"[{""path"": ""associativvordes/family-index-v5/members/fr/40.json.gz"", ""family_id"": ""family:regul"", ""record_sha256"": ""861d0ac6e3201ca7e360a821b0e9e5504de76faf96cf2fdbd27e3a0153790372""}]"	"{""lemma_id"": ""lemma:d1f22d8a4ffe60574be8"", ""word"": ""regulière"", ""normalized"": ""regulière"", ""search_form"": ""reguliere"", ""rank"": 454974, ""frequency_score"": 0.06031194627701871, ""category_breakdown"": {""subtitles"": {""ipm_values"": [0.003448], ""category_ipm"": 0.003448, ""category_score"": 0.06031194627701871}}, ""sources"": [{""id"": ""subtitles/hermit_2018_fr_full_lemmatized_ipm6_spacy_lookup_cleaned_v8.json"", ""file"": ""hermit_2018_fr_full_lemmatized_ipm6_spacy_lookup_cleaned_v8.json"", ""category"": ""subtitles"", ""ipm"": 0.003448}], ""corpus_quality"": {""status"": ""accepted"", ""reasons"": []}, ""components"": [{""surface"": ""regul"", ""canonical_candidate"": ""regul"", ""confidence"": 0.97, ""evidence"": [{""type"": ""compound_morphology"", ""source"": ""manually_verified"", ""path"": [""reguliere"", ""regul"", ""regul""], ""confidence"": 0.97}, {""type"": ""verified_seed_alias"", ""source"": ""methodology_control_seed"", ""path"": [""fr"", ""regul"", ""family:regul""], ""confidence"": 1}]}]}"
fr	lemma:d264f3ddad3b6e39a1f1	règlement-livraison	uncertain	not_admitted_candidate		aggregate_only_not_sense_frequency	"[{""path"": ""associativvordes/family-index-v5/members/fr/65.json.gz"", ""family_id"": ""surface:fr:regle"", ""record_sha256"": ""13e36f1a2b777f6662239407b79de9b772fcb06316d1ccc5bfcac30549af15ed""}, {""path"": ""associativvordes/family-index-v5/members/fr/b3.json.gz"", ""family_id"": ""ety:524986f49227"", ""record_sha256"": ""c5807cb12b756be468e51fbd4e1734f99697592aa7e6f0c692859eb07677a91a""}, {""path"": ""associativvordes/family-index-v5/members/fr/ea.json.gz"", ""family_id"": ""surface:fr:lem"", ""record_sha256"": ""a0db4815a4371da84342c40181daa6c388b88d92653870d74de7b917cdf2782f""}]"	"{""lemma_id"": ""lemma:d264f3ddad3b6e39a1f1"", ""word"": ""règlement-livraison"", ""normalized"": ""règlement-livraison"", ""search_form"": ""reglement-livraison"", ""rank"": 103303, ""frequency_score"": 1.6450784221586772, ""category_breakdown"": {""web"": {""ipm_values"": [0.098435], ""category_ipm"": 0.098435, ""category_score"": 1.6450784221586772}}, ""sources"": [{""id"": ""web/sorted.fr.lemma.unigrams.cleaned_recommended_min100_ipm6.json"", ""file"": ""sorted.fr.lemma.unigrams.cleaned_recommended_min100_ipm6.json"", ""category"": ""web"", ""ipm"": 0.098435}], ""corpus_quality"": {""status"": ""accepted"", ""reasons"": []}, ""components"": [{""surface"": ""regle"", ""canonical_candidate"": ""regle"", ""confidence"": 0.81, ""evidence"": [{""type"": ""compound_morphology"", ""source"": ""candidate_index"", ""path"": [""reglement-livraison"", ""regle"", ""regle""], ""confidence"": 0.81}]}]}"
fr	lemma:d3c7755f416dc76aabbf	règlementé	uncertain	not_admitted_candidate		aggregate_only_not_sense_frequency	"[{""path"": ""associativvordes/family-index-v5/members/fr/98.json.gz"", ""family_id"": ""surface:fr:reglemente"", ""record_sha256"": ""5975be9fbbd9c9f26aedb7b1bb2c0bf7c884826eaf8328e3dfe670e71172de55""}]"	"{""lemma_id"": ""lemma:d3c7755f416dc76aabbf"", ""word"": ""règlementé"", ""normalized"": ""règlementé"", ""search_form"": ""reglemente"", ""rank"": 75032, ""frequency_score"": 1.410530053380225, ""category_breakdown"": {""subtitles"": {""ipm_values"": [0.006896], ""category_ipm"": 0.006896, ""category_score"": 0.12041700656906522}, ""web"": {""ipm_values"": [0.166641], ""category_ipm"": 0.166641, ""category_score"": 2.700643100191385}}, ""sources"": [{""id"": ""subtitles/hermit_2018_fr_full_lemmatized_ipm6_spacy_lookup_cleaned_v8.json"", ""file"": ""hermit_2018_fr_full_lemmatized_ipm6_spacy_lookup_cleaned_v8.json"", ""category"": ""subtitles"", ""ipm"": 0.006896}, {""id"": ""web/sorted.fr.lemma.unigrams.cleaned_recommended_min100_ipm6.json"", ""file"": ""sorted.fr.lemma.unigrams.cleaned_recommended_min100_ipm6.json"", ""category"": ""web"", ""ipm"": 0.166641}], ""corpus_quality"": {""status"": ""accepted"", ""reasons"": []}, ""components"": [{""surface"": ""reglemente"", ""canonical_candidate"": ""reglemente"", ""confidence"": 0.92, ""evidence"": [{""type"": ""morphological_parse"", ""source"": ""candidate_index"", ""path"": [""reglemente"", ""reglemente"", ""reglemente""], ""confidence"": 0.92}]}]}"
fr	lemma:d5b3171eabca9e3fd68c	autoréguler	uncertain	not_admitted_candidate		aggregate_only_not_sense_frequency	"[{""path"": ""associativvordes/family-index-v5/members/fr/0e.json.gz"", ""family_id"": ""surface:fr:autore"", ""record_sha256"": ""36daa3acc7ea74a81a9210cbe792b6f22cebaebe55929d184e368b15c8528443""}, {""path"": ""associativvordes/family-index-v5/members/fr/bf.json.gz"", ""family_id"": ""ety:d082e43767db"", ""record_sha256"": ""88504eca071f7dc82457a86728042023b7c477d1cd64ae53789282d6701bbeab""}]"	"{""lemma_id"": ""lemma:d5b3171eabca9e3fd68c"", ""word"": ""autoréguler"", ""normalized"": ""autoréguler"", ""search_form"": ""autoreguler"", ""rank"": 157392, ""frequency_score"": 0.24001211272896547, ""category_breakdown"": {""subtitles"": {""ipm_values"": [0.013792], ""category_ipm"": 0.013792, ""category_score"": 0.24001211272896547}}, ""sources"": [{""id"": ""subtitles/hermit_2018_fr_full_lemmatized_ipm6_spacy_lookup_cleaned_v8.json"", ""file"": ""hermit_2018_fr_full_lemmatized_ipm6_spacy_lookup_cleaned_v8.json"", ""category"": ""subtitles"", ""ipm"": 0.013792}], ""corpus_quality"": {""status"": ""accepted"", ""reasons"": []}, ""components"": [{""surface"": ""autore"", ""canonical_candidate"": ""autore"", ""confidence"": 0.81, ""evidence"": [{""type"": ""compound_morphology"", ""source"": ""candidate_index"", ""path"": [""autoreguler"", ""autore"", ""autore""], ""confidence"": 0.81}]}]}"
fr	lemma:d71631a9231edbb496ba	thymorégulateurs	accepted	accepted	réguler	aggregate_only_not_sense_frequency	"[{""path"": ""associativvordes/family-index-v5/members/fr/0c.json.gz"", ""family_id"": ""surface:fr:urs"", ""record_sha256"": ""77defd6da76653a3223cde166bbd26dbb4d8b4bef44bd5e6c9685223d463c9fa""}, {""path"": ""associativvordes/family-index-v5/members/fr/40.json.gz"", ""family_id"": ""family:regul"", ""record_sha256"": ""e49a09104787a90388bf70ccc550dd14cdbde7cb1e49366edd81f7a7cb95ddb9""}, {""path"": ""associativvordes/family-index-v5/members/fr/ad.json.gz"", ""family_id"": ""surface:fr:thymoregulateur"", ""record_sha256"": ""78ff6182fdef6d9ebe01569a071931f102cc82d609c51de378c5424339a39657""}]"	"{""lemma_id"": ""lemma:d71631a9231edbb496ba"", ""word"": ""thymorégulateurs"", ""normalized"": ""thymorégulateurs"", ""search_form"": ""thymoregulateurs"", ""rank"": 489077, ""frequency_score"": 0.06031194627701871, ""category_breakdown"": {""subtitles"": {""ipm_values"": [0.003448], ""category_ipm"": 0.003448, ""category_score"": 0.06031194627701871}}, ""sources"": [{""id"": ""subtitles/hermit_2018_fr_full_lemmatized_ipm6_spacy_lookup_cleaned_v8.json"", ""file"": ""hermit_2018_fr_full_lemmatized_ipm6_spacy_lookup_cleaned_v8.json"", ""category"": ""subtitles"", ""ipm"": 0.003448}], ""corpus_quality"": {""status"": ""accepted"", ""reasons"": []}, ""components"": [{""surface"": ""urs"", ""canonical_candidate"": ""urs"", ""confidence"": 0.89, ""evidence"": [{""type"": ""compound_morphology"", ""source"": ""candidate_index"", ""path"": [""thymoregulateurs"", ""urs"", ""urs""], ""confidence"": 0.89}]}]}"
fr	lemma:d82179b7c65d14eb3ce0	reréglerai	uncertain	not_admitted_candidate		aggregate_only_not_sense_frequency	"[{""path"": ""associativvordes/family-index-v5/members/fr/b6.json.gz"", ""family_id"": ""surface:fr:reregle"", ""record_sha256"": ""9d5a27822cc9d6d525efb7cf16bd5201cc1d78cb2eea464e87ffb0b75b716ca7""}, {""path"": ""associativvordes/family-index-v5/members/fr/cf.json.gz"", ""family_id"": ""surface:fr:reglerai"", ""record_sha256"": ""2b53fc4344a25eb92ed57860bddf5ed67a3fa7c8bb1cf88d6dff82455864dea8""}]"	"{""lemma_id"": ""lemma:d82179b7c65d14eb3ce0"", ""word"": ""reréglerai"", ""normalized"": ""reréglerai"", ""search_form"": ""rereglerai"", ""rank"": 456810, ""frequency_score"": 0.06031194627701871, ""category_breakdown"": {""subtitles"": {""ipm_values"": [0.003448], ""category_ipm"": 0.003448, ""category_score"": 0.06031194627701871}}, ""sources"": [{""id"": ""subtitles/hermit_2018_fr_full_lemmatized_ipm6_spacy_lookup_cleaned_v8.json"", ""file"": ""hermit_2018_fr_full_lemmatized_ipm6_spacy_lookup_cleaned_v8.json"", ""category"": ""subtitles"", ""ipm"": 0.003448}], ""corpus_quality"": {""status"": ""accepted"", ""reasons"": []}, ""components"": [{""surface"": ""reregle"", ""canonical_candidate"": ""reregle"", ""confidence"": 0.81, ""evidence"": [{""type"": ""compound_morphology"", ""source"": ""candidate_index"", ""path"": [""rereglerai"", ""reregle"", ""reregle""], ""confidence"": 0.81}]}]}"
fr	lemma:d831b31cd4c69de2de26	régulièremment	uncertain	withheld_historical_uncertain		aggregate_only_not_sense_frequency	"[{""path"": ""associativvordes/family-index-v5/members/fr/40.json.gz"", ""family_id"": ""family:regul"", ""record_sha256"": ""3584a625030774c4c21a7c7623d8cba125801f47472f6a5fd4bf1320425ef40e""}, {""path"": ""associativvordes/family-index-v5/members/fr/a6.json.gz"", ""family_id"": ""surface:fr:emment"", ""record_sha256"": ""1a6cefcc47569b1e9a88c1b356450bb6bef8263567600c53d064d036b689ca19""}, {""path"": ""associativvordes/family-index-v5/members/fr/ab.json.gz"", ""family_id"": ""surface:fr:regulierem"", ""record_sha256"": ""ce8daef85a8a8206b73bf7c34c2264c2b319119cca06ec8b5fc33b65601c0690""}]"	"{""lemma_id"": ""lemma:d831b31cd4c69de2de26"", ""word"": ""régulièremment"", ""normalized"": ""régulièremment"", ""search_form"": ""regulieremment"", ""rank"": 462694, ""frequency_score"": 0.06031194627701871, ""category_breakdown"": {""subtitles"": {""ipm_values"": [0.003448], ""category_ipm"": 0.003448, ""category_score"": 0.06031194627701871}}, ""sources"": [{""id"": ""subtitles/hermit_2018_fr_full_lemmatized_ipm6_spacy_lookup_cleaned_v8.json"", ""file"": ""hermit_2018_fr_full_lemmatized_ipm6_spacy_lookup_cleaned_v8.json"", ""category"": ""subtitles"", ""ipm"": 0.003448}], ""corpus_quality"": {""status"": ""accepted"", ""reasons"": []}, ""components"": [{""surface"": ""regul"", ""canonical_candidate"": ""regul"", ""confidence"": 0.97, ""evidence"": [{""type"": ""compound_morphology"", ""source"": ""manually_verified"", ""path"": [""regulieremment"", ""regul"", ""regul""], ""confidence"": 0.97}, {""type"": ""verified_seed_alias"", ""source"": ""methodology_control_seed"", ""path"": [""fr"", ""regul"", ""family:regul""], ""confidence"": 1}]}]}"
fr	lemma:d8cac70a9dd5d9d4e6fa	irregulière	uncertain	not_admitted_candidate		aggregate_only_not_sense_frequency	"[{""path"": ""associativvordes/family-index-v5/members/fr/c9.json.gz"", ""family_id"": ""surface:fr:irreguliere"", ""record_sha256"": ""9d34171c8b808229e33f6b7820e463527a53c9efea7e087c87eb68abef606022""}]"	"{""lemma_id"": ""lemma:d8cac70a9dd5d9d4e6fa"", ""word"": ""irregulière"", ""normalized"": ""irregulière"", ""search_form"": ""irreguliere"", ""rank"": 384336, ""frequency_score"": 0.06031194627701871, ""category_breakdown"": {""subtitles"": {""ipm_values"": [0.003448], ""category_ipm"": 0.003448, ""category_score"": 0.06031194627701871}}, ""sources"": [{""id"": ""subtitles/hermit_2018_fr_full_lemmatized_ipm6_spacy_lookup_cleaned_v8.json"", ""file"": ""hermit_2018_fr_full_lemmatized_ipm6_spacy_lookup_cleaned_v8.json"", ""category"": ""subtitles"", ""ipm"": 0.003448}], ""corpus_quality"": {""status"": ""accepted"", ""reasons"": []}, ""components"": [{""surface"": ""irreguliere"", ""canonical_candidate"": ""irreguliere"", ""confidence"": 0.92, ""evidence"": [{""type"": ""morphological_parse"", ""source"": ""candidate_index"", ""path"": [""irreguliere"", ""irreguliere"", ""irreguliere""], ""confidence"": 0.92}]}]}"
fr	lemma:d9e926e468750724bac7	régleurs	uncertain	not_admitted_candidate		aggregate_only_not_sense_frequency	"[{""path"": ""associativvordes/family-index-v5/members/fr/0c.json.gz"", ""family_id"": ""surface:fr:urs"", ""record_sha256"": ""35fa572689d4b3170b2f376af65630b695aaca373d17febf648a802c30c99503""}, {""path"": ""associativvordes/family-index-v5/members/fr/e6.json.gz"", ""family_id"": ""surface:fr:regleur"", ""record_sha256"": ""f00e9bd3d8da127e0dcf436c5c0070f3eeef4151b4a700f3c2410c8aa452e759""}]"	"{""lemma_id"": ""lemma:d9e926e468750724bac7"", ""word"": ""régleurs"", ""normalized"": ""régleurs"", ""search_form"": ""regleurs"", ""rank"": 462675, ""frequency_score"": 0.06031194627701871, ""category_breakdown"": {""subtitles"": {""ipm_values"": [0.003448], ""category_ipm"": 0.003448, ""category_score"": 0.06031194627701871}}, ""sources"": [{""id"": ""subtitles/hermit_2018_fr_full_lemmatized_ipm6_spacy_lookup_cleaned_v8.json"", ""file"": ""hermit_2018_fr_full_lemmatized_ipm6_spacy_lookup_cleaned_v8.json"", ""category"": ""subtitles"", ""ipm"": 0.003448}], ""corpus_quality"": {""status"": ""accepted"", ""reasons"": []}, ""components"": [{""surface"": ""urs"", ""canonical_candidate"": ""urs"", ""confidence"": 0.89, ""evidence"": [{""type"": ""compound_morphology"", ""source"": ""candidate_index"", ""path"": [""regleurs"", ""urs"", ""urs""], ""confidence"": 0.89}]}]}"
fr	lemma:d9ecd79c908c4854d5ba	irregularis	uncertain	not_admitted_candidate		aggregate_only_not_sense_frequency	"[{""path"": ""associativvordes/family-index-v5/members/fr/db.json.gz"", ""family_id"": ""surface:fr:laris"", ""record_sha256"": ""20feda25c89b7d2cd4419b7e5a3c5c6a717db3320b32798874c16dde87d951a6""}, {""path"": ""associativvordes/family-index-v5/members/fr/fc.json.gz"", ""family_id"": ""surface:fr:irregulari"", ""record_sha256"": ""9a8ce64bbcb04aac34fe1bc83c8dc2763aadffef8afee85a419b5178162db5e1""}]"	"{""lemma_id"": ""lemma:d9ecd79c908c4854d5ba"", ""word"": ""irregularis"", ""normalized"": ""irregularis"", ""search_form"": ""irregularis"", ""rank"": 241592, ""frequency_score"": 0.12041700656906522, ""category_breakdown"": {""subtitles"": {""ipm_values"": [0.006896], ""category_ipm"": 0.006896, ""category_score"": 0.12041700656906522}}, ""sources"": [{""id"": ""subtitles/hermit_2018_fr_full_lemmatized_ipm6_spacy_lookup_cleaned_v8.json"", ""file"": ""hermit_2018_fr_full_lemmatized_ipm6_spacy_lookup_cleaned_v8.json"", ""category"": ""subtitles"", ""ipm"": 0.006896}], ""corpus_quality"": {""status"": ""accepted"", ""reasons"": []}, ""components"": [{""surface"": ""laris"", ""canonical_candidate"": ""laris"", ""confidence"": 0.89, ""evidence"": [{""type"": ""compound_morphology"", ""source"": ""candidate_index"", ""path"": [""irregularis"", ""laris"", ""laris""], ""confidence"": 0.89}]}]}"
fr	lemma:dbe7a7911d1c29175a33	règlée	uncertain	not_admitted_candidate		aggregate_only_not_sense_frequency	"[{""path"": ""associativvordes/family-index-v5/members/fr/00.json.gz"", ""family_id"": ""surface:fr:reglee"", ""record_sha256"": ""21527c8757c2bd4b7ca69c65f28f74e5e27344782f0bfd42f41b12f0d9112428""}]"	"{""lemma_id"": ""lemma:dbe7a7911d1c29175a33"", ""word"": ""règlée"", ""normalized"": ""règlée"", ""search_form"": ""reglee"", ""rank"": 461960, ""frequency_score"": 0.06031194627701871, ""category_breakdown"": {""subtitles"": {""ipm_values"": [0.003448], ""category_ipm"": 0.003448, ""category_score"": 0.06031194627701871}}, ""sources"": [{""id"": ""subtitles/hermit_2018_fr_full_lemmatized_ipm6_spacy_lookup_cleaned_v8.json"", ""file"": ""hermit_2018_fr_full_lemmatized_ipm6_spacy_lookup_cleaned_v8.json"", ""category"": ""subtitles"", ""ipm"": 0.003448}], ""corpus_quality"": {""status"": ""accepted"", ""reasons"": []}, ""components"": [{""surface"": ""reglee"", ""canonical_candidate"": ""reglee"", ""confidence"": 0.92, ""evidence"": [{""type"": ""morphological_parse"", ""source"": ""candidate_index"", ""path"": [""reglee"", ""reglee"", ""reglee""], ""confidence"": 0.92}]}]}"
fr	lemma:dc1df6f470e086a67768	réglent	uncertain	not_admitted_candidate		aggregate_only_not_sense_frequency	"[{""path"": ""associativvordes/family-index-v5/members/fr/3d.json.gz"", ""family_id"": ""ety:342a0bd4bd39"", ""record_sha256"": ""fd3930503cf438939f71d86329cf509be1b04ef1a26d322b35c8fd6fb8e8a822""}, {""path"": ""associativvordes/family-index-v5/members/fr/42.json.gz"", ""family_id"": ""surface:fr:regl"", ""record_sha256"": ""cc8a18cdfec01de03cfce380006b975125fcba614f25dedc531612c3ff8f5d6c""}, {""path"": ""associativvordes/family-index-v5/members/fr/e5.json.gz"", ""family_id"": ""ety:f61d170d8e71"", ""record_sha256"": ""fd3930503cf438939f71d86329cf509be1b04ef1a26d322b35c8fd6fb8e8a822""}]"	"{""lemma_id"": ""lemma:dc1df6f470e086a67768"", ""word"": ""réglent"", ""normalized"": ""réglent"", ""search_form"": ""reglent"", ""rank"": 172993, ""frequency_score"": 0.24001211272896547, ""category_breakdown"": {""subtitles"": {""ipm_values"": [0.013792], ""category_ipm"": 0.013792, ""category_score"": 0.24001211272896547}}, ""sources"": [{""id"": ""subtitles/hermit_2018_fr_full_lemmatized_ipm6_spacy_lookup_cleaned_v8.json"", ""file"": ""hermit_2018_fr_full_lemmatized_ipm6_spacy_lookup_cleaned_v8.json"", ""category"": ""subtitles"", ""ipm"": 0.013792}], ""corpus_quality"": {""status"": ""accepted"", ""reasons"": []}, ""components"": [{""surface"": ""lent"", ""canonical_candidate"": ""lent"", ""confidence"": 0.89, ""evidence"": [{""type"": ""compound_morphology"", ""source"": ""candidate_index"", ""path"": [""reglent"", ""lent"", ""lent""], ""confidence"": 0.89}]}]}"
fr	lemma:debd820aba583932f007	psychorégulateur	accepted	accepted	réguler	aggregate_only_not_sense_frequency	"[{""path"": ""associativvordes/family-index-v5/members/fr/40.json.gz"", ""family_id"": ""family:regul"", ""record_sha256"": ""dd6a3e9f2d15a892608d33c8abe7116509af0f00aae5719ff14e41608368442b""}]"	"{""lemma_id"": ""lemma:debd820aba583932f007"", ""word"": ""psychorégulateur"", ""normalized"": ""psychorégulateur"", ""search_form"": ""psychoregulateur"", ""rank"": 447662, ""frequency_score"": 0.06031194627701871, ""category_breakdown"": {""subtitles"": {""ipm_values"": [0.003448], ""category_ipm"": 0.003448, ""category_score"": 0.06031194627701871}}, ""sources"": [{""id"": ""subtitles/hermit_2018_fr_full_lemmatized_ipm6_spacy_lookup_cleaned_v8.json"", ""file"": ""hermit_2018_fr_full_lemmatized_ipm6_spacy_lookup_cleaned_v8.json"", ""category"": ""subtitles"", ""ipm"": 0.003448}], ""corpus_quality"": {""status"": ""accepted"", ""reasons"": []}, ""components"": [{""surface"": ""regul"", ""canonical_candidate"": ""regul"", ""confidence"": 0.97, ""evidence"": [{""type"": ""compound_morphology"", ""source"": ""manually_verified"", ""path"": [""psychoregulateur"", ""regul"", ""regul""], ""confidence"": 0.97}, {""type"": ""verified_seed_alias"", ""source"": ""methodology_control_seed"", ""path"": [""fr"", ""regul"", ""family:regul""], ""confidence"": 1}]}]}"
fr	lemma:e0e742b22007aa0a82b8	régulien	uncertain	withheld_historical_uncertain		aggregate_only_not_sense_frequency	"[{""path"": ""associativvordes/family-index-v5/members/fr/40.json.gz"", ""family_id"": ""family:regul"", ""record_sha256"": ""c5ad0a5aa206769e8481dd600d851af35b747ab4813e06a41cb3d68d87469a9f""}]"	"{""lemma_id"": ""lemma:e0e742b22007aa0a82b8"", ""word"": ""régulien"", ""normalized"": ""régulien"", ""search_form"": ""regulien"", ""rank"": 264609, ""frequency_score"": 0.12041700656906522, ""category_breakdown"": {""subtitles"": {""ipm_values"": [0.006896], ""category_ipm"": 0.006896, ""category_score"": 0.12041700656906522}}, ""sources"": [{""id"": ""subtitles/hermit_2018_fr_full_lemmatized_ipm6_spacy_lookup_cleaned_v8.json"", ""file"": ""hermit_2018_fr_full_lemmatized_ipm6_spacy_lookup_cleaned_v8.json"", ""category"": ""subtitles"", ""ipm"": 0.006896}], ""corpus_quality"": {""status"": ""accepted"", ""reasons"": []}, ""components"": [{""surface"": ""regul"", ""canonical_candidate"": ""regul"", ""confidence"": 0.97, ""evidence"": [{""type"": ""compound_morphology"", ""source"": ""manually_verified"", ""path"": [""regulien"", ""regul"", ""regul""], ""confidence"": 0.97}, {""type"": ""verified_seed_alias"", ""source"": ""methodology_control_seed"", ""path"": [""fr"", ""regul"", ""family:regul""], ""confidence"": 1}]}]}"
fr	lemma:e1e1d2848074a70f3db1	règle	uncertain	not_admitted_candidate		aggregate_only_not_sense_frequency	"[{""path"": ""associativvordes/family-index-v5/members/fr/65.json.gz"", ""family_id"": ""surface:fr:regle"", ""record_sha256"": ""6ac968674132be9de2f8f5adbb37376cfa79b10a0c31dc02d229be29d6b21971""}]"	"{""lemma_id"": ""lemma:e1e1d2848074a70f3db1"", ""word"": ""règle"", ""normalized"": ""règle"", ""search_form"": ""regle"", ""rank"": 681, ""frequency_score"": 76.37122795031101, ""category_breakdown"": {""subtitles"": {""ipm_values"": [115.650053], ""category_ipm"": 115.650053, ""category_score"": 83.3903364757816}, ""web"": {""ipm_values"": [51.352617], ""category_ipm"": 51.352617, ""category_score"": 69.35211942484042}}, ""sources"": [{""id"": ""subtitles/hermit_2018_fr_full_lemmatized_ipm6_spacy_lookup_cleaned_v8.json"", ""file"": ""hermit_2018_fr_full_lemmatized_ipm6_spacy_lookup_cleaned_v8.json"", ""category"": ""subtitles"", ""ipm"": 115.650053}, {""id"": ""web/sorted.fr.lemma.unigrams.cleaned_recommended_min100_ipm6.json"", ""file"": ""sorted.fr.lemma.unigrams.cleaned_recommended_min100_ipm6.json"", ""category"": ""web"", ""ipm"": 51.352617}], ""corpus_quality"": {""status"": ""accepted"", ""reasons"": []}, ""components"": [{""surface"": ""regle"", ""canonical_candidate"": ""regle"", ""confidence"": 0.92, ""evidence"": [{""type"": ""morphological_parse"", ""source"": ""candidate_index"", ""path"": [""regle"", ""regle"", ""regle""], ""confidence"": 0.92}]}]}"
fr	lemma:e2ae8d7cfd01f54c2e7c	réguliêrement	uncertain	withheld_historical_uncertain		aggregate_only_not_sense_frequency	"[{""path"": ""associativvordes/family-index-v5/members/fr/40.json.gz"", ""family_id"": ""family:regul"", ""record_sha256"": ""b000def415b72edb2c799e044950bc102e3165b461c55ebd7c7ad1fe3240149b""}]"	"{""lemma_id"": ""lemma:e2ae8d7cfd01f54c2e7c"", ""word"": ""réguliêrement"", ""normalized"": ""réguliêrement"", ""search_form"": ""regulierement"", ""rank"": 462696, ""frequency_score"": 0.06031194627701871, ""category_breakdown"": {""subtitles"": {""ipm_values"": [0.003448], ""category_ipm"": 0.003448, ""category_score"": 0.06031194627701871}}, ""sources"": [{""id"": ""subtitles/hermit_2018_fr_full_lemmatized_ipm6_spacy_lookup_cleaned_v8.json"", ""file"": ""hermit_2018_fr_full_lemmatized_ipm6_spacy_lookup_cleaned_v8.json"", ""category"": ""subtitles"", ""ipm"": 0.003448}], ""corpus_quality"": {""status"": ""accepted"", ""reasons"": []}, ""components"": [{""surface"": ""regul"", ""canonical_candidate"": ""regul"", ""confidence"": 0.97, ""evidence"": [{""type"": ""compound_morphology"", ""source"": ""manually_verified"", ""path"": [""regulierement"", ""regul"", ""regul""], ""confidence"": 0.97}, {""type"": ""verified_seed_alias"", ""source"": ""methodology_control_seed"", ""path"": [""fr"", ""regul"", ""family:regul""], ""confidence"": 1}]}]}"
fr	lemma:e2c7446120f9afa81e45	régulon	uncertain	not_admitted_candidate		aggregate_only_not_sense_frequency	"[{""path"": ""associativvordes/family-index-v5/members/fr/01.json.gz"", ""family_id"": ""ety:f37e0ef41ecc"", ""record_sha256"": ""0a2b5e4d48d0abc15da4ec7f7448bd49f9686a286722da642c73c7da4d442d75""}, {""path"": ""associativvordes/family-index-v5/members/fr/3d.json.gz"", ""family_id"": ""surface:fr:regu"", ""record_sha256"": ""84a2e00d5599350948aebd97e5cfc593a721d4c64b05835fc668df2e9973dfd2""}, {""path"": ""associativvordes/family-index-v5/members/fr/bb.json.gz"", ""family_id"": ""ety:f5c142e8ff1a"", ""record_sha256"": ""0a2b5e4d48d0abc15da4ec7f7448bd49f9686a286722da642c73c7da4d442d75""}]"	"{""lemma_id"": ""lemma:e2c7446120f9afa81e45"", ""word"": ""régulon"", ""normalized"": ""régulon"", ""search_form"": ""regulon"", ""rank"": 462697, ""frequency_score"": 0.06031194627701871, ""category_breakdown"": {""subtitles"": {""ipm_values"": [0.003448], ""category_ipm"": 0.003448, ""category_score"": 0.06031194627701871}}, ""sources"": [{""id"": ""subtitles/hermit_2018_fr_full_lemmatized_ipm6_spacy_lookup_cleaned_v8.json"", ""file"": ""hermit_2018_fr_full_lemmatized_ipm6_spacy_lookup_cleaned_v8.json"", ""category"": ""subtitles"", ""ipm"": 0.003448}], ""corpus_quality"": {""status"": ""accepted"", ""reasons"": []}, ""components"": [{""surface"": ""lon"", ""canonical_candidate"": ""lon"", ""confidence"": 0.89, ""evidence"": [{""type"": ""compound_morphology"", ""source"": ""candidate_index"", ""path"": [""regulon"", ""lon"", ""lon""], ""confidence"": 0.89}]}]}"
fr	lemma:e35f713e114adc43d3b1	irrégulieres	uncertain	not_admitted_candidate		aggregate_only_not_sense_frequency	"[{""path"": ""associativvordes/family-index-v5/members/fr/0f.json.gz"", ""family_id"": ""surface:fr:eres"", ""record_sha256"": ""dfed6d69a495b3cb35634c0e683336a29c282f2f5b552584fdc91934a2410c91""}, {""path"": ""associativvordes/family-index-v5/members/fr/c9.json.gz"", ""family_id"": ""surface:fr:irreguliere"", ""record_sha256"": ""505a3d0f829ac5748b85d322dcb94e000d3a05e06bd9d61b81c1a9252093ff97""}]"	"{""lemma_id"": ""lemma:e35f713e114adc43d3b1"", ""word"": ""irrégulieres"", ""normalized"": ""irrégulieres"", ""search_form"": ""irregulieres"", ""rank"": 384392, ""frequency_score"": 0.06031194627701871, ""category_breakdown"": {""subtitles"": {""ipm_values"": [0.003448], ""category_ipm"": 0.003448, ""category_score"": 0.06031194627701871}}, ""sources"": [{""id"": ""subtitles/hermit_2018_fr_full_lemmatized_ipm6_spacy_lookup_cleaned_v8.json"", ""file"": ""hermit_2018_fr_full_lemmatized_ipm6_spacy_lookup_cleaned_v8.json"", ""category"": ""subtitles"", ""ipm"": 0.003448}], ""corpus_quality"": {""status"": ""accepted"", ""reasons"": []}, ""components"": [{""surface"": ""eres"", ""canonical_candidate"": ""eres"", ""confidence"": 0.89, ""evidence"": [{""type"": ""compound_morphology"", ""source"": ""candidate_index"", ""path"": [""irregulieres"", ""eres"", ""eres""], ""confidence"": 0.89}]}]}"
fr	lemma:e371b6a97577da9890c8	règlementations	uncertain	not_admitted_candidate		aggregate_only_not_sense_frequency	"[{""path"": ""associativvordes/family-index-v5/members/fr/76.json.gz"", ""family_id"": ""surface:fr:reglementation"", ""record_sha256"": ""a2b2934cbc1fab9955521ea2207aacf02c5a1292a81ba33083877cf4acb7a9f8""}]"	"{""lemma_id"": ""lemma:e371b6a97577da9890c8"", ""word"": ""règlementations"", ""normalized"": ""règlementations"", ""search_form"": ""reglementations"", ""rank"": 37204, ""frequency_score"": 7.717542356197257, ""category_breakdown"": {""web"": {""ipm_values"": [0.553404], ""category_ipm"": 0.553404, ""category_score"": 7.717542356197257}}, ""sources"": [{""id"": ""web/sorted.fr.lemma.unigrams.cleaned_recommended_min100_ipm6.json"", ""file"": ""sorted.fr.lemma.unigrams.cleaned_recommended_min100_ipm6.json"", ""category"": ""web"", ""ipm"": 0.553404}], ""corpus_quality"": {""status"": ""accepted"", ""reasons"": []}, ""components"": [{""surface"": ""reglementation"", ""canonical_candidate"": ""reglementation"", ""confidence"": 0.92, ""evidence"": [{""type"": ""morphological_parse"", ""source"": ""candidate_index"", ""path"": [""reglementations"", ""reglementation"", ""reglementation""], ""confidence"": 0.92}]}]}"
fr	lemma:e3a2ff252f4283c079c8	rrégul	uncertain	not_admitted_candidate		aggregate_only_not_sense_frequency	"[{""path"": ""associativvordes/family-index-v5/members/fr/24.json.gz"", ""family_id"": ""surface:fr:gul"", ""record_sha256"": ""8e6d6f4df6a6f68b970029b1d00e0bae385dd1bc7e36cfc9686ed646552ecc44""}, {""path"": ""associativvordes/family-index-v5/members/fr/7b.json.gz"", ""family_id"": ""surface:fr:rre"", ""record_sha256"": ""53953268f9bbca2bc226540b71dc5fd312422dd7c94c7cd2aed88781ea24b1b6""}]"	"{""lemma_id"": ""lemma:e3a2ff252f4283c079c8"", ""word"": ""rrégul"", ""normalized"": ""rrégul"", ""search_form"": ""rregul"", ""rank"": 461123, ""frequency_score"": 0.06031194627701871, ""category_breakdown"": {""subtitles"": {""ipm_values"": [0.003448], ""category_ipm"": 0.003448, ""category_score"": 0.06031194627701871}}, ""sources"": [{""id"": ""subtitles/hermit_2018_fr_full_lemmatized_ipm6_spacy_lookup_cleaned_v8.json"", ""file"": ""hermit_2018_fr_full_lemmatized_ipm6_spacy_lookup_cleaned_v8.json"", ""category"": ""subtitles"", ""ipm"": 0.003448}], ""corpus_quality"": {""status"": ""accepted"", ""reasons"": []}, ""components"": [{""surface"": ""gul"", ""canonical_candidate"": ""gul"", ""confidence"": 0.89, ""evidence"": [{""type"": ""compound_morphology"", ""source"": ""candidate_index"", ""path"": [""rregul"", ""gul"", ""gul""], ""confidence"": 0.89}]}]}"
fr	lemma:e3f3afae0fad4fa57791	prérègle	uncertain	not_admitted_candidate		aggregate_only_not_sense_frequency	"[{""path"": ""associativvordes/family-index-v5/members/fr/26.json.gz"", ""family_id"": ""surface:fr:preregle"", ""record_sha256"": ""fd561c5ece106e0e12cca02226d993b33af9b9c8a365f2e8b6b2aa068a9e9b34""}]"	"{""lemma_id"": ""lemma:e3f3afae0fad4fa57791"", ""word"": ""prérègle"", ""normalized"": ""prérègle"", ""search_form"": ""preregle"", ""rank"": 447157, ""frequency_score"": 0.06031194627701871, ""category_breakdown"": {""subtitles"": {""ipm_values"": [0.003448], ""category_ipm"": 0.003448, ""category_score"": 0.06031194627701871}}, ""sources"": [{""id"": ""subtitles/hermit_2018_fr_full_lemmatized_ipm6_spacy_lookup_cleaned_v8.json"", ""file"": ""hermit_2018_fr_full_lemmatized_ipm6_spacy_lookup_cleaned_v8.json"", ""category"": ""subtitles"", ""ipm"": 0.003448}], ""corpus_quality"": {""status"": ""accepted"", ""reasons"": []}, ""components"": [{""surface"": ""preregle"", ""canonical_candidate"": ""preregle"", ""confidence"": 0.92, ""evidence"": [{""type"": ""morphological_parse"", ""source"": ""candidate_index"", ""path"": [""preregle"", ""preregle"", ""preregle""], ""confidence"": 0.92}]}]}"
fr	lemma:e47cc1809ece1408ef86	rerégler	uncertain	not_admitted_candidate		aggregate_only_not_sense_frequency	"[{""path"": ""associativvordes/family-index-v5/members/fr/bc.json.gz"", ""family_id"": ""surface:fr:rere"", ""record_sha256"": ""b82ba02b9efefd87bce0d3b152f3a1373f46a6ff094da04753e7884da21ccad5""}, {""path"": ""associativvordes/family-index-v5/members/fr/bf.json.gz"", ""family_id"": ""ety:d082e43767db"", ""record_sha256"": ""f18f5c84f5d0cf23ed61c3415f76202de8747c9cb76ae84489577bf8d020b001""}]"	"{""lemma_id"": ""lemma:e47cc1809ece1408ef86"", ""word"": ""rerégler"", ""normalized"": ""rerégler"", ""search_form"": ""reregler"", ""rank"": 172468, ""frequency_score"": 0.24001211272896547, ""category_breakdown"": {""subtitles"": {""ipm_values"": [0.013792], ""category_ipm"": 0.013792, ""category_score"": 0.24001211272896547}}, ""sources"": [{""id"": ""subtitles/hermit_2018_fr_full_lemmatized_ipm6_spacy_lookup_cleaned_v8.json"", ""file"": ""hermit_2018_fr_full_lemmatized_ipm6_spacy_lookup_cleaned_v8.json"", ""category"": ""subtitles"", ""ipm"": 0.013792}], ""corpus_quality"": {""status"": ""accepted"", ""reasons"": []}, ""components"": [{""surface"": ""rere"", ""canonical_candidate"": ""rere"", ""confidence"": 0.81, ""evidence"": [{""type"": ""compound_morphology"", ""source"": ""candidate_index"", ""path"": [""reregler"", ""rere"", ""rere""], ""confidence"": 0.81}]}]}"
fr	lemma:e4f8948959708b49c4d0	regulierement	uncertain	withheld_historical_uncertain		aggregate_only_not_sense_frequency	"[{""path"": ""associativvordes/family-index-v5/members/fr/40.json.gz"", ""family_id"": ""family:regul"", ""record_sha256"": ""a47b91c41c072020c2d13de3d5549155b2c1877cfbf8ce057bdc641e8cf53837""}]"	"{""lemma_id"": ""lemma:e4f8948959708b49c4d0"", ""word"": ""regulierement"", ""normalized"": ""regulierement"", ""search_form"": ""regulierement"", ""rank"": 31901, ""frequency_score"": 5.147515250132956, ""category_breakdown"": {""subtitles"": {""ipm_values"": [0.044823], ""category_ipm"": 0.044823, ""category_score"": 0.7682958808611938}, ""web"": {""ipm_values"": [0.72237], ""category_ipm"": 0.72237, ""category_score"": 9.526734619404719}}, ""sources"": [{""id"": ""subtitles/hermit_2018_fr_full_lemmatized_ipm6_spacy_lookup_cleaned_v8.json"", ""file"": ""hermit_2018_fr_full_lemmatized_ipm6_spacy_lookup_cleaned_v8.json"", ""category"": ""subtitles"", ""ipm"": 0.044823}, {""id"": ""web/sorted.fr.lemma.unigrams.cleaned_recommended_min100_ipm6.json"", ""file"": ""sorted.fr.lemma.unigrams.cleaned_recommended_min100_ipm6.json"", ""category"": ""web"", ""ipm"": 0.72237}], ""corpus_quality"": {""status"": ""accepted"", ""reasons"": []}, ""components"": [{""surface"": ""regul"", ""canonical_candidate"": ""regul"", ""confidence"": 0.97, ""evidence"": [{""type"": ""compound_morphology"", ""source"": ""manually_verified"", ""path"": [""regulierement"", ""regul"", ""regul""], ""confidence"": 0.97}, {""type"": ""verified_seed_alias"", ""source"": ""methodology_control_seed"", ""path"": [""fr"", ""regul"", ""family:regul""], ""confidence"": 1}]}]}"
fr	lemma:e52d23e2cc8c0131f20d	régle	uncertain	not_admitted_candidate		aggregate_only_not_sense_frequency	"[{""path"": ""associativvordes/family-index-v5/members/fr/65.json.gz"", ""family_id"": ""surface:fr:regle"", ""record_sha256"": ""6a14fd561bc54fa098c14cf2de6056282a03636f434d0973fdc8651c93331126""}]"	"{""lemma_id"": ""lemma:e52d23e2cc8c0131f20d"", ""word"": ""régle"", ""normalized"": ""régle"", ""search_form"": ""regle"", ""rank"": 25227, ""frequency_score"": 8.65013214651317, ""category_breakdown"": {""subtitles"": {""ipm_values"": [0.524083], ""category_ipm"": 0.524083, ""category_score"": 7.383647733714432}, ""web"": {""ipm_values"": [0.761124], ""category_ipm"": 0.761124, ""category_score"": 9.91661655931191}}, ""sources"": [{""id"": ""subtitles/hermit_2018_fr_full_lemmatized_ipm6_spacy_lookup_cleaned_v8.json"", ""file"": ""hermit_2018_fr_full_lemmatized_ipm6_spacy_lookup_cleaned_v8.json"", ""category"": ""subtitles"", ""ipm"": 0.524083}, {""id"": ""web/sorted.fr.lemma.unigrams.cleaned_recommended_min100_ipm6.json"", ""file"": ""sorted.fr.lemma.unigrams.cleaned_recommended_min100_ipm6.json"", ""category"": ""web"", ""ipm"": 0.761124}], ""corpus_quality"": {""status"": ""accepted"", ""reasons"": []}, ""components"": [{""surface"": ""regle"", ""canonical_candidate"": ""regle"", ""confidence"": 0.92, ""evidence"": [{""type"": ""morphological_parse"", ""source"": ""candidate_index"", ""path"": [""regle"", ""regle"", ""regle""], ""confidence"": 0.92}]}]}"
fr	lemma:e696905ac8d268d3c9ab	regulièrement	uncertain	withheld_historical_uncertain		aggregate_only_not_sense_frequency	"[{""path"": ""associativvordes/family-index-v5/members/fr/40.json.gz"", ""family_id"": ""family:regul"", ""record_sha256"": ""4f62a95304184a8b5fcae7895a4b94d5fa258de5387dc58eceeedc56fba807df""}]"	"{""lemma_id"": ""lemma:e696905ac8d268d3c9ab"", ""word"": ""regulièrement"", ""normalized"": ""regulièrement"", ""search_form"": ""regulierement"", ""rank"": 101783, ""frequency_score"": 1.020461798044101, ""category_breakdown"": {""subtitles"": {""ipm_values"": [0.020688], ""category_ipm"": 0.020688, ""category_score"": 0.3587964621444943}, ""web"": {""ipm_values"": [0.10076], ""category_ipm"": 0.10076, ""category_score"": 1.6821271339437078}}, ""sources"": [{""id"": ""subtitles/hermit_2018_fr_full_lemmatized_ipm6_spacy_lookup_cleaned_v8.json"", ""file"": ""hermit_2018_fr_full_lemmatized_ipm6_spacy_lookup_cleaned_v8.json"", ""category"": ""subtitles"", ""ipm"": 0.020688}, {""id"": ""web/sorted.fr.lemma.unigrams.cleaned_recommended_min100_ipm6.json"", ""file"": ""sorted.fr.lemma.unigrams.cleaned_recommended_min100_ipm6.json"", ""category"": ""web"", ""ipm"": 0.10076}], ""corpus_quality"": {""status"": ""accepted"", ""reasons"": []}, ""components"": [{""surface"": ""regul"", ""canonical_candidate"": ""regul"", ""confidence"": 0.97, ""evidence"": [{""type"": ""compound_morphology"", ""source"": ""manually_verified"", ""path"": [""regulierement"", ""regul"", ""regul""], ""confidence"": 0.97}, {""type"": ""verified_seed_alias"", ""source"": ""methodology_control_seed"", ""path"": [""fr"", ""regul"", ""family:regul""], ""confidence"": 1}]}]}"
fr	lemma:e8cbb0a3ef4fa2905850	règlant	uncertain	not_admitted_candidate		aggregate_only_not_sense_frequency	"[{""path"": ""associativvordes/family-index-v5/members/fr/42.json.gz"", ""family_id"": ""surface:fr:regl"", ""record_sha256"": ""854aa711796d37e7d5ad604b63d2d1a0ec10927d2081a42dbc1473df77215fcb""}, {""path"": ""associativvordes/family-index-v5/members/fr/45.json.gz"", ""family_id"": ""surface:fr:lant"", ""record_sha256"": ""af656592fdef9791b893f0a660cb35469415946fb6a67bee2d8647491b476bb6""}]"	"{""lemma_id"": ""lemma:e8cbb0a3ef4fa2905850"", ""word"": ""règlant"", ""normalized"": ""règlant"", ""search_form"": ""reglant"", ""rank"": 264447, ""frequency_score"": 0.12041700656906522, ""category_breakdown"": {""subtitles"": {""ipm_values"": [0.006896], ""category_ipm"": 0.006896, ""category_score"": 0.12041700656906522}}, ""sources"": [{""id"": ""subtitles/hermit_2018_fr_full_lemmatized_ipm6_spacy_lookup_cleaned_v8.json"", ""file"": ""hermit_2018_fr_full_lemmatized_ipm6_spacy_lookup_cleaned_v8.json"", ""category"": ""subtitles"", ""ipm"": 0.006896}], ""corpus_quality"": {""status"": ""accepted"", ""reasons"": []}, ""components"": [{""surface"": ""regl"", ""canonical_candidate"": ""regl"", ""confidence"": 0.81, ""evidence"": [{""type"": ""compound_morphology"", ""source"": ""candidate_index"", ""path"": [""reglant"", ""regl"", ""regl""], ""confidence"": 0.81}]}]}"
fr	lemma:e9dcd5f54a4314c33d82	regulan	uncertain	not_admitted_candidate		aggregate_only_not_sense_frequency	"[{""path"": ""associativvordes/family-index-v5/members/fr/78.json.gz"", ""family_id"": ""surface:fr:regulan"", ""record_sha256"": ""d6b2ad59dbeafa550517b0f230c314408238a3b568ea71b0405d147137563f7d""}]"	"{""lemma_id"": ""lemma:e9dcd5f54a4314c33d82"", ""word"": ""regulan"", ""normalized"": ""regulan"", ""search_form"": ""regulan"", ""rank"": 454960, ""frequency_score"": 0.06031194627701871, ""category_breakdown"": {""subtitles"": {""ipm_values"": [0.003448], ""category_ipm"": 0.003448, ""category_score"": 0.06031194627701871}}, ""sources"": [{""id"": ""subtitles/hermit_2018_fr_full_lemmatized_ipm6_spacy_lookup_cleaned_v8.json"", ""file"": ""hermit_2018_fr_full_lemmatized_ipm6_spacy_lookup_cleaned_v8.json"", ""category"": ""subtitles"", ""ipm"": 0.003448}], ""corpus_quality"": {""status"": ""accepted"", ""reasons"": []}, ""components"": [{""surface"": ""regulan"", ""canonical_candidate"": ""regulan"", ""confidence"": 0.92, ""evidence"": [{""type"": ""morphological_parse"", ""source"": ""candidate_index"", ""path"": [""regulan"", ""regulan"", ""regulan""], ""confidence"": 0.92}]}]}"
fr	lemma:ea97906ce1effd0e680f	dérégulation	accepted	accepted	régulation	aggregate_only_not_sense_frequency	"[{""path"": ""associativvordes/family-index-v5/members/fr/40.json.gz"", ""family_id"": ""family:regul"", ""record_sha256"": ""7a22f95d47a5cb5c994f185612c4d7a0175c228d8fa03bee5ab2b20f4ad3e030""}]"	"{""lemma_id"": ""lemma:ea97906ce1effd0e680f"", ""word"": ""dérégulation"", ""normalized"": ""dérégulation"", ""search_form"": ""deregulation"", ""rank"": 21232, ""frequency_score"": 8.66499990095775, ""category_breakdown"": {""subtitles"": {""ipm_values"": [0.110333], ""category_ipm"": 0.110333, ""category_score"": 1.833852255837675}, ""web"": {""ipm_values"": [1.421488], ""category_ipm"": 1.421488, ""category_score"": 15.496147546077824}}, ""sources"": [{""id"": ""subtitles/hermit_2018_fr_full_lemmatized_ipm6_spacy_lookup_cleaned_v8.json"", ""file"": ""hermit_2018_fr_full_lemmatized_ipm6_spacy_lookup_cleaned_v8.json"", ""category"": ""subtitles"", ""ipm"": 0.110333}, {""id"": ""web/sorted.fr.lemma.unigrams.cleaned_recommended_min100_ipm6.json"", ""file"": ""sorted.fr.lemma.unigrams.cleaned_recommended_min100_ipm6.json"", ""category"": ""web"", ""ipm"": 1.421488}], ""corpus_quality"": {""status"": ""accepted"", ""reasons"": []}, ""components"": [{""surface"": ""regul"", ""canonical_candidate"": ""regul"", ""confidence"": 1, ""evidence"": [{""type"": ""compound_morphology"", ""source"": ""manually_verified"", ""path"": [""deregulation"", ""regul"", ""regul""], ""confidence"": 1}, {""type"": ""verified_seed_alias"", ""source"": ""methodology_control_seed"", ""path"": [""fr"", ""regul"", ""family:regul""], ""confidence"": 1}]}]}"
fr	lemma:eb52d5527dd6c8d9e337	regulières	uncertain	withheld_historical_uncertain		aggregate_only_not_sense_frequency	"[{""path"": ""associativvordes/family-index-v5/members/fr/0f.json.gz"", ""family_id"": ""surface:fr:eres"", ""record_sha256"": ""afaeceaa9b2e7212ac6505e87a71ad48cf0069648d45aa4133fd8d4b95dda740""}, {""path"": ""associativvordes/family-index-v5/members/fr/40.json.gz"", ""family_id"": ""family:regul"", ""record_sha256"": ""9d392f061ba86f359c2a0752fd4d633a1713ec3d7e3aeca77af1afb3ac3d820a""}, {""path"": ""associativvordes/family-index-v5/members/fr/e4.json.gz"", ""family_id"": ""surface:fr:reguliere"", ""record_sha256"": ""2558d4cce17850a9449d4c768145e7a7c6d186113728cd10d7cd79fcd7bb8d6b""}]"	"{""lemma_id"": ""lemma:eb52d5527dd6c8d9e337"", ""word"": ""regulières"", ""normalized"": ""regulières"", ""search_form"": ""regulieres"", ""rank"": 454975, ""frequency_score"": 0.06031194627701871, ""category_breakdown"": {""subtitles"": {""ipm_values"": [0.003448], ""category_ipm"": 0.003448, ""category_score"": 0.06031194627701871}}, ""sources"": [{""id"": ""subtitles/hermit_2018_fr_full_lemmatized_ipm6_spacy_lookup_cleaned_v8.json"", ""file"": ""hermit_2018_fr_full_lemmatized_ipm6_spacy_lookup_cleaned_v8.json"", ""category"": ""subtitles"", ""ipm"": 0.003448}], ""corpus_quality"": {""status"": ""accepted"", ""reasons"": []}, ""components"": [{""surface"": ""eres"", ""canonical_candidate"": ""eres"", ""confidence"": 0.89, ""evidence"": [{""type"": ""compound_morphology"", ""source"": ""candidate_index"", ""path"": [""regulieres"", ""eres"", ""eres""], ""confidence"": 0.89}]}]}"
fr	lemma:ebb88e077fcb50177d5c	régulateur	accepted	accepted	réguler	aggregate_only_not_sense_frequency	"[{""path"": ""associativvordes/family-index-v5/members/fr/36.json.gz"", ""family_id"": ""surface:fr:regulat"", ""record_sha256"": ""d301a5c3de177cc1a4d62c07d40018c93c74fbf6e62436549648ab6bd627610b""}, {""path"": ""associativvordes/family-index-v5/members/fr/40.json.gz"", ""family_id"": ""family:regul"", ""record_sha256"": ""8f18762fc43411e86a45b5ee71bd141478771adbb62a25f641bb418f30d19a57""}, {""path"": ""associativvordes/family-index-v5/members/fr/58.json.gz"", ""family_id"": ""surface:fr:teur"", ""record_sha256"": ""0dddb7412da7c4dbf7c5267eeb729c019fb269b9a83ab925047ba2e156253d39""}]"	"{""lemma_id"": ""lemma:ebb88e077fcb50177d5c"", ""word"": ""régulateur"", ""normalized"": ""régulateur"", ""search_form"": ""regulateur"", ""rank"": 6770, ""frequency_score"": 28.82167622210018, ""category_breakdown"": {""subtitles"": {""ipm_values"": [1.741198], ""category_ipm"": 1.741198, ""category_score"": 17.669100549017788}, ""web"": {""ipm_values"": [8.790129], ""category_ipm"": 8.790129, ""category_score"": 39.97425189518257}}, ""sources"": [{""id"": ""subtitles/hermit_2018_fr_full_lemmatized_ipm6_spacy_lookup_cleaned_v8.json"", ""file"": ""hermit_2018_fr_full_lemmatized_ipm6_spacy_lookup_cleaned_v8.json"", ""category"": ""subtitles"", ""ipm"": 1.741198}, {""id"": ""web/sorted.fr.lemma.unigrams.cleaned_recommended_min100_ipm6.json"", ""file"": ""sorted.fr.lemma.unigrams.cleaned_recommended_min100_ipm6.json"", ""category"": ""web"", ""ipm"": 8.790129}], ""corpus_quality"": {""status"": ""accepted"", ""reasons"": []}, ""components"": [{""surface"": ""regulat"", ""canonical_candidate"": ""regulat"", ""confidence"": 0.81, ""evidence"": [{""type"": ""compound_morphology"", ""source"": ""candidate_index"", ""path"": [""regulateur"", ""regulat"", ""regulat""], ""confidence"": 0.81}]}]}"
fr	lemma:ec8fb0cc214244e3f10b	irregular	uncertain	not_admitted_candidate		aggregate_only_not_sense_frequency	"[{""path"": ""associativvordes/family-index-v5/members/fr/fd.json.gz"", ""family_id"": ""surface:fr:irregular"", ""record_sha256"": ""8c10e19bdde72df9491c68be21941328043f28033567fd99c273abdcc7bfe6d0""}]"	"{""lemma_id"": ""lemma:ec8fb0cc214244e3f10b"", ""word"": ""irregular"", ""normalized"": ""irregular"", ""search_form"": ""irregular"", ""rank"": 241591, ""frequency_score"": 0.12041700656906522, ""category_breakdown"": {""subtitles"": {""ipm_values"": [0.006896], ""category_ipm"": 0.006896, ""category_score"": 0.12041700656906522}}, ""sources"": [{""id"": ""subtitles/hermit_2018_fr_full_lemmatized_ipm6_spacy_lookup_cleaned_v8.json"", ""file"": ""hermit_2018_fr_full_lemmatized_ipm6_spacy_lookup_cleaned_v8.json"", ""category"": ""subtitles"", ""ipm"": 0.006896}], ""corpus_quality"": {""status"": ""accepted"", ""reasons"": []}, ""components"": [{""surface"": ""irregular"", ""canonical_candidate"": ""irregular"", ""confidence"": 0.92, ""evidence"": [{""type"": ""morphological_parse"", ""source"": ""candidate_index"", ""path"": [""irregular"", ""irregular"", ""irregular""], ""confidence"": 0.92}]}]}"
fr	lemma:ee3462d3daa96b36f9c6	regulariser	uncertain	withheld_historical_uncertain		aggregate_only_not_sense_frequency	"[{""path"": ""associativvordes/family-index-v5/members/fr/40.json.gz"", ""family_id"": ""family:regul"", ""record_sha256"": ""831ac95315ce1dc2b613258ef9c49b1f7bca831f52036001a140d71f5c3f1501""}, {""path"": ""associativvordes/family-index-v5/members/fr/6f.json.gz"", ""family_id"": ""surface:fr:regulari"", ""record_sha256"": ""d12e8a1a3231c3ab79eb580a6431718076657ff48549908b324a56a94842846b""}, {""path"": ""associativvordes/family-index-v5/members/fr/9d.json.gz"", ""family_id"": ""surface:fr:riser"", ""record_sha256"": ""a18d514fd1b42a728ae30efb715496b1466c9726f32009028e2e829676e2dff6""}]"	"{""lemma_id"": ""lemma:ee3462d3daa96b36f9c6"", ""word"": ""regulariser"", ""normalized"": ""regulariser"", ""search_form"": ""regulariser"", ""rank"": 454963, ""frequency_score"": 0.06031194627701871, ""category_breakdown"": {""subtitles"": {""ipm_values"": [0.003448], ""category_ipm"": 0.003448, ""category_score"": 0.06031194627701871}}, ""sources"": [{""id"": ""subtitles/hermit_2018_fr_full_lemmatized_ipm6_spacy_lookup_cleaned_v8.json"", ""file"": ""hermit_2018_fr_full_lemmatized_ipm6_spacy_lookup_cleaned_v8.json"", ""category"": ""subtitles"", ""ipm"": 0.003448}], ""corpus_quality"": {""status"": ""accepted"", ""reasons"": []}, ""components"": [{""surface"": ""regul"", ""canonical_candidate"": ""regul"", ""confidence"": 0.97, ""evidence"": [{""type"": ""compound_morphology"", ""source"": ""manually_verified"", ""path"": [""regulariser"", ""regul"", ""regul""], ""confidence"": 0.97}, {""type"": ""verified_seed_alias"", ""source"": ""methodology_control_seed"", ""path"": [""fr"", ""regul"", ""family:regul""], ""confidence"": 1}]}]}"
fr	lemma:ee8b6883ed692ce410b8	réglado	uncertain	not_admitted_candidate		aggregate_only_not_sense_frequency	"[{""path"": ""associativvordes/family-index-v5/members/fr/42.json.gz"", ""family_id"": ""surface:fr:regl"", ""record_sha256"": ""8a0e30c5db09203ee2d7a4866d5d88dc0576e7d7e2b1cf86cf34201e7531fdff""}, {""path"": ""associativvordes/family-index-v5/members/fr/9e.json.gz"", ""family_id"": ""surface:fr:ado"", ""record_sha256"": ""367cc811ba7a1785a202c5e55b5cca2c5860337612145662eab7061b51a560a2""}]"	"{""lemma_id"": ""lemma:ee8b6883ed692ce410b8"", ""word"": ""réglado"", ""normalized"": ""réglado"", ""search_form"": ""reglado"", ""rank"": 462669, ""frequency_score"": 0.06031194627701871, ""category_breakdown"": {""subtitles"": {""ipm_values"": [0.003448], ""category_ipm"": 0.003448, ""category_score"": 0.06031194627701871}}, ""sources"": [{""id"": ""subtitles/hermit_2018_fr_full_lemmatized_ipm6_spacy_lookup_cleaned_v8.json"", ""file"": ""hermit_2018_fr_full_lemmatized_ipm6_spacy_lookup_cleaned_v8.json"", ""category"": ""subtitles"", ""ipm"": 0.003448}], ""corpus_quality"": {""status"": ""accepted"", ""reasons"": []}, ""components"": [{""surface"": ""regl"", ""canonical_candidate"": ""regl"", ""confidence"": 0.81, ""evidence"": [{""type"": ""compound_morphology"", ""source"": ""candidate_index"", ""path"": [""reglado"", ""regl"", ""regl""], ""confidence"": 0.81}]}]}"
fr	lemma:f0928ed5426fd504d239	réglan	uncertain	not_admitted_candidate		aggregate_only_not_sense_frequency	"[{""path"": ""associativvordes/family-index-v5/members/fr/00.json.gz"", ""family_id"": ""surface:fr:glan"", ""record_sha256"": ""a5de1fce92727b800605c3dafc9cc72f3b84af3b590fd03377a65628002f1514""}, {""path"": ""associativvordes/family-index-v5/members/fr/9a.json.gz"", ""family_id"": ""surface:fr:reg"", ""record_sha256"": ""6fc1d96a2643283a6e426ba22b3e45714f2869618e1d8e108d1b27a58a9f8ed1""}]"	"{""lemma_id"": ""lemma:f0928ed5426fd504d239"", ""word"": ""réglan"", ""normalized"": ""réglan"", ""search_form"": ""reglan"", ""rank"": 152501, ""frequency_score"": 0.29950494441567443, ""category_breakdown"": {""subtitles"": {""ipm_values"": [0.01724], ""category_ipm"": 0.01724, ""category_score"": 0.29950494441567443}}, ""sources"": [{""id"": ""subtitles/hermit_2018_fr_full_lemmatized_ipm6_spacy_lookup_cleaned_v8.json"", ""file"": ""hermit_2018_fr_full_lemmatized_ipm6_spacy_lookup_cleaned_v8.json"", ""category"": ""subtitles"", ""ipm"": 0.01724}], ""corpus_quality"": {""status"": ""accepted"", ""reasons"": []}, ""components"": [{""surface"": ""glan"", ""canonical_candidate"": ""glan"", ""confidence"": 0.92, ""evidence"": [{""type"": ""morphological_parse"", ""source"": ""candidate_index"", ""path"": [""reglan"", ""glan"", ""glan""], ""confidence"": 0.92}]}]}"
fr	lemma:f2395fdf1c28fa0b6dc2	déréglage	uncertain	not_admitted_candidate		aggregate_only_not_sense_frequency	"[{""path"": ""associativvordes/family-index-v5/members/fr/2d.json.gz"", ""family_id"": ""surface:fr:reglage"", ""record_sha256"": ""93d2862a59ce669e45663b5ead2540209241769f67570c19e48c92bcb171bd7f""}, {""path"": ""associativvordes/family-index-v5/members/fr/65.json.gz"", ""family_id"": ""surface:fr:dereglag"", ""record_sha256"": ""7f0bba0b05289e5a71c13adbf6fbc3276ae13d8c47e1518dade10583b73b3d29""}]"	"{""lemma_id"": ""lemma:f2395fdf1c28fa0b6dc2"", ""word"": ""déréglage"", ""normalized"": ""déréglage"", ""search_form"": ""dereglage"", ""rank"": 186815, ""frequency_score"": 0.18031659537310277, ""category_breakdown"": {""subtitles"": {""ipm_values"": [0.010344], ""category_ipm"": 0.010344, ""category_score"": 0.18031659537310277}}, ""sources"": [{""id"": ""subtitles/hermit_2018_fr_full_lemmatized_ipm6_spacy_lookup_cleaned_v8.json"", ""file"": ""hermit_2018_fr_full_lemmatized_ipm6_spacy_lookup_cleaned_v8.json"", ""category"": ""subtitles"", ""ipm"": 0.010344}], ""corpus_quality"": {""status"": ""accepted"", ""reasons"": []}, ""components"": [{""surface"": ""reglage"", ""canonical_candidate"": ""reglage"", ""confidence"": 0.92, ""evidence"": [{""type"": ""morphological_parse"", ""source"": ""candidate_index"", ""path"": [""dereglage"", ""reglage"", ""reglage""], ""confidence"": 0.92}]}]}"
fr	lemma:f3b4db9b4a88d4fe1853	règlez	uncertain	not_admitted_candidate		aggregate_only_not_sense_frequency	"[{""path"": ""associativvordes/family-index-v5/members/fr/56.json.gz"", ""family_id"": ""ety:4abae0e61084"", ""record_sha256"": ""dcf233ff4371c89b0e0622c0e89e34717c44d5c987cadf223b6b19856b045b9c""}, {""path"": ""associativvordes/family-index-v5/members/fr/9a.json.gz"", ""family_id"": ""surface:fr:reg"", ""record_sha256"": ""883b1e9d7c04cdf981306e6951e26f64b4989814b7c82fc199578f46fbea597e""}]"	"{""lemma_id"": ""lemma:f3b4db9b4a88d4fe1853"", ""word"": ""règlez"", ""normalized"": ""règlez"", ""search_form"": ""reglez"", ""rank"": 137669, ""frequency_score"": 0.3587964621444943, ""category_breakdown"": {""subtitles"": {""ipm_values"": [0.020688], ""category_ipm"": 0.020688, ""category_score"": 0.3587964621444943}}, ""sources"": [{""id"": ""subtitles/hermit_2018_fr_full_lemmatized_ipm6_spacy_lookup_cleaned_v8.json"", ""file"": ""hermit_2018_fr_full_lemmatized_ipm6_spacy_lookup_cleaned_v8.json"", ""category"": ""subtitles"", ""ipm"": 0.020688}], ""corpus_quality"": {""status"": ""accepted"", ""reasons"": []}, ""components"": [{""surface"": ""lez"", ""canonical_candidate"": ""lez"", ""confidence"": 0.89, ""evidence"": [{""type"": ""compound_morphology"", ""source"": ""candidate_index"", ""path"": [""reglez"", ""lez"", ""lez""], ""confidence"": 0.89}]}]}"
fr	lemma:f5e5f0620a5c09730879	régulatrice	accepted	accepted	réguler	aggregate_only_not_sense_frequency	"[{""path"": ""associativvordes/family-index-v5/members/fr/40.json.gz"", ""family_id"": ""family:regul"", ""record_sha256"": ""36054a9b8daf9f5e3f375d798726652a4575f0affcd3f350ecd5e32b6bee97c2""}, {""path"": ""associativvordes/family-index-v5/members/fr/41.json.gz"", ""family_id"": ""surface:fr:trice"", ""record_sha256"": ""6e985d96750979350518032d6495fbd22e02d169313f7b57239786b1223c2a57""}, {""path"": ""associativvordes/family-index-v5/members/fr/94.json.gz"", ""family_id"": ""surface:fr:regulatric"", ""record_sha256"": ""ff7c97a8e203d76797265a29dec03f561f2250910456fcccba0d9923bd2a4c6a""}]"	"{""lemma_id"": ""lemma:f5e5f0620a5c09730879"", ""word"": ""régulatrice"", ""normalized"": ""régulatrice"", ""search_form"": ""regulatrice"", ""rank"": 152503, ""frequency_score"": 0.29950494441567443, ""category_breakdown"": {""subtitles"": {""ipm_values"": [0.01724], ""category_ipm"": 0.01724, ""category_score"": 0.29950494441567443}}, ""sources"": [{""id"": ""subtitles/hermit_2018_fr_full_lemmatized_ipm6_spacy_lookup_cleaned_v8.json"", ""file"": ""hermit_2018_fr_full_lemmatized_ipm6_spacy_lookup_cleaned_v8.json"", ""category"": ""subtitles"", ""ipm"": 0.01724}], ""corpus_quality"": {""status"": ""accepted"", ""reasons"": []}, ""components"": [{""surface"": ""regul"", ""canonical_candidate"": ""regul"", ""confidence"": 0.97, ""evidence"": [{""type"": ""compound_morphology"", ""source"": ""manually_verified"", ""path"": [""regulatrice"", ""regul"", ""regul""], ""confidence"": 0.97}, {""type"": ""verified_seed_alias"", ""source"": ""methodology_control_seed"", ""path"": [""fr"", ""regul"", ""family:regul""], ""confidence"": 1}]}]}"
fr	lemma:f60ef24a5daf2ab79a75	réglè	uncertain	not_admitted_candidate		aggregate_only_not_sense_frequency	"[{""path"": ""associativvordes/family-index-v5/members/fr/65.json.gz"", ""family_id"": ""surface:fr:regle"", ""record_sha256"": ""756fb4c7d97777fc6ded23f3d94bcf544f2517f0abf486f03b42bd6009ddc283""}]"	"{""lemma_id"": ""lemma:f60ef24a5daf2ab79a75"", ""word"": ""réglè"", ""normalized"": ""réglè"", ""search_form"": ""regle"", ""rank"": 462678, ""frequency_score"": 0.06031194627701871, ""category_breakdown"": {""subtitles"": {""ipm_values"": [0.003448], ""category_ipm"": 0.003448, ""category_score"": 0.06031194627701871}}, ""sources"": [{""id"": ""subtitles/hermit_2018_fr_full_lemmatized_ipm6_spacy_lookup_cleaned_v8.json"", ""file"": ""hermit_2018_fr_full_lemmatized_ipm6_spacy_lookup_cleaned_v8.json"", ""category"": ""subtitles"", ""ipm"": 0.003448}], ""corpus_quality"": {""status"": ""accepted"", ""reasons"": []}, ""components"": [{""surface"": ""regle"", ""canonical_candidate"": ""regle"", ""confidence"": 0.92, ""evidence"": [{""type"": ""morphological_parse"", ""source"": ""candidate_index"", ""path"": [""regle"", ""regle"", ""regle""], ""confidence"": 0.92}]}]}"
fr	lemma:fa02a683e7507017b64b	préréglera	uncertain	not_admitted_candidate		aggregate_only_not_sense_frequency	"[{""path"": ""associativvordes/family-index-v5/members/fr/3c.json.gz"", ""family_id"": ""surface:fr:reglera"", ""record_sha256"": ""3170000616999bbd6a47e793acde129401575c8055e1e93270d17792ec18f84a""}, {""path"": ""associativvordes/family-index-v5/members/fr/67.json.gz"", ""family_id"": ""surface:fr:preregl"", ""record_sha256"": ""943bb2e6b425a9e4567f9c8932f38273ef759762621a03b0268e6a48a3c75968""}]"	"{""lemma_id"": ""lemma:fa02a683e7507017b64b"", ""word"": ""préréglera"", ""normalized"": ""préréglera"", ""search_form"": ""prereglera"", ""rank"": 260327, ""frequency_score"": 0.12041700656906522, ""category_breakdown"": {""subtitles"": {""ipm_values"": [0.006896], ""category_ipm"": 0.006896, ""category_score"": 0.12041700656906522}}, ""sources"": [{""id"": ""subtitles/hermit_2018_fr_full_lemmatized_ipm6_spacy_lookup_cleaned_v8.json"", ""file"": ""hermit_2018_fr_full_lemmatized_ipm6_spacy_lookup_cleaned_v8.json"", ""category"": ""subtitles"", ""ipm"": 0.006896}], ""corpus_quality"": {""status"": ""accepted"", ""reasons"": []}, ""components"": [{""surface"": ""reglera"", ""canonical_candidate"": ""reglera"", ""confidence"": 0.89, ""evidence"": [{""type"": ""compound_morphology"", ""source"": ""candidate_index"", ""path"": [""prereglera"", ""reglera"", ""reglera""], ""confidence"": 0.89}]}]}"
fr	lemma:fafbf960d64e711d8ea2	autorégulation	accepted	accepted	régulation	aggregate_only_not_sense_frequency	"[{""path"": ""associativvordes/family-index-v5/members/fr/40.json.gz"", ""family_id"": ""family:regul"", ""record_sha256"": ""1e9c6ae33c2d1bd026fae67a43d77bd6a1e14a834ae9c5f2581b0351714ef977""}, {""path"": ""associativvordes/family-index-v5/members/fr/78.json.gz"", ""family_id"": ""surface:fr:regulation"", ""record_sha256"": ""fef9ecf5a10d3df226aa998b0244d244774a9607ef5c748123ce60509a6e17f6""}, {""path"": ""associativvordes/family-index-v5/members/fr/97.json.gz"", ""family_id"": ""surface:fr:autoregulat"", ""record_sha256"": ""e927efd888d795c3c99d3082c1839764e4c38bb83cbaaeb58a2d398da9fce1d8""}]"	"{""lemma_id"": ""lemma:fafbf960d64e711d8ea2"", ""word"": ""autorégulation"", ""normalized"": ""autorégulation"", ""search_form"": ""autoregulation"", ""rank"": 32717, ""frequency_score"": 4.817179889390825, ""category_breakdown"": {""subtitles"": {""ipm_values"": [0.024135], ""category_ipm"": 0.024135, ""category_score"": 0.4178709146821075}, ""web"": {""ipm_values"": [0.692142], ""category_ipm"": 0.692142, ""category_score"": 9.216488864099544}}, ""sources"": [{""id"": ""subtitles/hermit_2018_fr_full_lemmatized_ipm6_spacy_lookup_cleaned_v8.json"", ""file"": ""hermit_2018_fr_full_lemmatized_ipm6_spacy_lookup_cleaned_v8.json"", ""category"": ""subtitles"", ""ipm"": 0.024135}, {""id"": ""web/sorted.fr.lemma.unigrams.cleaned_recommended_min100_ipm6.json"", ""file"": ""sorted.fr.lemma.unigrams.cleaned_recommended_min100_ipm6.json"", ""category"": ""web"", ""ipm"": 0.692142}], ""corpus_quality"": {""status"": ""accepted"", ""reasons"": []}, ""components"": [{""surface"": ""regul"", ""canonical_candidate"": ""regul"", ""confidence"": 1, ""evidence"": [{""type"": ""compound_morphology"", ""source"": ""manually_verified"", ""path"": [""autoregulation"", ""regul"", ""regul""], ""confidence"": 1}, {""type"": ""verified_seed_alias"", ""source"": ""methodology_control_seed"", ""path"": [""fr"", ""regul"", ""family:regul""], ""confidence"": 1}]}]}"
fr	lemma:fb905ff1624fe584f2d5	irrégulier	accepted	accepted	régulier	aggregate_only_not_sense_frequency	"[{""path"": ""associativvordes/family-index-v5/members/fr/89.json.gz"", ""family_id"": ""ety:497370be6193"", ""record_sha256"": ""f946b4776006f535f7d9301c11c7d8849815c267df1029f8585e4093e07cd9b3""}, {""path"": ""associativvordes/family-index-v5/members/fr/f6.json.gz"", ""family_id"": ""ety:2d5b2d125fa9"", ""record_sha256"": ""f946b4776006f535f7d9301c11c7d8849815c267df1029f8585e4093e07cd9b3""}]"	"{""lemma_id"": ""lemma:fb905ff1624fe584f2d5"", ""word"": ""irrégulier"", ""normalized"": ""irrégulier"", ""search_form"": ""irregulier"", ""rank"": 6198, ""frequency_score"": 33.971831651394425, ""category_breakdown"": {""subtitles"": {""ipm_values"": [3.385855], ""category_ipm"": 3.385855, ""category_score"": 25.90425839229411}, ""web"": {""ipm_values"": [10.014749], ""category_ipm"": 10.014749, ""category_score"": 42.03940491049474}}, ""sources"": [{""id"": ""subtitles/hermit_2018_fr_full_lemmatized_ipm6_spacy_lookup_cleaned_v8.json"", ""file"": ""hermit_2018_fr_full_lemmatized_ipm6_spacy_lookup_cleaned_v8.json"", ""category"": ""subtitles"", ""ipm"": 3.385855}, {""id"": ""web/sorted.fr.lemma.unigrams.cleaned_recommended_min100_ipm6.json"", ""file"": ""sorted.fr.lemma.unigrams.cleaned_recommended_min100_ipm6.json"", ""category"": ""web"", ""ipm"": 10.014749}], ""corpus_quality"": {""status"": ""accepted"", ""reasons"": []}, ""components"": [{""surface"": ""irregulier"", ""canonical_candidate"": ""irregulier"", ""confidence"": 0.92, ""evidence"": [{""type"": ""morphological_parse"", ""source"": ""candidate_index"", ""path"": [""irregulier"", ""irregulier"", ""irregulier""], ""confidence"": 0.92}]}]}"
fr	lemma:fbd2eb249d8b86c7fd32	déréglementation	uncertain	not_admitted_candidate		aggregate_only_not_sense_frequency	"[{""path"": ""associativvordes/family-index-v5/members/fr/55.json.gz"", ""family_id"": ""surface:fr:dereglementat"", ""record_sha256"": ""d6cf158b30d98df6e1e0dedb18af8a3cec565e3ac4991f7b0536bfe83a8115f8""}, {""path"": ""associativvordes/family-index-v5/members/fr/76.json.gz"", ""family_id"": ""surface:fr:reglementation"", ""record_sha256"": ""29c78dfa650a62745e5a7b4c8894b00cfa0e8e1ca57ad0dc8df1145892db1683""}]"	"{""lemma_id"": ""lemma:fbd2eb249d8b86c7fd32"", ""word"": ""déréglementation"", ""normalized"": ""déréglementation"", ""search_form"": ""dereglementation"", ""rank"": 17821, ""frequency_score"": 10.307527873735182, ""category_breakdown"": {""subtitles"": {""ipm_values"": [0.124125], ""category_ipm"": 0.124125, ""category_score"": 2.05016111174945}, ""web"": {""ipm_values"": [1.884983], ""category_ipm"": 1.884983, ""category_score"": 18.564894635720915}}, ""sources"": [{""id"": ""subtitles/hermit_2018_fr_full_lemmatized_ipm6_spacy_lookup_cleaned_v8.json"", ""file"": ""hermit_2018_fr_full_lemmatized_ipm6_spacy_lookup_cleaned_v8.json"", ""category"": ""subtitles"", ""ipm"": 0.124125}, {""id"": ""web/sorted.fr.lemma.unigrams.cleaned_recommended_min100_ipm6.json"", ""file"": ""sorted.fr.lemma.unigrams.cleaned_recommended_min100_ipm6.json"", ""category"": ""web"", ""ipm"": 1.884983}], ""corpus_quality"": {""status"": ""accepted"", ""reasons"": []}, ""components"": [{""surface"": ""dereglementat"", ""canonical_candidate"": ""dereglementat"", ""confidence"": 0.89, ""evidence"": [{""type"": ""compound_morphology"", ""source"": ""candidate_index"", ""path"": [""dereglementation"", ""dereglementat"", ""dereglementat""], ""confidence"": 0.89}]}]}"
fr	lemma:fd722655b7f9ab7f799e	regulateur	uncertain	withheld_historical_uncertain		aggregate_only_not_sense_frequency	"[{""path"": ""associativvordes/family-index-v5/members/fr/36.json.gz"", ""family_id"": ""surface:fr:regulat"", ""record_sha256"": ""351029be575a11932b16fe394eb3e4c9cb754f3e785235aabcbdc7e90c8dd72d""}, {""path"": ""associativvordes/family-index-v5/members/fr/40.json.gz"", ""family_id"": ""family:regul"", ""record_sha256"": ""2baeda1fa8801581b5f5339ce1287752fdd7a424b8dd19ece415fe0746317f05""}, {""path"": ""associativvordes/family-index-v5/members/fr/58.json.gz"", ""family_id"": ""surface:fr:teur"", ""record_sha256"": ""0f82e85b1ae0a32c7f84776e0ef205727d62bd86fc5051708c068eab12c2299a""}]"	"{""lemma_id"": ""lemma:fd722655b7f9ab7f799e"", ""word"": ""regulateur"", ""normalized"": ""regulateur"", ""search_form"": ""regulateur"", ""rank"": 84065, ""frequency_score"": 1.1924787416294176, ""category_breakdown"": {""subtitles"": {""ipm_values"": [0.006896], ""category_ipm"": 0.006896, ""category_score"": 0.12041700656906522}, ""web"": {""ipm_values"": [0.137963], ""category_ipm"": 0.137963, ""category_score"": 2.26454047668977}}, ""sources"": [{""id"": ""subtitles/hermit_2018_fr_full_lemmatized_ipm6_spacy_lookup_cleaned_v8.json"", ""file"": ""hermit_2018_fr_full_lemmatized_ipm6_spacy_lookup_cleaned_v8.json"", ""category"": ""subtitles"", ""ipm"": 0.006896}, {""id"": ""web/sorted.fr.lemma.unigrams.cleaned_recommended_min100_ipm6.json"", ""file"": ""sorted.fr.lemma.unigrams.cleaned_recommended_min100_ipm6.json"", ""category"": ""web"", ""ipm"": 0.137963}], ""corpus_quality"": {""status"": ""accepted"", ""reasons"": []}, ""components"": [{""surface"": ""regulat"", ""canonical_candidate"": ""regulat"", ""confidence"": 0.81, ""evidence"": [{""type"": ""compound_morphology"", ""source"": ""candidate_index"", ""path"": [""regulateur"", ""regulat"", ""regulat""], ""confidence"": 0.81}]}]}"
