language	lemma_id	word	review_status	applied_state	head	frequency_status	source_locator	original_measurements
it	lemma:011ec7edea24abc4cdc2	regolandolo	accepted	accepted	regolare	aggregate_only_not_sense_frequency	"[{""path"": ""associativvordes/family-index-v5/members/it/40.json.gz"", ""family_id"": ""family:regul"", ""record_sha256"": ""9bd1de5b2f47819ff78b3ed74a09a236d5b1c1e5baadb5c1b389ccc5882e4172""}, {""path"": ""associativvordes/family-index-v5/members/it/52.json.gz"", ""family_id"": ""surface:it:regolandol"", ""record_sha256"": ""d047367e11ef2f582d10d1825a22564b8c512b18559bed4ffbdb36d39960e810""}]"	"{""lemma_id"": ""lemma:011ec7edea24abc4cdc2"", ""word"": ""regolandolo"", ""normalized"": ""regolandolo"", ""search_form"": ""regolandolo"", ""rank"": 468992, ""frequency_score"": 0.07242624270174723, ""category_breakdown"": {""subtitles"": {""ipm_values"": [0.004142], ""category_ipm"": 0.004142, ""category_score"": 0.07242624270174723}}, ""sources"": [{""id"": ""subtitles/hermit_2018_it_full_lemmatized_ipm6_spacy_lookup_cleaned_v8.json"", ""file"": ""hermit_2018_it_full_lemmatized_ipm6_spacy_lookup_cleaned_v8.json"", ""category"": ""subtitles"", ""ipm"": 0.004142}], ""corpus_quality"": {""status"": ""accepted"", ""reasons"": []}, ""components"": [{""surface"": ""regol"", ""canonical_candidate"": ""regol"", ""confidence"": 0.97, ""evidence"": [{""type"": ""compound_morphology"", ""source"": ""manually_verified"", ""path"": [""regolandolo"", ""regol"", ""regol""], ""confidence"": 0.97}, {""type"": ""verified_seed_alias"", ""source"": ""methodology_control_seed"", ""path"": [""it"", ""regol"", ""family:regul""], ""confidence"": 1}]}]}"
it	lemma:02f9c147153626cec551	regolarizzabile	accepted	accepted	regolarizzare	aggregate_only_not_sense_frequency	"[{""path"": ""associativvordes/family-index-v5/members/it/40.json.gz"", ""family_id"": ""family:regul"", ""record_sha256"": ""4ed0c3726fd4b8f33665ab35fd4025c48354c88283e1aaabfdf16ce298aeddcd""}, {""path"": ""associativvordes/family-index-v5/members/it/ed.json.gz"", ""family_id"": ""surface:it:ile"", ""record_sha256"": ""0e68fd046b21ffad12b0e68b9f22581fcf70a9f0fa36f474e9da0a9b9f00dbf0""}, {""path"": ""associativvordes/family-index-v5/members/it/f4.json.gz"", ""family_id"": ""surface:it:regolarizzabil"", ""record_sha256"": ""97258f316e7b5fe0a8338b179201d524eec1959bdd9718f8b7bbb31a4d41dfe2""}]"	"{""lemma_id"": ""lemma:02f9c147153626cec551"", ""word"": ""regolarizzabile"", ""normalized"": ""regolarizzabile"", ""search_form"": ""regolarizzabile"", ""rank"": 72860, ""frequency_score"": 2.391281319959507, ""category_breakdown"": {""web"": {""ipm_values"": [0.146224], ""category_ipm"": 0.146224, ""category_score"": 2.391281319959507}}, ""sources"": [{""id"": ""web/sorted.it.lemma.unigrams.cleaned_recommended_min100_ipm6.json"", ""file"": ""sorted.it.lemma.unigrams.cleaned_recommended_min100_ipm6.json"", ""category"": ""web"", ""ipm"": 0.146224}], ""corpus_quality"": {""status"": ""accepted"", ""reasons"": []}, ""components"": [{""surface"": ""regol"", ""canonical_candidate"": ""regol"", ""confidence"": 0.97, ""evidence"": [{""type"": ""compound_morphology"", ""source"": ""manually_verified"", ""path"": [""regolarizzabile"", ""regol"", ""regol""], ""confidence"": 0.97}, {""type"": ""verified_seed_alias"", ""source"": ""methodology_control_seed"", ""path"": [""it"", ""regol"", ""family:regul""], ""confidence"": 1}]}]}"
it	lemma:07eed4c691b5f6db898c	microregolatore	accepted	accepted	regolare	aggregate_only_not_sense_frequency	"[{""path"": ""associativvordes/family-index-v5/members/it/40.json.gz"", ""family_id"": ""family:regul"", ""record_sha256"": ""c8d7681dd20366aaa6d6e1192d0e8f1ec7c5cec7795e09be1859de6302766ae7""}, {""path"": ""associativvordes/family-index-v5/members/it/49.json.gz"", ""family_id"": ""ety:0cc1db2776a2"", ""record_sha256"": ""847d7d29c32edcda29f449a34942b7851c4fe01be57a9b448bb7168177132dc6""}, {""path"": ""associativvordes/family-index-v5/members/it/52.json.gz"", ""family_id"": ""surface:it:microregolator"", ""record_sha256"": ""0c63d7cf21cfe895c07ff9c8b8496b38e9b6c1708de9675d1cf3926191e2cda6""}]"	"{""lemma_id"": ""lemma:07eed4c691b5f6db898c"", ""word"": ""microregolatore"", ""normalized"": ""microregolatore"", ""search_form"": ""microregolatore"", ""rank"": 427585, ""frequency_score"": 0.07242624270174723, ""category_breakdown"": {""subtitles"": {""ipm_values"": [0.004142], ""category_ipm"": 0.004142, ""category_score"": 0.07242624270174723}}, ""sources"": [{""id"": ""subtitles/hermit_2018_it_full_lemmatized_ipm6_spacy_lookup_cleaned_v8.json"", ""file"": ""hermit_2018_it_full_lemmatized_ipm6_spacy_lookup_cleaned_v8.json"", ""category"": ""subtitles"", ""ipm"": 0.004142}], ""corpus_quality"": {""status"": ""accepted"", ""reasons"": []}, ""components"": [{""surface"": ""regol"", ""canonical_candidate"": ""regol"", ""confidence"": 0.97, ""evidence"": [{""type"": ""compound_morphology"", ""source"": ""manually_verified"", ""path"": [""microregolatore"", ""regol"", ""regol""], ""confidence"": 0.97}, {""type"": ""verified_seed_alias"", ""source"": ""methodology_control_seed"", ""path"": [""it"", ""regol"", ""family:regul""], ""confidence"": 1}]}]}"
it	lemma:0ae86095770ea1c33589	regula	uncertain	not_admitted_candidate		aggregate_only_not_sense_frequency	"[{""path"": ""associativvordes/family-index-v5/members/it/c1.json.gz"", ""family_id"": ""surface:it:regula"", ""record_sha256"": ""5bb6e2db60ce2cb944374d10a272eddabae77b2a0ec6dfc7472da1f9ca709417""}]"	"{""lemma_id"": ""lemma:0ae86095770ea1c33589"", ""word"": ""regula"", ""normalized"": ""regula"", ""search_form"": ""regula"", ""rank"": 57792, ""frequency_score"": 1.9110484067564908, ""category_breakdown"": {""subtitles"": {""ipm_values"": [0.15042, 0.120111], ""category_ipm"": 0.13526549999999998, ""category_score"": 2.222955898831088}, ""web"": {""ipm_values"": [0.095559], ""category_ipm"": 0.095559, ""category_score"": 1.5991409146818933}}, ""sources"": [{""id"": ""subtitles/hermit_2016_it_full_lemmatized_ipm6_spacy_lookup_cleaned_v8.json"", ""file"": ""hermit_2016_it_full_lemmatized_ipm6_spacy_lookup_cleaned_v8.json"", ""category"": ""subtitles"", ""ipm"": 0.15042}, {""id"": ""subtitles/hermit_2018_it_full_lemmatized_ipm6_spacy_lookup_cleaned_v8.json"", ""file"": ""hermit_2018_it_full_lemmatized_ipm6_spacy_lookup_cleaned_v8.json"", ""category"": ""subtitles"", ""ipm"": 0.120111}, {""id"": ""web/sorted.it.lemma.unigrams.cleaned_recommended_min100_ipm6.json"", ""file"": ""sorted.it.lemma.unigrams.cleaned_recommended_min100_ipm6.json"", ""category"": ""web"", ""ipm"": 0.095559}], ""corpus_quality"": {""status"": ""accepted"", ""reasons"": []}, ""components"": [{""surface"": ""regula"", ""canonical_candidate"": ""regula"", ""confidence"": 0.92, ""evidence"": [{""type"": ""morphological_parse"", ""source"": ""candidate_index"", ""path"": [""regula"", ""regula"", ""regula""], ""confidence"": 0.92}]}]}"
it	lemma:0c4ff4cd4ee3d2b641c7	regolarizzarsi	accepted	accepted	regolarizzare	aggregate_only_not_sense_frequency	"[{""path"": ""associativvordes/family-index-v5/members/it/40.json.gz"", ""family_id"": ""family:regul"", ""record_sha256"": ""e12b4830be26b08b93f9a0a97efef15b8526610c82b3ff3b2df76428e4916667""}, {""path"": ""associativvordes/family-index-v5/members/it/98.json.gz"", ""family_id"": ""surface:it:arsi"", ""record_sha256"": ""57db08e177059173a47b8fb6927daa85b61665bff4f2d1c27d2a3774dd7ba791""}, {""path"": ""associativvordes/family-index-v5/members/it/ce.json.gz"", ""family_id"": ""surface:it:regolarizzars"", ""record_sha256"": ""d948afb560cdc69536d80e800a1f1b28561d19bff055b8183c7ed7887d307fb9""}]"	"{""lemma_id"": ""lemma:0c4ff4cd4ee3d2b641c7"", ""word"": ""regolarizzarsi"", ""normalized"": ""regolarizzarsi"", ""search_form"": ""regolarizzarsi"", ""rank"": 414350, ""frequency_score"": 0.08315453898636421, ""category_breakdown"": {""subtitles"": {""ipm_values"": [0.005372, 0.004142], ""category_ipm"": 0.004757, ""category_score"": 0.08315453898636421}}, ""sources"": [{""id"": ""subtitles/hermit_2016_it_full_lemmatized_ipm6_spacy_lookup_cleaned_v8.json"", ""file"": ""hermit_2016_it_full_lemmatized_ipm6_spacy_lookup_cleaned_v8.json"", ""category"": ""subtitles"", ""ipm"": 0.005372}, {""id"": ""subtitles/hermit_2018_it_full_lemmatized_ipm6_spacy_lookup_cleaned_v8.json"", ""file"": ""hermit_2018_it_full_lemmatized_ipm6_spacy_lookup_cleaned_v8.json"", ""category"": ""subtitles"", ""ipm"": 0.004142}], ""corpus_quality"": {""status"": ""accepted"", ""reasons"": []}, ""components"": [{""surface"": ""regol"", ""canonical_candidate"": ""regol"", ""confidence"": 0.97, ""evidence"": [{""type"": ""compound_morphology"", ""source"": ""manually_verified"", ""path"": [""regolarizzarsi"", ""regol"", ""regol""], ""confidence"": 0.97}, {""type"": ""verified_seed_alias"", ""source"": ""methodology_control_seed"", ""path"": [""it"", ""regol"", ""family:regul""], ""confidence"": 1}]}]}"
it	lemma:0edb16090428f48648d4	termoregolazione	accepted	accepted	regolare	aggregate_only_not_sense_frequency	"[{""path"": ""associativvordes/family-index-v5/members/it/40.json.gz"", ""family_id"": ""family:regul"", ""record_sha256"": ""1cc9005e0abce0ea6e217e32105820a37eb2f7759e02e56886f6d351c302b57a""}, {""path"": ""associativvordes/family-index-v5/members/it/66.json.gz"", ""family_id"": ""ety:9a86a987fafc"", ""record_sha256"": ""f8379ef0eeeb9ea1ac3cc06dfde867c544a57fccc23431c88c613205a7a86e33""}, {""path"": ""associativvordes/family-index-v5/members/it/79.json.gz"", ""family_id"": ""ety:751cdacbf4a9"", ""record_sha256"": ""f8379ef0eeeb9ea1ac3cc06dfde867c544a57fccc23431c88c613205a7a86e33""}, {""path"": ""associativvordes/family-index-v5/members/it/b6.json.gz"", ""family_id"": ""surface:it:termoregolazion"", ""record_sha256"": ""f1980fdf4b8cacbbe32b6da98c94bd11b54c3fc00df9e3e79d5cad580eccaf8d""}]"	"{""lemma_id"": ""lemma:0edb16090428f48648d4"", ""word"": ""termoregolazione"", ""normalized"": ""termoregolazione"", ""search_form"": ""termoregolazione"", ""rank"": 41639, ""frequency_score"": 3.185332168808376, ""category_breakdown"": {""subtitles"": {""ipm_values"": [0.010744, 0.012425], ""category_ipm"": 0.011584500000000001, ""category_score"": 0.20181690733514077}, ""web"": {""ipm_values"": [0.421998], ""category_ipm"": 0.421998, ""category_score"": 6.168847430281612}}, ""sources"": [{""id"": ""subtitles/hermit_2016_it_full_lemmatized_ipm6_spacy_lookup_cleaned_v8.json"", ""file"": ""hermit_2016_it_full_lemmatized_ipm6_spacy_lookup_cleaned_v8.json"", ""category"": ""subtitles"", ""ipm"": 0.010744}, {""id"": ""subtitles/hermit_2018_it_full_lemmatized_ipm6_spacy_lookup_cleaned_v8.json"", ""file"": ""hermit_2018_it_full_lemmatized_ipm6_spacy_lookup_cleaned_v8.json"", ""category"": ""subtitles"", ""ipm"": 0.012425}, {""id"": ""web/sorted.it.lemma.unigrams.cleaned_recommended_min100_ipm6.json"", ""file"": ""sorted.it.lemma.unigrams.cleaned_recommended_min100_ipm6.json"", ""category"": ""web"", ""ipm"": 0.421998}], ""corpus_quality"": {""status"": ""accepted"", ""reasons"": []}, ""components"": [{""surface"": ""regol"", ""canonical_candidate"": ""regol"", ""confidence"": 1, ""evidence"": [{""type"": ""compound_morphology"", ""source"": ""manually_verified"", ""path"": [""termoregolazione"", ""regol"", ""regol""], ""confidence"": 1}, {""type"": ""verified_seed_alias"", ""source"": ""methodology_control_seed"", ""path"": [""it"", ""regol"", ""family:regul""], ""confidence"": 1}]}]}"
it	lemma:1036364d8d4f76c91249	regulax	uncertain	not_admitted_candidate		aggregate_only_not_sense_frequency	"[{""path"": ""associativvordes/family-index-v5/members/it/7e.json.gz"", ""family_id"": ""ety:236d4cdc675b"", ""record_sha256"": ""89da092df58149f71ebcce850260e7b98fa21d689441aa87098298a7fc8ec46d""}, {""path"": ""associativvordes/family-index-v5/members/it/b0.json.gz"", ""family_id"": ""surface:it:lax"", ""record_sha256"": ""bf9fa0092b3d02af9cc9018b0b4ba62f7ed89f2be1057e16f8c44a4f6de21fa8""}]"	"{""lemma_id"": ""lemma:1036364d8d4f76c91249"", ""word"": ""regulax"", ""normalized"": ""regulax"", ""search_form"": ""regulax"", ""rank"": 414391, ""frequency_score"": 0.08315453898636421, ""category_breakdown"": {""subtitles"": {""ipm_values"": [0.005372, 0.004142], ""category_ipm"": 0.004757, ""category_score"": 0.08315453898636421}}, ""sources"": [{""id"": ""subtitles/hermit_2016_it_full_lemmatized_ipm6_spacy_lookup_cleaned_v8.json"", ""file"": ""hermit_2016_it_full_lemmatized_ipm6_spacy_lookup_cleaned_v8.json"", ""category"": ""subtitles"", ""ipm"": 0.005372}, {""id"": ""subtitles/hermit_2018_it_full_lemmatized_ipm6_spacy_lookup_cleaned_v8.json"", ""file"": ""hermit_2018_it_full_lemmatized_ipm6_spacy_lookup_cleaned_v8.json"", ""category"": ""subtitles"", ""ipm"": 0.004142}], ""corpus_quality"": {""status"": ""accepted"", ""reasons"": []}, ""components"": [{""surface"": ""reg"", ""canonical_candidate"": ""reg"", ""confidence"": 0.81, ""evidence"": [{""type"": ""compound_morphology"", ""source"": ""candidate_index"", ""path"": [""regulax"", ""reg"", ""reg""], ""confidence"": 0.81}]}]}"
it	lemma:10b9662833209be6e8ff	regolatela	accepted	accepted	regolare	aggregate_only_not_sense_frequency	"[{""path"": ""associativvordes/family-index-v5/members/it/23.json.gz"", ""family_id"": ""ety:c33578977446"", ""record_sha256"": ""14c6059e35541722d15ae52d78ac237a57689c409c78a37ca83c88e5289144b1""}, {""path"": ""associativvordes/family-index-v5/members/it/3c.json.gz"", ""family_id"": ""surface:it:regolatel"", ""record_sha256"": ""202fc46c729e54de90671c5df3833b9e2e942039c4f03f731cb706c53e247a95""}, {""path"": ""associativvordes/family-index-v5/members/it/40.json.gz"", ""family_id"": ""family:regul"", ""record_sha256"": ""73bc315453b3a2a432d3f2531157a5159c496facfd915855f0a625859e620ee0""}]"	"{""lemma_id"": ""lemma:10b9662833209be6e8ff"", ""word"": ""regolatela"", ""normalized"": ""regolatela"", ""search_form"": ""regolatela"", ""rank"": 469005, ""frequency_score"": 0.07242624270174723, ""category_breakdown"": {""subtitles"": {""ipm_values"": [0.004142], ""category_ipm"": 0.004142, ""category_score"": 0.07242624270174723}}, ""sources"": [{""id"": ""subtitles/hermit_2018_it_full_lemmatized_ipm6_spacy_lookup_cleaned_v8.json"", ""file"": ""hermit_2018_it_full_lemmatized_ipm6_spacy_lookup_cleaned_v8.json"", ""category"": ""subtitles"", ""ipm"": 0.004142}], ""corpus_quality"": {""status"": ""accepted"", ""reasons"": []}, ""components"": [{""surface"": ""tela"", ""canonical_candidate"": ""tela"", ""confidence"": 0.89, ""evidence"": [{""type"": ""compound_morphology"", ""source"": ""candidate_index"", ""path"": [""regolatela"", ""tela"", ""tela""], ""confidence"": 0.89}]}]}"
it	lemma:136db65f73a02ec3c4d8	regolali	accepted	accepted	regolare	aggregate_only_not_sense_frequency	"[{""path"": ""associativvordes/family-index-v5/members/it/40.json.gz"", ""family_id"": ""family:regul"", ""record_sha256"": ""a473408c96f5d472e72d27574421b057cc56fcf743e0e785f2535aa59ac1aa64""}, {""path"": ""associativvordes/family-index-v5/members/it/bf.json.gz"", ""family_id"": ""surface:it:lali"", ""record_sha256"": ""bd5aedb3795f2db26eba8904e78e780b922d3de1d762a7c5ba533b7ed351cb42""}, {""path"": ""associativvordes/family-index-v5/members/it/c5.json.gz"", ""family_id"": ""surface:it:regolal"", ""record_sha256"": ""3e47eb1107c0e69c2e18735af558b8c18dbdb2ed1a64c7d30c4bcd92d08365ab""}]"	"{""lemma_id"": ""lemma:136db65f73a02ec3c4d8"", ""word"": ""regolali"", ""normalized"": ""regolali"", ""search_form"": ""regolali"", ""rank"": 242510, ""frequency_score"": 0.16590763449466825, ""category_breakdown"": {""subtitles"": {""ipm_values"": [0.010744, 0.008283], ""category_ipm"": 0.009513500000000001, ""category_score"": 0.16590763449466825}}, ""sources"": [{""id"": ""subtitles/hermit_2016_it_full_lemmatized_ipm6_spacy_lookup_cleaned_v8.json"", ""file"": ""hermit_2016_it_full_lemmatized_ipm6_spacy_lookup_cleaned_v8.json"", ""category"": ""subtitles"", ""ipm"": 0.010744}, {""id"": ""subtitles/hermit_2018_it_full_lemmatized_ipm6_spacy_lookup_cleaned_v8.json"", ""file"": ""hermit_2018_it_full_lemmatized_ipm6_spacy_lookup_cleaned_v8.json"", ""category"": ""subtitles"", ""ipm"": 0.008283}], ""corpus_quality"": {""status"": ""accepted"", ""reasons"": []}, ""components"": [{""surface"": ""regol"", ""canonical_candidate"": ""regol"", ""confidence"": 0.97, ""evidence"": [{""type"": ""compound_morphology"", ""source"": ""manually_verified"", ""path"": [""regolali"", ""regol"", ""regol""], ""confidence"": 0.97}, {""type"": ""verified_seed_alias"", ""source"": ""methodology_control_seed"", ""path"": [""it"", ""regol"", ""family:regul""], ""confidence"": 1}]}]}"
it	lemma:140803a32a4df10700ab	aregularondick	uncertain	not_admitted_candidate		aggregate_only_not_sense_frequency	"[{""path"": ""associativvordes/family-index-v5/members/it/19.json.gz"", ""family_id"": ""surface:it:larond"", ""record_sha256"": ""200ae9083cab86fa59c0a117d1e3f40e041adcc2a8df2ebcd6468421842937e5""}, {""path"": ""associativvordes/family-index-v5/members/it/20.json.gz"", ""family_id"": ""surface:it:gula"", ""record_sha256"": ""35489ca0e9868fd379409aad3407818ef6ec6eb7ace86d7622d2d35546608b74""}, {""path"": ""associativvordes/family-index-v5/members/it/75.json.gz"", ""family_id"": ""surface:it:ular"", ""record_sha256"": ""6f6eb51f7c385e4dad1510997448075ee062b696bcf605391c84bb27eb12421b""}, {""path"": ""associativvordes/family-index-v5/members/it/7f.json.gz"", ""family_id"": ""surface:it:aregu"", ""record_sha256"": ""09fe7f435baee55f599266a86ff8dbf0d6adbc0dc16bd9149f76e157579ac95f""}, {""path"": ""associativvordes/family-index-v5/members/it/ee.json.gz"", ""family_id"": ""surface:it:dick"", ""record_sha256"": ""6b54bbfcbb5e62e2e0851d47f43d14baebfa544196062e1ff5e94f7e3c3ba8cf""}]"	"{""lemma_id"": ""lemma:140803a32a4df10700ab"", ""word"": ""aregularondick"", ""normalized"": ""aregularondick"", ""search_form"": ""aregularondick"", ""rank"": 272258, ""frequency_score"": 0.08315453898636421, ""category_breakdown"": {""subtitles"": {""ipm_values"": [0.005372, 0.004142], ""category_ipm"": 0.004757, ""category_score"": 0.08315453898636421}}, ""sources"": [{""id"": ""subtitles/hermit_2016_it_full_lemmatized_ipm6_spacy_lookup_cleaned_v8.json"", ""file"": ""hermit_2016_it_full_lemmatized_ipm6_spacy_lookup_cleaned_v8.json"", ""category"": ""subtitles"", ""ipm"": 0.005372}, {""id"": ""subtitles/hermit_2018_it_full_lemmatized_ipm6_spacy_lookup_cleaned_v8.json"", ""file"": ""hermit_2018_it_full_lemmatized_ipm6_spacy_lookup_cleaned_v8.json"", ""category"": ""subtitles"", ""ipm"": 0.004142}], ""corpus_quality"": {""status"": ""accepted"", ""reasons"": []}, ""components"": [{""surface"": ""larond"", ""canonical_candidate"": ""larond"", ""confidence"": 0.81, ""evidence"": [{""type"": ""compound_morphology"", ""source"": ""candidate_index"", ""path"": [""aregularondick"", ""larond"", ""larond""], ""confidence"": 0.81}]}]}"
it	lemma:140c65ef915a2840f162	regolite	excluded	removed_historical_excluded		aggregate_only_not_sense_frequency	"[{""path"": ""associativvordes/family-index-v5/members/it/40.json.gz"", ""family_id"": ""family:regul"", ""record_sha256"": ""a677fb529d495efc8f24f02aae2735bc52bda52cd24b6af5255bb000aeb86a4f""}, {""path"": ""associativvordes/family-index-v5/members/it/95.json.gz"", ""family_id"": ""surface:it:ite"", ""record_sha256"": ""0ba06c5726ae7ca3fc74a98b3e4b130db16e3d3c8b5a44691a47335a936109cc""}, {""path"": ""associativvordes/family-index-v5/members/it/a5.json.gz"", ""family_id"": ""surface:it:regolit"", ""record_sha256"": ""040fd0ca9b3788287de184eca851514206add324d87a1a21af912d0bfa94e78c""}]"	"{""lemma_id"": ""lemma:140c65ef915a2840f162"", ""word"": ""regolite"", ""normalized"": ""regolite"", ""search_form"": ""regolite"", ""rank"": 160853, ""frequency_score"": 0.27341542882692055, ""category_breakdown"": {""subtitles"": {""ipm_values"": [0.010744, 0.020709], ""category_ipm"": 0.0157265, ""category_score"": 0.27341542882692055}}, ""sources"": [{""id"": ""subtitles/hermit_2016_it_full_lemmatized_ipm6_spacy_lookup_cleaned_v8.json"", ""file"": ""hermit_2016_it_full_lemmatized_ipm6_spacy_lookup_cleaned_v8.json"", ""category"": ""subtitles"", ""ipm"": 0.010744}, {""id"": ""subtitles/hermit_2018_it_full_lemmatized_ipm6_spacy_lookup_cleaned_v8.json"", ""file"": ""hermit_2018_it_full_lemmatized_ipm6_spacy_lookup_cleaned_v8.json"", ""category"": ""subtitles"", ""ipm"": 0.020709}], ""corpus_quality"": {""status"": ""accepted"", ""reasons"": []}, ""components"": [{""surface"": ""regol"", ""canonical_candidate"": ""regol"", ""confidence"": 1, ""evidence"": [{""type"": ""compound_morphology"", ""source"": ""manually_verified"", ""path"": [""regolite"", ""regol"", ""regol""], ""confidence"": 1}, {""type"": ""verified_seed_alias"", ""source"": ""methodology_control_seed"", ""path"": [""it"", ""regol"", ""family:regul""], ""confidence"": 1}]}]}"
it	lemma:141fc6423a400c8021d3	regolatore	accepted	accepted	regolare	aggregate_only_not_sense_frequency	"[{""path"": ""associativvordes/family-index-v5/members/it/40.json.gz"", ""family_id"": ""family:regul"", ""record_sha256"": ""ec90adf31370d55ee7ad37ec16b5c96fbc4b5b4a6281c983951f4bffcc109b61""}, {""path"": ""associativvordes/family-index-v5/members/it/49.json.gz"", ""family_id"": ""ety:0cc1db2776a2"", ""record_sha256"": ""9e71ba3578cd6aa75a09dadb7d7aaf314612c6cf4819fe9d3049a751ac0aaa4d""}, {""path"": ""associativvordes/family-index-v5/members/it/5c.json.gz"", ""family_id"": ""surface:it:regolator"", ""record_sha256"": ""16e009b0cd39ce70216e1a24293d4bd0186ed0ceaa277af68f383cb764e5e24d""}]"	"{""lemma_id"": ""lemma:141fc6423a400c8021d3"", ""word"": ""regolatore"", ""normalized"": ""regolatore"", ""search_form"": ""regolatore"", ""rank"": 4676, ""frequency_score"": 33.37232360739449, ""category_breakdown"": {""subtitles"": {""ipm_values"": [1.471967, 1.644273], ""category_ipm"": 1.5581200000000002, ""category_score"": 16.457937031770147}, ""web"": {""ipm_values"": [16.635572], ""category_ipm"": 16.635572, ""category_score"": 50.28671018301883}}, ""sources"": [{""id"": ""subtitles/hermit_2016_it_full_lemmatized_ipm6_spacy_lookup_cleaned_v8.json"", ""file"": ""hermit_2016_it_full_lemmatized_ipm6_spacy_lookup_cleaned_v8.json"", ""category"": ""subtitles"", ""ipm"": 1.471967}, {""id"": ""subtitles/hermit_2018_it_full_lemmatized_ipm6_spacy_lookup_cleaned_v8.json"", ""file"": ""hermit_2018_it_full_lemmatized_ipm6_spacy_lookup_cleaned_v8.json"", ""category"": ""subtitles"", ""ipm"": 1.644273}, {""id"": ""web/sorted.it.lemma.unigrams.cleaned_recommended_min100_ipm6.json"", ""file"": ""sorted.it.lemma.unigrams.cleaned_recommended_min100_ipm6.json"", ""category"": ""web"", ""ipm"": 16.635572}], ""corpus_quality"": {""status"": ""accepted"", ""reasons"": []}, ""components"": [{""surface"": ""regol"", ""canonical_candidate"": ""regol"", ""confidence"": 0.97, ""evidence"": [{""type"": ""compound_morphology"", ""source"": ""manually_verified"", ""path"": [""regolatore"", ""regol"", ""regol""], ""confidence"": 0.97}, {""type"": ""verified_seed_alias"", ""source"": ""methodology_control_seed"", ""path"": [""it"", ""regol"", ""family:regul""], ""confidence"": 1}]}]}"
it	lemma:15f19ca59e7ce742d03e	regolore	uncertain	withheld_historical_uncertain		aggregate_only_not_sense_frequency	"[{""path"": ""associativvordes/family-index-v5/members/it/2f.json.gz"", ""family_id"": ""surface:it:lore"", ""record_sha256"": ""fbcdc58d2fafc5d3eaad3c4a75031dc2830e941db8d58514547970b9cc3c9bc8""}, {""path"": ""associativvordes/family-index-v5/members/it/40.json.gz"", ""family_id"": ""family:regul"", ""record_sha256"": ""1d083be16c9cbd3e3d4f92ec30fc33a3db9658847e1ef013f2e31c332008f9cc""}, {""path"": ""associativvordes/family-index-v5/members/it/55.json.gz"", ""family_id"": ""surface:it:regolor"", ""record_sha256"": ""a02c4cac9a9be6c69924403dcda44d9d328a04c72a1327957cf5128c28b010f7""}]"	"{""lemma_id"": ""lemma:15f19ca59e7ce742d03e"", ""word"": ""regolore"", ""normalized"": ""regolore"", ""search_form"": ""regolore"", ""rank"": 414368, ""frequency_score"": 0.08315453898636421, ""category_breakdown"": {""subtitles"": {""ipm_values"": [0.005372, 0.004142], ""category_ipm"": 0.004757, ""category_score"": 0.08315453898636421}}, ""sources"": [{""id"": ""subtitles/hermit_2016_it_full_lemmatized_ipm6_spacy_lookup_cleaned_v8.json"", ""file"": ""hermit_2016_it_full_lemmatized_ipm6_spacy_lookup_cleaned_v8.json"", ""category"": ""subtitles"", ""ipm"": 0.005372}, {""id"": ""subtitles/hermit_2018_it_full_lemmatized_ipm6_spacy_lookup_cleaned_v8.json"", ""file"": ""hermit_2018_it_full_lemmatized_ipm6_spacy_lookup_cleaned_v8.json"", ""category"": ""subtitles"", ""ipm"": 0.004142}], ""corpus_quality"": {""status"": ""accepted"", ""reasons"": []}, ""components"": [{""surface"": ""lore"", ""canonical_candidate"": ""lore"", ""confidence"": 0.89, ""evidence"": [{""type"": ""compound_morphology"", ""source"": ""candidate_index"", ""path"": [""regolore"", ""lore"", ""lore""], ""confidence"": 0.89}]}]}"
it	lemma:17240bc33f356549a1d9	regolarizzazione	accepted	accepted	regolarizzare	aggregate_only_not_sense_frequency	"[{""path"": ""associativvordes/family-index-v5/members/it/40.json.gz"", ""family_id"": ""family:regul"", ""record_sha256"": ""f02e14f6d8822118bc24a4d81d9116c4d6f311069eb088c1c3702044c6996ad9""}, {""path"": ""associativvordes/family-index-v5/members/it/61.json.gz"", ""family_id"": ""surface:it:regolarizzazion"", ""record_sha256"": ""b68bdfc9d843c94ad15dbb57e18489d8fcfc96c0d4d2e12213c1c7fe41a8fdb7""}, {""path"": ""associativvordes/family-index-v5/members/it/66.json.gz"", ""family_id"": ""ety:9a86a987fafc"", ""record_sha256"": ""b99aea7dfe4208cac9ff83a7d974e7a2ade6d05ccd7b599240244d5a01f4d326""}, {""path"": ""associativvordes/family-index-v5/members/it/79.json.gz"", ""family_id"": ""ety:751cdacbf4a9"", ""record_sha256"": ""b99aea7dfe4208cac9ff83a7d974e7a2ade6d05ccd7b599240244d5a01f4d326""}]"	"{""lemma_id"": ""lemma:17240bc33f356549a1d9"", ""word"": ""regolarizzazione"", ""normalized"": ""regolarizzazione"", ""search_form"": ""regolarizzazione"", ""rank"": 4958, ""frequency_score"": 24.48625419244762, ""category_breakdown"": {""subtitles"": {""ipm_values"": [0.005372, 0.008283], ""category_ipm"": 0.0068275, ""category_score"": 0.11922492913858172}, ""web"": {""ipm_values"": [15.25029], ""category_ipm"": 15.25029, ""category_score"": 48.85328345575666}}, ""sources"": [{""id"": ""subtitles/hermit_2016_it_full_lemmatized_ipm6_spacy_lookup_cleaned_v8.json"", ""file"": ""hermit_2016_it_full_lemmatized_ipm6_spacy_lookup_cleaned_v8.json"", ""category"": ""subtitles"", ""ipm"": 0.005372}, {""id"": ""subtitles/hermit_2018_it_full_lemmatized_ipm6_spacy_lookup_cleaned_v8.json"", ""file"": ""hermit_2018_it_full_lemmatized_ipm6_spacy_lookup_cleaned_v8.json"", ""category"": ""subtitles"", ""ipm"": 0.008283}, {""id"": ""web/sorted.it.lemma.unigrams.cleaned_recommended_min100_ipm6.json"", ""file"": ""sorted.it.lemma.unigrams.cleaned_recommended_min100_ipm6.json"", ""category"": ""web"", ""ipm"": 15.25029}], ""corpus_quality"": {""status"": ""accepted"", ""reasons"": []}, ""components"": [{""surface"": ""regol"", ""canonical_candidate"": ""regol"", ""confidence"": 0.97, ""evidence"": [{""type"": ""compound_morphology"", ""source"": ""manually_verified"", ""path"": [""regolarizzazione"", ""regol"", ""regol""], ""confidence"": 0.97}, {""type"": ""verified_seed_alias"", ""source"": ""methodology_control_seed"", ""path"": [""it"", ""regol"", ""family:regul""], ""confidence"": 1}]}]}"
it	lemma:181f9010db8fb0d3a959	regolamentiamola	accepted	accepted	regolamentare	aggregate_only_not_sense_frequency	"[{""path"": ""associativvordes/family-index-v5/members/it/40.json.gz"", ""family_id"": ""family:regul"", ""record_sha256"": ""3b518129c3ec29dd56cedcca09ab15d258b9f3cb0888795484076a7acce55593""}, {""path"": ""associativvordes/family-index-v5/members/it/5f.json.gz"", ""family_id"": ""surface:it:ola"", ""record_sha256"": ""ae1f23a22131d65f7319153ff8663fcff5b7f6c0f3741627b8f3d8d2ef721c9b""}, {""path"": ""associativvordes/family-index-v5/members/it/6f.json.gz"", ""family_id"": ""surface:it:regolamentiamol"", ""record_sha256"": ""4f6af05b9deffb4ba04545c39e5669ec4b7c720d53fc567ac3bc25f0f9386a98""}]"	"{""lemma_id"": ""lemma:181f9010db8fb0d3a959"", ""word"": ""regolamentiamola"", ""normalized"": ""regolamentiamola"", ""search_form"": ""regolamentiamola"", ""rank"": 468988, ""frequency_score"": 0.07242624270174723, ""category_breakdown"": {""subtitles"": {""ipm_values"": [0.004142], ""category_ipm"": 0.004142, ""category_score"": 0.07242624270174723}}, ""sources"": [{""id"": ""subtitles/hermit_2018_it_full_lemmatized_ipm6_spacy_lookup_cleaned_v8.json"", ""file"": ""hermit_2018_it_full_lemmatized_ipm6_spacy_lookup_cleaned_v8.json"", ""category"": ""subtitles"", ""ipm"": 0.004142}], ""corpus_quality"": {""status"": ""accepted"", ""reasons"": []}, ""components"": [{""surface"": ""regol"", ""canonical_candidate"": ""regol"", ""confidence"": 0.97, ""evidence"": [{""type"": ""compound_morphology"", ""source"": ""manually_verified"", ""path"": [""regolamentiamola"", ""regol"", ""regol""], ""confidence"": 0.97}, {""type"": ""verified_seed_alias"", ""source"": ""methodology_control_seed"", ""path"": [""it"", ""regol"", ""family:regul""], ""confidence"": 1}]}]}"
it	lemma:19b917d0e2d68948fd23	regolarsi	accepted	accepted	regolare	aggregate_only_not_sense_frequency	"[{""path"": ""associativvordes/family-index-v5/members/it/40.json.gz"", ""family_id"": ""family:regul"", ""record_sha256"": ""fe419ec1a233cf352fb5634e7688880219b479c47a7565019da558d80c68a130""}, {""path"": ""associativvordes/family-index-v5/members/it/98.json.gz"", ""family_id"": ""surface:it:arsi"", ""record_sha256"": ""5142d84469e94f4ee81833aab5757f60e74ec012f5520e1d7be100eb8af543df""}, {""path"": ""associativvordes/family-index-v5/members/it/b8.json.gz"", ""family_id"": ""surface:it:regolars"", ""record_sha256"": ""03f703dfd21484ac20ae6671b49990f51965b789f59404fa0d5da9f91952687b""}]"	"{""lemma_id"": ""lemma:19b917d0e2d68948fd23"", ""word"": ""regolarsi"", ""normalized"": ""regolarsi"", ""search_form"": ""regolarsi"", ""rank"": 67939, ""frequency_score"": 1.7475555405088665, ""category_breakdown"": {""subtitles"": {""ipm_values"": [0.102071, 0.107685], ""category_ipm"": 0.104878, ""category_score"": 1.7475555405088665}}, ""sources"": [{""id"": ""subtitles/hermit_2016_it_full_lemmatized_ipm6_spacy_lookup_cleaned_v8.json"", ""file"": ""hermit_2016_it_full_lemmatized_ipm6_spacy_lookup_cleaned_v8.json"", ""category"": ""subtitles"", ""ipm"": 0.102071}, {""id"": ""subtitles/hermit_2018_it_full_lemmatized_ipm6_spacy_lookup_cleaned_v8.json"", ""file"": ""hermit_2018_it_full_lemmatized_ipm6_spacy_lookup_cleaned_v8.json"", ""category"": ""subtitles"", ""ipm"": 0.107685}], ""corpus_quality"": {""status"": ""accepted"", ""reasons"": []}, ""components"": [{""surface"": ""regol"", ""canonical_candidate"": ""regol"", ""confidence"": 0.97, ""evidence"": [{""type"": ""compound_morphology"", ""source"": ""manually_verified"", ""path"": [""regolarsi"", ""regol"", ""regol""], ""confidence"": 0.97}, {""type"": ""verified_seed_alias"", ""source"": ""methodology_control_seed"", ""path"": [""it"", ""regol"", ""family:regul""], ""confidence"": 1}]}]}"
it	lemma:1c5a7e3f6129d36c99fa	regolarità	accepted	accepted	regolare	aggregate_only_not_sense_frequency	"[{""path"": ""associativvordes/family-index-v5/members/it/26.json.gz"", ""family_id"": ""surface:it:regolarit"", ""record_sha256"": ""b66edc4f656d85655805e8b78d3d7d58aa4dafd6c60220baf7b6e2f1338406d3""}, {""path"": ""associativvordes/family-index-v5/members/it/40.json.gz"", ""family_id"": ""family:regul"", ""record_sha256"": ""74324ab07eb557d6d2c34a454b6026320f9bc5522edb6465b72eb1f7052f6107""}, {""path"": ""associativvordes/family-index-v5/members/it/6c.json.gz"", ""family_id"": ""surface:it:arita"", ""record_sha256"": ""26b4c0c1b96846efb4b1d8ac8af91f97f8518c6750a653a927078f805711bef0""}]"	"{""lemma_id"": ""lemma:1c5a7e3f6129d36c99fa"", ""word"": ""regolarità"", ""normalized"": ""regolarità"", ""search_form"": ""regolarita"", ""rank"": 4612, ""frequency_score"": 28.37557293944501, ""category_breakdown"": {""subtitles"": {""ipm_values"": [0.429772, 0.405891], ""category_ipm"": 0.4178315, ""category_score"": 6.117432036814496}, ""web"": {""ipm_values"": [16.988306], ""category_ipm"": 16.988306, ""category_score"": 50.63371384207552}}, ""sources"": [{""id"": ""subtitles/hermit_2016_it_full_lemmatized_ipm6_spacy_lookup_cleaned_v8.json"", ""file"": ""hermit_2016_it_full_lemmatized_ipm6_spacy_lookup_cleaned_v8.json"", ""category"": ""subtitles"", ""ipm"": 0.429772}, {""id"": ""subtitles/hermit_2018_it_full_lemmatized_ipm6_spacy_lookup_cleaned_v8.json"", ""file"": ""hermit_2018_it_full_lemmatized_ipm6_spacy_lookup_cleaned_v8.json"", ""category"": ""subtitles"", ""ipm"": 0.405891}, {""id"": ""web/sorted.it.lemma.unigrams.cleaned_recommended_min100_ipm6.json"", ""file"": ""sorted.it.lemma.unigrams.cleaned_recommended_min100_ipm6.json"", ""category"": ""web"", ""ipm"": 16.988306}], ""corpus_quality"": {""status"": ""accepted"", ""reasons"": []}, ""components"": [{""surface"": ""regolarit"", ""canonical_candidate"": ""regolarit"", ""confidence"": 0.92, ""evidence"": [{""type"": ""morphological_parse"", ""source"": ""candidate_index"", ""path"": [""regolarita"", ""regolarit"", ""regolarit""], ""confidence"": 0.92}]}]}"
it	lemma:1d7ed6463747d9c8750a	regolanento	uncertain	withheld_historical_uncertain		aggregate_only_not_sense_frequency	"[{""path"": ""associativvordes/family-index-v5/members/it/40.json.gz"", ""family_id"": ""family:regul"", ""record_sha256"": ""57293778985e1670ef7596112e8da9ecb3786918031a3194444f23ab35fb6b02""}, {""path"": ""associativvordes/family-index-v5/members/it/bc.json.gz"", ""family_id"": ""surface:it:regolanent"", ""record_sha256"": ""59a707d545f7765ccd0c2e3b75efdf37ea30e95f0b8bbce2b2188f972ec11fc1""}]"	"{""lemma_id"": ""lemma:1d7ed6463747d9c8750a"", ""word"": ""regolanento"", ""normalized"": ""regolanento"", ""search_form"": ""regolanento"", ""rank"": 414346, ""frequency_score"": 0.08315453898636421, ""category_breakdown"": {""subtitles"": {""ipm_values"": [0.005372, 0.004142], ""category_ipm"": 0.004757, ""category_score"": 0.08315453898636421}}, ""sources"": [{""id"": ""subtitles/hermit_2016_it_full_lemmatized_ipm6_spacy_lookup_cleaned_v8.json"", ""file"": ""hermit_2016_it_full_lemmatized_ipm6_spacy_lookup_cleaned_v8.json"", ""category"": ""subtitles"", ""ipm"": 0.005372}, {""id"": ""subtitles/hermit_2018_it_full_lemmatized_ipm6_spacy_lookup_cleaned_v8.json"", ""file"": ""hermit_2018_it_full_lemmatized_ipm6_spacy_lookup_cleaned_v8.json"", ""category"": ""subtitles"", ""ipm"": 0.004142}], ""corpus_quality"": {""status"": ""accepted"", ""reasons"": []}, ""components"": [{""surface"": ""regol"", ""canonical_candidate"": ""regol"", ""confidence"": 0.97, ""evidence"": [{""type"": ""compound_morphology"", ""source"": ""manually_verified"", ""path"": [""regolanento"", ""regol"", ""regol""], ""confidence"": 0.97}, {""type"": ""verified_seed_alias"", ""source"": ""methodology_control_seed"", ""path"": [""it"", ""regol"", ""family:regul""], ""confidence"": 1}]}]}"
it	lemma:1fc7c864fb794054503a	interregolazione	accepted	accepted	regolare	aggregate_only_not_sense_frequency	"[{""path"": ""associativvordes/family-index-v5/members/it/40.json.gz"", ""family_id"": ""family:regul"", ""record_sha256"": ""c559a5f8883a35e5cd5be3b4a0f6f9e8dc15d6cca07e6cbe6831a5254ca36917""}, {""path"": ""associativvordes/family-index-v5/members/it/5f.json.gz"", ""family_id"": ""surface:it:interregolazion"", ""record_sha256"": ""7ed79a7d43ce9866965c9c7f2ca88e832e0d22a202f40160dfd3125e5f749a17""}, {""path"": ""associativvordes/family-index-v5/members/it/66.json.gz"", ""family_id"": ""ety:9a86a987fafc"", ""record_sha256"": ""f5b0dac9ad6ae66e16d2bf8a629913734ed811061d532da974c38460297886af""}, {""path"": ""associativvordes/family-index-v5/members/it/79.json.gz"", ""family_id"": ""ety:751cdacbf4a9"", ""record_sha256"": ""f5b0dac9ad6ae66e16d2bf8a629913734ed811061d532da974c38460297886af""}, {""path"": ""associativvordes/family-index-v5/members/it/ad.json.gz"", ""family_id"": ""family:inter"", ""record_sha256"": ""e11496fa31c5f5aed17004e06fd5a129648c49f596c2bd63efbb592f84c0e83f""}]"	"{""lemma_id"": ""lemma:1fc7c864fb794054503a"", ""word"": ""interregolazione"", ""normalized"": ""interregolazione"", ""search_form"": ""interregolazione"", ""rank"": 352271, ""frequency_score"": 0.08315453898636421, ""category_breakdown"": {""subtitles"": {""ipm_values"": [0.005372, 0.004142], ""category_ipm"": 0.004757, ""category_score"": 0.08315453898636421}}, ""sources"": [{""id"": ""subtitles/hermit_2016_it_full_lemmatized_ipm6_spacy_lookup_cleaned_v8.json"", ""file"": ""hermit_2016_it_full_lemmatized_ipm6_spacy_lookup_cleaned_v8.json"", ""category"": ""subtitles"", ""ipm"": 0.005372}, {""id"": ""subtitles/hermit_2018_it_full_lemmatized_ipm6_spacy_lookup_cleaned_v8.json"", ""file"": ""hermit_2018_it_full_lemmatized_ipm6_spacy_lookup_cleaned_v8.json"", ""category"": ""subtitles"", ""ipm"": 0.004142}], ""corpus_quality"": {""status"": ""accepted"", ""reasons"": []}, ""components"": [{""surface"": ""regol"", ""canonical_candidate"": ""regol"", ""confidence"": 1, ""evidence"": [{""type"": ""compound_morphology"", ""source"": ""manually_verified"", ""path"": [""interregolazione"", ""regol"", ""regol""], ""confidence"": 1}, {""type"": ""verified_seed_alias"", ""source"": ""methodology_control_seed"", ""path"": [""it"", ""regol"", ""family:regul""], ""confidence"": 1}]}]}"
it	lemma:220d54d97f8fbd26dcc7	fregola	uncertain	not_admitted_candidate		aggregate_only_not_sense_frequency	"[{""path"": ""associativvordes/family-index-v5/members/it/5f.json.gz"", ""family_id"": ""surface:it:ola"", ""record_sha256"": ""2a093aebc322ececabc59a0dc657dbd86cb634c785162911376de35198701419""}, {""path"": ""associativvordes/family-index-v5/members/it/9c.json.gz"", ""family_id"": ""surface:it:fregol"", ""record_sha256"": ""6dc46eef8adf3e5e31bc63395aab7fb48e31ca5072cb0baa5d2baf079ef169e8""}]"	"{""lemma_id"": ""lemma:220d54d97f8fbd26dcc7"", ""word"": ""fregola"", ""normalized"": ""fregola"", ""search_form"": ""fregola"", ""rank"": 56932, ""frequency_score"": 2.6248907181339907, ""category_breakdown"": {""subtitles"": {""ipm_values"": [0.102071, 0.086977], ""category_ipm"": 0.094524, ""category_score"": 1.582579648393503}, ""web"": {""ipm_values"": [0.232804], ""category_ipm"": 0.232804, ""category_score"": 3.667201787874478}}, ""sources"": [{""id"": ""subtitles/hermit_2016_it_full_lemmatized_ipm6_spacy_lookup_cleaned_v8.json"", ""file"": ""hermit_2016_it_full_lemmatized_ipm6_spacy_lookup_cleaned_v8.json"", ""category"": ""subtitles"", ""ipm"": 0.102071}, {""id"": ""subtitles/hermit_2018_it_full_lemmatized_ipm6_spacy_lookup_cleaned_v8.json"", ""file"": ""hermit_2018_it_full_lemmatized_ipm6_spacy_lookup_cleaned_v8.json"", ""category"": ""subtitles"", ""ipm"": 0.086977}, {""id"": ""web/sorted.it.lemma.unigrams.cleaned_recommended_min100_ipm6.json"", ""file"": ""sorted.it.lemma.unigrams.cleaned_recommended_min100_ipm6.json"", ""category"": ""web"", ""ipm"": 0.232804}], ""corpus_quality"": {""status"": ""accepted"", ""reasons"": []}, ""components"": [{""surface"": ""ola"", ""canonical_candidate"": ""ola"", ""confidence"": 0.89, ""evidence"": [{""type"": ""compound_morphology"", ""source"": ""candidate_index"", ""path"": [""fregola"", ""ola"", ""ola""], ""confidence"": 0.89}]}]}"
it	lemma:222a9432d02f6013bc91	regular	uncertain	not_admitted_candidate		aggregate_only_not_sense_frequency	"[{""path"": ""associativvordes/family-index-v5/members/it/c9.json.gz"", ""family_id"": ""surface:it:regular"", ""record_sha256"": ""01505023c6bb2a8877a3189a9b2a7b552d7a11b8bca934fee85585ce265cd591""}]"	"{""lemma_id"": ""lemma:222a9432d02f6013bc91"", ""word"": ""regular"", ""normalized"": ""regular"", ""search_form"": ""regular"", ""rank"": 60490, ""frequency_score"": 2.6125830966075556, ""category_breakdown"": {""subtitles"": {""ipm_values"": [0.123559, 0.107685], ""category_ipm"": 0.115622, ""category_score"": 1.917119029264725}, ""web"": {""ipm_values"": [0.207792], ""category_ipm"": 0.207792, ""category_score"": 3.308047163950386}}, ""sources"": [{""id"": ""subtitles/hermit_2016_it_full_lemmatized_ipm6_spacy_lookup_cleaned_v8.json"", ""file"": ""hermit_2016_it_full_lemmatized_ipm6_spacy_lookup_cleaned_v8.json"", ""category"": ""subtitles"", ""ipm"": 0.123559}, {""id"": ""subtitles/hermit_2018_it_full_lemmatized_ipm6_spacy_lookup_cleaned_v8.json"", ""file"": ""hermit_2018_it_full_lemmatized_ipm6_spacy_lookup_cleaned_v8.json"", ""category"": ""subtitles"", ""ipm"": 0.107685}, {""id"": ""web/sorted.it.lemma.unigrams.cleaned_recommended_min100_ipm6.json"", ""file"": ""sorted.it.lemma.unigrams.cleaned_recommended_min100_ipm6.json"", ""category"": ""web"", ""ipm"": 0.207792}], ""corpus_quality"": {""status"": ""accepted"", ""reasons"": []}, ""components"": [{""surface"": ""regular"", ""canonical_candidate"": ""regular"", ""confidence"": 0.92, ""evidence"": [{""type"": ""morphological_parse"", ""source"": ""candidate_index"", ""path"": [""regular"", ""regular"", ""regular""], ""confidence"": 0.92}]}]}"
it	lemma:27fc7762c8138a245bea	regolarizzarlo	accepted	accepted	regolarizzare	aggregate_only_not_sense_frequency	"[{""path"": ""associativvordes/family-index-v5/members/it/40.json.gz"", ""family_id"": ""family:regul"", ""record_sha256"": ""65574f98175e95d8985079bb1824bba0f78c17762549094c035c312c4b7732e0""}, {""path"": ""associativvordes/family-index-v5/members/it/bf.json.gz"", ""family_id"": ""surface:it:regolarizzarl"", ""record_sha256"": ""1cfc40a7b408c21fdad096a4488c706840d2a612fd6f52e32a8dbc3d5aa92db8""}]"	"{""lemma_id"": ""lemma:27fc7762c8138a245bea"", ""word"": ""regolarizzarlo"", ""normalized"": ""regolarizzarlo"", ""search_form"": ""regolarizzarlo"", ""rank"": 414349, ""frequency_score"": 0.08315453898636421, ""category_breakdown"": {""subtitles"": {""ipm_values"": [0.005372, 0.004142], ""category_ipm"": 0.004757, ""category_score"": 0.08315453898636421}}, ""sources"": [{""id"": ""subtitles/hermit_2016_it_full_lemmatized_ipm6_spacy_lookup_cleaned_v8.json"", ""file"": ""hermit_2016_it_full_lemmatized_ipm6_spacy_lookup_cleaned_v8.json"", ""category"": ""subtitles"", ""ipm"": 0.005372}, {""id"": ""subtitles/hermit_2018_it_full_lemmatized_ipm6_spacy_lookup_cleaned_v8.json"", ""file"": ""hermit_2018_it_full_lemmatized_ipm6_spacy_lookup_cleaned_v8.json"", ""category"": ""subtitles"", ""ipm"": 0.004142}], ""corpus_quality"": {""status"": ""accepted"", ""reasons"": []}, ""components"": [{""surface"": ""regol"", ""canonical_candidate"": ""regol"", ""confidence"": 0.97, ""evidence"": [{""type"": ""compound_morphology"", ""source"": ""manually_verified"", ""path"": [""regolarizzarlo"", ""regol"", ""regol""], ""confidence"": 0.97}, {""type"": ""verified_seed_alias"", ""source"": ""methodology_control_seed"", ""path"": [""it"", ""regol"", ""family:regul""], ""confidence"": 1}]}]}"
it	lemma:280b5809a261545f4064	regulator	uncertain	not_admitted_candidate		aggregate_only_not_sense_frequency	"[{""path"": ""associativvordes/family-index-v5/members/it/f6.json.gz"", ""family_id"": ""surface:it:regulator"", ""record_sha256"": ""4ba791d17f70bffcc8436d6b630ee1554d1b7379c1e14129678c9d7dc0b5b017""}]"	"{""lemma_id"": ""lemma:280b5809a261545f4064"", ""word"": ""regulator"", ""normalized"": ""regulator"", ""search_form"": ""regulator"", ""rank"": 109610, ""frequency_score"": 0.6388123818257965, ""category_breakdown"": {""subtitles"": {""ipm_values"": [0.005372, 0.004142], ""category_ipm"": 0.004757, ""category_score"": 0.08315453898636421}, ""web"": {""ipm_values"": [0.070547], ""category_ipm"": 0.070547, ""category_score"": 1.1944702246652288}}, ""sources"": [{""id"": ""subtitles/hermit_2016_it_full_lemmatized_ipm6_spacy_lookup_cleaned_v8.json"", ""file"": ""hermit_2016_it_full_lemmatized_ipm6_spacy_lookup_cleaned_v8.json"", ""category"": ""subtitles"", ""ipm"": 0.005372}, {""id"": ""subtitles/hermit_2018_it_full_lemmatized_ipm6_spacy_lookup_cleaned_v8.json"", ""file"": ""hermit_2018_it_full_lemmatized_ipm6_spacy_lookup_cleaned_v8.json"", ""category"": ""subtitles"", ""ipm"": 0.004142}, {""id"": ""web/sorted.it.lemma.unigrams.cleaned_recommended_min100_ipm6.json"", ""file"": ""sorted.it.lemma.unigrams.cleaned_recommended_min100_ipm6.json"", ""category"": ""web"", ""ipm"": 0.070547}], ""corpus_quality"": {""status"": ""accepted"", ""reasons"": []}, ""components"": [{""surface"": ""regulator"", ""canonical_candidate"": ""regulator"", ""confidence"": 0.92, ""evidence"": [{""type"": ""morphological_parse"", ""source"": ""candidate_index"", ""path"": [""regulator"", ""regulator"", ""regulator""], ""confidence"": 0.92}]}]}"
it	lemma:29b0258f82990772e046	regolero	uncertain	withheld_historical_uncertain		aggregate_only_not_sense_frequency	"[{""path"": ""associativvordes/family-index-v5/members/it/40.json.gz"", ""family_id"": ""family:regul"", ""record_sha256"": ""209d4a53de90f3a3661e9d56285cbe3c578ea7c53e84136e240eccb61c04d98a""}, {""path"": ""associativvordes/family-index-v5/members/it/67.json.gz"", ""family_id"": ""surface:it:lero"", ""record_sha256"": ""165454c9a81b38a241bdbd1efadb1f4d0586adaadfb3c58b2ce609c345c9fc77""}, {""path"": ""associativvordes/family-index-v5/members/it/df.json.gz"", ""family_id"": ""surface:it:regoler"", ""record_sha256"": ""057f692ac6cfe5fce1899da57fdea5503f5810d246607c2eee3a2fd70262ddde""}]"	"{""lemma_id"": ""lemma:29b0258f82990772e046"", ""word"": ""regolero"", ""normalized"": ""regolero"", ""search_form"": ""regolero"", ""rank"": 101665, ""frequency_score"": 0.7937012395629763, ""category_breakdown"": {""subtitles"": {""ipm_values"": [0.042977, 0.049701], ""category_ipm"": 0.046339000000000005, ""category_score"": 0.7937012395629763}}, ""sources"": [{""id"": ""subtitles/hermit_2016_it_full_lemmatized_ipm6_spacy_lookup_cleaned_v8.json"", ""file"": ""hermit_2016_it_full_lemmatized_ipm6_spacy_lookup_cleaned_v8.json"", ""category"": ""subtitles"", ""ipm"": 0.042977}, {""id"": ""subtitles/hermit_2018_it_full_lemmatized_ipm6_spacy_lookup_cleaned_v8.json"", ""file"": ""hermit_2018_it_full_lemmatized_ipm6_spacy_lookup_cleaned_v8.json"", ""category"": ""subtitles"", ""ipm"": 0.049701}], ""corpus_quality"": {""status"": ""accepted"", ""reasons"": []}, ""components"": [{""surface"": ""regol"", ""canonical_candidate"": ""regol"", ""confidence"": 0.97, ""evidence"": [{""type"": ""compound_morphology"", ""source"": ""manually_verified"", ""path"": [""regolero"", ""regol"", ""regol""], ""confidence"": 0.97}, {""type"": ""verified_seed_alias"", ""source"": ""methodology_control_seed"", ""path"": [""it"", ""regol"", ""family:regul""], ""confidence"": 1}]}]}"
it	lemma:2c6eec9095b20473a60b	regolarizzarti	accepted	accepted	regolarizzare	aggregate_only_not_sense_frequency	"[{""path"": ""associativvordes/family-index-v5/members/it/27.json.gz"", ""family_id"": ""surface:it:arti"", ""record_sha256"": ""b45bb938f89a070e81b94ef841833db8a5a3dba286a581be3f3a3e443e0c5e8f""}, {""path"": ""associativvordes/family-index-v5/members/it/40.json.gz"", ""family_id"": ""family:regul"", ""record_sha256"": ""7621be2f1b6b3f07d2f1dcbec93056f824d834c78172767c798c275335e88dda""}, {""path"": ""associativvordes/family-index-v5/members/it/87.json.gz"", ""family_id"": ""surface:it:regolarizzart"", ""record_sha256"": ""867fdfeb7aac4a892dca19b85ca040b9a3487e2116c17f11b5373010243af2bc""}]"	"{""lemma_id"": ""lemma:2c6eec9095b20473a60b"", ""word"": ""regolarizzarti"", ""normalized"": ""regolarizzarti"", ""search_form"": ""regolarizzarti"", ""rank"": 414351, ""frequency_score"": 0.08315453898636421, ""category_breakdown"": {""subtitles"": {""ipm_values"": [0.005372, 0.004142], ""category_ipm"": 0.004757, ""category_score"": 0.08315453898636421}}, ""sources"": [{""id"": ""subtitles/hermit_2016_it_full_lemmatized_ipm6_spacy_lookup_cleaned_v8.json"", ""file"": ""hermit_2016_it_full_lemmatized_ipm6_spacy_lookup_cleaned_v8.json"", ""category"": ""subtitles"", ""ipm"": 0.005372}, {""id"": ""subtitles/hermit_2018_it_full_lemmatized_ipm6_spacy_lookup_cleaned_v8.json"", ""file"": ""hermit_2018_it_full_lemmatized_ipm6_spacy_lookup_cleaned_v8.json"", ""category"": ""subtitles"", ""ipm"": 0.004142}], ""corpus_quality"": {""status"": ""accepted"", ""reasons"": []}, ""components"": [{""surface"": ""arti"", ""canonical_candidate"": ""arti"", ""confidence"": 0.89, ""evidence"": [{""type"": ""compound_morphology"", ""source"": ""candidate_index"", ""path"": [""regolarizzarti"", ""arti"", ""arti""], ""confidence"": 0.89}]}]}"
it	lemma:2e469e685cc106cf054e	regulile	uncertain	not_admitted_candidate		aggregate_only_not_sense_frequency	"[{""path"": ""associativvordes/family-index-v5/members/it/9f.json.gz"", ""family_id"": ""surface:it:regulil"", ""record_sha256"": ""a639b1e618b6e1248bfcc7c263e8cb58a93631a5ed023d685ed35f4a10ffb67a""}, {""path"": ""associativvordes/family-index-v5/members/it/ed.json.gz"", ""family_id"": ""surface:it:ile"", ""record_sha256"": ""e78dbd05e65f9daa1a1da3584dfc5eb55a25b2f1671fe16e7c77951a7a9d48b5""}]"	"{""lemma_id"": ""lemma:2e469e685cc106cf054e"", ""word"": ""regulile"", ""normalized"": ""regulile"", ""search_form"": ""regulile"", ""rank"": 414392, ""frequency_score"": 0.08315453898636421, ""category_breakdown"": {""subtitles"": {""ipm_values"": [0.005372, 0.004142], ""category_ipm"": 0.004757, ""category_score"": 0.08315453898636421}}, ""sources"": [{""id"": ""subtitles/hermit_2016_it_full_lemmatized_ipm6_spacy_lookup_cleaned_v8.json"", ""file"": ""hermit_2016_it_full_lemmatized_ipm6_spacy_lookup_cleaned_v8.json"", ""category"": ""subtitles"", ""ipm"": 0.005372}, {""id"": ""subtitles/hermit_2018_it_full_lemmatized_ipm6_spacy_lookup_cleaned_v8.json"", ""file"": ""hermit_2018_it_full_lemmatized_ipm6_spacy_lookup_cleaned_v8.json"", ""category"": ""subtitles"", ""ipm"": 0.004142}], ""corpus_quality"": {""status"": ""accepted"", ""reasons"": []}, ""components"": [{""surface"": ""regulil"", ""canonical_candidate"": ""regulil"", ""confidence"": 0.92, ""evidence"": [{""type"": ""morphological_parse"", ""source"": ""candidate_index"", ""path"": [""regulile"", ""regulil"", ""regulil""], ""confidence"": 0.92}]}]}"
it	lemma:2e835aa4308a1b8ad62b	regolamento-tipo	accepted	accepted	regolamentare	aggregate_only_not_sense_frequency	"[{""path"": ""associativvordes/family-index-v5/members/it/40.json.gz"", ""family_id"": ""family:regul"", ""record_sha256"": ""8a37f1bf1bcb15ec0cf3a181c769f1caae90e2c22f3b2b59b13adb2a34f892e8""}, {""path"": ""associativvordes/family-index-v5/members/it/cd.json.gz"", ""family_id"": ""surface:it:regolamentotip"", ""record_sha256"": ""94e903ca746902659bb4cb81a58864bf1a6a1288f1a32abd9319f4bf4886b04b""}]"	"{""lemma_id"": ""lemma:2e835aa4308a1b8ad62b"", ""word"": ""regolamento-tipo"", ""normalized"": ""regolamento-tipo"", ""search_form"": ""regolamento-tipo"", ""rank"": 96926, ""frequency_score"": 1.4756193148711108, ""category_breakdown"": {""web"": {""ipm_values"": [0.087863], ""category_ipm"": 0.087863, ""category_score"": 1.4756193148711108}}, ""sources"": [{""id"": ""web/sorted.it.lemma.unigrams.cleaned_recommended_min100_ipm6.json"", ""file"": ""sorted.it.lemma.unigrams.cleaned_recommended_min100_ipm6.json"", ""category"": ""web"", ""ipm"": 0.087863}], ""corpus_quality"": {""status"": ""accepted"", ""reasons"": []}, ""components"": [{""surface"": ""regol"", ""canonical_candidate"": ""regol"", ""confidence"": 0.97, ""evidence"": [{""type"": ""compound_morphology"", ""source"": ""manually_verified"", ""path"": [""regolamento-tipo"", ""regol"", ""regol""], ""confidence"": 0.97}, {""type"": ""verified_seed_alias"", ""source"": ""methodology_control_seed"", ""path"": [""it"", ""regol"", ""family:regul""], ""confidence"": 1}]}]}"
it	lemma:2efbd6448b414d3b6304	irregolarit	uncertain	not_admitted_candidate		aggregate_only_not_sense_frequency	"[{""path"": ""associativvordes/family-index-v5/members/it/13.json.gz"", ""family_id"": ""surface:it:irregolarit"", ""record_sha256"": ""d1884e29e05db5d00c2decb5298699c7b48a852716fee88608fc15a459a3ad60""}]"	"{""lemma_id"": ""lemma:2efbd6448b414d3b6304"", ""word"": ""irregolarit"", ""normalized"": ""irregolarit"", ""search_form"": ""irregolarit"", ""rank"": 105250, ""frequency_score"": 1.2782341222979428, ""category_breakdown"": {""web"": {""ipm_values"": [0.075677], ""category_ipm"": 0.075677, ""category_score"": 1.2782341222979428}}, ""sources"": [{""id"": ""web/sorted.it.lemma.unigrams.cleaned_recommended_min100_ipm6.json"", ""file"": ""sorted.it.lemma.unigrams.cleaned_recommended_min100_ipm6.json"", ""category"": ""web"", ""ipm"": 0.075677}], ""corpus_quality"": {""status"": ""accepted"", ""reasons"": []}, ""components"": [{""surface"": ""irregolarit"", ""canonical_candidate"": ""irregolarit"", ""confidence"": 0.92, ""evidence"": [{""type"": ""morphological_parse"", ""source"": ""candidate_index"", ""path"": [""irregolarit"", ""irregolarit"", ""irregolarit""], ""confidence"": 0.92}]}]}"
it	lemma:37024d9661346f8e4ec0	regolarmi	accepted	accepted	regolare	aggregate_only_not_sense_frequency	"[{""path"": ""associativvordes/family-index-v5/members/it/40.json.gz"", ""family_id"": ""family:regul"", ""record_sha256"": ""7d8be70700d63e33416bfcb4711d100790d807751d328380620d5f03990bb2df""}, {""path"": ""associativvordes/family-index-v5/members/it/c2.json.gz"", ""family_id"": ""surface:it:regolarm"", ""record_sha256"": ""6e3d15b777739239db354e90fd7bbe52773645c33541d276f8af4459e6aacae4""}]"	"{""lemma_id"": ""lemma:37024d9661346f8e4ec0"", ""word"": ""regolarmi"", ""normalized"": ""regolarmi"", ""search_form"": ""regolarmi"", ""rank"": 52847, ""frequency_score"": 2.8040523689477137, ""category_breakdown"": {""subtitles"": {""ipm_values"": [0.177281, 0.169812], ""category_ipm"": 0.1735465, ""category_score"": 2.8040523689477137}}, ""sources"": [{""id"": ""subtitles/hermit_2016_it_full_lemmatized_ipm6_spacy_lookup_cleaned_v8.json"", ""file"": ""hermit_2016_it_full_lemmatized_ipm6_spacy_lookup_cleaned_v8.json"", ""category"": ""subtitles"", ""ipm"": 0.177281}, {""id"": ""subtitles/hermit_2018_it_full_lemmatized_ipm6_spacy_lookup_cleaned_v8.json"", ""file"": ""hermit_2018_it_full_lemmatized_ipm6_spacy_lookup_cleaned_v8.json"", ""category"": ""subtitles"", ""ipm"": 0.169812}], ""corpus_quality"": {""status"": ""accepted"", ""reasons"": []}, ""components"": [{""surface"": ""regol"", ""canonical_candidate"": ""regol"", ""confidence"": 0.97, ""evidence"": [{""type"": ""compound_morphology"", ""source"": ""manually_verified"", ""path"": [""regolarmi"", ""regol"", ""regol""], ""confidence"": 0.97}, {""type"": ""verified_seed_alias"", ""source"": ""methodology_control_seed"", ""path"": [""it"", ""regol"", ""family:regul""], ""confidence"": 1}]}]}"
it	lemma:3c8a12e64645d983377b	regoliamola	accepted	accepted	regolare	aggregate_only_not_sense_frequency	"[{""path"": ""associativvordes/family-index-v5/members/it/32.json.gz"", ""family_id"": ""surface:it:regoliamol"", ""record_sha256"": ""d480818373370e364e219d797af2e898ff6e9bff7513b866aa836e05407068ed""}, {""path"": ""associativvordes/family-index-v5/members/it/40.json.gz"", ""family_id"": ""family:regul"", ""record_sha256"": ""5a3eb3f68304611c56145b47a2fbd919ac7044f33c4e40a6438f8ec0f44fa4c1""}, {""path"": ""associativvordes/family-index-v5/members/it/5f.json.gz"", ""family_id"": ""surface:it:ola"", ""record_sha256"": ""f17b4de2e30cef5747f4e37fb2b53b5a48ab7e98dd9bde98d163ec4718984591""}]"	"{""lemma_id"": ""lemma:3c8a12e64645d983377b"", ""word"": ""regoliamola"", ""normalized"": ""regoliamola"", ""search_form"": ""regoliamola"", ""rank"": 414362, ""frequency_score"": 0.08315453898636421, ""category_breakdown"": {""subtitles"": {""ipm_values"": [0.005372, 0.004142], ""category_ipm"": 0.004757, ""category_score"": 0.08315453898636421}}, ""sources"": [{""id"": ""subtitles/hermit_2016_it_full_lemmatized_ipm6_spacy_lookup_cleaned_v8.json"", ""file"": ""hermit_2016_it_full_lemmatized_ipm6_spacy_lookup_cleaned_v8.json"", ""category"": ""subtitles"", ""ipm"": 0.005372}, {""id"": ""subtitles/hermit_2018_it_full_lemmatized_ipm6_spacy_lookup_cleaned_v8.json"", ""file"": ""hermit_2018_it_full_lemmatized_ipm6_spacy_lookup_cleaned_v8.json"", ""category"": ""subtitles"", ""ipm"": 0.004142}], ""corpus_quality"": {""status"": ""accepted"", ""reasons"": []}, ""components"": [{""surface"": ""regoliamol"", ""canonical_candidate"": ""regoliamol"", ""confidence"": 0.92, ""evidence"": [{""type"": ""morphological_parse"", ""source"": ""candidate_index"", ""path"": [""regoliamola"", ""regoliamol"", ""regoliamol""], ""confidence"": 0.92}]}]}"
it	lemma:3d737890b3f1f1fbaf4c	regolmento	uncertain	withheld_historical_uncertain		aggregate_only_not_sense_frequency	"[{""path"": ""associativvordes/family-index-v5/members/it/40.json.gz"", ""family_id"": ""family:regul"", ""record_sha256"": ""d6a8a97d0170452c63ea4f22bf889f838ca77051a15298c8acd9373f137b3f2d""}, {""path"": ""associativvordes/family-index-v5/members/it/fc.json.gz"", ""family_id"": ""surface:it:regolment"", ""record_sha256"": ""4274a02b3f26f22ad3eba63e02f5dc8b66964c6202b57387fcf378da9253fa9c""}]"	"{""lemma_id"": ""lemma:3d737890b3f1f1fbaf4c"", ""word"": ""regolmento"", ""normalized"": ""regolmento"", ""search_form"": ""regolmento"", ""rank"": 414367, ""frequency_score"": 0.08315453898636421, ""category_breakdown"": {""subtitles"": {""ipm_values"": [0.005372, 0.004142], ""category_ipm"": 0.004757, ""category_score"": 0.08315453898636421}}, ""sources"": [{""id"": ""subtitles/hermit_2016_it_full_lemmatized_ipm6_spacy_lookup_cleaned_v8.json"", ""file"": ""hermit_2016_it_full_lemmatized_ipm6_spacy_lookup_cleaned_v8.json"", ""category"": ""subtitles"", ""ipm"": 0.005372}, {""id"": ""subtitles/hermit_2018_it_full_lemmatized_ipm6_spacy_lookup_cleaned_v8.json"", ""file"": ""hermit_2018_it_full_lemmatized_ipm6_spacy_lookup_cleaned_v8.json"", ""category"": ""subtitles"", ""ipm"": 0.004142}], ""corpus_quality"": {""status"": ""accepted"", ""reasons"": []}, ""components"": [{""surface"": ""regol"", ""canonical_candidate"": ""regol"", ""confidence"": 0.97, ""evidence"": [{""type"": ""compound_morphology"", ""source"": ""manually_verified"", ""path"": [""regolmento"", ""regol"", ""regol""], ""confidence"": 0.97}, {""type"": ""verified_seed_alias"", ""source"": ""methodology_control_seed"", ""path"": [""it"", ""regol"", ""family:regul""], ""confidence"": 1}]}]}"
it	lemma:3d80f0f7506c281950cf	regolazione	accepted	accepted	regolare	aggregate_only_not_sense_frequency	"[{""path"": ""associativvordes/family-index-v5/members/it/40.json.gz"", ""family_id"": ""family:regul"", ""record_sha256"": ""645e04e61e543b0cd672490ef81fa1d512400a0fb8dd29ddcafd871a4e489b8f""}]"	"{""lemma_id"": ""lemma:3d80f0f7506c281950cf"", ""word"": ""regolazione"", ""normalized"": ""regolazione"", ""search_form"": ""regolazione"", ""rank"": 4554, ""frequency_score"": 29.979428798960125, ""category_breakdown"": {""subtitles"": {""ipm_values"": [0.660774, 0.675104], ""category_ipm"": 0.6679390000000001, ""category_score"": 8.964059020978715}, ""web"": {""ipm_values"": [17.362846], ""category_ipm"": 17.362846, ""category_score"": 50.994798576941534}}, ""sources"": [{""id"": ""subtitles/hermit_2016_it_full_lemmatized_ipm6_spacy_lookup_cleaned_v8.json"", ""file"": ""hermit_2016_it_full_lemmatized_ipm6_spacy_lookup_cleaned_v8.json"", ""category"": ""subtitles"", ""ipm"": 0.660774}, {""id"": ""subtitles/hermit_2018_it_full_lemmatized_ipm6_spacy_lookup_cleaned_v8.json"", ""file"": ""hermit_2018_it_full_lemmatized_ipm6_spacy_lookup_cleaned_v8.json"", ""category"": ""subtitles"", ""ipm"": 0.675104}, {""id"": ""web/sorted.it.lemma.unigrams.cleaned_recommended_min100_ipm6.json"", ""file"": ""sorted.it.lemma.unigrams.cleaned_recommended_min100_ipm6.json"", ""category"": ""web"", ""ipm"": 17.362846}], ""corpus_quality"": {""status"": ""accepted"", ""reasons"": []}, ""components"": [{""surface"": ""regolazione"", ""canonical_candidate"": ""regul"", ""confidence"": 1, ""evidence"": [{""type"": ""manual_override"", ""source"": ""methodology_control_word"", ""path"": [""it"", ""regolazione"", ""family:regul""], ""confidence"": 1}]}]}"
it	lemma:3fa1802e2675ad15eba3	deregulation	uncertain	not_admitted_candidate		aggregate_only_not_sense_frequency	"[{""path"": ""associativvordes/family-index-v5/members/it/3c.json.gz"", ""family_id"": ""surface:it:gulat"", ""record_sha256"": ""400536953f5b65b2a777bedd29555cc722539df04f834a014ef38c3ec2c5d845""}, {""path"": ""associativvordes/family-index-v5/members/it/4a.json.gz"", ""family_id"": ""surface:it:der"", ""record_sha256"": ""10ebcfcbd7f07fb3be2fcce17d577b3d6ba5f408d017a2584443ca6982b13d11""}, {""path"": ""associativvordes/family-index-v5/members/it/c1.json.gz"", ""family_id"": ""surface:it:regula"", ""record_sha256"": ""0be918dd40cf38eb8c3d40cd0ede35f4950a783b2ae94e3315a67db6560b2324""}, {""path"": ""associativvordes/family-index-v5/members/it/e1.json.gz"", ""family_id"": ""surface:it:tion"", ""record_sha256"": ""51cf1892cf463ba7532d1cf313af379cae747dd4172103b377dfd7313ed78687""}]"	"{""lemma_id"": ""lemma:3fa1802e2675ad15eba3"", ""word"": ""deregulation"", ""normalized"": ""deregulation"", ""search_form"": ""deregulation"", ""rank"": 20677, ""frequency_score"": 8.345853671502216, ""category_breakdown"": {""subtitles"": {""ipm_values"": [0.032233, 0.028992], ""category_ipm"": 0.0306125, ""category_score"": 0.5283459456120411}, ""web"": {""ipm_values"": [1.515473], ""category_ipm"": 1.515473, ""category_score"": 16.16336139739239}}, ""sources"": [{""id"": ""subtitles/hermit_2016_it_full_lemmatized_ipm6_spacy_lookup_cleaned_v8.json"", ""file"": ""hermit_2016_it_full_lemmatized_ipm6_spacy_lookup_cleaned_v8.json"", ""category"": ""subtitles"", ""ipm"": 0.032233}, {""id"": ""subtitles/hermit_2018_it_full_lemmatized_ipm6_spacy_lookup_cleaned_v8.json"", ""file"": ""hermit_2018_it_full_lemmatized_ipm6_spacy_lookup_cleaned_v8.json"", ""category"": ""subtitles"", ""ipm"": 0.028992}, {""id"": ""web/sorted.it.lemma.unigrams.cleaned_recommended_min100_ipm6.json"", ""file"": ""sorted.it.lemma.unigrams.cleaned_recommended_min100_ipm6.json"", ""category"": ""web"", ""ipm"": 1.515473}], ""corpus_quality"": {""status"": ""accepted"", ""reasons"": []}, ""components"": [{""surface"": ""gulat"", ""canonical_candidate"": ""gulat"", ""confidence"": 0.81, ""evidence"": [{""type"": ""compound_morphology"", ""source"": ""candidate_index"", ""path"": [""deregulation"", ""gulat"", ""gulat""], ""confidence"": 0.81}]}]}"
it	lemma:42aad2a0c96b765e6270	regolarle	accepted	accepted	regolare	aggregate_only_not_sense_frequency	"[{""path"": ""associativvordes/family-index-v5/members/it/40.json.gz"", ""family_id"": ""family:regul"", ""record_sha256"": ""5257618a76d05eae54a39c606885770a7c0e40b961024b82d9a86fc4a9e1dea3""}, {""path"": ""associativvordes/family-index-v5/members/it/55.json.gz"", ""family_id"": ""surface:it:regolarl"", ""record_sha256"": ""5ef85649417fd8e4934569f407fcdcad0a580190a9a103f42ef89afc4c5e1e45""}]"	"{""lemma_id"": ""lemma:42aad2a0c96b765e6270"", ""word"": ""regolarle"", ""normalized"": ""regolarle"", ""search_form"": ""regolarle"", ""rank"": 213271, ""frequency_score"": 0.20181690733514077, ""category_breakdown"": {""subtitles"": {""ipm_values"": [0.010744, 0.012425], ""category_ipm"": 0.011584500000000001, ""category_score"": 0.20181690733514077}}, ""sources"": [{""id"": ""subtitles/hermit_2016_it_full_lemmatized_ipm6_spacy_lookup_cleaned_v8.json"", ""file"": ""hermit_2016_it_full_lemmatized_ipm6_spacy_lookup_cleaned_v8.json"", ""category"": ""subtitles"", ""ipm"": 0.010744}, {""id"": ""subtitles/hermit_2018_it_full_lemmatized_ipm6_spacy_lookup_cleaned_v8.json"", ""file"": ""hermit_2018_it_full_lemmatized_ipm6_spacy_lookup_cleaned_v8.json"", ""category"": ""subtitles"", ""ipm"": 0.012425}], ""corpus_quality"": {""status"": ""accepted"", ""reasons"": []}, ""components"": [{""surface"": ""regol"", ""canonical_candidate"": ""regol"", ""confidence"": 0.97, ""evidence"": [{""type"": ""compound_morphology"", ""source"": ""manually_verified"", ""path"": [""regolarle"", ""regol"", ""regol""], ""confidence"": 0.97}, {""type"": ""verified_seed_alias"", ""source"": ""methodology_control_seed"", ""path"": [""it"", ""regol"", ""family:regul""], ""confidence"": 1}]}]}"
it	lemma:43a1533b7e043ff5256c	regolandomi	accepted	accepted	regolare	aggregate_only_not_sense_frequency	"[{""path"": ""associativvordes/family-index-v5/members/it/3a.json.gz"", ""family_id"": ""surface:it:omi"", ""record_sha256"": ""44fd04ffe8623bfcb6ebd91f99731dc21aa4a2a6ac63da9880131ff27dccab02""}, {""path"": ""associativvordes/family-index-v5/members/it/40.json.gz"", ""family_id"": ""family:regul"", ""record_sha256"": ""c25a76c40aed2ab400c53f3a487c73681d19dc284203b32c3ec4e14123870c0b""}, {""path"": ""associativvordes/family-index-v5/members/it/e5.json.gz"", ""family_id"": ""surface:it:regolandom"", ""record_sha256"": ""90139d619a93dacf83393b5114ea174566550343014eb3a9c3de1e48fb6904d9""}]"	"{""lemma_id"": ""lemma:43a1533b7e043ff5256c"", ""word"": ""regolandomi"", ""normalized"": ""regolandomi"", ""search_form"": ""regolandomi"", ""rank"": 274195, ""frequency_score"": 0.1445369693373807, ""category_breakdown"": {""subtitles"": {""ipm_values"": [0.008283], ""category_ipm"": 0.008283, ""category_score"": 0.1445369693373807}}, ""sources"": [{""id"": ""subtitles/hermit_2018_it_full_lemmatized_ipm6_spacy_lookup_cleaned_v8.json"", ""file"": ""hermit_2018_it_full_lemmatized_ipm6_spacy_lookup_cleaned_v8.json"", ""category"": ""subtitles"", ""ipm"": 0.008283}], ""corpus_quality"": {""status"": ""accepted"", ""reasons"": []}, ""components"": [{""surface"": ""omi"", ""canonical_candidate"": ""omi"", ""confidence"": 0.89, ""evidence"": [{""type"": ""compound_morphology"", ""source"": ""candidate_index"", ""path"": [""regolandomi"", ""omi"", ""omi""], ""confidence"": 0.89}]}]}"
it	lemma:475c50b20c0f8d167483	regolamente	uncertain	withheld_historical_uncertain		aggregate_only_not_sense_frequency	"[{""path"": ""associativvordes/family-index-v5/members/it/2f.json.gz"", ""family_id"": ""surface:it:regolament"", ""record_sha256"": ""7705bc6a3e55a90b70813a0397a723a0c061c72de67be8ff29b38ce4593835f3""}, {""path"": ""associativvordes/family-index-v5/members/it/40.json.gz"", ""family_id"": ""family:regul"", ""record_sha256"": ""f7f2b42cfb1295e7ca3cb86bde84dd7cded20254db5b570f2c577259c6dd5966""}]"	"{""lemma_id"": ""lemma:475c50b20c0f8d167483"", ""word"": ""regolamente"", ""normalized"": ""regolamente"", ""search_form"": ""regolamente"", ""rank"": 107414, ""frequency_score"": 0.6544142351394051, ""category_breakdown"": {""subtitles"": {""ipm_values"": [0.004142], ""category_ipm"": 0.004142, ""category_score"": 0.07242624270174723}, ""web"": {""ipm_values"": [0.073112], ""category_ipm"": 0.073112, ""category_score"": 1.236402227577063}}, ""sources"": [{""id"": ""subtitles/hermit_2018_it_full_lemmatized_ipm6_spacy_lookup_cleaned_v8.json"", ""file"": ""hermit_2018_it_full_lemmatized_ipm6_spacy_lookup_cleaned_v8.json"", ""category"": ""subtitles"", ""ipm"": 0.004142}, {""id"": ""web/sorted.it.lemma.unigrams.cleaned_recommended_min100_ipm6.json"", ""file"": ""sorted.it.lemma.unigrams.cleaned_recommended_min100_ipm6.json"", ""category"": ""web"", ""ipm"": 0.073112}], ""corpus_quality"": {""status"": ""accepted"", ""reasons"": []}, ""components"": [{""surface"": ""regolament"", ""canonical_candidate"": ""regolament"", ""confidence"": 0.92, ""evidence"": [{""type"": ""morphological_parse"", ""source"": ""candidate_index"", ""path"": [""regolamente"", ""regolament"", ""regolament""], ""confidence"": 0.92}]}]}"
it	lemma:489b3ec4d00953439bf7	regolamentarla	accepted	accepted	regolamentare	aggregate_only_not_sense_frequency	"[{""path"": ""associativvordes/family-index-v5/members/it/40.json.gz"", ""family_id"": ""family:regul"", ""record_sha256"": ""9d80d065bc2412f8da74e83143aefd2b78bd31dbcdc7d6b281b27d8a4edf08e1""}, {""path"": ""associativvordes/family-index-v5/members/it/8c.json.gz"", ""family_id"": ""surface:it:regolamentarl"", ""record_sha256"": ""155d53bcc77f33e9a4a438cb8c9d2ee6e59187341e1b80548a0a9ebfc8d4f2eb""}]"	"{""lemma_id"": ""lemma:489b3ec4d00953439bf7"", ""word"": ""regolamentarla"", ""normalized"": ""regolamentarla"", ""search_form"": ""regolamentarla"", ""rank"": 181540, ""frequency_score"": 0.28402140444516405, ""category_breakdown"": {""subtitles"": {""ipm_values"": [0.016116, 0.016567], ""category_ipm"": 0.0163415, ""category_score"": 0.28402140444516405}}, ""sources"": [{""id"": ""subtitles/hermit_2016_it_full_lemmatized_ipm6_spacy_lookup_cleaned_v8.json"", ""file"": ""hermit_2016_it_full_lemmatized_ipm6_spacy_lookup_cleaned_v8.json"", ""category"": ""subtitles"", ""ipm"": 0.016116}, {""id"": ""subtitles/hermit_2018_it_full_lemmatized_ipm6_spacy_lookup_cleaned_v8.json"", ""file"": ""hermit_2018_it_full_lemmatized_ipm6_spacy_lookup_cleaned_v8.json"", ""category"": ""subtitles"", ""ipm"": 0.016567}], ""corpus_quality"": {""status"": ""accepted"", ""reasons"": []}, ""components"": [{""surface"": ""regol"", ""canonical_candidate"": ""regol"", ""confidence"": 0.97, ""evidence"": [{""type"": ""compound_morphology"", ""source"": ""manually_verified"", ""path"": [""regolamentarla"", ""regol"", ""regol""], ""confidence"": 0.97}, {""type"": ""verified_seed_alias"", ""source"": ""methodology_control_seed"", ""path"": [""it"", ""regol"", ""family:regul""], ""confidence"": 1}]}]}"
it	lemma:4954949dfdc26f946e4f	regolarti	accepted	accepted	regolare	aggregate_only_not_sense_frequency	"[{""path"": ""associativvordes/family-index-v5/members/it/27.json.gz"", ""family_id"": ""surface:it:arti"", ""record_sha256"": ""80ae0126db55ccc7b03aa22105ddad9e642914cd021e612bdd42da1ac8e754de""}, {""path"": ""associativvordes/family-index-v5/members/it/40.json.gz"", ""family_id"": ""family:regul"", ""record_sha256"": ""a4d82167ee238893e472219b3d91653fc04d21da60b41000802cc84f9e3cfa15""}, {""path"": ""associativvordes/family-index-v5/members/it/bd.json.gz"", ""family_id"": ""surface:it:regolart"", ""record_sha256"": ""19f9d396d42b8ffb610a551ee3d87d9c1924f2dd507ac73bd713c970866118d6""}]"	"{""lemma_id"": ""lemma:4954949dfdc26f946e4f"", ""word"": ""regolarti"", ""normalized"": ""regolarti"", ""search_form"": ""regolarti"", ""rank"": 70690, ""frequency_score"": 1.6156945318250047, ""category_breakdown"": {""subtitles"": {""ipm_values"": [0.102071, 0.091118], ""category_ipm"": 0.0965945, ""category_score"": 1.6156945318250047}}, ""sources"": [{""id"": ""subtitles/hermit_2016_it_full_lemmatized_ipm6_spacy_lookup_cleaned_v8.json"", ""file"": ""hermit_2016_it_full_lemmatized_ipm6_spacy_lookup_cleaned_v8.json"", ""category"": ""subtitles"", ""ipm"": 0.102071}, {""id"": ""subtitles/hermit_2018_it_full_lemmatized_ipm6_spacy_lookup_cleaned_v8.json"", ""file"": ""hermit_2018_it_full_lemmatized_ipm6_spacy_lookup_cleaned_v8.json"", ""category"": ""subtitles"", ""ipm"": 0.091118}], ""corpus_quality"": {""status"": ""accepted"", ""reasons"": []}, ""components"": [{""surface"": ""arti"", ""canonical_candidate"": ""arti"", ""confidence"": 0.89, ""evidence"": [{""type"": ""compound_morphology"", ""source"": ""candidate_index"", ""path"": [""regolarti"", ""arti"", ""arti""], ""confidence"": 0.89}]}]}"
it	lemma:49670d65cafc03d40c9b	regulatori	uncertain	not_admitted_candidate		aggregate_only_not_sense_frequency	"[{""path"": ""associativvordes/family-index-v5/members/it/aa.json.gz"", ""family_id"": ""surface:it:atori"", ""record_sha256"": ""0644343cb2e023dbe604443b3502cfaa3a6e4bd642a2d2c32cd48b2b0a18377b""}, {""path"": ""associativvordes/family-index-v5/members/it/f6.json.gz"", ""family_id"": ""surface:it:regulator"", ""record_sha256"": ""a530ca27d61ae8e49e758cf609ff536d36a880a94fb13b18ccc948cbbf7de5db""}]"	"{""lemma_id"": ""lemma:49670d65cafc03d40c9b"", ""word"": ""regulatori"", ""normalized"": ""regulatori"", ""search_form"": ""regulatori"", ""rank"": 414390, ""frequency_score"": 0.08315453898636421, ""category_breakdown"": {""subtitles"": {""ipm_values"": [0.005372, 0.004142], ""category_ipm"": 0.004757, ""category_score"": 0.08315453898636421}}, ""sources"": [{""id"": ""subtitles/hermit_2016_it_full_lemmatized_ipm6_spacy_lookup_cleaned_v8.json"", ""file"": ""hermit_2016_it_full_lemmatized_ipm6_spacy_lookup_cleaned_v8.json"", ""category"": ""subtitles"", ""ipm"": 0.005372}, {""id"": ""subtitles/hermit_2018_it_full_lemmatized_ipm6_spacy_lookup_cleaned_v8.json"", ""file"": ""hermit_2018_it_full_lemmatized_ipm6_spacy_lookup_cleaned_v8.json"", ""category"": ""subtitles"", ""ipm"": 0.004142}], ""corpus_quality"": {""status"": ""accepted"", ""reasons"": []}, ""components"": [{""surface"": ""atori"", ""canonical_candidate"": ""atori"", ""confidence"": 0.89, ""evidence"": [{""type"": ""compound_morphology"", ""source"": ""candidate_index"", ""path"": [""regulatori"", ""atori"", ""atori""], ""confidence"": 0.89}]}]}"
it	lemma:49a1b3468372e3442cf9	regolamentiamolo	accepted	accepted	regolamentare	aggregate_only_not_sense_frequency	"[{""path"": ""associativvordes/family-index-v5/members/it/3d.json.gz"", ""family_id"": ""ety:372bffacaf27"", ""record_sha256"": ""deacc330286f0266f081258c64f28e34f6bfca7ed4262008a5766b0f8ed6c4c8""}, {""path"": ""associativvordes/family-index-v5/members/it/40.json.gz"", ""family_id"": ""family:regul"", ""record_sha256"": ""bb50ca1ec735b798e21476ac4186df26b8b6c3b582baf9aa201423162b153334""}, {""path"": ""associativvordes/family-index-v5/members/it/6f.json.gz"", ""family_id"": ""surface:it:regolamentiamol"", ""record_sha256"": ""511db6b2e2565ca01540364c9d00e2b92d7e0e98edb6956fedfeceba62e6f6f0""}]"	"{""lemma_id"": ""lemma:49a1b3468372e3442cf9"", ""word"": ""regolamentiamolo"", ""normalized"": ""regolamentiamolo"", ""search_form"": ""regolamentiamolo"", ""rank"": 414342, ""frequency_score"": 0.08315453898636421, ""category_breakdown"": {""subtitles"": {""ipm_values"": [0.005372, 0.004142], ""category_ipm"": 0.004757, ""category_score"": 0.08315453898636421}}, ""sources"": [{""id"": ""subtitles/hermit_2016_it_full_lemmatized_ipm6_spacy_lookup_cleaned_v8.json"", ""file"": ""hermit_2016_it_full_lemmatized_ipm6_spacy_lookup_cleaned_v8.json"", ""category"": ""subtitles"", ""ipm"": 0.005372}, {""id"": ""subtitles/hermit_2018_it_full_lemmatized_ipm6_spacy_lookup_cleaned_v8.json"", ""file"": ""hermit_2018_it_full_lemmatized_ipm6_spacy_lookup_cleaned_v8.json"", ""category"": ""subtitles"", ""ipm"": 0.004142}], ""corpus_quality"": {""status"": ""accepted"", ""reasons"": []}, ""components"": [{""surface"": ""molo"", ""canonical_candidate"": ""molo"", ""confidence"": 0.89, ""evidence"": [{""type"": ""compound_morphology"", ""source"": ""candidate_index"", ""path"": [""regolamentiamolo"", ""molo"", ""molo""], ""confidence"": 0.89}]}]}"
it	lemma:4a37edb1cea4cab37a4a	autoregolamentatore	accepted	accepted	regolamentare	aggregate_only_not_sense_frequency	"[{""path"": ""associativvordes/family-index-v5/members/it/40.json.gz"", ""family_id"": ""family:regul"", ""record_sha256"": ""4506fab4cbc177710384b0b5d187e25b66cdbde44ab1fb7014966a5ab15610d3""}, {""path"": ""associativvordes/family-index-v5/members/it/49.json.gz"", ""family_id"": ""ety:0cc1db2776a2"", ""record_sha256"": ""db11440dc069d87076256f3a1dddeee5a1937856368438c0e5020da9e4c0606b""}, {""path"": ""associativvordes/family-index-v5/members/it/7c.json.gz"", ""family_id"": ""surface:it:autoregolamentator"", ""record_sha256"": ""bf7a705ce2dd8143a727f3bd6525854b72447d661774f27c02f21cbff734d763""}]"	"{""lemma_id"": ""lemma:4a37edb1cea4cab37a4a"", ""word"": ""autoregolamentatore"", ""normalized"": ""autoregolamentatore"", ""search_form"": ""autoregolamentatore"", ""rank"": 312547, ""frequency_score"": 0.07242624270174723, ""category_breakdown"": {""subtitles"": {""ipm_values"": [0.004142], ""category_ipm"": 0.004142, ""category_score"": 0.07242624270174723}}, ""sources"": [{""id"": ""subtitles/hermit_2018_it_full_lemmatized_ipm6_spacy_lookup_cleaned_v8.json"", ""file"": ""hermit_2018_it_full_lemmatized_ipm6_spacy_lookup_cleaned_v8.json"", ""category"": ""subtitles"", ""ipm"": 0.004142}], ""corpus_quality"": {""status"": ""accepted"", ""reasons"": []}, ""components"": [{""surface"": ""regol"", ""canonical_candidate"": ""regol"", ""confidence"": 0.97, ""evidence"": [{""type"": ""compound_morphology"", ""source"": ""manually_verified"", ""path"": [""autoregolamentatore"", ""regol"", ""regol""], ""confidence"": 0.97}, {""type"": ""verified_seed_alias"", ""source"": ""methodology_control_seed"", ""path"": [""it"", ""regol"", ""family:regul""], ""confidence"": 1}]}]}"
it	lemma:4bb0ea8369608c3ffa03	termoregolato	accepted	accepted	regolare	aggregate_only_not_sense_frequency	"[{""path"": ""associativvordes/family-index-v5/members/it/40.json.gz"", ""family_id"": ""family:regul"", ""record_sha256"": ""efd2e03fde07870ac1c78fa25471793e1406d7a97c28b6f176380a86c1335fc2""}, {""path"": ""associativvordes/family-index-v5/members/it/fa.json.gz"", ""family_id"": ""surface:it:termoregolat"", ""record_sha256"": ""046866168242160d170831efc08bf1a2ec1e06e30b708d91cc58a7f837b82a1e""}]"	"{""lemma_id"": ""lemma:4bb0ea8369608c3ffa03"", ""word"": ""termoregolato"", ""normalized"": ""termoregolato"", ""search_form"": ""termoregolato"", ""rank"": 454481, ""frequency_score"": 0.08315453898636421, ""category_breakdown"": {""subtitles"": {""ipm_values"": [0.005372, 0.004142], ""category_ipm"": 0.004757, ""category_score"": 0.08315453898636421}}, ""sources"": [{""id"": ""subtitles/hermit_2016_it_full_lemmatized_ipm6_spacy_lookup_cleaned_v8.json"", ""file"": ""hermit_2016_it_full_lemmatized_ipm6_spacy_lookup_cleaned_v8.json"", ""category"": ""subtitles"", ""ipm"": 0.005372}, {""id"": ""subtitles/hermit_2018_it_full_lemmatized_ipm6_spacy_lookup_cleaned_v8.json"", ""file"": ""hermit_2018_it_full_lemmatized_ipm6_spacy_lookup_cleaned_v8.json"", ""category"": ""subtitles"", ""ipm"": 0.004142}], ""corpus_quality"": {""status"": ""accepted"", ""reasons"": []}, ""components"": [{""surface"": ""regol"", ""canonical_candidate"": ""regol"", ""confidence"": 0.97, ""evidence"": [{""type"": ""compound_morphology"", ""source"": ""manually_verified"", ""path"": [""termoregolato"", ""regol"", ""regol""], ""confidence"": 0.97}, {""type"": ""verified_seed_alias"", ""source"": ""methodology_control_seed"", ""path"": [""it"", ""regol"", ""family:regul""], ""confidence"": 1}]}]}"
it	lemma:4d234ec11203ced30818	regolarmente	accepted	accepted	regolare	aggregate_only_not_sense_frequency	"[{""path"": ""associativvordes/family-index-v5/members/it/40.json.gz"", ""family_id"": ""family:regul"", ""record_sha256"": ""01279c8fb3be27a838d254ff68809e022269a35cc51c05977c4ad1480cb2f050""}, {""path"": ""associativvordes/family-index-v5/members/it/bf.json.gz"", ""family_id"": ""surface:it:regolarment"", ""record_sha256"": ""c791e07199112faac0ae5d6fc414e9b421d82eda12c09e209330f05fca021e55""}]"	"{""lemma_id"": ""lemma:4d234ec11203ced30818"", ""word"": ""regolarmente"", ""normalized"": ""regolarmente"", ""search_form"": ""regolarmente"", ""rank"": 3049, ""frequency_score"": 48.08538656217352, ""category_breakdown"": {""subtitles"": {""ipm_values"": [6.48955, 6.564666], ""category_ipm"": 6.527108, ""category_score"": 35.368352995791156}, ""web"": {""ipm_values"": [31.138708], ""category_ipm"": 31.138708, ""category_score"": 60.80242012855588}}, ""sources"": [{""id"": ""subtitles/hermit_2016_it_full_lemmatized_ipm6_spacy_lookup_cleaned_v8.json"", ""file"": ""hermit_2016_it_full_lemmatized_ipm6_spacy_lookup_cleaned_v8.json"", ""category"": ""subtitles"", ""ipm"": 6.48955}, {""id"": ""subtitles/hermit_2018_it_full_lemmatized_ipm6_spacy_lookup_cleaned_v8.json"", ""file"": ""hermit_2018_it_full_lemmatized_ipm6_spacy_lookup_cleaned_v8.json"", ""category"": ""subtitles"", ""ipm"": 6.564666}, {""id"": ""web/sorted.it.lemma.unigrams.cleaned_recommended_min100_ipm6.json"", ""file"": ""sorted.it.lemma.unigrams.cleaned_recommended_min100_ipm6.json"", ""category"": ""web"", ""ipm"": 31.138708}], ""corpus_quality"": {""status"": ""accepted"", ""reasons"": []}, ""components"": [{""surface"": ""regol"", ""canonical_candidate"": ""regol"", ""confidence"": 0.97, ""evidence"": [{""type"": ""compound_morphology"", ""source"": ""manually_verified"", ""path"": [""regolarmente"", ""regol"", ""regol""], ""confidence"": 0.97}, {""type"": ""verified_seed_alias"", ""source"": ""methodology_control_seed"", ""path"": [""it"", ""regol"", ""family:regul""], ""confidence"": 1}]}]}"
it	lemma:4deca363635bd4c53d30	rregolare	uncertain	not_admitted_candidate		aggregate_only_not_sense_frequency	"[{""path"": ""associativvordes/family-index-v5/members/it/43.json.gz"", ""family_id"": ""surface:it:rregolar"", ""record_sha256"": ""12d54a75ea2216bf77359c3ebc510988c2f98cada1c5d11991fdb874e21432b1""}]"	"{""lemma_id"": ""lemma:4deca363635bd4c53d30"", ""word"": ""rregolare"", ""normalized"": ""rregolare"", ""search_form"": ""rregolare"", ""rank"": 423889, ""frequency_score"": 0.08315453898636421, ""category_breakdown"": {""subtitles"": {""ipm_values"": [0.005372, 0.004142], ""category_ipm"": 0.004757, ""category_score"": 0.08315453898636421}}, ""sources"": [{""id"": ""subtitles/hermit_2016_it_full_lemmatized_ipm6_spacy_lookup_cleaned_v8.json"", ""file"": ""hermit_2016_it_full_lemmatized_ipm6_spacy_lookup_cleaned_v8.json"", ""category"": ""subtitles"", ""ipm"": 0.005372}, {""id"": ""subtitles/hermit_2018_it_full_lemmatized_ipm6_spacy_lookup_cleaned_v8.json"", ""file"": ""hermit_2018_it_full_lemmatized_ipm6_spacy_lookup_cleaned_v8.json"", ""category"": ""subtitles"", ""ipm"": 0.004142}], ""corpus_quality"": {""status"": ""accepted"", ""reasons"": []}, ""components"": [{""surface"": ""rregolar"", ""canonical_candidate"": ""rregolar"", ""confidence"": 0.92, ""evidence"": [{""type"": ""morphological_parse"", ""source"": ""candidate_index"", ""path"": [""rregolare"", ""rregolar"", ""rregolar""], ""confidence"": 0.92}]}]}"
it	lemma:4e6906acc56b087da9e8	neregula	uncertain	not_admitted_candidate		aggregate_only_not_sense_frequency	"[{""path"": ""associativvordes/family-index-v5/members/it/20.json.gz"", ""family_id"": ""surface:it:gula"", ""record_sha256"": ""41cd26419c815561e1ef58e6aa0fe269f6068e965fb0a59f21eecdd0ad54cf71""}, {""path"": ""associativvordes/family-index-v5/members/it/41.json.gz"", ""family_id"": ""surface:it:neregul"", ""record_sha256"": ""7c3d412621d40e5ce09872ca943d5bb2b4cd843912870bbf1362c68e8c95d075""}]"	"{""lemma_id"": ""lemma:4e6906acc56b087da9e8"", ""word"": ""neregula"", ""normalized"": ""neregula"", ""search_form"": ""neregula"", ""rank"": 385259, ""frequency_score"": 0.08315453898636421, ""category_breakdown"": {""subtitles"": {""ipm_values"": [0.005372, 0.004142], ""category_ipm"": 0.004757, ""category_score"": 0.08315453898636421}}, ""sources"": [{""id"": ""subtitles/hermit_2016_it_full_lemmatized_ipm6_spacy_lookup_cleaned_v8.json"", ""file"": ""hermit_2016_it_full_lemmatized_ipm6_spacy_lookup_cleaned_v8.json"", ""category"": ""subtitles"", ""ipm"": 0.005372}, {""id"": ""subtitles/hermit_2018_it_full_lemmatized_ipm6_spacy_lookup_cleaned_v8.json"", ""file"": ""hermit_2018_it_full_lemmatized_ipm6_spacy_lookup_cleaned_v8.json"", ""category"": ""subtitles"", ""ipm"": 0.004142}], ""corpus_quality"": {""status"": ""accepted"", ""reasons"": []}, ""components"": [{""surface"": ""gula"", ""canonical_candidate"": ""gula"", ""confidence"": 0.89, ""evidence"": [{""type"": ""compound_morphology"", ""source"": ""candidate_index"", ""path"": [""neregula"", ""gula"", ""gula""], ""confidence"": 0.89}]}]}"
it	lemma:4fa1669c3d7f58ade0ec	autoregolarci	accepted	accepted	regolare	aggregate_only_not_sense_frequency	"[{""path"": ""associativvordes/family-index-v5/members/it/40.json.gz"", ""family_id"": ""family:regul"", ""record_sha256"": ""6086095c3134efcb2351def45833c41680b98f25724d96cbb1348971bc9a3de1""}, {""path"": ""associativvordes/family-index-v5/members/it/88.json.gz"", ""family_id"": ""surface:it:arci"", ""record_sha256"": ""c44aa9034d7dc9f4119ae0d81650a7a465d8752e53282727139eb52e9bd2a213""}, {""path"": ""associativvordes/family-index-v5/members/it/d3.json.gz"", ""family_id"": ""surface:it:autoregolarc"", ""record_sha256"": ""8bd6927cd793cdff0444951143c5f079dd969e6414e797397bbddcc9ff55e88a""}]"	"{""lemma_id"": ""lemma:4fa1669c3d7f58ade0ec"", ""word"": ""autoregolarci"", ""normalized"": ""autoregolarci"", ""search_form"": ""autoregolarci"", ""rank"": 276481, ""frequency_score"": 0.09387627061505811, ""category_breakdown"": {""subtitles"": {""ipm_values"": [0.005372], ""category_ipm"": 0.005372, ""category_score"": 0.09387627061505811}}, ""sources"": [{""id"": ""subtitles/hermit_2016_it_full_lemmatized_ipm6_spacy_lookup_cleaned_v8.json"", ""file"": ""hermit_2016_it_full_lemmatized_ipm6_spacy_lookup_cleaned_v8.json"", ""category"": ""subtitles"", ""ipm"": 0.005372}], ""corpus_quality"": {""status"": ""accepted"", ""reasons"": []}, ""components"": [{""surface"": ""regol"", ""canonical_candidate"": ""regol"", ""confidence"": 0.97, ""evidence"": [{""type"": ""compound_morphology"", ""source"": ""manually_verified"", ""path"": [""autoregolarci"", ""regol"", ""regol""], ""confidence"": 0.97}, {""type"": ""verified_seed_alias"", ""source"": ""methodology_control_seed"", ""path"": [""it"", ""regol"", ""family:regul""], ""confidence"": 1}]}]}"
it	lemma:506e939376bcb503f0aa	dregole	uncertain	not_admitted_candidate		aggregate_only_not_sense_frequency	"[{""path"": ""associativvordes/family-index-v5/members/it/13.json.gz"", ""family_id"": ""surface:it:ole"", ""record_sha256"": ""16c2ff003e275593cac3b9a01ba68cd27d7f9a26eaffb365703d006f0fec9936""}, {""path"": ""associativvordes/family-index-v5/members/it/5a.json.gz"", ""family_id"": ""surface:it:dregol"", ""record_sha256"": ""a4ed72ade619bdb45064d38d00acf2b2f1e706d74ec426e3c530a7629badd6c8""}]"	"{""lemma_id"": ""lemma:506e939376bcb503f0aa"", ""word"": ""dregole"", ""normalized"": ""dregole"", ""search_form"": ""dregole"", ""rank"": 197122, ""frequency_score"": 0.21636945157930348, ""category_breakdown"": {""subtitles"": {""ipm_values"": [0.012425], ""category_ipm"": 0.012425, ""category_score"": 0.21636945157930348}}, ""sources"": [{""id"": ""subtitles/hermit_2018_it_full_lemmatized_ipm6_spacy_lookup_cleaned_v8.json"", ""file"": ""hermit_2018_it_full_lemmatized_ipm6_spacy_lookup_cleaned_v8.json"", ""category"": ""subtitles"", ""ipm"": 0.012425}], ""corpus_quality"": {""status"": ""accepted"", ""reasons"": []}, ""components"": [{""surface"": ""ole"", ""canonical_candidate"": ""ole"", ""confidence"": 0.89, ""evidence"": [{""type"": ""compound_morphology"", ""source"": ""candidate_index"", ""path"": [""dregole"", ""ole"", ""ole""], ""confidence"": 0.89}]}]}"
it	lemma:52781ef449d8865eda3f	regulatory	uncertain	not_admitted_candidate		aggregate_only_not_sense_frequency	"[{""path"": ""associativvordes/family-index-v5/members/it/3c.json.gz"", ""family_id"": ""surface:it:gulat"", ""record_sha256"": ""99f615c14f82231c2c8f0146d0754d724009f7610898209b51cd3d3b34877875""}, {""path"": ""associativvordes/family-index-v5/members/it/c1.json.gz"", ""family_id"": ""surface:it:regula"", ""record_sha256"": ""f4fe2711b7b5519cb62a5682b91ec46af10fb545f555ed7c0e884b3d08bdeca2""}, {""path"": ""associativvordes/family-index-v5/members/it/fd.json.gz"", ""family_id"": ""surface:it:ory"", ""record_sha256"": ""0d8fca713648c8ca307149d590a714ae7c3e8cb911dd6e1fb1e1b0c67cb9dde1""}]"	"{""lemma_id"": ""lemma:52781ef449d8865eda3f"", ""word"": ""regulatory"", ""normalized"": ""regulatory"", ""search_form"": ""regulatory"", ""rank"": 47733, ""frequency_score"": 4.949929031625631, ""category_breakdown"": {""web"": {""ipm_values"": [0.326439], ""category_ipm"": 0.326439, ""category_score"": 4.949929031625631}}, ""sources"": [{""id"": ""web/sorted.it.lemma.unigrams.cleaned_recommended_min100_ipm6.json"", ""file"": ""sorted.it.lemma.unigrams.cleaned_recommended_min100_ipm6.json"", ""category"": ""web"", ""ipm"": 0.326439}], ""corpus_quality"": {""status"": ""accepted"", ""reasons"": []}, ""components"": [{""surface"": ""gulat"", ""canonical_candidate"": ""gulat"", ""confidence"": 0.81, ""evidence"": [{""type"": ""compound_morphology"", ""source"": ""candidate_index"", ""path"": [""regulatory"", ""gulat"", ""gulat""], ""confidence"": 0.81}]}]}"
it	lemma:55dd5fb0c6f9db9505c8	regolara	uncertain	withheld_historical_uncertain		aggregate_only_not_sense_frequency	"[{""path"": ""associativvordes/family-index-v5/members/it/1b.json.gz"", ""family_id"": ""surface:it:regolar"", ""record_sha256"": ""dc5d0a3cf3cf14a1adf8005b7218c162913080eb44d26ab224978cf70ed03b57""}, {""path"": ""associativvordes/family-index-v5/members/it/40.json.gz"", ""family_id"": ""family:regul"", ""record_sha256"": ""191d7f1834e5f0870af7b2a091c650b0fef208a51e62a1870ce449238c87b705""}, {""path"": ""associativvordes/family-index-v5/members/it/9d.json.gz"", ""family_id"": ""surface:it:lara"", ""record_sha256"": ""b82133b9ad0f93c91314e7cd3da4e817826fb2b231a1c47738f800addd31df1a""}]"	"{""lemma_id"": ""lemma:55dd5fb0c6f9db9505c8"", ""word"": ""regolara"", ""normalized"": ""regolara"", ""search_form"": ""regolara"", ""rank"": 242512, ""frequency_score"": 0.18725226672300513, ""category_breakdown"": {""subtitles"": {""ipm_values"": [0.010744], ""category_ipm"": 0.010744, ""category_score"": 0.18725226672300513}}, ""sources"": [{""id"": ""subtitles/hermit_2016_it_full_lemmatized_ipm6_spacy_lookup_cleaned_v8.json"", ""file"": ""hermit_2016_it_full_lemmatized_ipm6_spacy_lookup_cleaned_v8.json"", ""category"": ""subtitles"", ""ipm"": 0.010744}], ""corpus_quality"": {""status"": ""accepted"", ""reasons"": []}, ""components"": [{""surface"": ""regolar"", ""canonical_candidate"": ""regolar"", ""confidence"": 0.92, ""evidence"": [{""type"": ""morphological_parse"", ""source"": ""candidate_index"", ""path"": [""regolara"", ""regolar"", ""regolar""], ""confidence"": 0.92}]}]}"
it	lemma:578ba01c0f2cee843f00	regolamento	accepted	accepted	regolamentare	aggregate_only_not_sense_frequency	"[{""path"": ""associativvordes/family-index-v5/members/it/2f.json.gz"", ""family_id"": ""surface:it:regolament"", ""record_sha256"": ""105498480d841d021fa29e8d324879a8f86c59986a3d6c3fe7001ffd5611a9b9""}, {""path"": ""associativvordes/family-index-v5/members/it/40.json.gz"", ""family_id"": ""family:regul"", ""record_sha256"": ""b91bf19d1fa0688038951eec6ccb65276f740af97d2f7fcc434e7a89c548e45d""}]"	"{""lemma_id"": ""lemma:578ba01c0f2cee843f00"", ""word"": ""regolamento"", ""normalized"": ""regolamento"", ""search_form"": ""regolamento"", ""rank"": 454, ""frequency_score"": 56.33357538684944, ""category_breakdown"": {""subtitles"": {""ipm_values"": [1.32692, 1.317075], ""category_ipm"": 1.3219975000000002, ""category_score"": 14.761022085388698}, ""web"": {""ipm_values"": [266.096688], ""category_ipm"": 266.096688, ""category_score"": 97.90612868831018}}, ""sources"": [{""id"": ""subtitles/hermit_2016_it_full_lemmatized_ipm6_spacy_lookup_cleaned_v8.json"", ""file"": ""hermit_2016_it_full_lemmatized_ipm6_spacy_lookup_cleaned_v8.json"", ""category"": ""subtitles"", ""ipm"": 1.32692}, {""id"": ""subtitles/hermit_2018_it_full_lemmatized_ipm6_spacy_lookup_cleaned_v8.json"", ""file"": ""hermit_2018_it_full_lemmatized_ipm6_spacy_lookup_cleaned_v8.json"", ""category"": ""subtitles"", ""ipm"": 1.317075}, {""id"": ""web/sorted.it.lemma.unigrams.cleaned_recommended_min100_ipm6.json"", ""file"": ""sorted.it.lemma.unigrams.cleaned_recommended_min100_ipm6.json"", ""category"": ""web"", ""ipm"": 266.096688}], ""corpus_quality"": {""status"": ""accepted"", ""reasons"": []}, ""components"": [{""surface"": ""regolament"", ""canonical_candidate"": ""regolament"", ""confidence"": 0.92, ""evidence"": [{""type"": ""morphological_parse"", ""source"": ""candidate_index"", ""path"": [""regolamento"", ""regolament"", ""regolament""], ""confidence"": 0.92}]}]}"
it	lemma:5803b615dcb75bbe611c	venirregolare	uncertain	withheld_historical_uncertain		aggregate_only_not_sense_frequency	"[{""path"": ""associativvordes/family-index-v5/members/it/03.json.gz"", ""family_id"": ""surface:it:venirregolar"", ""record_sha256"": ""6c6797c10168edf370d9625ca8ce6a0a2eb876eb145d4b3fff0c27cc00507a48""}, {""path"": ""associativvordes/family-index-v5/members/it/40.json.gz"", ""family_id"": ""family:regul"", ""record_sha256"": ""09aa0ce931a89dbb4a8b05459eaf7c61a0ee7d10f05d5ccf5f906a082f0d8321""}, {""path"": ""associativvordes/family-index-v5/members/it/5a.json.gz"", ""family_id"": ""surface:it:regolare"", ""record_sha256"": ""d93ec22a6993c81fd5b7b302d3f0857880d1b4441816eead618f1fde187c55ea""}]"	"{""lemma_id"": ""lemma:5803b615dcb75bbe611c"", ""word"": ""venirregolare"", ""normalized"": ""venirregolare"", ""search_form"": ""venirregolare"", ""rank"": 466948, ""frequency_score"": 0.08315453898636421, ""category_breakdown"": {""subtitles"": {""ipm_values"": [0.005372, 0.004142], ""category_ipm"": 0.004757, ""category_score"": 0.08315453898636421}}, ""sources"": [{""id"": ""subtitles/hermit_2016_it_full_lemmatized_ipm6_spacy_lookup_cleaned_v8.json"", ""file"": ""hermit_2016_it_full_lemmatized_ipm6_spacy_lookup_cleaned_v8.json"", ""category"": ""subtitles"", ""ipm"": 0.005372}, {""id"": ""subtitles/hermit_2018_it_full_lemmatized_ipm6_spacy_lookup_cleaned_v8.json"", ""file"": ""hermit_2018_it_full_lemmatized_ipm6_spacy_lookup_cleaned_v8.json"", ""category"": ""subtitles"", ""ipm"": 0.004142}], ""corpus_quality"": {""status"": ""accepted"", ""reasons"": []}, ""components"": [{""surface"": ""venirregolar"", ""canonical_candidate"": ""venirregolar"", ""confidence"": 0.92, ""evidence"": [{""type"": ""morphological_parse"", ""source"": ""candidate_index"", ""path"": [""venirregolare"", ""venirregolar"", ""venirregolar""], ""confidence"": 0.92}]}]}"
it	lemma:5917cf5dd27e4958de7f	regulations	uncertain	not_admitted_candidate		aggregate_only_not_sense_frequency	"[{""path"": ""associativvordes/family-index-v5/members/it/3c.json.gz"", ""family_id"": ""surface:it:gulat"", ""record_sha256"": ""3a97ea7b91af891fc9ea8c97b9bc17090a45b8cdca8bb8978799f876312f5351""}, {""path"": ""associativvordes/family-index-v5/members/it/7b.json.gz"", ""family_id"": ""surface:it:ons"", ""record_sha256"": ""f0a3231384f44c17ea3aba2a521298d3de7252feb9810c3f719bfff675227ecb""}, {""path"": ""associativvordes/family-index-v5/members/it/a9.json.gz"", ""family_id"": ""surface:it:ati"", ""record_sha256"": ""6e0d4626796ec45f4c600510cc6a4b435722b2a298fe98090f9289b7da8a8317""}, {""path"": ""associativvordes/family-index-v5/members/it/c1.json.gz"", ""family_id"": ""surface:it:regula"", ""record_sha256"": ""286e7db8939b1689fab6f26b2bea1fd6d9d1c3449c875a78ac4b5f56ae54ae47""}]"	"{""lemma_id"": ""lemma:5917cf5dd27e4958de7f"", ""word"": ""regulations"", ""normalized"": ""regulations"", ""search_form"": ""regulations"", ""rank"": 64179, ""frequency_score"": 2.9888215119109756, ""category_breakdown"": {""web"": {""ipm_values"": [0.185987], ""category_ipm"": 0.185987, ""category_score"": 2.9888215119109756}}, ""sources"": [{""id"": ""web/sorted.it.lemma.unigrams.cleaned_recommended_min100_ipm6.json"", ""file"": ""sorted.it.lemma.unigrams.cleaned_recommended_min100_ipm6.json"", ""category"": ""web"", ""ipm"": 0.185987}], ""corpus_quality"": {""status"": ""accepted"", ""reasons"": []}, ""components"": [{""surface"": ""gulat"", ""canonical_candidate"": ""gulat"", ""confidence"": 0.81, ""evidence"": [{""type"": ""compound_morphology"", ""source"": ""candidate_index"", ""path"": [""regulations"", ""gulat"", ""gulat""], ""confidence"": 0.81}]}]}"
it	lemma:5cee3637a07933393ca2	regolaree	uncertain	withheld_historical_uncertain		aggregate_only_not_sense_frequency	"[{""path"": ""associativvordes/family-index-v5/members/it/40.json.gz"", ""family_id"": ""family:regul"", ""record_sha256"": ""7b5f95681d7d90e1e20d4963db0e6c10d0db577e3bd30361f9ae7c3ba891c88d""}, {""path"": ""associativvordes/family-index-v5/members/it/5a.json.gz"", ""family_id"": ""surface:it:regolare"", ""record_sha256"": ""c969a24a8bf8775c86adf498157e78b674d0fe36ee72be4650ffe1f194d0b40c""}, {""path"": ""associativvordes/family-index-v5/members/it/b6.json.gz"", ""family_id"": ""surface:it:aree"", ""record_sha256"": ""9ebe4ce6a963a02ad10e4a53cdfc16c76e5ab9632f0e132f4a59e8abf2dafc90""}]"	"{""lemma_id"": ""lemma:5cee3637a07933393ca2"", ""word"": ""regolaree"", ""normalized"": ""regolaree"", ""search_form"": ""regolaree"", ""rank"": 414347, ""frequency_score"": 0.08315453898636421, ""category_breakdown"": {""subtitles"": {""ipm_values"": [0.005372, 0.004142], ""category_ipm"": 0.004757, ""category_score"": 0.08315453898636421}}, ""sources"": [{""id"": ""subtitles/hermit_2016_it_full_lemmatized_ipm6_spacy_lookup_cleaned_v8.json"", ""file"": ""hermit_2016_it_full_lemmatized_ipm6_spacy_lookup_cleaned_v8.json"", ""category"": ""subtitles"", ""ipm"": 0.005372}, {""id"": ""subtitles/hermit_2018_it_full_lemmatized_ipm6_spacy_lookup_cleaned_v8.json"", ""file"": ""hermit_2018_it_full_lemmatized_ipm6_spacy_lookup_cleaned_v8.json"", ""category"": ""subtitles"", ""ipm"": 0.004142}], ""corpus_quality"": {""status"": ""accepted"", ""reasons"": []}, ""components"": [{""surface"": ""regol"", ""canonical_candidate"": ""regol"", ""confidence"": 0.97, ""evidence"": [{""type"": ""compound_morphology"", ""source"": ""manually_verified"", ""path"": [""regolaree"", ""regol"", ""regol""], ""confidence"": 0.97}, {""type"": ""verified_seed_alias"", ""source"": ""methodology_control_seed"", ""path"": [""it"", ""regol"", ""family:regul""], ""confidence"": 1}]}]}"
it	lemma:5d50b5889485f45f4ce7	regolamentativa	accepted	accepted	regolamentare	aggregate_only_not_sense_frequency	"[{""path"": ""associativvordes/family-index-v5/members/it/11.json.gz"", ""family_id"": ""surface:it:tiva"", ""record_sha256"": ""6236fafd6fefaebdcdff588f1babc720730002aa6a81f4dff2e891bef686207f""}, {""path"": ""associativvordes/family-index-v5/members/it/40.json.gz"", ""family_id"": ""family:regul"", ""record_sha256"": ""db28b0bdd8e9a6145c40e7c9e2a90fdb5ce133b85fecf2ecae51045741fca847""}, {""path"": ""associativvordes/family-index-v5/members/it/ed.json.gz"", ""family_id"": ""surface:it:regolamentativ"", ""record_sha256"": ""f538f51be3a6224c39016958c234c171e71f1af3c82a968735fef097f692b55e""}]"	"{""lemma_id"": ""lemma:5d50b5889485f45f4ce7"", ""word"": ""regolamentativa"", ""normalized"": ""regolamentativa"", ""search_form"": ""regolamentativa"", ""rank"": 414340, ""frequency_score"": 0.08315453898636421, ""category_breakdown"": {""subtitles"": {""ipm_values"": [0.005372, 0.004142], ""category_ipm"": 0.004757, ""category_score"": 0.08315453898636421}}, ""sources"": [{""id"": ""subtitles/hermit_2016_it_full_lemmatized_ipm6_spacy_lookup_cleaned_v8.json"", ""file"": ""hermit_2016_it_full_lemmatized_ipm6_spacy_lookup_cleaned_v8.json"", ""category"": ""subtitles"", ""ipm"": 0.005372}, {""id"": ""subtitles/hermit_2018_it_full_lemmatized_ipm6_spacy_lookup_cleaned_v8.json"", ""file"": ""hermit_2018_it_full_lemmatized_ipm6_spacy_lookup_cleaned_v8.json"", ""category"": ""subtitles"", ""ipm"": 0.004142}], ""corpus_quality"": {""status"": ""accepted"", ""reasons"": []}, ""components"": [{""surface"": ""tiva"", ""canonical_candidate"": ""tiva"", ""confidence"": 0.89, ""evidence"": [{""type"": ""compound_morphology"", ""source"": ""candidate_index"", ""path"": [""regolamentativa"", ""tiva"", ""tiva""], ""confidence"": 0.89}]}]}"
it	lemma:5dd30f62b58a3820b02f	regolarizzare	accepted	accepted	regolarizzare	aggregate_only_not_sense_frequency	"[{""path"": ""associativvordes/family-index-v5/members/it/40.json.gz"", ""family_id"": ""family:regul"", ""record_sha256"": ""f5487d879a77b8cfed198eed71f11ed4d6c100fd3d5f39e0dd572b32f54b14ac""}, {""path"": ""associativvordes/family-index-v5/members/it/c9.json.gz"", ""family_id"": ""surface:it:regolarizzar"", ""record_sha256"": ""40b2f82aaad1f7f2c27eae954d3f006c3d53b42a7ba8793d28b6d255fc1894d8""}, {""path"": ""associativvordes/family-index-v5/members/it/f7.json.gz"", ""family_id"": ""surface:it:zare"", ""record_sha256"": ""00b56e873ad67fd388d79c59cea3c0fc921185bc6af891d6b58b339cee12ed4f""}]"	"{""lemma_id"": ""lemma:5dd30f62b58a3820b02f"", ""word"": ""regolarizzare"", ""normalized"": ""regolarizzare"", ""search_form"": ""regolarizzare"", ""rank"": 8385, ""frequency_score"": 19.377573578913793, ""category_breakdown"": {""subtitles"": {""ipm_values"": [0.198769, 0.19052], ""category_ipm"": 0.1946445, ""category_score"": 3.1162645075118345}, ""web"": {""ipm_values"": [6.644224], ""category_ipm"": 6.644224, ""category_score"": 35.63888265031575}}, ""sources"": [{""id"": ""subtitles/hermit_2016_it_full_lemmatized_ipm6_spacy_lookup_cleaned_v8.json"", ""file"": ""hermit_2016_it_full_lemmatized_ipm6_spacy_lookup_cleaned_v8.json"", ""category"": ""subtitles"", ""ipm"": 0.198769}, {""id"": ""subtitles/hermit_2018_it_full_lemmatized_ipm6_spacy_lookup_cleaned_v8.json"", ""file"": ""hermit_2018_it_full_lemmatized_ipm6_spacy_lookup_cleaned_v8.json"", ""category"": ""subtitles"", ""ipm"": 0.19052}, {""id"": ""web/sorted.it.lemma.unigrams.cleaned_recommended_min100_ipm6.json"", ""file"": ""sorted.it.lemma.unigrams.cleaned_recommended_min100_ipm6.json"", ""category"": ""web"", ""ipm"": 6.644224}], ""corpus_quality"": {""status"": ""accepted"", ""reasons"": []}, ""components"": [{""surface"": ""regol"", ""canonical_candidate"": ""regol"", ""confidence"": 0.97, ""evidence"": [{""type"": ""compound_morphology"", ""source"": ""manually_verified"", ""path"": [""regolarizzare"", ""regol"", ""regol""], ""confidence"": 0.97}, {""type"": ""verified_seed_alias"", ""source"": ""methodology_control_seed"", ""path"": [""it"", ""regol"", ""family:regul""], ""confidence"": 1}]}]}"
it	lemma:5dda4b6a19976ffda9d5	regolini	accepted	accepted	regola	aggregate_only_not_sense_frequency	"[{""path"": ""associativvordes/family-index-v5/members/it/40.json.gz"", ""family_id"": ""family:regul"", ""record_sha256"": ""fe838ee0862204875d3b240a98492f4eb40c598dcc72291047984aeb0b4fdf96""}, {""path"": ""associativvordes/family-index-v5/members/it/47.json.gz"", ""family_id"": ""surface:it:regolin"", ""record_sha256"": ""220e46663de62a5f079beedb8a83c933d93c80c617aee5dd12511526fcfc76b0""}, {""path"": ""associativvordes/family-index-v5/members/it/89.json.gz"", ""family_id"": ""surface:it:lini"", ""record_sha256"": ""e1c0ecfdb962041d03e4c7d926f9163796f5c122c764b17a726f95e894754a64""}]"	"{""lemma_id"": ""lemma:5dda4b6a19976ffda9d5"", ""word"": ""regolini"", ""normalized"": ""regolini"", ""search_form"": ""regolini"", ""rank"": 414365, ""frequency_score"": 0.08315453898636421, ""category_breakdown"": {""subtitles"": {""ipm_values"": [0.005372, 0.004142], ""category_ipm"": 0.004757, ""category_score"": 0.08315453898636421}}, ""sources"": [{""id"": ""subtitles/hermit_2016_it_full_lemmatized_ipm6_spacy_lookup_cleaned_v8.json"", ""file"": ""hermit_2016_it_full_lemmatized_ipm6_spacy_lookup_cleaned_v8.json"", ""category"": ""subtitles"", ""ipm"": 0.005372}, {""id"": ""subtitles/hermit_2018_it_full_lemmatized_ipm6_spacy_lookup_cleaned_v8.json"", ""file"": ""hermit_2018_it_full_lemmatized_ipm6_spacy_lookup_cleaned_v8.json"", ""category"": ""subtitles"", ""ipm"": 0.004142}], ""corpus_quality"": {""status"": ""accepted"", ""reasons"": []}, ""components"": [{""surface"": ""regol"", ""canonical_candidate"": ""regol"", ""confidence"": 0.97, ""evidence"": [{""type"": ""compound_morphology"", ""source"": ""manually_verified"", ""path"": [""regolini"", ""regol"", ""regol""], ""confidence"": 0.97}, {""type"": ""verified_seed_alias"", ""source"": ""methodology_control_seed"", ""path"": [""it"", ""regol"", ""family:regul""], ""confidence"": 1}]}]}"
it	lemma:5e74437007b6c3e2ecf9	regolona	accepted	accepted	regola	aggregate_only_not_sense_frequency	"[{""path"": ""associativvordes/family-index-v5/members/it/40.json.gz"", ""family_id"": ""family:regul"", ""record_sha256"": ""5dfbbad823ac64b5a1e68fc4e55f3fdd1bb8cc0e3d0498320fcce8b29ff09f78""}, {""path"": ""associativvordes/family-index-v5/members/it/71.json.gz"", ""family_id"": ""surface:it:ona"", ""record_sha256"": ""3938beb7ce9e9e218c6305932a19646a380feb81c6cdd12797c5ab34e70a6696""}, {""path"": ""associativvordes/family-index-v5/members/it/71.json.gz"", ""family_id"": ""surface:it:regolon"", ""record_sha256"": ""fc72817c662f5b6f1c699738f01efc3c028e10d15c37e8d064f0038cda941440""}]"	"{""lemma_id"": ""lemma:5e74437007b6c3e2ecf9"", ""word"": ""regolona"", ""normalized"": ""regolona"", ""search_form"": ""regolona"", ""rank"": 469013, ""frequency_score"": 0.07242624270174723, ""category_breakdown"": {""subtitles"": {""ipm_values"": [0.004142], ""category_ipm"": 0.004142, ""category_score"": 0.07242624270174723}}, ""sources"": [{""id"": ""subtitles/hermit_2018_it_full_lemmatized_ipm6_spacy_lookup_cleaned_v8.json"", ""file"": ""hermit_2018_it_full_lemmatized_ipm6_spacy_lookup_cleaned_v8.json"", ""category"": ""subtitles"", ""ipm"": 0.004142}], ""corpus_quality"": {""status"": ""accepted"", ""reasons"": []}, ""components"": [{""surface"": ""regol"", ""canonical_candidate"": ""regol"", ""confidence"": 0.97, ""evidence"": [{""type"": ""compound_morphology"", ""source"": ""manually_verified"", ""path"": [""regolona"", ""regol"", ""regol""], ""confidence"": 0.97}, {""type"": ""verified_seed_alias"", ""source"": ""methodology_control_seed"", ""path"": [""it"", ""regol"", ""family:regul""], ""confidence"": 1}]}]}"
it	lemma:5f4161b774dcc4721a78	regolarmene	accepted	accepted	regolare	aggregate_only_not_sense_frequency	"[{""path"": ""associativvordes/family-index-v5/members/it/40.json.gz"", ""family_id"": ""family:regul"", ""record_sha256"": ""39e7c45894ce3810c68b574389947e8e9e382a74b5aa6ff2c926baf59e29067a""}, {""path"": ""associativvordes/family-index-v5/members/it/d0.json.gz"", ""family_id"": ""surface:it:mene"", ""record_sha256"": ""06eb53d3720d174ce1396d344d4857b512983cef574324b279e60ee9ed33240e""}, {""path"": ""associativvordes/family-index-v5/members/it/d1.json.gz"", ""family_id"": ""surface:it:regolarmen"", ""record_sha256"": ""a1d44b2b62cbd052ba9aa039be76b4db74111aa175a547a8f126831f31a83d4c""}]"	"{""lemma_id"": ""lemma:5f4161b774dcc4721a78"", ""word"": ""regolarmene"", ""normalized"": ""regolarmene"", ""search_form"": ""regolarmene"", ""rank"": 414355, ""frequency_score"": 0.09387627061505811, ""category_breakdown"": {""subtitles"": {""ipm_values"": [0.005372], ""category_ipm"": 0.005372, ""category_score"": 0.09387627061505811}}, ""sources"": [{""id"": ""subtitles/hermit_2016_it_full_lemmatized_ipm6_spacy_lookup_cleaned_v8.json"", ""file"": ""hermit_2016_it_full_lemmatized_ipm6_spacy_lookup_cleaned_v8.json"", ""category"": ""subtitles"", ""ipm"": 0.005372}], ""corpus_quality"": {""status"": ""accepted"", ""reasons"": []}, ""components"": [{""surface"": ""regol"", ""canonical_candidate"": ""regol"", ""confidence"": 0.97, ""evidence"": [{""type"": ""compound_morphology"", ""source"": ""manually_verified"", ""path"": [""regolarmene"", ""regol"", ""regol""], ""confidence"": 0.97}, {""type"": ""verified_seed_alias"", ""source"": ""methodology_control_seed"", ""path"": [""it"", ""regol"", ""family:regul""], ""confidence"": 1}]}]}"
it	lemma:659be0084b522ef04759	regolarizzero	uncertain	withheld_historical_uncertain		aggregate_only_not_sense_frequency	"[{""path"": ""associativvordes/family-index-v5/members/it/40.json.gz"", ""family_id"": ""family:regul"", ""record_sha256"": ""dbbbdee23f8cf4eef6dddacd430177b3ee4966a24bb67e1986fc3f903dbaeb36""}, {""path"": ""associativvordes/family-index-v5/members/it/7b.json.gz"", ""family_id"": ""ety:cb57b1c929e4"", ""record_sha256"": ""db2adc30268ce255e4b9e4a4fc50d608064f9fa0f3d27b266f5c0170b598831e""}, {""path"": ""associativvordes/family-index-v5/members/it/df.json.gz"", ""family_id"": ""ety:cbe531992f65"", ""record_sha256"": ""db2adc30268ce255e4b9e4a4fc50d608064f9fa0f3d27b266f5c0170b598831e""}, {""path"": ""associativvordes/family-index-v5/members/it/ed.json.gz"", ""family_id"": ""surface:it:regolarizzer"", ""record_sha256"": ""c4027192919de5bf8b9cf8617cbbfac26e6046024d4f5d29243e3638ef30ac87""}]"	"{""lemma_id"": ""lemma:659be0084b522ef04759"", ""word"": ""regolarizzero"", ""normalized"": ""regolarizzero"", ""search_form"": ""regolarizzero"", ""rank"": 414353, ""frequency_score"": 0.08315453898636421, ""category_breakdown"": {""subtitles"": {""ipm_values"": [0.005372, 0.004142], ""category_ipm"": 0.004757, ""category_score"": 0.08315453898636421}}, ""sources"": [{""id"": ""subtitles/hermit_2016_it_full_lemmatized_ipm6_spacy_lookup_cleaned_v8.json"", ""file"": ""hermit_2016_it_full_lemmatized_ipm6_spacy_lookup_cleaned_v8.json"", ""category"": ""subtitles"", ""ipm"": 0.005372}, {""id"": ""subtitles/hermit_2018_it_full_lemmatized_ipm6_spacy_lookup_cleaned_v8.json"", ""file"": ""hermit_2018_it_full_lemmatized_ipm6_spacy_lookup_cleaned_v8.json"", ""category"": ""subtitles"", ""ipm"": 0.004142}], ""corpus_quality"": {""status"": ""accepted"", ""reasons"": []}, ""components"": [{""surface"": ""regol"", ""canonical_candidate"": ""regol"", ""confidence"": 0.97, ""evidence"": [{""type"": ""compound_morphology"", ""source"": ""manually_verified"", ""path"": [""regolarizzero"", ""regol"", ""regol""], ""confidence"": 0.97}, {""type"": ""verified_seed_alias"", ""source"": ""methodology_control_seed"", ""path"": [""it"", ""regol"", ""family:regul""], ""confidence"": 1}]}]}"
it	lemma:65b32fa1ca8b392f2688	termoregolatrice	accepted	accepted	regolare	aggregate_only_not_sense_frequency	"[{""path"": ""associativvordes/family-index-v5/members/it/40.json.gz"", ""family_id"": ""family:regul"", ""record_sha256"": ""ec20284f68f2460e331b11f13f4b5eba0141ca7906c774a54e06839ff60282ee""}, {""path"": ""associativvordes/family-index-v5/members/it/80.json.gz"", ""family_id"": ""surface:it:termoregolatric"", ""record_sha256"": ""628f2018ad3e015634bd2fc799c0175e0fbd492f75f1c8e253c7f26c0c0eac78""}, {""path"": ""associativvordes/family-index-v5/members/it/f4.json.gz"", ""family_id"": ""surface:it:trice"", ""record_sha256"": ""15777725dc719cc436aa48d7d6a86ac9988aeeeed95f2a4d1cec5a580d868a5b""}]"	"{""lemma_id"": ""lemma:65b32fa1ca8b392f2688"", ""word"": ""termoregolatrice"", ""normalized"": ""termoregolatrice"", ""search_form"": ""termoregolatrice"", ""rank"": 454483, ""frequency_score"": 0.08315453898636421, ""category_breakdown"": {""subtitles"": {""ipm_values"": [0.005372, 0.004142], ""category_ipm"": 0.004757, ""category_score"": 0.08315453898636421}}, ""sources"": [{""id"": ""subtitles/hermit_2016_it_full_lemmatized_ipm6_spacy_lookup_cleaned_v8.json"", ""file"": ""hermit_2016_it_full_lemmatized_ipm6_spacy_lookup_cleaned_v8.json"", ""category"": ""subtitles"", ""ipm"": 0.005372}, {""id"": ""subtitles/hermit_2018_it_full_lemmatized_ipm6_spacy_lookup_cleaned_v8.json"", ""file"": ""hermit_2018_it_full_lemmatized_ipm6_spacy_lookup_cleaned_v8.json"", ""category"": ""subtitles"", ""ipm"": 0.004142}], ""corpus_quality"": {""status"": ""accepted"", ""reasons"": []}, ""components"": [{""surface"": ""regol"", ""canonical_candidate"": ""regol"", ""confidence"": 0.97, ""evidence"": [{""type"": ""compound_morphology"", ""source"": ""manually_verified"", ""path"": [""termoregolatrice"", ""regol"", ""regol""], ""confidence"": 0.97}, {""type"": ""verified_seed_alias"", ""source"": ""methodology_control_seed"", ""path"": [""it"", ""regol"", ""family:regul""], ""confidence"": 1}]}]}"
it	lemma:6693db3b3ff6e0fb1250	regolamentazione	accepted	accepted	regolamentare	aggregate_only_not_sense_frequency	"[{""path"": ""associativvordes/family-index-v5/members/it/40.json.gz"", ""family_id"": ""family:regul"", ""record_sha256"": ""98205fbdf11616fe61fd79168dc1d0dd98c2f8e1e18e89649a6a12c706ee245b""}, {""path"": ""associativvordes/family-index-v5/members/it/56.json.gz"", ""family_id"": ""surface:it:regolamentazion"", ""record_sha256"": ""eb7d226bfa23dae10c42fc2252fd9ef1bdf3e7dec5a80b53361f24412a456ceb""}, {""path"": ""associativvordes/family-index-v5/members/it/66.json.gz"", ""family_id"": ""ety:9a86a987fafc"", ""record_sha256"": ""eef7913cbd7e32cd092c84b6457bcef056e00dbbd4648706d7c3856c2494d25b""}, {""path"": ""associativvordes/family-index-v5/members/it/79.json.gz"", ""family_id"": ""ety:751cdacbf4a9"", ""record_sha256"": ""eef7913cbd7e32cd092c84b6457bcef056e00dbbd4648706d7c3856c2494d25b""}]"	"{""lemma_id"": ""lemma:6693db3b3ff6e0fb1250"", ""word"": ""regolamentazione"", ""normalized"": ""regolamentazione"", ""search_form"": ""regolamentazione"", ""rank"": 3876, ""frequency_score"": 31.764470169405264, ""category_breakdown"": {""subtitles"": {""ipm_values"": [0.590936, 0.658537], ""category_ipm"": 0.6247365, ""category_score"": 8.504227643629502}, ""web"": {""ipm_values"": [22.111285], ""category_ipm"": 22.111285, ""category_score"": 55.02471269518103}}, ""sources"": [{""id"": ""subtitles/hermit_2016_it_full_lemmatized_ipm6_spacy_lookup_cleaned_v8.json"", ""file"": ""hermit_2016_it_full_lemmatized_ipm6_spacy_lookup_cleaned_v8.json"", ""category"": ""subtitles"", ""ipm"": 0.590936}, {""id"": ""subtitles/hermit_2018_it_full_lemmatized_ipm6_spacy_lookup_cleaned_v8.json"", ""file"": ""hermit_2018_it_full_lemmatized_ipm6_spacy_lookup_cleaned_v8.json"", ""category"": ""subtitles"", ""ipm"": 0.658537}, {""id"": ""web/sorted.it.lemma.unigrams.cleaned_recommended_min100_ipm6.json"", ""file"": ""sorted.it.lemma.unigrams.cleaned_recommended_min100_ipm6.json"", ""category"": ""web"", ""ipm"": 22.111285}], ""corpus_quality"": {""status"": ""accepted"", ""reasons"": []}, ""components"": [{""surface"": ""regol"", ""canonical_candidate"": ""regol"", ""confidence"": 0.97, ""evidence"": [{""type"": ""compound_morphology"", ""source"": ""manually_verified"", ""path"": [""regolamentazione"", ""regol"", ""regol""], ""confidence"": 0.97}, {""type"": ""verified_seed_alias"", ""source"": ""methodology_control_seed"", ""path"": [""it"", ""regol"", ""family:regul""], ""confidence"": 1}]}]}"
it	lemma:66ea4384b683b0924434	regulo	uncertain	withheld_historical_uncertain		aggregate_only_not_sense_frequency	"[{""path"": ""associativvordes/family-index-v5/members/it/40.json.gz"", ""family_id"": ""family:regul"", ""record_sha256"": ""46e1848c1baa560bc25924910a0a19102f08716f0189d1c7484282af35c6fdd1""}, {""path"": ""associativvordes/family-index-v5/members/it/cb.json.gz"", ""family_id"": ""surface:it:ulo"", ""record_sha256"": ""0db54df95c31f7039f2fae0eb79f1c63a0e2b549c21dc61713a2a3f9f08191a9""}]"	"{""lemma_id"": ""lemma:66ea4384b683b0924434"", ""word"": ""regulo"", ""normalized"": ""regulo"", ""search_form"": ""regulo"", ""rank"": 414393, ""frequency_score"": 0.08315453898636421, ""category_breakdown"": {""subtitles"": {""ipm_values"": [0.005372, 0.004142], ""category_ipm"": 0.004757, ""category_score"": 0.08315453898636421}}, ""sources"": [{""id"": ""subtitles/hermit_2016_it_full_lemmatized_ipm6_spacy_lookup_cleaned_v8.json"", ""file"": ""hermit_2016_it_full_lemmatized_ipm6_spacy_lookup_cleaned_v8.json"", ""category"": ""subtitles"", ""ipm"": 0.005372}, {""id"": ""subtitles/hermit_2018_it_full_lemmatized_ipm6_spacy_lookup_cleaned_v8.json"", ""file"": ""hermit_2018_it_full_lemmatized_ipm6_spacy_lookup_cleaned_v8.json"", ""category"": ""subtitles"", ""ipm"": 0.004142}], ""corpus_quality"": {""status"": ""accepted"", ""reasons"": []}, ""components"": [{""surface"": ""regul"", ""canonical_candidate"": ""regul"", ""confidence"": 0.92, ""evidence"": [{""type"": ""morphological_parse"", ""source"": ""candidate_index"", ""path"": [""regulo"", ""regul"", ""regul""], ""confidence"": 0.92}, {""type"": ""verified_seed_alias"", ""source"": ""methodology_control_seed"", ""path"": [""it"", ""regul"", ""family:regul""], ""confidence"": 1}]}]}"
it	lemma:6765d4a47ec4d95f4878	regulani	uncertain	not_admitted_candidate		aggregate_only_not_sense_frequency	"[{""path"": ""associativvordes/family-index-v5/members/it/01.json.gz"", ""family_id"": ""surface:it:lani"", ""record_sha256"": ""bc234967a05f4d1785de50f454bf955d812f82c137f974ffbc16d6b1a17e3625""}, {""path"": ""associativvordes/family-index-v5/members/it/7d.json.gz"", ""family_id"": ""surface:it:regulan"", ""record_sha256"": ""6cc777a5ede13bcdf7b6571aa890ba6efedcad1d65a5be1e05d88663632d7137""}]"	"{""lemma_id"": ""lemma:6765d4a47ec4d95f4878"", ""word"": ""regulani"", ""normalized"": ""regulani"", ""search_form"": ""regulani"", ""rank"": 469038, ""frequency_score"": 0.07242624270174723, ""category_breakdown"": {""subtitles"": {""ipm_values"": [0.004142], ""category_ipm"": 0.004142, ""category_score"": 0.07242624270174723}}, ""sources"": [{""id"": ""subtitles/hermit_2018_it_full_lemmatized_ipm6_spacy_lookup_cleaned_v8.json"", ""file"": ""hermit_2018_it_full_lemmatized_ipm6_spacy_lookup_cleaned_v8.json"", ""category"": ""subtitles"", ""ipm"": 0.004142}], ""corpus_quality"": {""status"": ""accepted"", ""reasons"": []}, ""components"": [{""surface"": ""lani"", ""canonical_candidate"": ""lani"", ""confidence"": 0.89, ""evidence"": [{""type"": ""compound_morphology"", ""source"": ""candidate_index"", ""path"": [""regulani"", ""lani"", ""lani""], ""confidence"": 0.89}]}]}"
it	lemma:683cb5682b66c5288620	regolà	uncertain	withheld_historical_uncertain		aggregate_only_not_sense_frequency	"[{""path"": ""associativvordes/family-index-v5/members/it/40.json.gz"", ""family_id"": ""family:regul"", ""record_sha256"": ""3a9f652b37713c2eb7dfc0382faf306b2ba47a3faea2179f2823791c1178dada""}]"	"{""lemma_id"": ""lemma:683cb5682b66c5288620"", ""word"": ""regolà"", ""normalized"": ""regolà"", ""search_form"": ""regola"", ""rank"": 414370, ""frequency_score"": 0.08315453898636421, ""category_breakdown"": {""subtitles"": {""ipm_values"": [0.005372, 0.004142], ""category_ipm"": 0.004757, ""category_score"": 0.08315453898636421}}, ""sources"": [{""id"": ""subtitles/hermit_2016_it_full_lemmatized_ipm6_spacy_lookup_cleaned_v8.json"", ""file"": ""hermit_2016_it_full_lemmatized_ipm6_spacy_lookup_cleaned_v8.json"", ""category"": ""subtitles"", ""ipm"": 0.005372}, {""id"": ""subtitles/hermit_2018_it_full_lemmatized_ipm6_spacy_lookup_cleaned_v8.json"", ""file"": ""hermit_2018_it_full_lemmatized_ipm6_spacy_lookup_cleaned_v8.json"", ""category"": ""subtitles"", ""ipm"": 0.004142}], ""corpus_quality"": {""status"": ""accepted"", ""reasons"": []}, ""components"": [{""surface"": ""regol"", ""canonical_candidate"": ""regol"", ""confidence"": 1, ""evidence"": [{""type"": ""morphological_parse"", ""source"": ""manually_verified"", ""path"": [""regola"", ""regol"", ""regol""], ""confidence"": 1}, {""type"": ""verified_seed_alias"", ""source"": ""methodology_control_seed"", ""path"": [""it"", ""regol"", ""family:regul""], ""confidence"": 1}]}]}"
it	lemma:69f2e0fd29bd6e3b6d7a	irregularis	uncertain	not_admitted_candidate		aggregate_only_not_sense_frequency	"[{""path"": ""associativvordes/family-index-v5/members/it/0a.json.gz"", ""family_id"": ""surface:it:egu"", ""record_sha256"": ""43e64ed3440c59454b34fea1782e9346a74513a04d288e45a9c5489b040056e2""}, {""path"": ""associativvordes/family-index-v5/members/it/20.json.gz"", ""family_id"": ""surface:it:gula"", ""record_sha256"": ""4370e6e128ef33f7450d9ba4ef369625d4dd34d47f634e110ffae6c6d66fda4e""}, {""path"": ""associativvordes/family-index-v5/members/it/c2.json.gz"", ""family_id"": ""surface:it:laris"", ""record_sha256"": ""4adb6ab7706b9a256abb894a6304ab9df77e8610442733bf0add0bee579935de""}, {""path"": ""associativvordes/family-index-v5/members/it/ea.json.gz"", ""family_id"": ""surface:it:irreg"", ""record_sha256"": ""c95dcd042b20d13cccf2c812353d3daeccabf10ca3655e27ca1f786c7538529c""}]"	"{""lemma_id"": ""lemma:69f2e0fd29bd6e3b6d7a"", ""word"": ""irregularis"", ""normalized"": ""irregularis"", ""search_form"": ""irregularis"", ""rank"": 400377, ""frequency_score"": 0.07242624270174723, ""category_breakdown"": {""subtitles"": {""ipm_values"": [0.004142], ""category_ipm"": 0.004142, ""category_score"": 0.07242624270174723}}, ""sources"": [{""id"": ""subtitles/hermit_2018_it_full_lemmatized_ipm6_spacy_lookup_cleaned_v8.json"", ""file"": ""hermit_2018_it_full_lemmatized_ipm6_spacy_lookup_cleaned_v8.json"", ""category"": ""subtitles"", ""ipm"": 0.004142}], ""corpus_quality"": {""status"": ""accepted"", ""reasons"": []}, ""components"": [{""surface"": ""egu"", ""canonical_candidate"": ""egu"", ""confidence"": 0.81, ""evidence"": [{""type"": ""compound_morphology"", ""source"": ""candidate_index"", ""path"": [""irregularis"", ""egu"", ""egu""], ""confidence"": 0.81}]}]}"
it	lemma:6a6e491cd0124e24a6d4	regolarli	accepted	accepted	regolare	aggregate_only_not_sense_frequency	"[{""path"": ""associativvordes/family-index-v5/members/it/40.json.gz"", ""family_id"": ""family:regul"", ""record_sha256"": ""5712e7c30f72794785715c6b24ccd37a71a3c9e7b7b4d9665e610fb7fb811863""}, {""path"": ""associativvordes/family-index-v5/members/it/55.json.gz"", ""family_id"": ""surface:it:regolarl"", ""record_sha256"": ""348ae5aa825fcefc333b9584eb4eb297f7bba8f28201674bfbb14c972746a649""}, {""path"": ""associativvordes/family-index-v5/members/it/9f.json.gz"", ""family_id"": ""surface:it:arli"", ""record_sha256"": ""32b64c8cec0fc12d0151f1a9c3e9df11567bcb7c0736bb567c11d0ac047fedf9""}]"	"{""lemma_id"": ""lemma:6a6e491cd0124e24a6d4"", ""word"": ""regolarli"", ""normalized"": ""regolarli"", ""search_form"": ""regolarli"", ""rank"": 160198, ""frequency_score"": 0.3302762853388649, ""category_breakdown"": {""subtitles"": {""ipm_values"": [0.021489, 0.016567], ""category_ipm"": 0.019028, ""category_score"": 0.3302762853388649}}, ""sources"": [{""id"": ""subtitles/hermit_2016_it_full_lemmatized_ipm6_spacy_lookup_cleaned_v8.json"", ""file"": ""hermit_2016_it_full_lemmatized_ipm6_spacy_lookup_cleaned_v8.json"", ""category"": ""subtitles"", ""ipm"": 0.021489}, {""id"": ""subtitles/hermit_2018_it_full_lemmatized_ipm6_spacy_lookup_cleaned_v8.json"", ""file"": ""hermit_2018_it_full_lemmatized_ipm6_spacy_lookup_cleaned_v8.json"", ""category"": ""subtitles"", ""ipm"": 0.016567}], ""corpus_quality"": {""status"": ""accepted"", ""reasons"": []}, ""components"": [{""surface"": ""regol"", ""canonical_candidate"": ""regol"", ""confidence"": 0.97, ""evidence"": [{""type"": ""compound_morphology"", ""source"": ""manually_verified"", ""path"": [""regolarli"", ""regol"", ""regol""], ""confidence"": 0.97}, {""type"": ""verified_seed_alias"", ""source"": ""methodology_control_seed"", ""path"": [""it"", ""regol"", ""family:regul""], ""confidence"": 1}]}]}"
it	lemma:6e66bbdccb51a3a5228d	regularcranio	uncertain	not_admitted_candidate		aggregate_only_not_sense_frequency	"[{""path"": ""associativvordes/family-index-v5/members/it/9e.json.gz"", ""family_id"": ""surface:it:regularcrani"", ""record_sha256"": ""61d1722a4cffb85df65c40b1fbd34d0dd956ea2ee6eafecce736a73b18627528""}]"	"{""lemma_id"": ""lemma:6e66bbdccb51a3a5228d"", ""word"": ""regularcranio"", ""normalized"": ""regularcranio"", ""search_form"": ""regularcranio"", ""rank"": 414385, ""frequency_score"": 0.08315453898636421, ""category_breakdown"": {""subtitles"": {""ipm_values"": [0.005372, 0.004142], ""category_ipm"": 0.004757, ""category_score"": 0.08315453898636421}}, ""sources"": [{""id"": ""subtitles/hermit_2016_it_full_lemmatized_ipm6_spacy_lookup_cleaned_v8.json"", ""file"": ""hermit_2016_it_full_lemmatized_ipm6_spacy_lookup_cleaned_v8.json"", ""category"": ""subtitles"", ""ipm"": 0.005372}, {""id"": ""subtitles/hermit_2018_it_full_lemmatized_ipm6_spacy_lookup_cleaned_v8.json"", ""file"": ""hermit_2018_it_full_lemmatized_ipm6_spacy_lookup_cleaned_v8.json"", ""category"": ""subtitles"", ""ipm"": 0.004142}], ""corpus_quality"": {""status"": ""accepted"", ""reasons"": []}, ""components"": [{""surface"": ""regularcrani"", ""canonical_candidate"": ""regularcrani"", ""confidence"": 0.92, ""evidence"": [{""type"": ""morphological_parse"", ""source"": ""candidate_index"", ""path"": [""regularcranio"", ""regularcrani"", ""regularcrani""], ""confidence"": 0.92}]}]}"
it	lemma:70cbeddd95707b937ebb	regolativo	accepted	accepted	regolare	aggregate_only_not_sense_frequency	"[{""path"": ""associativvordes/family-index-v5/members/it/40.json.gz"", ""family_id"": ""family:regul"", ""record_sha256"": ""39d107ad4a31cf6bcac8664ddfb3000811cb6a95f61073f398bff6728899ce33""}, {""path"": ""associativvordes/family-index-v5/members/it/6e.json.gz"", ""family_id"": ""surface:it:regolativ"", ""record_sha256"": ""a91b1170ac90229357874a70f91e8e9bb71a92e83f8dee127fda636c65fef92f""}, {""path"": ""associativvordes/family-index-v5/members/it/9f.json.gz"", ""family_id"": ""surface:it:tivo"", ""record_sha256"": ""4fd120c48118801e3372f541c58b3a5647a6cace368afd21abc6b6d908cd1768""}]"	"{""lemma_id"": ""lemma:70cbeddd95707b937ebb"", ""word"": ""regolativo"", ""normalized"": ""regolativo"", ""search_form"": ""regolativo"", ""rank"": 24916, ""frequency_score"": 12.961795977027856, ""category_breakdown"": {""web"": {""ipm_values"": [1.095399], ""category_ipm"": 1.095399, ""category_score"": 12.961795977027856}}, ""sources"": [{""id"": ""web/sorted.it.lemma.unigrams.cleaned_recommended_min100_ipm6.json"", ""file"": ""sorted.it.lemma.unigrams.cleaned_recommended_min100_ipm6.json"", ""category"": ""web"", ""ipm"": 1.095399}], ""corpus_quality"": {""status"": ""accepted"", ""reasons"": []}, ""components"": [{""surface"": ""regol"", ""canonical_candidate"": ""regol"", ""confidence"": 1, ""evidence"": [{""type"": ""compound_morphology"", ""source"": ""manually_verified"", ""path"": [""regolativo"", ""regol"", ""regol""], ""confidence"": 1}, {""type"": ""verified_seed_alias"", ""source"": ""methodology_control_seed"", ""path"": [""it"", ""regol"", ""family:regul""], ""confidence"": 1}]}]}"
it	lemma:72ddcbf8c234c7aea82f	regolare	accepted	accepted	regolare	aggregate_only_not_sense_frequency	"[{""path"": ""associativvordes/family-index-v5/members/it/40.json.gz"", ""family_id"": ""family:regul"", ""record_sha256"": ""112a12d55030bb95d413d0219cadd29fdfff4805da6111437ec4d909f6b61ec7""}]"	"{""lemma_id"": ""lemma:72ddcbf8c234c7aea82f"", ""word"": ""regolare"", ""normalized"": ""regolare"", ""search_form"": ""regolare"", ""rank"": 1286, ""frequency_score"": 75.75067442026997, ""category_breakdown"": {""subtitles"": {""ipm_values"": [57.395988, 57.375596], ""category_ipm"": 57.385792, ""category_score"": 71.26325555132168}, ""web"": {""ipm_values"": [96.443864], ""category_ipm"": 96.443864, ""category_score"": 80.23809328921828}}, ""sources"": [{""id"": ""subtitles/hermit_2016_it_full_lemmatized_ipm6_spacy_lookup_cleaned_v8.json"", ""file"": ""hermit_2016_it_full_lemmatized_ipm6_spacy_lookup_cleaned_v8.json"", ""category"": ""subtitles"", ""ipm"": 57.395988}, {""id"": ""subtitles/hermit_2018_it_full_lemmatized_ipm6_spacy_lookup_cleaned_v8.json"", ""file"": ""hermit_2018_it_full_lemmatized_ipm6_spacy_lookup_cleaned_v8.json"", ""category"": ""subtitles"", ""ipm"": 57.375596}, {""id"": ""web/sorted.it.lemma.unigrams.cleaned_recommended_min100_ipm6.json"", ""file"": ""sorted.it.lemma.unigrams.cleaned_recommended_min100_ipm6.json"", ""category"": ""web"", ""ipm"": 96.443864}], ""corpus_quality"": {""status"": ""accepted"", ""reasons"": []}, ""components"": [{""surface"": ""regolare"", ""canonical_candidate"": ""regul"", ""confidence"": 1, ""evidence"": [{""type"": ""manual_override"", ""source"": ""methodology_control_word"", ""path"": [""it"", ""regolare"", ""family:regul""], ""confidence"": 1}]}]}"
it	lemma:77630a61cb6dd10d7ac3	deregolamentare	accepted	accepted	regolamentare	aggregate_only_not_sense_frequency	"[{""path"": ""associativvordes/family-index-v5/members/it/40.json.gz"", ""family_id"": ""family:regul"", ""record_sha256"": ""45f4f900777e7e1b03192de8ab31314a7f0c3b004d1af5dca444771ab42166ae""}, {""path"": ""associativvordes/family-index-v5/members/it/69.json.gz"", ""family_id"": ""surface:it:tare"", ""record_sha256"": ""f44be5a8ba0de8ea762b5ab010fe274394478fab214380f3405a4b511ead7814""}, {""path"": ""associativvordes/family-index-v5/members/it/bb.json.gz"", ""family_id"": ""surface:it:deregolamentar"", ""record_sha256"": ""e1fb08e547aa4ac25c863c809b6b5df6be5c9b9e69c9fdefb039ef93a7bad3e6""}]"	"{""lemma_id"": ""lemma:77630a61cb6dd10d7ac3"", ""word"": ""deregolamentare"", ""normalized"": ""deregolamentare"", ""search_form"": ""deregolamentare"", ""rank"": 68936, ""frequency_score"": 1.6620233037120025, ""category_breakdown"": {""subtitles"": {""ipm_values"": [0.042977, 0.037276], ""category_ipm"": 0.040126499999999996, ""category_score"": 0.6893565840979418}, ""web"": {""ipm_values"": [0.162258], ""category_ipm"": 0.162258, ""category_score"": 2.6346900233260633}}, ""sources"": [{""id"": ""subtitles/hermit_2016_it_full_lemmatized_ipm6_spacy_lookup_cleaned_v8.json"", ""file"": ""hermit_2016_it_full_lemmatized_ipm6_spacy_lookup_cleaned_v8.json"", ""category"": ""subtitles"", ""ipm"": 0.042977}, {""id"": ""subtitles/hermit_2018_it_full_lemmatized_ipm6_spacy_lookup_cleaned_v8.json"", ""file"": ""hermit_2018_it_full_lemmatized_ipm6_spacy_lookup_cleaned_v8.json"", ""category"": ""subtitles"", ""ipm"": 0.037276}, {""id"": ""web/sorted.it.lemma.unigrams.cleaned_recommended_min100_ipm6.json"", ""file"": ""sorted.it.lemma.unigrams.cleaned_recommended_min100_ipm6.json"", ""category"": ""web"", ""ipm"": 0.162258}], ""corpus_quality"": {""status"": ""accepted"", ""reasons"": []}, ""components"": [{""surface"": ""regol"", ""canonical_candidate"": ""regol"", ""confidence"": 0.97, ""evidence"": [{""type"": ""compound_morphology"", ""source"": ""manually_verified"", ""path"": [""deregolamentare"", ""regol"", ""regol""], ""confidence"": 0.97}, {""type"": ""verified_seed_alias"", ""source"": ""methodology_control_seed"", ""path"": [""it"", ""regol"", ""family:regul""], ""confidence"": 1}]}]}"
it	lemma:79077644b4a8d5cd48c3	aregola	uncertain	not_admitted_candidate		aggregate_only_not_sense_frequency	"[{""path"": ""associativvordes/family-index-v5/members/it/5f.json.gz"", ""family_id"": ""surface:it:ola"", ""record_sha256"": ""0b39983cdd62e330b5785079df3affce3701d80166a4f89a5d964b0b62ec0933""}, {""path"": ""associativvordes/family-index-v5/members/it/93.json.gz"", ""family_id"": ""surface:it:aregol"", ""record_sha256"": ""904ab660cd9f5b98d42121636edc63247236860c97c9c230bb461d57ae1aafe7""}]"	"{""lemma_id"": ""lemma:79077644b4a8d5cd48c3"", ""word"": ""aregola"", ""normalized"": ""aregola"", ""search_form"": ""aregola"", ""rank"": 272256, ""frequency_score"": 0.08315453898636421, ""category_breakdown"": {""subtitles"": {""ipm_values"": [0.005372, 0.004142], ""category_ipm"": 0.004757, ""category_score"": 0.08315453898636421}}, ""sources"": [{""id"": ""subtitles/hermit_2016_it_full_lemmatized_ipm6_spacy_lookup_cleaned_v8.json"", ""file"": ""hermit_2016_it_full_lemmatized_ipm6_spacy_lookup_cleaned_v8.json"", ""category"": ""subtitles"", ""ipm"": 0.005372}, {""id"": ""subtitles/hermit_2018_it_full_lemmatized_ipm6_spacy_lookup_cleaned_v8.json"", ""file"": ""hermit_2018_it_full_lemmatized_ipm6_spacy_lookup_cleaned_v8.json"", ""category"": ""subtitles"", ""ipm"": 0.004142}], ""corpus_quality"": {""status"": ""accepted"", ""reasons"": []}, ""components"": [{""surface"": ""ola"", ""canonical_candidate"": ""ola"", ""confidence"": 0.89, ""evidence"": [{""type"": ""compound_morphology"", ""source"": ""candidate_index"", ""path"": [""aregola"", ""ola"", ""ola""], ""confidence"": 0.89}]}]}"
it	lemma:7998b625d58e14606157	autoregolamentare	accepted	accepted	regolamentare	aggregate_only_not_sense_frequency	"[{""path"": ""associativvordes/family-index-v5/members/it/3b.json.gz"", ""family_id"": ""surface:it:autoregolamentar"", ""record_sha256"": ""b28fc2c657e6111841b13f7f05ebaaccb679308c91f064ff32ad92f0365ed506""}, {""path"": ""associativvordes/family-index-v5/members/it/40.json.gz"", ""family_id"": ""family:regul"", ""record_sha256"": ""54db8cd4cb71c24bac84c86a624a20088eb6317bb7d4130d8470038d87fd4ab6""}, {""path"": ""associativvordes/family-index-v5/members/it/69.json.gz"", ""family_id"": ""surface:it:tare"", ""record_sha256"": ""d31e27f1441a930f794eae94c09a3406524bb0105ac87263260e2770526684da""}]"	"{""lemma_id"": ""lemma:7998b625d58e14606157"", ""word"": ""autoregolamentare"", ""normalized"": ""autoregolamentare"", ""search_form"": ""autoregolamentare"", ""rank"": 77975, ""frequency_score"": 2.1245567052315195, ""category_breakdown"": {""web"": {""ipm_values"": [0.128908], ""category_ipm"": 0.128908, ""category_score"": 2.1245567052315195}}, ""sources"": [{""id"": ""web/sorted.it.lemma.unigrams.cleaned_recommended_min100_ipm6.json"", ""file"": ""sorted.it.lemma.unigrams.cleaned_recommended_min100_ipm6.json"", ""category"": ""web"", ""ipm"": 0.128908}], ""corpus_quality"": {""status"": ""accepted"", ""reasons"": []}, ""components"": [{""surface"": ""autoregolamentar"", ""canonical_candidate"": ""autoregolamentar"", ""confidence"": 0.92, ""evidence"": [{""type"": ""morphological_parse"", ""source"": ""candidate_index"", ""path"": [""autoregolamentare"", ""autoregolamentar"", ""autoregolamentar""], ""confidence"": 0.92}]}]}"
it	lemma:7b3f4d2847b93fda8f32	régulier	uncertain	withheld_historical_uncertain		aggregate_only_not_sense_frequency	"[{""path"": ""associativvordes/family-index-v5/members/it/40.json.gz"", ""family_id"": ""family:regul"", ""record_sha256"": ""67b049682c29be13c710bf2644018cfad9a180c6fd11e1b4da66fc8b8daee2e8""}, {""path"": ""associativvordes/family-index-v5/members/it/a7.json.gz"", ""family_id"": ""surface:it:lier"", ""record_sha256"": ""b89de97cd2cc85e535f6b79b1943d95c8ab3652ed3aed63082660deebd589d9b""}]"	"{""lemma_id"": ""lemma:7b3f4d2847b93fda8f32"", ""word"": ""régulier"", ""normalized"": ""régulier"", ""search_form"": ""regulier"", ""rank"": 424685, ""frequency_score"": 0.08315453898636421, ""category_breakdown"": {""subtitles"": {""ipm_values"": [0.005372, 0.004142], ""category_ipm"": 0.004757, ""category_score"": 0.08315453898636421}}, ""sources"": [{""id"": ""subtitles/hermit_2016_it_full_lemmatized_ipm6_spacy_lookup_cleaned_v8.json"", ""file"": ""hermit_2016_it_full_lemmatized_ipm6_spacy_lookup_cleaned_v8.json"", ""category"": ""subtitles"", ""ipm"": 0.005372}, {""id"": ""subtitles/hermit_2018_it_full_lemmatized_ipm6_spacy_lookup_cleaned_v8.json"", ""file"": ""hermit_2018_it_full_lemmatized_ipm6_spacy_lookup_cleaned_v8.json"", ""category"": ""subtitles"", ""ipm"": 0.004142}], ""corpus_quality"": {""status"": ""accepted"", ""reasons"": []}, ""components"": [{""surface"": ""regul"", ""canonical_candidate"": ""regul"", ""confidence"": 0.81, ""evidence"": [{""type"": ""compound_morphology"", ""source"": ""candidate_index"", ""path"": [""regulier"", ""regul"", ""regul""], ""confidence"": 0.81}, {""type"": ""verified_seed_alias"", ""source"": ""methodology_control_seed"", ""path"": [""it"", ""regul"", ""family:regul""], ""confidence"": 1}]}]}"
it	lemma:7bac6374f84fc6d94730	reguladora	uncertain	not_admitted_candidate		aggregate_only_not_sense_frequency	"[{""path"": ""associativvordes/family-index-v5/members/it/22.json.gz"", ""family_id"": ""surface:it:adora"", ""record_sha256"": ""6dcecb8cf4b96468efed7d762961b629ec6caa0813eb28031c32e905eadd218f""}, {""path"": ""associativvordes/family-index-v5/members/it/26.json.gz"", ""family_id"": ""surface:it:regulador"", ""record_sha256"": ""2e4f970ac653bf783d7599d01b4ee12cda9d648fd6233efc9a9d7bd8ed9d00e1""}]"	"{""lemma_id"": ""lemma:7bac6374f84fc6d94730"", ""word"": ""reguladora"", ""normalized"": ""reguladora"", ""search_form"": ""reguladora"", ""rank"": 414383, ""frequency_score"": 0.08315453898636421, ""category_breakdown"": {""subtitles"": {""ipm_values"": [0.005372, 0.004142], ""category_ipm"": 0.004757, ""category_score"": 0.08315453898636421}}, ""sources"": [{""id"": ""subtitles/hermit_2016_it_full_lemmatized_ipm6_spacy_lookup_cleaned_v8.json"", ""file"": ""hermit_2016_it_full_lemmatized_ipm6_spacy_lookup_cleaned_v8.json"", ""category"": ""subtitles"", ""ipm"": 0.005372}, {""id"": ""subtitles/hermit_2018_it_full_lemmatized_ipm6_spacy_lookup_cleaned_v8.json"", ""file"": ""hermit_2018_it_full_lemmatized_ipm6_spacy_lookup_cleaned_v8.json"", ""category"": ""subtitles"", ""ipm"": 0.004142}], ""corpus_quality"": {""status"": ""accepted"", ""reasons"": []}, ""components"": [{""surface"": ""adora"", ""canonical_candidate"": ""adora"", ""confidence"": 0.89, ""evidence"": [{""type"": ""compound_morphology"", ""source"": ""candidate_index"", ""path"": [""reguladora"", ""adora"", ""adora""], ""confidence"": 0.89}]}]}"
it	lemma:81508be3dda92542bfd0	irregolare	accepted	accepted	regolare	aggregate_only_not_sense_frequency	"[{""path"": ""associativvordes/family-index-v5/members/it/3e.json.gz"", ""family_id"": ""surface:it:irregolar"", ""record_sha256"": ""eb927aa1c80850f0c676bf5170c222df883275743b349fe89d17ca5b824296ac""}]"	"{""lemma_id"": ""lemma:81508be3dda92542bfd0"", ""word"": ""irregolare"", ""normalized"": ""irregolare"", ""search_form"": ""irregolare"", ""rank"": 4419, ""frequency_score"": 40.26049677224123, ""category_breakdown"": {""subtitles"": {""ipm_values"": [4.15804, 4.220438], ""category_ipm"": 4.189239, ""category_score"": 28.851502457667582}, ""web"": {""ipm_values"": [18.083705], ""category_ipm"": 18.083705, ""category_score"": 51.66949108681489}}, ""sources"": [{""id"": ""subtitles/hermit_2016_it_full_lemmatized_ipm6_spacy_lookup_cleaned_v8.json"", ""file"": ""hermit_2016_it_full_lemmatized_ipm6_spacy_lookup_cleaned_v8.json"", ""category"": ""subtitles"", ""ipm"": 4.15804}, {""id"": ""subtitles/hermit_2018_it_full_lemmatized_ipm6_spacy_lookup_cleaned_v8.json"", ""file"": ""hermit_2018_it_full_lemmatized_ipm6_spacy_lookup_cleaned_v8.json"", ""category"": ""subtitles"", ""ipm"": 4.220438}, {""id"": ""web/sorted.it.lemma.unigrams.cleaned_recommended_min100_ipm6.json"", ""file"": ""sorted.it.lemma.unigrams.cleaned_recommended_min100_ipm6.json"", ""category"": ""web"", ""ipm"": 18.083705}], ""corpus_quality"": {""status"": ""accepted"", ""reasons"": []}, ""components"": [{""surface"": ""irregolar"", ""canonical_candidate"": ""irregolar"", ""confidence"": 0.92, ""evidence"": [{""type"": ""morphological_parse"", ""source"": ""candidate_index"", ""path"": [""irregolare"", ""irregolar"", ""irregolar""], ""confidence"": 0.92}]}]}"
it	lemma:83ea7bfbdec2763e1ff3	regolarissima	accepted	accepted	regolare	aggregate_only_not_sense_frequency	"[{""path"": ""associativvordes/family-index-v5/members/it/40.json.gz"", ""family_id"": ""family:regul"", ""record_sha256"": ""d779e21fdff53358fd8ccd2255e21890aa5705db001c3b680e5f3815df088da8""}, {""path"": ""associativvordes/family-index-v5/members/it/4d.json.gz"", ""family_id"": ""surface:it:sima"", ""record_sha256"": ""dec8bc85b017736f4cee99429e444b40ef66ff0a28fc552663831d551d186887""}, {""path"": ""associativvordes/family-index-v5/members/it/4e.json.gz"", ""family_id"": ""surface:it:regolarissim"", ""record_sha256"": ""26050405154c3bd78ae98ddb58f66d6bc2faf6ecd479c8c86c556052ae200e26""}]"	"{""lemma_id"": ""lemma:83ea7bfbdec2763e1ff3"", ""word"": ""regolarissima"", ""normalized"": ""regolarissima"", ""search_form"": ""regolarissima"", ""rank"": 188153, ""frequency_score"": 0.2482803769707588, ""category_breakdown"": {""subtitles"": {""ipm_values"": [0.016116, 0.012425], ""category_ipm"": 0.014270499999999998, ""category_score"": 0.2482803769707588}}, ""sources"": [{""id"": ""subtitles/hermit_2016_it_full_lemmatized_ipm6_spacy_lookup_cleaned_v8.json"", ""file"": ""hermit_2016_it_full_lemmatized_ipm6_spacy_lookup_cleaned_v8.json"", ""category"": ""subtitles"", ""ipm"": 0.016116}, {""id"": ""subtitles/hermit_2018_it_full_lemmatized_ipm6_spacy_lookup_cleaned_v8.json"", ""file"": ""hermit_2018_it_full_lemmatized_ipm6_spacy_lookup_cleaned_v8.json"", ""category"": ""subtitles"", ""ipm"": 0.012425}], ""corpus_quality"": {""status"": ""accepted"", ""reasons"": []}, ""components"": [{""surface"": ""regol"", ""canonical_candidate"": ""regol"", ""confidence"": 0.97, ""evidence"": [{""type"": ""compound_morphology"", ""source"": ""manually_verified"", ""path"": [""regolarissima"", ""regol"", ""regol""], ""confidence"": 0.97}, {""type"": ""verified_seed_alias"", ""source"": ""methodology_control_seed"", ""path"": [""it"", ""regol"", ""family:regul""], ""confidence"": 1}]}]}"
it	lemma:85a67dab82d0735c5e5f	regolarci	accepted	accepted	regolare	aggregate_only_not_sense_frequency	"[{""path"": ""associativvordes/family-index-v5/members/it/40.json.gz"", ""family_id"": ""family:regul"", ""record_sha256"": ""81fa0f3355c5e50d682966dd12cba49a164a85bed991cbb6262a1890aac7bfa3""}, {""path"": ""associativvordes/family-index-v5/members/it/88.json.gz"", ""family_id"": ""surface:it:arci"", ""record_sha256"": ""b7c82242ce6fc3afb450c78e663cba4f392e9dcf0b80422c4316cd682b64c23f""}, {""path"": ""associativvordes/family-index-v5/members/it/e8.json.gz"", ""family_id"": ""surface:it:regolarc"", ""record_sha256"": ""3e7d47d6716a5ccd533f7823c1ead111c26002f8b98eeeea95c2faeb359d54a4""}]"	"{""lemma_id"": ""lemma:85a67dab82d0735c5e5f"", ""word"": ""regolarci"", ""normalized"": ""regolarci"", ""search_form"": ""regolarci"", ""rank"": 87448, ""frequency_score"": 0.9318706056634981, ""category_breakdown"": {""subtitles"": {""ipm_values"": [0.042977, 0.066268], ""category_ipm"": 0.0546225, ""category_score"": 0.9318706056634981}}, ""sources"": [{""id"": ""subtitles/hermit_2016_it_full_lemmatized_ipm6_spacy_lookup_cleaned_v8.json"", ""file"": ""hermit_2016_it_full_lemmatized_ipm6_spacy_lookup_cleaned_v8.json"", ""category"": ""subtitles"", ""ipm"": 0.042977}, {""id"": ""subtitles/hermit_2018_it_full_lemmatized_ipm6_spacy_lookup_cleaned_v8.json"", ""file"": ""hermit_2018_it_full_lemmatized_ipm6_spacy_lookup_cleaned_v8.json"", ""category"": ""subtitles"", ""ipm"": 0.066268}], ""corpus_quality"": {""status"": ""accepted"", ""reasons"": []}, ""components"": [{""surface"": ""regol"", ""canonical_candidate"": ""regol"", ""confidence"": 0.97, ""evidence"": [{""type"": ""compound_morphology"", ""source"": ""manually_verified"", ""path"": [""regolarci"", ""regol"", ""regol""], ""confidence"": 0.97}, {""type"": ""verified_seed_alias"", ""source"": ""methodology_control_seed"", ""path"": [""it"", ""regol"", ""family:regul""], ""confidence"": 1}]}]}"
it	lemma:85beda8db1307cd38d2b	sregolato	accepted	accepted	regolare	aggregate_only_not_sense_frequency	"[{""path"": ""associativvordes/family-index-v5/members/it/58.json.gz"", ""family_id"": ""surface:it:sregolat"", ""record_sha256"": ""670d4e773bb99c44ce8ec679a2243a2abdf0dafe2cad778aa6988cad77228f42""}]"	"{""lemma_id"": ""lemma:85beda8db1307cd38d2b"", ""word"": ""sregolato"", ""normalized"": ""sregolato"", ""search_form"": ""sregolato"", ""rank"": 34877, ""frequency_score"": 5.472074831139214, ""category_breakdown"": {""subtitles"": {""ipm_values"": [0.182653, 0.173953], ""category_ipm"": 0.178303, ""category_score"": 2.874927242746079}, ""web"": {""ipm_values"": [0.584897], ""category_ipm"": 0.584897, ""category_score"": 8.069222419532348}}, ""sources"": [{""id"": ""subtitles/hermit_2016_it_full_lemmatized_ipm6_spacy_lookup_cleaned_v8.json"", ""file"": ""hermit_2016_it_full_lemmatized_ipm6_spacy_lookup_cleaned_v8.json"", ""category"": ""subtitles"", ""ipm"": 0.182653}, {""id"": ""subtitles/hermit_2018_it_full_lemmatized_ipm6_spacy_lookup_cleaned_v8.json"", ""file"": ""hermit_2018_it_full_lemmatized_ipm6_spacy_lookup_cleaned_v8.json"", ""category"": ""subtitles"", ""ipm"": 0.173953}, {""id"": ""web/sorted.it.lemma.unigrams.cleaned_recommended_min100_ipm6.json"", ""file"": ""sorted.it.lemma.unigrams.cleaned_recommended_min100_ipm6.json"", ""category"": ""web"", ""ipm"": 0.584897}], ""corpus_quality"": {""status"": ""accepted"", ""reasons"": []}, ""components"": [{""surface"": ""sregolat"", ""canonical_candidate"": ""sregolat"", ""confidence"": 0.92, ""evidence"": [{""type"": ""morphological_parse"", ""source"": ""candidate_index"", ""path"": [""sregolato"", ""sregolat"", ""sregolat""], ""confidence"": 0.92}]}]}"
it	lemma:8669577d953ef0cbb8b6	iperregolari	accepted	accepted	regolare	aggregate_only_not_sense_frequency	"[{""path"": ""associativvordes/family-index-v5/members/it/1a.json.gz"", ""family_id"": ""surface:it:olari"", ""record_sha256"": ""664f9373db7abaa896ee0224402a784da2c05478901fe110c854d7ffa5093e1b""}, {""path"": ""associativvordes/family-index-v5/members/it/40.json.gz"", ""family_id"": ""family:regul"", ""record_sha256"": ""aea22fa4e5c918d4c20f3cff949fb4b6e5799f88c0fe9a71166424ee03828947""}, {""path"": ""associativvordes/family-index-v5/members/it/e9.json.gz"", ""family_id"": ""surface:it:iperregolar"", ""record_sha256"": ""fe80aefba074a807226cd71706d3a33585d212c609e91a711e9e09a6a1e54eea""}]"	"{""lemma_id"": ""lemma:8669577d953ef0cbb8b6"", ""word"": ""iperregolari"", ""normalized"": ""iperregolari"", ""search_form"": ""iperregolari"", ""rank"": 353636, ""frequency_score"": 0.08315453898636421, ""category_breakdown"": {""subtitles"": {""ipm_values"": [0.005372, 0.004142], ""category_ipm"": 0.004757, ""category_score"": 0.08315453898636421}}, ""sources"": [{""id"": ""subtitles/hermit_2016_it_full_lemmatized_ipm6_spacy_lookup_cleaned_v8.json"", ""file"": ""hermit_2016_it_full_lemmatized_ipm6_spacy_lookup_cleaned_v8.json"", ""category"": ""subtitles"", ""ipm"": 0.005372}, {""id"": ""subtitles/hermit_2018_it_full_lemmatized_ipm6_spacy_lookup_cleaned_v8.json"", ""file"": ""hermit_2018_it_full_lemmatized_ipm6_spacy_lookup_cleaned_v8.json"", ""category"": ""subtitles"", ""ipm"": 0.004142}], ""corpus_quality"": {""status"": ""accepted"", ""reasons"": []}, ""components"": [{""surface"": ""olari"", ""canonical_candidate"": ""olari"", ""confidence"": 0.89, ""evidence"": [{""type"": ""compound_morphology"", ""source"": ""candidate_index"", ""path"": [""iperregolari"", ""olari"", ""olari""], ""confidence"": 0.89}]}]}"
it	lemma:87ff898dd9e245824447	regulars	uncertain	withheld_historical_uncertain		aggregate_only_not_sense_frequency	"[{""path"": ""associativvordes/family-index-v5/members/it/40.json.gz"", ""family_id"": ""family:regul"", ""record_sha256"": ""61ea3f6f0ffc2dd6d6ee53459dbf3b929c38d69d16eb81ae232dec637a730277""}, {""path"": ""associativvordes/family-index-v5/members/it/a7.json.gz"", ""family_id"": ""surface:it:lars"", ""record_sha256"": ""fed1bb35c343e30ff4a8231572622e1c4eaa22fb1131b802b966deaf3262b5bf""}]"	"{""lemma_id"": ""lemma:87ff898dd9e245824447"", ""word"": ""regulars"", ""normalized"": ""regulars"", ""search_form"": ""regulars"", ""rank"": 115205, ""frequency_score"": 0.5968093163786387, ""category_breakdown"": {""subtitles"": {""ipm_values"": [0.005372], ""category_ipm"": 0.005372, ""category_score"": 0.09387627061505811}, ""web"": {""ipm_values"": [0.064775], ""category_ipm"": 0.064775, ""category_score"": 1.099742362142219}}, ""sources"": [{""id"": ""subtitles/hermit_2016_it_full_lemmatized_ipm6_spacy_lookup_cleaned_v8.json"", ""file"": ""hermit_2016_it_full_lemmatized_ipm6_spacy_lookup_cleaned_v8.json"", ""category"": ""subtitles"", ""ipm"": 0.005372}, {""id"": ""web/sorted.it.lemma.unigrams.cleaned_recommended_min100_ipm6.json"", ""file"": ""sorted.it.lemma.unigrams.cleaned_recommended_min100_ipm6.json"", ""category"": ""web"", ""ipm"": 0.064775}], ""corpus_quality"": {""status"": ""accepted"", ""reasons"": []}, ""components"": [{""surface"": ""regul"", ""canonical_candidate"": ""regul"", ""confidence"": 0.81, ""evidence"": [{""type"": ""compound_morphology"", ""source"": ""candidate_index"", ""path"": [""regulars"", ""regul"", ""regul""], ""confidence"": 0.81}, {""type"": ""verified_seed_alias"", ""source"": ""methodology_control_seed"", ""path"": [""it"", ""regul"", ""family:regul""], ""confidence"": 1}]}]}"
it	lemma:8b946348eda66c78f2cf	regulador	uncertain	not_admitted_candidate		aggregate_only_not_sense_frequency	"[{""path"": ""associativvordes/family-index-v5/members/it/26.json.gz"", ""family_id"": ""surface:it:regulador"", ""record_sha256"": ""4e7d6a6944704e9a482108c680246b0abd4e0ba6828f70ff61e77d823b689f12""}]"	"{""lemma_id"": ""lemma:8b946348eda66c78f2cf"", ""word"": ""regulador"", ""normalized"": ""regulador"", ""search_form"": ""regulador"", ""rank"": 242521, ""frequency_score"": 0.16590763449466825, ""category_breakdown"": {""subtitles"": {""ipm_values"": [0.010744, 0.008283], ""category_ipm"": 0.009513500000000001, ""category_score"": 0.16590763449466825}}, ""sources"": [{""id"": ""subtitles/hermit_2016_it_full_lemmatized_ipm6_spacy_lookup_cleaned_v8.json"", ""file"": ""hermit_2016_it_full_lemmatized_ipm6_spacy_lookup_cleaned_v8.json"", ""category"": ""subtitles"", ""ipm"": 0.010744}, {""id"": ""subtitles/hermit_2018_it_full_lemmatized_ipm6_spacy_lookup_cleaned_v8.json"", ""file"": ""hermit_2018_it_full_lemmatized_ipm6_spacy_lookup_cleaned_v8.json"", ""category"": ""subtitles"", ""ipm"": 0.008283}], ""corpus_quality"": {""status"": ""accepted"", ""reasons"": []}, ""components"": [{""surface"": ""regulador"", ""canonical_candidate"": ""regulador"", ""confidence"": 0.92, ""evidence"": [{""type"": ""morphological_parse"", ""source"": ""candidate_index"", ""path"": [""regulador"", ""regulador"", ""regulador""], ""confidence"": 0.92}]}]}"
it	lemma:8cb2b69c04abb2c7ccaa	regoletta	accepted	accepted	regola	aggregate_only_not_sense_frequency	"[{""path"": ""associativvordes/family-index-v5/members/it/40.json.gz"", ""family_id"": ""family:regul"", ""record_sha256"": ""f17350e39ba5a07e19b5ade33b7f037d00e07800aa026c328ac88aa0b7d139ff""}, {""path"": ""associativvordes/family-index-v5/members/it/6d.json.gz"", ""family_id"": ""surface:it:etta"", ""record_sha256"": ""2a8bfd463d4484565c1091777a03d954235703ee73416163457960134f326d26""}, {""path"": ""associativvordes/family-index-v5/members/it/b7.json.gz"", ""family_id"": ""surface:it:regolett"", ""record_sha256"": ""d78ce7da6484ca93e7ace04c2f7d33b78296523b2aebf3a969bb1aabecc079da""}]"	"{""lemma_id"": ""lemma:8cb2b69c04abb2c7ccaa"", ""word"": ""regoletta"", ""normalized"": ""regoletta"", ""search_form"": ""regoletta"", ""rank"": 49369, ""frequency_score"": 2.9024552101666465, ""category_breakdown"": {""subtitles"": {""ipm_values"": [0.069838, 0.062126], ""category_ipm"": 0.065982, ""category_score"": 1.1195935785977122}, ""web"": {""ipm_values"": [0.306558], ""category_ipm"": 0.306558, ""category_score"": 4.685316841735581}}, ""sources"": [{""id"": ""subtitles/hermit_2016_it_full_lemmatized_ipm6_spacy_lookup_cleaned_v8.json"", ""file"": ""hermit_2016_it_full_lemmatized_ipm6_spacy_lookup_cleaned_v8.json"", ""category"": ""subtitles"", ""ipm"": 0.069838}, {""id"": ""subtitles/hermit_2018_it_full_lemmatized_ipm6_spacy_lookup_cleaned_v8.json"", ""file"": ""hermit_2018_it_full_lemmatized_ipm6_spacy_lookup_cleaned_v8.json"", ""category"": ""subtitles"", ""ipm"": 0.062126}, {""id"": ""web/sorted.it.lemma.unigrams.cleaned_recommended_min100_ipm6.json"", ""file"": ""sorted.it.lemma.unigrams.cleaned_recommended_min100_ipm6.json"", ""category"": ""web"", ""ipm"": 0.306558}], ""corpus_quality"": {""status"": ""accepted"", ""reasons"": []}, ""components"": [{""surface"": ""regol"", ""canonical_candidate"": ""regol"", ""confidence"": 0.97, ""evidence"": [{""type"": ""compound_morphology"", ""source"": ""manually_verified"", ""path"": [""regoletta"", ""regol"", ""regol""], ""confidence"": 0.97}, {""type"": ""verified_seed_alias"", ""source"": ""methodology_control_seed"", ""path"": [""it"", ""regol"", ""family:regul""], ""confidence"": 1}]}]}"
it	lemma:8db432b87f86549d51e2	regolamentarne	accepted	accepted	regolamentare	aggregate_only_not_sense_frequency	"[{""path"": ""associativvordes/family-index-v5/members/it/40.json.gz"", ""family_id"": ""family:regul"", ""record_sha256"": ""4969afcfcb9c759b5589c9e7a3ebf968b446a2702b2683917438f976a937cac8""}, {""path"": ""associativvordes/family-index-v5/members/it/95.json.gz"", ""family_id"": ""surface:it:arne"", ""record_sha256"": ""325b605cd3fc3b85d73071690139abbcc3c77903181a7da4276c90cc671cb5cf""}, {""path"": ""associativvordes/family-index-v5/members/it/b2.json.gz"", ""family_id"": ""surface:it:regolamentarn"", ""record_sha256"": ""e94a4c76cf2e31d44e227e70e8fabe01f30afbd37c6e0ad3e0ed3ae4fb515b92""}]"	"{""lemma_id"": ""lemma:8db432b87f86549d51e2"", ""word"": ""regolamentarne"", ""normalized"": ""regolamentarne"", ""search_form"": ""regolamentarne"", ""rank"": 414339, ""frequency_score"": 0.08315453898636421, ""category_breakdown"": {""subtitles"": {""ipm_values"": [0.005372, 0.004142], ""category_ipm"": 0.004757, ""category_score"": 0.08315453898636421}}, ""sources"": [{""id"": ""subtitles/hermit_2016_it_full_lemmatized_ipm6_spacy_lookup_cleaned_v8.json"", ""file"": ""hermit_2016_it_full_lemmatized_ipm6_spacy_lookup_cleaned_v8.json"", ""category"": ""subtitles"", ""ipm"": 0.005372}, {""id"": ""subtitles/hermit_2018_it_full_lemmatized_ipm6_spacy_lookup_cleaned_v8.json"", ""file"": ""hermit_2018_it_full_lemmatized_ipm6_spacy_lookup_cleaned_v8.json"", ""category"": ""subtitles"", ""ipm"": 0.004142}], ""corpus_quality"": {""status"": ""accepted"", ""reasons"": []}, ""components"": [{""surface"": ""regol"", ""canonical_candidate"": ""regol"", ""confidence"": 0.97, ""evidence"": [{""type"": ""compound_morphology"", ""source"": ""manually_verified"", ""path"": [""regolamentarne"", ""regol"", ""regol""], ""confidence"": 0.97}, {""type"": ""verified_seed_alias"", ""source"": ""methodology_control_seed"", ""path"": [""it"", ""regol"", ""family:regul""], ""confidence"": 1}]}]}"
it	lemma:8efbbe901f95661e1c11	fregoli	uncertain	not_admitted_candidate		aggregate_only_not_sense_frequency	"[{""path"": ""associativvordes/family-index-v5/members/it/9c.json.gz"", ""family_id"": ""surface:it:fregol"", ""record_sha256"": ""a9078b24884951e042094437e2284c8b775fa3cfd9c2976a35da4cd1a78be3db""}, {""path"": ""associativvordes/family-index-v5/members/it/f6.json.gz"", ""family_id"": ""surface:it:goli"", ""record_sha256"": ""ec8f29a4e67ca4a4bd10ed420e697f7595b9105f703f0e6a3011a13dc3e16856""}]"	"{""lemma_id"": ""lemma:8efbbe901f95661e1c11"", ""word"": ""fregoli"", ""normalized"": ""fregoli"", ""search_form"": ""fregoli"", ""rank"": 106696, ""frequency_score"": 0.7779810777594676, ""category_breakdown"": {""subtitles"": {""ipm_values"": [0.010744, 0.02485], ""category_ipm"": 0.017797, ""category_score"": 0.3090966674205461}, ""web"": {""ipm_values"": [0.073753], ""category_ipm"": 0.073753, ""category_score"": 1.2468654880983892}}, ""sources"": [{""id"": ""subtitles/hermit_2016_it_full_lemmatized_ipm6_spacy_lookup_cleaned_v8.json"", ""file"": ""hermit_2016_it_full_lemmatized_ipm6_spacy_lookup_cleaned_v8.json"", ""category"": ""subtitles"", ""ipm"": 0.010744}, {""id"": ""subtitles/hermit_2018_it_full_lemmatized_ipm6_spacy_lookup_cleaned_v8.json"", ""file"": ""hermit_2018_it_full_lemmatized_ipm6_spacy_lookup_cleaned_v8.json"", ""category"": ""subtitles"", ""ipm"": 0.02485}, {""id"": ""web/sorted.it.lemma.unigrams.cleaned_recommended_min100_ipm6.json"", ""file"": ""sorted.it.lemma.unigrams.cleaned_recommended_min100_ipm6.json"", ""category"": ""web"", ""ipm"": 0.073753}], ""corpus_quality"": {""status"": ""accepted"", ""reasons"": []}, ""components"": [{""surface"": ""fregol"", ""canonical_candidate"": ""fregol"", ""confidence"": 0.92, ""evidence"": [{""type"": ""morphological_parse"", ""source"": ""candidate_index"", ""path"": [""fregoli"", ""fregol"", ""fregol""], ""confidence"": 0.92}]}]}"
it	lemma:90316c6e5bbda49e4197	regolalo	accepted	accepted	regolare	aggregate_only_not_sense_frequency	"[{""path"": ""associativvordes/family-index-v5/members/it/40.json.gz"", ""family_id"": ""family:regul"", ""record_sha256"": ""7b876153f69980d8b7c4471c8ccfddbf55e2d2c9e2fd77c69c1a5a166fc6a798""}, {""path"": ""associativvordes/family-index-v5/members/it/72.json.gz"", ""family_id"": ""ety:5a327cc5f309"", ""record_sha256"": ""9895eb3c7fc84e730f2e767269961fe4a30ec635363987f7842f040b147f97b5""}, {""path"": ""associativvordes/family-index-v5/members/it/c5.json.gz"", ""family_id"": ""surface:it:regolal"", ""record_sha256"": ""dd22736f45aa8cd4fbe86d12144bdb587aa138834cabc32e74afa43561fcb1b8""}, {""path"": ""associativvordes/family-index-v5/members/it/e7.json.gz"", ""family_id"": ""ety:6bf3de5f8f0c"", ""record_sha256"": ""9895eb3c7fc84e730f2e767269961fe4a30ec635363987f7842f040b147f97b5""}]"	"{""lemma_id"": ""lemma:90316c6e5bbda49e4197"", ""word"": ""regolalo"", ""normalized"": ""regolalo"", ""search_form"": ""regolalo"", ""rank"": 160197, ""frequency_score"": 0.3302762853388649, ""category_breakdown"": {""subtitles"": {""ipm_values"": [0.021489, 0.016567], ""category_ipm"": 0.019028, ""category_score"": 0.3302762853388649}}, ""sources"": [{""id"": ""subtitles/hermit_2016_it_full_lemmatized_ipm6_spacy_lookup_cleaned_v8.json"", ""file"": ""hermit_2016_it_full_lemmatized_ipm6_spacy_lookup_cleaned_v8.json"", ""category"": ""subtitles"", ""ipm"": 0.021489}, {""id"": ""subtitles/hermit_2018_it_full_lemmatized_ipm6_spacy_lookup_cleaned_v8.json"", ""file"": ""hermit_2018_it_full_lemmatized_ipm6_spacy_lookup_cleaned_v8.json"", ""category"": ""subtitles"", ""ipm"": 0.016567}], ""corpus_quality"": {""status"": ""accepted"", ""reasons"": []}, ""components"": [{""surface"": ""regol"", ""canonical_candidate"": ""regol"", ""confidence"": 0.97, ""evidence"": [{""type"": ""compound_morphology"", ""source"": ""manually_verified"", ""path"": [""regolalo"", ""regol"", ""regol""], ""confidence"": 0.97}, {""type"": ""verified_seed_alias"", ""source"": ""methodology_control_seed"", ""path"": [""it"", ""regol"", ""family:regul""], ""confidence"": 1}]}]}"
it	lemma:90963548b579979c83ba	regulae	uncertain	not_admitted_candidate		aggregate_only_not_sense_frequency	"[{""path"": ""associativvordes/family-index-v5/members/it/c1.json.gz"", ""family_id"": ""surface:it:regula"", ""record_sha256"": ""b78e0c0fd8f4b22be2631f3b403023251e353c7bdd2a04bc98f473698ee432b0""}]"	"{""lemma_id"": ""lemma:90963548b579979c83ba"", ""word"": ""regulae"", ""normalized"": ""regulae"", ""search_form"": ""regulae"", ""rank"": 414384, ""frequency_score"": 0.08315453898636421, ""category_breakdown"": {""subtitles"": {""ipm_values"": [0.005372, 0.004142], ""category_ipm"": 0.004757, ""category_score"": 0.08315453898636421}}, ""sources"": [{""id"": ""subtitles/hermit_2016_it_full_lemmatized_ipm6_spacy_lookup_cleaned_v8.json"", ""file"": ""hermit_2016_it_full_lemmatized_ipm6_spacy_lookup_cleaned_v8.json"", ""category"": ""subtitles"", ""ipm"": 0.005372}, {""id"": ""subtitles/hermit_2018_it_full_lemmatized_ipm6_spacy_lookup_cleaned_v8.json"", ""file"": ""hermit_2018_it_full_lemmatized_ipm6_spacy_lookup_cleaned_v8.json"", ""category"": ""subtitles"", ""ipm"": 0.004142}], ""corpus_quality"": {""status"": ""accepted"", ""reasons"": []}, ""components"": [{""surface"": ""regula"", ""canonical_candidate"": ""regula"", ""confidence"": 0.92, ""evidence"": [{""type"": ""morphological_parse"", ""source"": ""candidate_index"", ""path"": [""regulae"", ""regula"", ""regula""], ""confidence"": 0.92}]}]}"
it	lemma:9137c2f9f7fd36b36664	regulation	uncertain	not_admitted_candidate		aggregate_only_not_sense_frequency	"[{""path"": ""associativvordes/family-index-v5/members/it/3c.json.gz"", ""family_id"": ""surface:it:gulat"", ""record_sha256"": ""2a2ec2ad2f34068217e56b50a4986f9601431ad2e33092f60618e00ba8733596""}, {""path"": ""associativvordes/family-index-v5/members/it/c1.json.gz"", ""family_id"": ""surface:it:regula"", ""record_sha256"": ""8b283df8398002eec7653ea5bd354b9e9b5c34d71b0c19a0abe71a453a89ba9e""}, {""path"": ""associativvordes/family-index-v5/members/it/e1.json.gz"", ""family_id"": ""surface:it:tion"", ""record_sha256"": ""134b867fcfeedfa05d1ef085a34adcc32e4cce049825fcd56129096270fc16e3""}]"	"{""lemma_id"": ""lemma:9137c2f9f7fd36b36664"", ""word"": ""regulation"", ""normalized"": ""regulation"", ""search_form"": ""regulation"", ""rank"": 37235, ""frequency_score"": 3.764605433350542, ""category_breakdown"": {""subtitles"": {""ipm_values"": [0.005372, 0.016567], ""category_ipm"": 0.0109695, ""category_score"": 0.19116104169752712}, ""web"": {""ipm_values"": [0.520122], ""category_ipm"": 0.520122, ""category_score"": 7.338049825003557}}, ""sources"": [{""id"": ""subtitles/hermit_2016_it_full_lemmatized_ipm6_spacy_lookup_cleaned_v8.json"", ""file"": ""hermit_2016_it_full_lemmatized_ipm6_spacy_lookup_cleaned_v8.json"", ""category"": ""subtitles"", ""ipm"": 0.005372}, {""id"": ""subtitles/hermit_2018_it_full_lemmatized_ipm6_spacy_lookup_cleaned_v8.json"", ""file"": ""hermit_2018_it_full_lemmatized_ipm6_spacy_lookup_cleaned_v8.json"", ""category"": ""subtitles"", ""ipm"": 0.016567}, {""id"": ""web/sorted.it.lemma.unigrams.cleaned_recommended_min100_ipm6.json"", ""file"": ""sorted.it.lemma.unigrams.cleaned_recommended_min100_ipm6.json"", ""category"": ""web"", ""ipm"": 0.520122}], ""corpus_quality"": {""status"": ""accepted"", ""reasons"": []}, ""components"": [{""surface"": ""gulat"", ""canonical_candidate"": ""gulat"", ""confidence"": 0.81, ""evidence"": [{""type"": ""compound_morphology"", ""source"": ""candidate_index"", ""path"": [""regulation"", ""gulat"", ""gulat""], ""confidence"": 0.81}]}]}"
it	lemma:9350f9cc445cd1325585	regolarseli	accepted	accepted	regolare	aggregate_only_not_sense_frequency	"[{""path"": ""associativvordes/family-index-v5/members/it/40.json.gz"", ""family_id"": ""family:regul"", ""record_sha256"": ""2e23bde3e47909ccc1abae93b0402110ea3ac61a527f84a8b9969a7c3fe61c9f""}, {""path"": ""associativvordes/family-index-v5/members/it/7c.json.gz"", ""family_id"": ""surface:it:seli"", ""record_sha256"": ""dbf292d0748fee110196d417aedd16570b23787c5d3b666a7116131e750dcc79""}, {""path"": ""associativvordes/family-index-v5/members/it/d1.json.gz"", ""family_id"": ""surface:it:regolarsel"", ""record_sha256"": ""8c1f402f354c515bdf0d92e52a1a311f93024bb3ac00eac8a6a37268293f22be""}]"	"{""lemma_id"": ""lemma:9350f9cc445cd1325585"", ""word"": ""regolarseli"", ""normalized"": ""regolarseli"", ""search_form"": ""regolarseli"", ""rank"": 414356, ""frequency_score"": 0.08315453898636421, ""category_breakdown"": {""subtitles"": {""ipm_values"": [0.005372, 0.004142], ""category_ipm"": 0.004757, ""category_score"": 0.08315453898636421}}, ""sources"": [{""id"": ""subtitles/hermit_2016_it_full_lemmatized_ipm6_spacy_lookup_cleaned_v8.json"", ""file"": ""hermit_2016_it_full_lemmatized_ipm6_spacy_lookup_cleaned_v8.json"", ""category"": ""subtitles"", ""ipm"": 0.005372}, {""id"": ""subtitles/hermit_2018_it_full_lemmatized_ipm6_spacy_lookup_cleaned_v8.json"", ""file"": ""hermit_2018_it_full_lemmatized_ipm6_spacy_lookup_cleaned_v8.json"", ""category"": ""subtitles"", ""ipm"": 0.004142}], ""corpus_quality"": {""status"": ""accepted"", ""reasons"": []}, ""components"": [{""surface"": ""regol"", ""canonical_candidate"": ""regol"", ""confidence"": 0.97, ""evidence"": [{""type"": ""compound_morphology"", ""source"": ""manually_verified"", ""path"": [""regolarseli"", ""regol"", ""regol""], ""confidence"": 0.97}, {""type"": ""verified_seed_alias"", ""source"": ""methodology_control_seed"", ""path"": [""it"", ""regol"", ""family:regul""], ""confidence"": 1}]}]}"
it	lemma:9909af35a081b6a6d79b	regolaggio	accepted	accepted	regolare	aggregate_only_not_sense_frequency	"[{""path"": ""associativvordes/family-index-v5/members/it/40.json.gz"", ""family_id"": ""family:regul"", ""record_sha256"": ""991a5524089978c6d118c97b4b07394ef79c53b1cf73c65bd169a10420018499""}, {""path"": ""associativvordes/family-index-v5/members/it/44.json.gz"", ""family_id"": ""surface:it:gio"", ""record_sha256"": ""95cf2372a2eb854493cee80c6317985ebec3df0c3d63c2832dc30cb4bb4dc7d2""}, {""path"": ""associativvordes/family-index-v5/members/it/b0.json.gz"", ""family_id"": ""surface:it:regolaggi"", ""record_sha256"": ""3e7c754777ec309cff379cd3fdea2437a919f0a25fdb6a9529d07e7915ba8d48""}]"	"{""lemma_id"": ""lemma:9909af35a081b6a6d79b"", ""word"": ""regolaggio"", ""normalized"": ""regolaggio"", ""search_form"": ""regolaggio"", ""rank"": 468983, ""frequency_score"": 0.07242624270174723, ""category_breakdown"": {""subtitles"": {""ipm_values"": [0.004142], ""category_ipm"": 0.004142, ""category_score"": 0.07242624270174723}}, ""sources"": [{""id"": ""subtitles/hermit_2018_it_full_lemmatized_ipm6_spacy_lookup_cleaned_v8.json"", ""file"": ""hermit_2018_it_full_lemmatized_ipm6_spacy_lookup_cleaned_v8.json"", ""category"": ""subtitles"", ""ipm"": 0.004142}], ""corpus_quality"": {""status"": ""accepted"", ""reasons"": []}, ""components"": [{""surface"": ""regol"", ""canonical_candidate"": ""regol"", ""confidence"": 0.97, ""evidence"": [{""type"": ""compound_morphology"", ""source"": ""manually_verified"", ""path"": [""regolaggio"", ""regol"", ""regol""], ""confidence"": 0.97}, {""type"": ""verified_seed_alias"", ""source"": ""methodology_control_seed"", ""path"": [""it"", ""regol"", ""family:regul""], ""confidence"": 1}]}]}"
it	lemma:9994332b7db40b972b22	disregolazione	accepted	accepted	regolare	aggregate_only_not_sense_frequency	"[{""path"": ""associativvordes/family-index-v5/members/it/40.json.gz"", ""family_id"": ""family:regul"", ""record_sha256"": ""1afac2b4e3a0e70a0cc9b5f9bb4cc021c33d02c87f055457cb654acbb52250a4""}, {""path"": ""associativvordes/family-index-v5/members/it/66.json.gz"", ""family_id"": ""ety:9a86a987fafc"", ""record_sha256"": ""c283471d43896de14f4e30a7863f35e5df52a6806625b7744a6a4ac9811fbd88""}, {""path"": ""associativvordes/family-index-v5/members/it/79.json.gz"", ""family_id"": ""ety:751cdacbf4a9"", ""record_sha256"": ""c283471d43896de14f4e30a7863f35e5df52a6806625b7744a6a4ac9811fbd88""}, {""path"": ""associativvordes/family-index-v5/members/it/f1.json.gz"", ""family_id"": ""surface:it:disregolazion"", ""record_sha256"": ""89cca2390a65091732d9b8dbd47b276f96de998b71f866786af9773a18d3ca49""}]"	"{""lemma_id"": ""lemma:9994332b7db40b972b22"", ""word"": ""disregolazione"", ""normalized"": ""disregolazione"", ""search_form"": ""disregolazione"", ""rank"": 123828, ""frequency_score"": 0.49310032600850784, ""category_breakdown"": {""subtitles"": {""ipm_values"": [0.032233, 0.02485], ""category_ipm"": 0.028541499999999997, ""category_score"": 0.49310032600850784}}, ""sources"": [{""id"": ""subtitles/hermit_2016_it_full_lemmatized_ipm6_spacy_lookup_cleaned_v8.json"", ""file"": ""hermit_2016_it_full_lemmatized_ipm6_spacy_lookup_cleaned_v8.json"", ""category"": ""subtitles"", ""ipm"": 0.032233}, {""id"": ""subtitles/hermit_2018_it_full_lemmatized_ipm6_spacy_lookup_cleaned_v8.json"", ""file"": ""hermit_2018_it_full_lemmatized_ipm6_spacy_lookup_cleaned_v8.json"", ""category"": ""subtitles"", ""ipm"": 0.02485}], ""corpus_quality"": {""status"": ""accepted"", ""reasons"": []}, ""components"": [{""surface"": ""regol"", ""canonical_candidate"": ""regol"", ""confidence"": 1, ""evidence"": [{""type"": ""compound_morphology"", ""source"": ""manually_verified"", ""path"": [""disregolazione"", ""regol"", ""regol""], ""confidence"": 1}, {""type"": ""verified_seed_alias"", ""source"": ""methodology_control_seed"", ""path"": [""it"", ""regol"", ""family:regul""], ""confidence"": 1}]}]}"
it	lemma:99b95c62420146f1ca6c	deregolamentato	accepted	accepted	regolamentare	aggregate_only_not_sense_frequency	"[{""path"": ""associativvordes/family-index-v5/members/it/09.json.gz"", ""family_id"": ""surface:it:tato"", ""record_sha256"": ""2c9b6ca497a432f9269a927e0a9481f2a8f589249ae9cddc6c4bd472acfc9fdc""}, {""path"": ""associativvordes/family-index-v5/members/it/2d.json.gz"", ""family_id"": ""surface:it:deregolamentat"", ""record_sha256"": ""7b8e886c89c1273bd36e07aa9c16ce46e3df372a06f211d526eec14f6f739815""}, {""path"": ""associativvordes/family-index-v5/members/it/40.json.gz"", ""family_id"": ""family:regul"", ""record_sha256"": ""0c0915aa8944ca100f720c760fc6189c1b732b88ce72ae3614cc676e78c8ca69""}]"	"{""lemma_id"": ""lemma:99b95c62420146f1ca6c"", ""word"": ""deregolamentato"", ""normalized"": ""deregolamentato"", ""search_form"": ""deregolamentato"", ""rank"": 81222, ""frequency_score"": 1.033902440196545, ""category_breakdown"": {""subtitles"": {""ipm_values"": [0.005372, 0.004142], ""category_ipm"": 0.004757, ""category_score"": 0.08315453898636421}, ""web"": {""ipm_values"": [0.11993], ""category_ipm"": 0.11993, ""category_score"": 1.984650341406726}}, ""sources"": [{""id"": ""subtitles/hermit_2016_it_full_lemmatized_ipm6_spacy_lookup_cleaned_v8.json"", ""file"": ""hermit_2016_it_full_lemmatized_ipm6_spacy_lookup_cleaned_v8.json"", ""category"": ""subtitles"", ""ipm"": 0.005372}, {""id"": ""subtitles/hermit_2018_it_full_lemmatized_ipm6_spacy_lookup_cleaned_v8.json"", ""file"": ""hermit_2018_it_full_lemmatized_ipm6_spacy_lookup_cleaned_v8.json"", ""category"": ""subtitles"", ""ipm"": 0.004142}, {""id"": ""web/sorted.it.lemma.unigrams.cleaned_recommended_min100_ipm6.json"", ""file"": ""sorted.it.lemma.unigrams.cleaned_recommended_min100_ipm6.json"", ""category"": ""web"", ""ipm"": 0.11993}], ""corpus_quality"": {""status"": ""accepted"", ""reasons"": []}, ""components"": [{""surface"": ""tato"", ""canonical_candidate"": ""tato"", ""confidence"": 0.89, ""evidence"": [{""type"": ""compound_morphology"", ""source"": ""candidate_index"", ""path"": [""deregolamentato"", ""tato"", ""tato""], ""confidence"": 0.89}]}]}"
it	lemma:9b4f07a686ebd0c6b7b6	regolatevi	accepted	accepted	regolare	aggregate_only_not_sense_frequency	"[{""path"": ""associativvordes/family-index-v5/members/it/40.json.gz"", ""family_id"": ""family:regul"", ""record_sha256"": ""f59eaf668718f3d1ca7f3c389eb1e1eb75987076aa4d91477b598dc44bee6c10""}, {""path"": ""associativvordes/family-index-v5/members/it/ca.json.gz"", ""family_id"": ""surface:it:regolatev"", ""record_sha256"": ""b49cea0b28538f231c6b441889f771fb10ee2920494e7a12053d34b6f54de0f5""}, {""path"": ""associativvordes/family-index-v5/members/it/e5.json.gz"", ""family_id"": ""surface:it:tevi"", ""record_sha256"": ""5b220da97b4bcba77f68259f3d16dab9028e99b438101ea61941daf92a9d1f15""}]"	"{""lemma_id"": ""lemma:9b4f07a686ebd0c6b7b6"", ""word"": ""regolatevi"", ""normalized"": ""regolatevi"", ""search_form"": ""regolatevi"", ""rank"": 98705, ""frequency_score"": 0.7796205627937024, ""category_breakdown"": {""subtitles"": {""ipm_values"": [0.053721, 0.037276], ""category_ipm"": 0.0454985, ""category_score"": 0.7796205627937024}}, ""sources"": [{""id"": ""subtitles/hermit_2016_it_full_lemmatized_ipm6_spacy_lookup_cleaned_v8.json"", ""file"": ""hermit_2016_it_full_lemmatized_ipm6_spacy_lookup_cleaned_v8.json"", ""category"": ""subtitles"", ""ipm"": 0.053721}, {""id"": ""subtitles/hermit_2018_it_full_lemmatized_ipm6_spacy_lookup_cleaned_v8.json"", ""file"": ""hermit_2018_it_full_lemmatized_ipm6_spacy_lookup_cleaned_v8.json"", ""category"": ""subtitles"", ""ipm"": 0.037276}], ""corpus_quality"": {""status"": ""accepted"", ""reasons"": []}, ""components"": [{""surface"": ""regol"", ""canonical_candidate"": ""regol"", ""confidence"": 0.97, ""evidence"": [{""type"": ""compound_morphology"", ""source"": ""manually_verified"", ""path"": [""regolatevi"", ""regol"", ""regol""], ""confidence"": 0.97}, {""type"": ""verified_seed_alias"", ""source"": ""methodology_control_seed"", ""path"": [""it"", ""regol"", ""family:regul""], ""confidence"": 1}]}]}"
it	lemma:9c2284d375c72fb3e245	regulare	uncertain	not_admitted_candidate		aggregate_only_not_sense_frequency	"[{""path"": ""associativvordes/family-index-v5/members/it/c9.json.gz"", ""family_id"": ""surface:it:regular"", ""record_sha256"": ""17460ba528aeda5640ebf006d59994aaf5cfbcea0473788d1122bb39a3e7ec98""}]"	"{""lemma_id"": ""lemma:9c2284d375c72fb3e245"", ""word"": ""regulare"", ""normalized"": ""regulare"", ""search_form"": ""regulare"", ""rank"": 28056, ""frequency_score"": 11.042373973339053, ""category_breakdown"": {""web"": {""ipm_values"": [0.877987], ""category_ipm"": 0.877987, ""category_score"": 11.042373973339053}}, ""sources"": [{""id"": ""web/sorted.it.lemma.unigrams.cleaned_recommended_min100_ipm6.json"", ""file"": ""sorted.it.lemma.unigrams.cleaned_recommended_min100_ipm6.json"", ""category"": ""web"", ""ipm"": 0.877987}], ""corpus_quality"": {""status"": ""accepted"", ""reasons"": []}, ""components"": [{""surface"": ""regular"", ""canonical_candidate"": ""regular"", ""confidence"": 0.92, ""evidence"": [{""type"": ""morphological_parse"", ""source"": ""candidate_index"", ""path"": [""regulare"", ""regular"", ""regular""], ""confidence"": 0.92}]}]}"
it	lemma:9d9309fc16d9625e762d	regoliamolo	accepted	accepted	regolare	aggregate_only_not_sense_frequency	"[{""path"": ""associativvordes/family-index-v5/members/it/32.json.gz"", ""family_id"": ""surface:it:regoliamol"", ""record_sha256"": ""18eee019d0602c1898fdcc085b3f64d8675b54ac92168a3d1156a91fc91900de""}, {""path"": ""associativvordes/family-index-v5/members/it/3d.json.gz"", ""family_id"": ""ety:372bffacaf27"", ""record_sha256"": ""fad3da21580667718be1638af2702ed3d9dae46bf5dfd7bbe441e4b8ef8a8578""}, {""path"": ""associativvordes/family-index-v5/members/it/40.json.gz"", ""family_id"": ""family:regul"", ""record_sha256"": ""b425ecdaf3b062ae8778346f8cf6f043c047769d98e7bf99889add383677c719""}]"	"{""lemma_id"": ""lemma:9d9309fc16d9625e762d"", ""word"": ""regoliamolo"", ""normalized"": ""regoliamolo"", ""search_form"": ""regoliamolo"", ""rank"": 414363, ""frequency_score"": 0.08315453898636421, ""category_breakdown"": {""subtitles"": {""ipm_values"": [0.005372, 0.004142], ""category_ipm"": 0.004757, ""category_score"": 0.08315453898636421}}, ""sources"": [{""id"": ""subtitles/hermit_2016_it_full_lemmatized_ipm6_spacy_lookup_cleaned_v8.json"", ""file"": ""hermit_2016_it_full_lemmatized_ipm6_spacy_lookup_cleaned_v8.json"", ""category"": ""subtitles"", ""ipm"": 0.005372}, {""id"": ""subtitles/hermit_2018_it_full_lemmatized_ipm6_spacy_lookup_cleaned_v8.json"", ""file"": ""hermit_2018_it_full_lemmatized_ipm6_spacy_lookup_cleaned_v8.json"", ""category"": ""subtitles"", ""ipm"": 0.004142}], ""corpus_quality"": {""status"": ""accepted"", ""reasons"": []}, ""components"": [{""surface"": ""regoliamol"", ""canonical_candidate"": ""regoliamol"", ""confidence"": 0.92, ""evidence"": [{""type"": ""morphological_parse"", ""source"": ""candidate_index"", ""path"": [""regoliamolo"", ""regoliamol"", ""regoliamol""], ""confidence"": 0.92}]}]}"
it	lemma:9d944ed1a8f306c47f51	irregolarissimo	accepted	accepted	regolare	aggregate_only_not_sense_frequency	"[{""path"": ""associativvordes/family-index-v5/members/it/75.json.gz"", ""family_id"": ""ety:d29c93525eba"", ""record_sha256"": ""352be1f78e79a20b3139789e62c95f87efd74f421b19505e82c4532e02ae552a""}, {""path"": ""associativvordes/family-index-v5/members/it/d9.json.gz"", ""family_id"": ""surface:it:irregolarissim"", ""record_sha256"": ""8b7f62a4dcd71615eb939939bf21942ce36cf0f7cb07ab9df854352a194d139e""}]"	"{""lemma_id"": ""lemma:9d944ed1a8f306c47f51"", ""word"": ""irregolarissimo"", ""normalized"": ""irregolarissimo"", ""search_form"": ""irregolarissimo"", ""rank"": 354011, ""frequency_score"": 0.08315453898636421, ""category_breakdown"": {""subtitles"": {""ipm_values"": [0.005372, 0.004142], ""category_ipm"": 0.004757, ""category_score"": 0.08315453898636421}}, ""sources"": [{""id"": ""subtitles/hermit_2016_it_full_lemmatized_ipm6_spacy_lookup_cleaned_v8.json"", ""file"": ""hermit_2016_it_full_lemmatized_ipm6_spacy_lookup_cleaned_v8.json"", ""category"": ""subtitles"", ""ipm"": 0.005372}, {""id"": ""subtitles/hermit_2018_it_full_lemmatized_ipm6_spacy_lookup_cleaned_v8.json"", ""file"": ""hermit_2018_it_full_lemmatized_ipm6_spacy_lookup_cleaned_v8.json"", ""category"": ""subtitles"", ""ipm"": 0.004142}], ""corpus_quality"": {""status"": ""accepted"", ""reasons"": []}, ""components"": [{""surface"": ""simo"", ""canonical_candidate"": ""simo"", ""confidence"": 0.89, ""evidence"": [{""type"": ""compound_morphology"", ""source"": ""candidate_index"", ""path"": [""irregolarissimo"", ""simo"", ""simo""], ""confidence"": 0.89}]}]}"
it	lemma:9e33f8a83f5791acf19b	regolarizzarci	accepted	accepted	regolarizzare	aggregate_only_not_sense_frequency	"[{""path"": ""associativvordes/family-index-v5/members/it/40.json.gz"", ""family_id"": ""family:regul"", ""record_sha256"": ""e7982a64789ea16fb119c4075a937f0155f746eecbb884c1896cbdb8672ebf0c""}, {""path"": ""associativvordes/family-index-v5/members/it/88.json.gz"", ""family_id"": ""surface:it:arci"", ""record_sha256"": ""4838efc252241087b8783d635505457f40bc01c86f108691510ec199ea2459cd""}, {""path"": ""associativvordes/family-index-v5/members/it/9e.json.gz"", ""family_id"": ""surface:it:regolarizzarc"", ""record_sha256"": ""65aa7ebaa8d4ab284700e8df1861f641465df58bae78381c80560e2245d78a6c""}]"	"{""lemma_id"": ""lemma:9e33f8a83f5791acf19b"", ""word"": ""regolarizzarci"", ""normalized"": ""regolarizzarci"", ""search_form"": ""regolarizzarci"", ""rank"": 468996, ""frequency_score"": 0.07242624270174723, ""category_breakdown"": {""subtitles"": {""ipm_values"": [0.004142], ""category_ipm"": 0.004142, ""category_score"": 0.07242624270174723}}, ""sources"": [{""id"": ""subtitles/hermit_2018_it_full_lemmatized_ipm6_spacy_lookup_cleaned_v8.json"", ""file"": ""hermit_2018_it_full_lemmatized_ipm6_spacy_lookup_cleaned_v8.json"", ""category"": ""subtitles"", ""ipm"": 0.004142}], ""corpus_quality"": {""status"": ""accepted"", ""reasons"": []}, ""components"": [{""surface"": ""regol"", ""canonical_candidate"": ""regol"", ""confidence"": 0.97, ""evidence"": [{""type"": ""compound_morphology"", ""source"": ""manually_verified"", ""path"": [""regolarizzarci"", ""regol"", ""regol""], ""confidence"": 0.97}, {""type"": ""verified_seed_alias"", ""source"": ""methodology_control_seed"", ""path"": [""it"", ""regol"", ""family:regul""], ""confidence"": 1}]}]}"
it	lemma:a0f938cd75e1a52f0cca	regoloti	uncertain	withheld_historical_uncertain		aggregate_only_not_sense_frequency	"[{""path"": ""associativvordes/family-index-v5/members/it/0f.json.gz"", ""family_id"": ""surface:it:oti"", ""record_sha256"": ""e0dcfd966d0d451248ff86cf467e3246786d61c08c48d948d7a8b769bb9e0053""}, {""path"": ""associativvordes/family-index-v5/members/it/40.json.gz"", ""family_id"": ""family:regul"", ""record_sha256"": ""63a62d84a76e067e9e8080143a18fb671d3c37c88f39ce1d5f07fb643be84701""}, {""path"": ""associativvordes/family-index-v5/members/it/e3.json.gz"", ""family_id"": ""surface:it:regolot"", ""record_sha256"": ""e6ec9f50a5d8273518d5f3cec3cb2f60a74c9798f6e9285843af27d4fe209851""}]"	"{""lemma_id"": ""lemma:a0f938cd75e1a52f0cca"", ""word"": ""regoloti"", ""normalized"": ""regoloti"", ""search_form"": ""regoloti"", ""rank"": 414369, ""frequency_score"": 0.08315453898636421, ""category_breakdown"": {""subtitles"": {""ipm_values"": [0.005372, 0.004142], ""category_ipm"": 0.004757, ""category_score"": 0.08315453898636421}}, ""sources"": [{""id"": ""subtitles/hermit_2016_it_full_lemmatized_ipm6_spacy_lookup_cleaned_v8.json"", ""file"": ""hermit_2016_it_full_lemmatized_ipm6_spacy_lookup_cleaned_v8.json"", ""category"": ""subtitles"", ""ipm"": 0.005372}, {""id"": ""subtitles/hermit_2018_it_full_lemmatized_ipm6_spacy_lookup_cleaned_v8.json"", ""file"": ""hermit_2018_it_full_lemmatized_ipm6_spacy_lookup_cleaned_v8.json"", ""category"": ""subtitles"", ""ipm"": 0.004142}], ""corpus_quality"": {""status"": ""accepted"", ""reasons"": []}, ""components"": [{""surface"": ""oti"", ""canonical_candidate"": ""oti"", ""confidence"": 0.89, ""evidence"": [{""type"": ""compound_morphology"", ""source"": ""candidate_index"", ""path"": [""regoloti"", ""oti"", ""oti""], ""confidence"": 0.89}]}]}"
it	lemma:a2fc48a16f270cd1c524	regolina	accepted	accepted	regola	aggregate_only_not_sense_frequency	"[{""path"": ""associativvordes/family-index-v5/members/it/40.json.gz"", ""family_id"": ""family:regul"", ""record_sha256"": ""32449c6eeecf65653571ab1229b59bdb643b77aa7ee81e14a955d5d6b9140924""}, {""path"": ""associativvordes/family-index-v5/members/it/47.json.gz"", ""family_id"": ""surface:it:regolin"", ""record_sha256"": ""6e66baa6443ec75b42de0f9665f39593c074cc7808e27adc80d0b520e23253eb""}]"	"{""lemma_id"": ""lemma:a2fc48a16f270cd1c524"", ""word"": ""regolina"", ""normalized"": ""regolina"", ""search_form"": ""regolina"", ""rank"": 160200, ""frequency_score"": 0.3302762853388649, ""category_breakdown"": {""subtitles"": {""ipm_values"": [0.021489, 0.016567], ""category_ipm"": 0.019028, ""category_score"": 0.3302762853388649}}, ""sources"": [{""id"": ""subtitles/hermit_2016_it_full_lemmatized_ipm6_spacy_lookup_cleaned_v8.json"", ""file"": ""hermit_2016_it_full_lemmatized_ipm6_spacy_lookup_cleaned_v8.json"", ""category"": ""subtitles"", ""ipm"": 0.021489}, {""id"": ""subtitles/hermit_2018_it_full_lemmatized_ipm6_spacy_lookup_cleaned_v8.json"", ""file"": ""hermit_2018_it_full_lemmatized_ipm6_spacy_lookup_cleaned_v8.json"", ""category"": ""subtitles"", ""ipm"": 0.016567}], ""corpus_quality"": {""status"": ""accepted"", ""reasons"": []}, ""components"": [{""surface"": ""regol"", ""canonical_candidate"": ""regol"", ""confidence"": 0.97, ""evidence"": [{""type"": ""compound_morphology"", ""source"": ""manually_verified"", ""path"": [""regolina"", ""regol"", ""regol""], ""confidence"": 0.97}, {""type"": ""verified_seed_alias"", ""source"": ""methodology_control_seed"", ""path"": [""it"", ""regol"", ""family:regul""], ""confidence"": 1}]}]}"
it	lemma:a38d60c5f8c818fd1c5a	lrregolari	uncertain	not_admitted_candidate		aggregate_only_not_sense_frequency	"[{""path"": ""associativvordes/family-index-v5/members/it/1a.json.gz"", ""family_id"": ""surface:it:olari"", ""record_sha256"": ""30da295fe8b9bb74f3878f607eb181625604e8ceda365e7f6912cf4f4a20f2ac""}, {""path"": ""associativvordes/family-index-v5/members/it/29.json.gz"", ""family_id"": ""surface:it:lrregolar"", ""record_sha256"": ""23045c7cff704a134186b7802cabd5e8bf02456b84af43c40077510c692f2c90""}]"	"{""lemma_id"": ""lemma:a38d60c5f8c818fd1c5a"", ""word"": ""lrregolari"", ""normalized"": ""lrregolari"", ""search_form"": ""lrregolari"", ""rank"": 229098, ""frequency_score"": 0.18725226672300513, ""category_breakdown"": {""subtitles"": {""ipm_values"": [0.010744], ""category_ipm"": 0.010744, ""category_score"": 0.18725226672300513}}, ""sources"": [{""id"": ""subtitles/hermit_2016_it_full_lemmatized_ipm6_spacy_lookup_cleaned_v8.json"", ""file"": ""hermit_2016_it_full_lemmatized_ipm6_spacy_lookup_cleaned_v8.json"", ""category"": ""subtitles"", ""ipm"": 0.010744}], ""corpus_quality"": {""status"": ""accepted"", ""reasons"": []}, ""components"": [{""surface"": ""olari"", ""canonical_candidate"": ""olari"", ""confidence"": 0.89, ""evidence"": [{""type"": ""compound_morphology"", ""source"": ""candidate_index"", ""path"": [""lrregolari"", ""olari"", ""olari""], ""confidence"": 0.89}]}]}"
it	lemma:a43c4be389e2844cd00b	regolarvi	accepted	accepted	regolare	aggregate_only_not_sense_frequency	"[{""path"": ""associativvordes/family-index-v5/members/it/40.json.gz"", ""family_id"": ""family:regul"", ""record_sha256"": ""b2af1dbe26cc8e2638a3e8d0a5277b4aafff3f1fd7f17bfa77aa2921421f6ad1""}, {""path"": ""associativvordes/family-index-v5/members/it/97.json.gz"", ""family_id"": ""surface:it:regolarv"", ""record_sha256"": ""95bfe1c9178f30d1634c62e508f033741b028add751b084df31e5f7b5f380645""}]"	"{""lemma_id"": ""lemma:a43c4be389e2844cd00b"", ""word"": ""regolarvi"", ""normalized"": ""regolarvi"", ""search_form"": ""regolarvi"", ""rank"": 160199, ""frequency_score"": 0.3658506192149805, ""category_breakdown"": {""subtitles"": {""ipm_values"": [0.021489, 0.020709], ""category_ipm"": 0.021099, ""category_score"": 0.3658506192149805}}, ""sources"": [{""id"": ""subtitles/hermit_2016_it_full_lemmatized_ipm6_spacy_lookup_cleaned_v8.json"", ""file"": ""hermit_2016_it_full_lemmatized_ipm6_spacy_lookup_cleaned_v8.json"", ""category"": ""subtitles"", ""ipm"": 0.021489}, {""id"": ""subtitles/hermit_2018_it_full_lemmatized_ipm6_spacy_lookup_cleaned_v8.json"", ""file"": ""hermit_2018_it_full_lemmatized_ipm6_spacy_lookup_cleaned_v8.json"", ""category"": ""subtitles"", ""ipm"": 0.020709}], ""corpus_quality"": {""status"": ""accepted"", ""reasons"": []}, ""components"": [{""surface"": ""regol"", ""canonical_candidate"": ""regol"", ""confidence"": 0.97, ""evidence"": [{""type"": ""compound_morphology"", ""source"": ""manually_verified"", ""path"": [""regolarvi"", ""regol"", ""regol""], ""confidence"": 0.97}, {""type"": ""verified_seed_alias"", ""source"": ""methodology_control_seed"", ""path"": [""it"", ""regol"", ""family:regul""], ""confidence"": 1}]}]}"
it	lemma:a4ff91ed1493d81da022	regolatorio	accepted	accepted	regolare	aggregate_only_not_sense_frequency	"[{""path"": ""associativvordes/family-index-v5/members/it/40.json.gz"", ""family_id"": ""family:regul"", ""record_sha256"": ""07c410b8121cc32f8c8815b635a86446def982130f1925f9fa09305e08ab5801""}, {""path"": ""associativvordes/family-index-v5/members/it/6f.json.gz"", ""family_id"": ""surface:it:regolatori"", ""record_sha256"": ""f516d6a57c9515a699edef3ba0b41a2e95a4d8b08958b0f544a7d61cb6f88205""}]"	"{""lemma_id"": ""lemma:a4ff91ed1493d81da022"", ""word"": ""regolatorio"", ""normalized"": ""regolatorio"", ""search_form"": ""regolatorio"", ""rank"": 27208, ""frequency_score"": 5.861641289050107, ""category_breakdown"": {""subtitles"": {""ipm_values"": [0.005372, 0.016567], ""category_ipm"": 0.0109695, ""category_score"": 0.19116104169752712}, ""web"": {""ipm_values"": [0.931218], ""category_ipm"": 0.931218, ""category_score"": 11.532121536402688}}, ""sources"": [{""id"": ""subtitles/hermit_2016_it_full_lemmatized_ipm6_spacy_lookup_cleaned_v8.json"", ""file"": ""hermit_2016_it_full_lemmatized_ipm6_spacy_lookup_cleaned_v8.json"", ""category"": ""subtitles"", ""ipm"": 0.005372}, {""id"": ""subtitles/hermit_2018_it_full_lemmatized_ipm6_spacy_lookup_cleaned_v8.json"", ""file"": ""hermit_2018_it_full_lemmatized_ipm6_spacy_lookup_cleaned_v8.json"", ""category"": ""subtitles"", ""ipm"": 0.016567}, {""id"": ""web/sorted.it.lemma.unigrams.cleaned_recommended_min100_ipm6.json"", ""file"": ""sorted.it.lemma.unigrams.cleaned_recommended_min100_ipm6.json"", ""category"": ""web"", ""ipm"": 0.931218}], ""corpus_quality"": {""status"": ""accepted"", ""reasons"": []}, ""components"": [{""surface"": ""regol"", ""canonical_candidate"": ""regol"", ""confidence"": 0.97, ""evidence"": [{""type"": ""compound_morphology"", ""source"": ""manually_verified"", ""path"": [""regolatorio"", ""regol"", ""regol""], ""confidence"": 0.97}, {""type"": ""verified_seed_alias"", ""source"": ""methodology_control_seed"", ""path"": [""it"", ""regol"", ""family:regul""], ""confidence"": 1}]}]}"
it	lemma:a51f741f7c1716f58fa4	regolatina	accepted	accepted	regolare	aggregate_only_not_sense_frequency	"[{""path"": ""associativvordes/family-index-v5/members/it/40.json.gz"", ""family_id"": ""family:regul"", ""record_sha256"": ""8e46cfa5e80b232c52278bc64f4b2de127a0ca8be9af4ef92a88a81ba7a422c4""}, {""path"": ""associativvordes/family-index-v5/members/it/5e.json.gz"", ""family_id"": ""surface:it:latina"", ""record_sha256"": ""7b0765dce5a72a7733c2447f8d46eb152367a6fbf0e1230f17116ee76b7df8b0""}, {""path"": ""associativvordes/family-index-v5/members/it/a6.json.gz"", ""family_id"": ""surface:it:regolatin"", ""record_sha256"": ""ca105f3d7688b2870242fc0a145b536162d6001471ff61bff05140b98e3c7c77""}]"	"{""lemma_id"": ""lemma:a51f741f7c1716f58fa4"", ""word"": ""regolatina"", ""normalized"": ""regolatina"", ""search_form"": ""regolatina"", ""rank"": 242515, ""frequency_score"": 0.16590763449466825, ""category_breakdown"": {""subtitles"": {""ipm_values"": [0.010744, 0.008283], ""category_ipm"": 0.009513500000000001, ""category_score"": 0.16590763449466825}}, ""sources"": [{""id"": ""subtitles/hermit_2016_it_full_lemmatized_ipm6_spacy_lookup_cleaned_v8.json"", ""file"": ""hermit_2016_it_full_lemmatized_ipm6_spacy_lookup_cleaned_v8.json"", ""category"": ""subtitles"", ""ipm"": 0.010744}, {""id"": ""subtitles/hermit_2018_it_full_lemmatized_ipm6_spacy_lookup_cleaned_v8.json"", ""file"": ""hermit_2018_it_full_lemmatized_ipm6_spacy_lookup_cleaned_v8.json"", ""category"": ""subtitles"", ""ipm"": 0.008283}], ""corpus_quality"": {""status"": ""accepted"", ""reasons"": []}, ""components"": [{""surface"": ""regol"", ""canonical_candidate"": ""regol"", ""confidence"": 0.97, ""evidence"": [{""type"": ""compound_morphology"", ""source"": ""manually_verified"", ""path"": [""regolatina"", ""regol"", ""regol""], ""confidence"": 0.97}, {""type"": ""verified_seed_alias"", ""source"": ""methodology_control_seed"", ""path"": [""it"", ""regol"", ""family:regul""], ""confidence"": 1}]}]}"
it	lemma:a6e686de60f30affe33f	regolamentare	accepted	accepted	regolamentare	aggregate_only_not_sense_frequency	"[{""path"": ""associativvordes/family-index-v5/members/it/40.json.gz"", ""family_id"": ""family:regul"", ""record_sha256"": ""47f00576044f2004d4730c23242f0d8b78e68eefec658e7b7180b3581d41da66""}, {""path"": ""associativvordes/family-index-v5/members/it/69.json.gz"", ""family_id"": ""surface:it:tare"", ""record_sha256"": ""3efebaed9a3bd7b3b61b803eea29c2632f36c0a733c9518da79e99dcf150b60c""}, {""path"": ""associativvordes/family-index-v5/members/it/a8.json.gz"", ""family_id"": ""surface:it:regolamentar"", ""record_sha256"": ""87a673957eaf6ee086e4c6e4eafc1966e0c08ffe6fa395bd8e47c73ec8dc2ee9""}]"	"{""lemma_id"": ""lemma:a6e686de60f30affe33f"", ""word"": ""regolamentare"", ""normalized"": ""regolamentare"", ""search_form"": ""regolamentare"", ""rank"": 2362, ""frequency_score"": 52.92503659291308, ""category_breakdown"": {""subtitles"": {""ipm_values"": [8.477243, 7.964576], ""category_ipm"": 8.2209095, ""category_score"": 38.924667194122534}, ""web"": {""ipm_values"": [44.581718], ""category_ipm"": 44.581718, ""category_score"": 66.92540599170363}}, ""sources"": [{""id"": ""subtitles/hermit_2016_it_full_lemmatized_ipm6_spacy_lookup_cleaned_v8.json"", ""file"": ""hermit_2016_it_full_lemmatized_ipm6_spacy_lookup_cleaned_v8.json"", ""category"": ""subtitles"", ""ipm"": 8.477243}, {""id"": ""subtitles/hermit_2018_it_full_lemmatized_ipm6_spacy_lookup_cleaned_v8.json"", ""file"": ""hermit_2018_it_full_lemmatized_ipm6_spacy_lookup_cleaned_v8.json"", ""category"": ""subtitles"", ""ipm"": 7.964576}, {""id"": ""web/sorted.it.lemma.unigrams.cleaned_recommended_min100_ipm6.json"", ""file"": ""sorted.it.lemma.unigrams.cleaned_recommended_min100_ipm6.json"", ""category"": ""web"", ""ipm"": 44.581718}], ""corpus_quality"": {""status"": ""accepted"", ""reasons"": []}, ""components"": [{""surface"": ""regol"", ""canonical_candidate"": ""regol"", ""confidence"": 0.97, ""evidence"": [{""type"": ""compound_morphology"", ""source"": ""manually_verified"", ""path"": [""regolamentare"", ""regol"", ""regol""], ""confidence"": 0.97}, {""type"": ""verified_seed_alias"", ""source"": ""methodology_control_seed"", ""path"": [""it"", ""regol"", ""family:regul""], ""confidence"": 1}]}]}"
it	lemma:a7929c4979c12bc17e85	regolateli	accepted	accepted	regolare	aggregate_only_not_sense_frequency	"[{""path"": ""associativvordes/family-index-v5/members/it/3c.json.gz"", ""family_id"": ""surface:it:regolatel"", ""record_sha256"": ""3c82c5ae936ec76060fd6f6595377b82bd8f949bc949a73b46a98c43df3efa0e""}, {""path"": ""associativvordes/family-index-v5/members/it/40.json.gz"", ""family_id"": ""family:regul"", ""record_sha256"": ""c8a5f5ba2898ff7ec23306755165d6148894c77f889749948b7adc38a60c7733""}, {""path"": ""associativvordes/family-index-v5/members/it/ab.json.gz"", ""family_id"": ""surface:it:teli"", ""record_sha256"": ""058e1bf7c069569acf7157f76c13c9a53f7a9a5eea4d5992c8f6b67e419dd8bc""}]"	"{""lemma_id"": ""lemma:a7929c4979c12bc17e85"", ""word"": ""regolateli"", ""normalized"": ""regolateli"", ""search_form"": ""regolateli"", ""rank"": 141845, ""frequency_score"": 0.4118817149920078, ""category_breakdown"": {""subtitles"": {""ipm_values"": [0.026861, 0.020709], ""category_ipm"": 0.023785, ""category_score"": 0.4118817149920078}}, ""sources"": [{""id"": ""subtitles/hermit_2016_it_full_lemmatized_ipm6_spacy_lookup_cleaned_v8.json"", ""file"": ""hermit_2016_it_full_lemmatized_ipm6_spacy_lookup_cleaned_v8.json"", ""category"": ""subtitles"", ""ipm"": 0.026861}, {""id"": ""subtitles/hermit_2018_it_full_lemmatized_ipm6_spacy_lookup_cleaned_v8.json"", ""file"": ""hermit_2018_it_full_lemmatized_ipm6_spacy_lookup_cleaned_v8.json"", ""category"": ""subtitles"", ""ipm"": 0.020709}], ""corpus_quality"": {""status"": ""accepted"", ""reasons"": []}, ""components"": [{""surface"": ""regolatel"", ""canonical_candidate"": ""regolatel"", ""confidence"": 0.92, ""evidence"": [{""type"": ""morphological_parse"", ""source"": ""candidate_index"", ""path"": [""regolateli"", ""regolatel"", ""regolatel""], ""confidence"": 0.92}]}]}"
it	lemma:a7eb017d4149b7850d4f	regulat	uncertain	not_admitted_candidate		aggregate_only_not_sense_frequency	"[{""path"": ""associativvordes/family-index-v5/members/it/3c.json.gz"", ""family_id"": ""surface:it:gulat"", ""record_sha256"": ""898983a496873d842b94e085de742b9673dccd2b88b7a7921831df13706e4b82""}, {""path"": ""associativvordes/family-index-v5/members/it/7e.json.gz"", ""family_id"": ""ety:236d4cdc675b"", ""record_sha256"": ""727e479cc70241d0799bf2e077c2a60825df496bbebc875b2b8fd74a4c1815b4""}]"	"{""lemma_id"": ""lemma:a7eb017d4149b7850d4f"", ""word"": ""regulat"", ""normalized"": ""regulat"", ""search_form"": ""regulat"", ""rank"": 414387, ""frequency_score"": 0.08315453898636421, ""category_breakdown"": {""subtitles"": {""ipm_values"": [0.005372, 0.004142], ""category_ipm"": 0.004757, ""category_score"": 0.08315453898636421}}, ""sources"": [{""id"": ""subtitles/hermit_2016_it_full_lemmatized_ipm6_spacy_lookup_cleaned_v8.json"", ""file"": ""hermit_2016_it_full_lemmatized_ipm6_spacy_lookup_cleaned_v8.json"", ""category"": ""subtitles"", ""ipm"": 0.005372}, {""id"": ""subtitles/hermit_2018_it_full_lemmatized_ipm6_spacy_lookup_cleaned_v8.json"", ""file"": ""hermit_2018_it_full_lemmatized_ipm6_spacy_lookup_cleaned_v8.json"", ""category"": ""subtitles"", ""ipm"": 0.004142}], ""corpus_quality"": {""status"": ""accepted"", ""reasons"": []}, ""components"": [{""surface"": ""gulat"", ""canonical_candidate"": ""gulat"", ""confidence"": 0.92, ""evidence"": [{""type"": ""morphological_parse"", ""source"": ""candidate_index"", ""path"": [""regulat"", ""gulat"", ""gulat""], ""confidence"": 0.92}]}]}"
it	lemma:a8bc522da42df4bff076	regolarissimo	accepted	accepted	regolare	aggregate_only_not_sense_frequency	"[{""path"": ""associativvordes/family-index-v5/members/it/40.json.gz"", ""family_id"": ""family:regul"", ""record_sha256"": ""9a9cc3f6c5e505a7138b2e409bf4959fde750c53d6497203ce1388c0f0f7e5b3""}, {""path"": ""associativvordes/family-index-v5/members/it/4e.json.gz"", ""family_id"": ""surface:it:regolarissim"", ""record_sha256"": ""a2ab4bc7a0c0ed5fa42e63707fa8a4297000ca10365860fd786932c895381336""}, {""path"": ""associativvordes/family-index-v5/members/it/75.json.gz"", ""family_id"": ""ety:d29c93525eba"", ""record_sha256"": ""e691d9eeeccf23e7db7f33f847d7297038f13a5f2150c599e5c840854f577919""}]"	"{""lemma_id"": ""lemma:a8bc522da42df4bff076"", ""word"": ""regolarissimo"", ""normalized"": ""regolarissimo"", ""search_form"": ""regolarissimo"", ""rank"": 188154, ""frequency_score"": 0.2482803769707588, ""category_breakdown"": {""subtitles"": {""ipm_values"": [0.016116, 0.012425], ""category_ipm"": 0.014270499999999998, ""category_score"": 0.2482803769707588}}, ""sources"": [{""id"": ""subtitles/hermit_2016_it_full_lemmatized_ipm6_spacy_lookup_cleaned_v8.json"", ""file"": ""hermit_2016_it_full_lemmatized_ipm6_spacy_lookup_cleaned_v8.json"", ""category"": ""subtitles"", ""ipm"": 0.016116}, {""id"": ""subtitles/hermit_2018_it_full_lemmatized_ipm6_spacy_lookup_cleaned_v8.json"", ""file"": ""hermit_2018_it_full_lemmatized_ipm6_spacy_lookup_cleaned_v8.json"", ""category"": ""subtitles"", ""ipm"": 0.012425}], ""corpus_quality"": {""status"": ""accepted"", ""reasons"": []}, ""components"": [{""surface"": ""regol"", ""canonical_candidate"": ""regol"", ""confidence"": 0.97, ""evidence"": [{""type"": ""compound_morphology"", ""source"": ""manually_verified"", ""path"": [""regolarissimo"", ""regol"", ""regol""], ""confidence"": 0.97}, {""type"": ""verified_seed_alias"", ""source"": ""methodology_control_seed"", ""path"": [""it"", ""regol"", ""family:regul""], ""confidence"": 1}]}]}"
it	lemma:a8de0d2f48ebbb181d2a	regulon	uncertain	not_admitted_candidate		aggregate_only_not_sense_frequency	"[{""path"": ""associativvordes/family-index-v5/members/it/7e.json.gz"", ""family_id"": ""ety:236d4cdc675b"", ""record_sha256"": ""5b67a31967c4af94ed86298922a0a5d3372f0ce08bb14914fef597d5341796ef""}, {""path"": ""associativvordes/family-index-v5/members/it/bf.json.gz"", ""family_id"": ""surface:it:ulon"", ""record_sha256"": ""69c9cfc8b7c4dab8c70ad37f7527d19c17bfb3e6b6d8f2a8716cdf14679d782b""}]"	"{""lemma_id"": ""lemma:a8de0d2f48ebbb181d2a"", ""word"": ""regulon"", ""normalized"": ""regulon"", ""search_form"": ""regulon"", ""rank"": 469046, ""frequency_score"": 0.07242624270174723, ""category_breakdown"": {""subtitles"": {""ipm_values"": [0.004142], ""category_ipm"": 0.004142, ""category_score"": 0.07242624270174723}}, ""sources"": [{""id"": ""subtitles/hermit_2018_it_full_lemmatized_ipm6_spacy_lookup_cleaned_v8.json"", ""file"": ""hermit_2018_it_full_lemmatized_ipm6_spacy_lookup_cleaned_v8.json"", ""category"": ""subtitles"", ""ipm"": 0.004142}], ""corpus_quality"": {""status"": ""accepted"", ""reasons"": []}, ""components"": [{""surface"": ""reg"", ""canonical_candidate"": ""reg"", ""confidence"": 0.81, ""evidence"": [{""type"": ""compound_morphology"", ""source"": ""candidate_index"", ""path"": [""regulon"", ""reg"", ""reg""], ""confidence"": 0.81}]}]}"
it	lemma:acc14ae9535e93c4c8c9	irregular	uncertain	not_admitted_candidate		aggregate_only_not_sense_frequency	"[{""path"": ""associativvordes/family-index-v5/members/it/0a.json.gz"", ""family_id"": ""surface:it:egu"", ""record_sha256"": ""0a52989168ea8b6dd15f2a945d259e18a835d369eff22f04aed7a85ef886a90e""}, {""path"": ""associativvordes/family-index-v5/members/it/75.json.gz"", ""family_id"": ""surface:it:ular"", ""record_sha256"": ""abe8546231fe9779358bfdaf435377a3efb4a209a3ef5c8aab8710fc64f9fa56""}, {""path"": ""associativvordes/family-index-v5/members/it/ea.json.gz"", ""family_id"": ""surface:it:irreg"", ""record_sha256"": ""fd8f33d307ded096e3b1f1f5f07f39fe48b84b4e87a05683bc46f6a515899135""}]"	"{""lemma_id"": ""lemma:acc14ae9535e93c4c8c9"", ""word"": ""irregular"", ""normalized"": ""irregular"", ""search_form"": ""irregular"", ""rank"": 179404, ""frequency_score"": 0.21246629663162847, ""category_breakdown"": {""subtitles"": {""ipm_values"": [0.016116, 0.008283], ""category_ipm"": 0.012199499999999999, ""category_score"": 0.21246629663162847}}, ""sources"": [{""id"": ""subtitles/hermit_2016_it_full_lemmatized_ipm6_spacy_lookup_cleaned_v8.json"", ""file"": ""hermit_2016_it_full_lemmatized_ipm6_spacy_lookup_cleaned_v8.json"", ""category"": ""subtitles"", ""ipm"": 0.016116}, {""id"": ""subtitles/hermit_2018_it_full_lemmatized_ipm6_spacy_lookup_cleaned_v8.json"", ""file"": ""hermit_2018_it_full_lemmatized_ipm6_spacy_lookup_cleaned_v8.json"", ""category"": ""subtitles"", ""ipm"": 0.008283}], ""corpus_quality"": {""status"": ""accepted"", ""reasons"": []}, ""components"": [{""surface"": ""egu"", ""canonical_candidate"": ""egu"", ""confidence"": 0.81, ""evidence"": [{""type"": ""compound_morphology"", ""source"": ""candidate_index"", ""path"": [""irregular"", ""egu"", ""egu""], ""confidence"": 0.81}]}]}"
it	lemma:aceb9428d739cdb18922	regolarizzarli	accepted	accepted	regolarizzare	aggregate_only_not_sense_frequency	"[{""path"": ""associativvordes/family-index-v5/members/it/40.json.gz"", ""family_id"": ""family:regul"", ""record_sha256"": ""f485c1e7213fa6bb876269e4a3b796a2b8876833cc910bf733d55084f351159f""}, {""path"": ""associativvordes/family-index-v5/members/it/9f.json.gz"", ""family_id"": ""surface:it:arli"", ""record_sha256"": ""ad77a1094021c05d1fc5e7bacc6b4ec9a9674b3eb30c2925d2cf01433eb14edc""}, {""path"": ""associativvordes/family-index-v5/members/it/bf.json.gz"", ""family_id"": ""surface:it:regolarizzarl"", ""record_sha256"": ""aa2b08832c472755aa42831ceb55b75b5c404c7f67c9317ee70315043daec51f""}]"	"{""lemma_id"": ""lemma:aceb9428d739cdb18922"", ""word"": ""regolarizzarli"", ""normalized"": ""regolarizzarli"", ""search_form"": ""regolarizzarli"", ""rank"": 414348, ""frequency_score"": 0.08315453898636421, ""category_breakdown"": {""subtitles"": {""ipm_values"": [0.005372, 0.004142], ""category_ipm"": 0.004757, ""category_score"": 0.08315453898636421}}, ""sources"": [{""id"": ""subtitles/hermit_2016_it_full_lemmatized_ipm6_spacy_lookup_cleaned_v8.json"", ""file"": ""hermit_2016_it_full_lemmatized_ipm6_spacy_lookup_cleaned_v8.json"", ""category"": ""subtitles"", ""ipm"": 0.005372}, {""id"": ""subtitles/hermit_2018_it_full_lemmatized_ipm6_spacy_lookup_cleaned_v8.json"", ""file"": ""hermit_2018_it_full_lemmatized_ipm6_spacy_lookup_cleaned_v8.json"", ""category"": ""subtitles"", ""ipm"": 0.004142}], ""corpus_quality"": {""status"": ""accepted"", ""reasons"": []}, ""components"": [{""surface"": ""regol"", ""canonical_candidate"": ""regol"", ""confidence"": 0.97, ""evidence"": [{""type"": ""compound_morphology"", ""source"": ""manually_verified"", ""path"": [""regolarizzarli"", ""regol"", ""regol""], ""confidence"": 0.97}, {""type"": ""verified_seed_alias"", ""source"": ""methodology_control_seed"", ""path"": [""it"", ""regol"", ""family:regul""], ""confidence"": 1}]}]}"
it	lemma:b368fcab9e2260b6f47b	legregole	uncertain	withheld_historical_uncertain		aggregate_only_not_sense_frequency	"[{""path"": ""associativvordes/family-index-v5/members/it/02.json.gz"", ""family_id"": ""surface:it:legregol"", ""record_sha256"": ""6d6f7420796eccb7ef8145a4a103cec04b06e4cfa1d8ec80ea04fa7a64eeefce""}, {""path"": ""associativvordes/family-index-v5/members/it/13.json.gz"", ""family_id"": ""surface:it:ole"", ""record_sha256"": ""45e67a204e34f160a6b3f68e7b987cf794510ffdb4cb4032d12b3a0e64f5e4e0""}, {""path"": ""associativvordes/family-index-v5/members/it/40.json.gz"", ""family_id"": ""family:regul"", ""record_sha256"": ""c8954b4f3828abbff302db72e060680d9e0ff9a630f92dcf98fda4128df7a51e""}]"	"{""lemma_id"": ""lemma:b368fcab9e2260b6f47b"", ""word"": ""legregole"", ""normalized"": ""legregole"", ""search_form"": ""legregole"", ""rank"": 412416, ""frequency_score"": 0.07242624270174723, ""category_breakdown"": {""subtitles"": {""ipm_values"": [0.004142], ""category_ipm"": 0.004142, ""category_score"": 0.07242624270174723}}, ""sources"": [{""id"": ""subtitles/hermit_2018_it_full_lemmatized_ipm6_spacy_lookup_cleaned_v8.json"", ""file"": ""hermit_2018_it_full_lemmatized_ipm6_spacy_lookup_cleaned_v8.json"", ""category"": ""subtitles"", ""ipm"": 0.004142}], ""corpus_quality"": {""status"": ""accepted"", ""reasons"": []}, ""components"": [{""surface"": ""legregol"", ""canonical_candidate"": ""legregol"", ""confidence"": 0.92, ""evidence"": [{""type"": ""morphological_parse"", ""source"": ""candidate_index"", ""path"": [""legregole"", ""legregol"", ""legregol""], ""confidence"": 0.92}]}]}"
it	lemma:b472d1b9a8417f9ff4d1	dregola	uncertain	not_admitted_candidate		aggregate_only_not_sense_frequency	"[{""path"": ""associativvordes/family-index-v5/members/it/5a.json.gz"", ""family_id"": ""surface:it:dregol"", ""record_sha256"": ""75c6b0ab84a072f5ec8cf1184be9137f6a339cafe1e323e9af8d2fbbbaac017d""}, {""path"": ""associativvordes/family-index-v5/members/it/5f.json.gz"", ""family_id"": ""surface:it:ola"", ""record_sha256"": ""b9554e7941d5a96f73a264b63cb37056479e7de4ecfa03f2269fa53505753a36""}]"	"{""lemma_id"": ""lemma:b472d1b9a8417f9ff4d1"", ""word"": ""dregola"", ""normalized"": ""dregola"", ""search_form"": ""dregola"", ""rank"": 357643, ""frequency_score"": 0.07242624270174723, ""category_breakdown"": {""subtitles"": {""ipm_values"": [0.004142], ""category_ipm"": 0.004142, ""category_score"": 0.07242624270174723}}, ""sources"": [{""id"": ""subtitles/hermit_2018_it_full_lemmatized_ipm6_spacy_lookup_cleaned_v8.json"", ""file"": ""hermit_2018_it_full_lemmatized_ipm6_spacy_lookup_cleaned_v8.json"", ""category"": ""subtitles"", ""ipm"": 0.004142}], ""corpus_quality"": {""status"": ""accepted"", ""reasons"": []}, ""components"": [{""surface"": ""dregol"", ""canonical_candidate"": ""dregol"", ""confidence"": 0.92, ""evidence"": [{""type"": ""morphological_parse"", ""source"": ""candidate_index"", ""path"": [""dregola"", ""dregol"", ""dregol""], ""confidence"": 0.92}]}]}"
it	lemma:b5458a75fe8313d1a4ed	autoregolandosi	accepted	accepted	regolare	aggregate_only_not_sense_frequency	"[{""path"": ""associativvordes/family-index-v5/members/it/40.json.gz"", ""family_id"": ""family:regul"", ""record_sha256"": ""b57121a42e5d35397b294342940e9ea4bfb04638d8619076a4a92b2fc7153f6d""}, {""path"": ""associativvordes/family-index-v5/members/it/60.json.gz"", ""family_id"": ""surface:it:autoregolandos"", ""record_sha256"": ""7d728a7344992c5fe2f7c4bae2bbb9bc97d1f47261f9321533a8e1cb2fc17de6""}, {""path"": ""associativvordes/family-index-v5/members/it/e6.json.gz"", ""family_id"": ""surface:it:dosi"", ""record_sha256"": ""48b279e1ab7f59fd440f9ce40915670c1292e39f8bdcbe63d397c99719390ee2""}]"	"{""lemma_id"": ""lemma:b5458a75fe8313d1a4ed"", ""word"": ""autoregolandosi"", ""normalized"": ""autoregolandosi"", ""search_form"": ""autoregolandosi"", ""rank"": 276480, ""frequency_score"": 0.08315453898636421, ""category_breakdown"": {""subtitles"": {""ipm_values"": [0.005372, 0.004142], ""category_ipm"": 0.004757, ""category_score"": 0.08315453898636421}}, ""sources"": [{""id"": ""subtitles/hermit_2016_it_full_lemmatized_ipm6_spacy_lookup_cleaned_v8.json"", ""file"": ""hermit_2016_it_full_lemmatized_ipm6_spacy_lookup_cleaned_v8.json"", ""category"": ""subtitles"", ""ipm"": 0.005372}, {""id"": ""subtitles/hermit_2018_it_full_lemmatized_ipm6_spacy_lookup_cleaned_v8.json"", ""file"": ""hermit_2018_it_full_lemmatized_ipm6_spacy_lookup_cleaned_v8.json"", ""category"": ""subtitles"", ""ipm"": 0.004142}], ""corpus_quality"": {""status"": ""accepted"", ""reasons"": []}, ""components"": [{""surface"": ""regol"", ""canonical_candidate"": ""regol"", ""confidence"": 0.97, ""evidence"": [{""type"": ""compound_morphology"", ""source"": ""manually_verified"", ""path"": [""autoregolandosi"", ""regol"", ""regol""], ""confidence"": 0.97}, {""type"": ""verified_seed_alias"", ""source"": ""methodology_control_seed"", ""path"": [""it"", ""regol"", ""family:regul""], ""confidence"": 1}]}]}"
it	lemma:b704ddf6a46968203d80	regola	accepted	accepted	regola	aggregate_only_not_sense_frequency	"[{""path"": ""associativvordes/family-index-v5/members/it/40.json.gz"", ""family_id"": ""family:regul"", ""record_sha256"": ""f589a37ee73213447af2ce9fbc4dd403ec8d9f816839765c1fb243b442482cbe""}]"	"{""lemma_id"": ""lemma:b704ddf6a46968203d80"", ""word"": ""regola"", ""normalized"": ""regola"", ""search_form"": ""regola"", ""rank"": 724, ""frequency_score"": 84.01150027964195, ""category_breakdown"": {""subtitles"": {""ipm_values"": [81.866104, 82.147374], ""category_ipm"": 82.00673900000001, ""category_score"": 77.42835852613703}, ""web"": {""ipm_values"": [174.973975], ""category_ipm"": 174.973975, ""category_score"": 90.59464203314688}}, ""sources"": [{""id"": ""subtitles/hermit_2016_it_full_lemmatized_ipm6_spacy_lookup_cleaned_v8.json"", ""file"": ""hermit_2016_it_full_lemmatized_ipm6_spacy_lookup_cleaned_v8.json"", ""category"": ""subtitles"", ""ipm"": 81.866104}, {""id"": ""subtitles/hermit_2018_it_full_lemmatized_ipm6_spacy_lookup_cleaned_v8.json"", ""file"": ""hermit_2018_it_full_lemmatized_ipm6_spacy_lookup_cleaned_v8.json"", ""category"": ""subtitles"", ""ipm"": 82.147374}, {""id"": ""web/sorted.it.lemma.unigrams.cleaned_recommended_min100_ipm6.json"", ""file"": ""sorted.it.lemma.unigrams.cleaned_recommended_min100_ipm6.json"", ""category"": ""web"", ""ipm"": 174.973975}], ""corpus_quality"": {""status"": ""accepted"", ""reasons"": []}, ""components"": [{""surface"": ""regol"", ""canonical_candidate"": ""regol"", ""confidence"": 1, ""evidence"": [{""type"": ""morphological_parse"", ""source"": ""manually_verified"", ""path"": [""regola"", ""regol"", ""regol""], ""confidence"": 1}, {""type"": ""verified_seed_alias"", ""source"": ""methodology_control_seed"", ""path"": [""it"", ""regol"", ""family:regul""], ""confidence"": 1}]}]}"
it	lemma:b91ae8064ef983809ca1	autoregolarti	accepted	accepted	regolare	aggregate_only_not_sense_frequency	"[{""path"": ""associativvordes/family-index-v5/members/it/27.json.gz"", ""family_id"": ""surface:it:arti"", ""record_sha256"": ""a75d3c56b8495c2fcbd101f039b140b07280c15fd1487bccf6a3311aa09d20d6""}, {""path"": ""associativvordes/family-index-v5/members/it/40.json.gz"", ""family_id"": ""family:regul"", ""record_sha256"": ""171f05aecbc434e04f9eb7c1caf71ed1b0eee72d6266b565114ce2f6c9bb5428""}, {""path"": ""associativvordes/family-index-v5/members/it/e2.json.gz"", ""family_id"": ""surface:it:autoregolart"", ""record_sha256"": ""a59d2fc09fcf7ca69188aedd49b1249209cd1ba2dce428177dd857299d23c2ee""}]"	"{""lemma_id"": ""lemma:b91ae8064ef983809ca1"", ""word"": ""autoregolarti"", ""normalized"": ""autoregolarti"", ""search_form"": ""autoregolarti"", ""rank"": 276482, ""frequency_score"": 0.08315453898636421, ""category_breakdown"": {""subtitles"": {""ipm_values"": [0.005372, 0.004142], ""category_ipm"": 0.004757, ""category_score"": 0.08315453898636421}}, ""sources"": [{""id"": ""subtitles/hermit_2016_it_full_lemmatized_ipm6_spacy_lookup_cleaned_v8.json"", ""file"": ""hermit_2016_it_full_lemmatized_ipm6_spacy_lookup_cleaned_v8.json"", ""category"": ""subtitles"", ""ipm"": 0.005372}, {""id"": ""subtitles/hermit_2018_it_full_lemmatized_ipm6_spacy_lookup_cleaned_v8.json"", ""file"": ""hermit_2018_it_full_lemmatized_ipm6_spacy_lookup_cleaned_v8.json"", ""category"": ""subtitles"", ""ipm"": 0.004142}], ""corpus_quality"": {""status"": ""accepted"", ""reasons"": []}, ""components"": [{""surface"": ""arti"", ""canonical_candidate"": ""arti"", ""confidence"": 0.89, ""evidence"": [{""type"": ""compound_morphology"", ""source"": ""candidate_index"", ""path"": [""autoregolarti"", ""arti"", ""arti""], ""confidence"": 0.89}]}]}"
it	lemma:ba1ba128463716434d35	regolmentava	uncertain	withheld_historical_uncertain		aggregate_only_not_sense_frequency	"[{""path"": ""associativvordes/family-index-v5/members/it/2f.json.gz"", ""family_id"": ""surface:it:ava"", ""record_sha256"": ""61a7d8bea3f12acbfe7668c6e1cdebdfe2d1451876c97f049b8d46aa1e57e5a5""}, {""path"": ""associativvordes/family-index-v5/members/it/40.json.gz"", ""family_id"": ""family:regul"", ""record_sha256"": ""00b45fd50549c85002a9f891b09cdaa30bf27b7db49e14fa4a4d1957380cc2e0""}, {""path"": ""associativvordes/family-index-v5/members/it/83.json.gz"", ""family_id"": ""surface:it:regolmentav"", ""record_sha256"": ""e4134cd324f4fa3d6210112de0f91659322d1f7bd4e578de00f454e56f8aae3d""}]"	"{""lemma_id"": ""lemma:ba1ba128463716434d35"", ""word"": ""regolmentava"", ""normalized"": ""regolmentava"", ""search_form"": ""regolmentava"", ""rank"": 414366, ""frequency_score"": 0.08315453898636421, ""category_breakdown"": {""subtitles"": {""ipm_values"": [0.005372, 0.004142], ""category_ipm"": 0.004757, ""category_score"": 0.08315453898636421}}, ""sources"": [{""id"": ""subtitles/hermit_2016_it_full_lemmatized_ipm6_spacy_lookup_cleaned_v8.json"", ""file"": ""hermit_2016_it_full_lemmatized_ipm6_spacy_lookup_cleaned_v8.json"", ""category"": ""subtitles"", ""ipm"": 0.005372}, {""id"": ""subtitles/hermit_2018_it_full_lemmatized_ipm6_spacy_lookup_cleaned_v8.json"", ""file"": ""hermit_2018_it_full_lemmatized_ipm6_spacy_lookup_cleaned_v8.json"", ""category"": ""subtitles"", ""ipm"": 0.004142}], ""corpus_quality"": {""status"": ""accepted"", ""reasons"": []}, ""components"": [{""surface"": ""ava"", ""canonical_candidate"": ""ava"", ""confidence"": 0.89, ""evidence"": [{""type"": ""compound_morphology"", ""source"": ""candidate_index"", ""path"": [""regolmentava"", ""ava"", ""ava""], ""confidence"": 0.89}]}]}"
it	lemma:bc8fc04cac359ac85081	deregolare	accepted	accepted	regolare	aggregate_only_not_sense_frequency	"[{""path"": ""associativvordes/family-index-v5/members/it/22.json.gz"", ""family_id"": ""surface:it:deregolar"", ""record_sha256"": ""0a125fcc30fab9d883437cd7e45c014a2f4561b885df3bf241a0d826a7cfe994""}, {""path"": ""associativvordes/family-index-v5/members/it/40.json.gz"", ""family_id"": ""family:regul"", ""record_sha256"": ""7964b9f3447c3e53d31ac4d1cae22540fd4cf5aa3d68df79dd0fc91c6f9fc027""}, {""path"": ""associativvordes/family-index-v5/members/it/5a.json.gz"", ""family_id"": ""surface:it:regolare"", ""record_sha256"": ""a919499a0b4b05d432057adf824385f7b09608f7fcf6a7529880a26de0faa8f0""}]"	"{""lemma_id"": ""lemma:bc8fc04cac359ac85081"", ""word"": ""deregolare"", ""normalized"": ""deregolare"", ""search_form"": ""deregolare"", ""rank"": 96732, ""frequency_score"": 0.8619498459209348, ""category_breakdown"": {""subtitles"": {""ipm_values"": [0.016116, 0.012425], ""category_ipm"": 0.014270499999999998, ""category_score"": 0.2482803769707588}, ""web"": {""ipm_values"": [0.087863], ""category_ipm"": 0.087863, ""category_score"": 1.4756193148711108}}, ""sources"": [{""id"": ""subtitles/hermit_2016_it_full_lemmatized_ipm6_spacy_lookup_cleaned_v8.json"", ""file"": ""hermit_2016_it_full_lemmatized_ipm6_spacy_lookup_cleaned_v8.json"", ""category"": ""subtitles"", ""ipm"": 0.016116}, {""id"": ""subtitles/hermit_2018_it_full_lemmatized_ipm6_spacy_lookup_cleaned_v8.json"", ""file"": ""hermit_2018_it_full_lemmatized_ipm6_spacy_lookup_cleaned_v8.json"", ""category"": ""subtitles"", ""ipm"": 0.012425}, {""id"": ""web/sorted.it.lemma.unigrams.cleaned_recommended_min100_ipm6.json"", ""file"": ""sorted.it.lemma.unigrams.cleaned_recommended_min100_ipm6.json"", ""category"": ""web"", ""ipm"": 0.087863}], ""corpus_quality"": {""status"": ""accepted"", ""reasons"": []}, ""components"": [{""surface"": ""deregolar"", ""canonical_candidate"": ""deregolar"", ""confidence"": 0.92, ""evidence"": [{""type"": ""morphological_parse"", ""source"": ""candidate_index"", ""path"": [""deregolare"", ""deregolar"", ""deregolar""], ""confidence"": 0.92}]}]}"
it	lemma:bcf360ffcddf8b5c265d	osmoregolazione	accepted	accepted	regolare	aggregate_only_not_sense_frequency	"[{""path"": ""associativvordes/family-index-v5/members/it/40.json.gz"", ""family_id"": ""family:regul"", ""record_sha256"": ""f429a2f78d7ea117a2b00eb1848d4a5972d3c57ce24ad957578f4db597e084a4""}, {""path"": ""associativvordes/family-index-v5/members/it/66.json.gz"", ""family_id"": ""ety:9a86a987fafc"", ""record_sha256"": ""6301110bdbcb186d575f5cffb576ab034940824fa7c0d7cb8c4d8e87a447dea1""}, {""path"": ""associativvordes/family-index-v5/members/it/79.json.gz"", ""family_id"": ""ety:751cdacbf4a9"", ""record_sha256"": ""6301110bdbcb186d575f5cffb576ab034940824fa7c0d7cb8c4d8e87a447dea1""}, {""path"": ""associativvordes/family-index-v5/members/it/e9.json.gz"", ""family_id"": ""surface:it:osmoregolazion"", ""record_sha256"": ""d5b7e2e51d8fbf3c6d13c52e58bb200535fe7ef49dd071176e13683d750c09a2""}]"	"{""lemma_id"": ""lemma:bcf360ffcddf8b5c265d"", ""word"": ""osmoregolazione"", ""normalized"": ""osmoregolazione"", ""search_form"": ""osmoregolazione"", ""rank"": 267057, ""frequency_score"": 0.1445369693373807, ""category_breakdown"": {""subtitles"": {""ipm_values"": [0.008283], ""category_ipm"": 0.008283, ""category_score"": 0.1445369693373807}}, ""sources"": [{""id"": ""subtitles/hermit_2018_it_full_lemmatized_ipm6_spacy_lookup_cleaned_v8.json"", ""file"": ""hermit_2018_it_full_lemmatized_ipm6_spacy_lookup_cleaned_v8.json"", ""category"": ""subtitles"", ""ipm"": 0.008283}], ""corpus_quality"": {""status"": ""accepted"", ""reasons"": []}, ""components"": [{""surface"": ""regol"", ""canonical_candidate"": ""regol"", ""confidence"": 1, ""evidence"": [{""type"": ""compound_morphology"", ""source"": ""manually_verified"", ""path"": [""osmoregolazione"", ""regol"", ""regol""], ""confidence"": 1}, {""type"": ""verified_seed_alias"", ""source"": ""methodology_control_seed"", ""path"": [""it"", ""regol"", ""family:regul""], ""confidence"": 1}]}]}"
it	lemma:c0f207ae5b74b756f158	regolermente	uncertain	withheld_historical_uncertain		aggregate_only_not_sense_frequency	"[{""path"": ""associativvordes/family-index-v5/members/it/23.json.gz"", ""family_id"": ""surface:it:regolerment"", ""record_sha256"": ""4cb01646bfe65b3b4bb91a5e5f777ecea841477396cdbec4ed9a63af280e881d""}, {""path"": ""associativvordes/family-index-v5/members/it/40.json.gz"", ""family_id"": ""family:regul"", ""record_sha256"": ""618ebc92fce9b511111d97b437b3eb4f5f5c785b83052bd57de5a19ad80fbbef""}]"	"{""lemma_id"": ""lemma:c0f207ae5b74b756f158"", ""word"": ""regolermente"", ""normalized"": ""regolermente"", ""search_form"": ""regolermente"", ""rank"": 414360, ""frequency_score"": 0.08315453898636421, ""category_breakdown"": {""subtitles"": {""ipm_values"": [0.005372, 0.004142], ""category_ipm"": 0.004757, ""category_score"": 0.08315453898636421}}, ""sources"": [{""id"": ""subtitles/hermit_2016_it_full_lemmatized_ipm6_spacy_lookup_cleaned_v8.json"", ""file"": ""hermit_2016_it_full_lemmatized_ipm6_spacy_lookup_cleaned_v8.json"", ""category"": ""subtitles"", ""ipm"": 0.005372}, {""id"": ""subtitles/hermit_2018_it_full_lemmatized_ipm6_spacy_lookup_cleaned_v8.json"", ""file"": ""hermit_2018_it_full_lemmatized_ipm6_spacy_lookup_cleaned_v8.json"", ""category"": ""subtitles"", ""ipm"": 0.004142}], ""corpus_quality"": {""status"": ""accepted"", ""reasons"": []}, ""components"": [{""surface"": ""regolerment"", ""canonical_candidate"": ""regolerment"", ""confidence"": 0.92, ""evidence"": [{""type"": ""morphological_parse"", ""source"": ""candidate_index"", ""path"": [""regolermente"", ""regolerment"", ""regolerment""], ""confidence"": 0.92}]}]}"
it	lemma:c25b1a89f01584e049bc	regolato	accepted	accepted	regolare	aggregate_only_not_sense_frequency	"[{""path"": ""associativvordes/family-index-v5/members/it/40.json.gz"", ""family_id"": ""family:regul"", ""record_sha256"": ""d21339f6340287801324ce03b1819ed7fb9ae202657a9c860cfd1ea827f16b61""}, {""path"": ""associativvordes/family-index-v5/members/it/8d.json.gz"", ""family_id"": ""surface:it:regolat"", ""record_sha256"": ""913db5401f3b83cb64df43769de6cbd7e2aacd37306c3f0be12e6b5f038f0fef""}]"	"{""lemma_id"": ""lemma:c25b1a89f01584e049bc"", ""word"": ""regolato"", ""normalized"": ""regolato"", ""search_form"": ""regolato"", ""rank"": 10311, ""frequency_score"": 27.57198424264265, ""category_breakdown"": {""subtitles"": {""ipm_values"": [2.809631, 3.164293], ""category_ipm"": 2.986962, ""category_score"": 24.233446932341394}, ""web"": {""ipm_values"": [4.836303], ""category_ipm"": 4.836303, ""category_score"": 30.910521552943905}}, ""sources"": [{""id"": ""subtitles/hermit_2016_it_full_lemmatized_ipm6_spacy_lookup_cleaned_v8.json"", ""file"": ""hermit_2016_it_full_lemmatized_ipm6_spacy_lookup_cleaned_v8.json"", ""category"": ""subtitles"", ""ipm"": 2.809631}, {""id"": ""subtitles/hermit_2018_it_full_lemmatized_ipm6_spacy_lookup_cleaned_v8.json"", ""file"": ""hermit_2018_it_full_lemmatized_ipm6_spacy_lookup_cleaned_v8.json"", ""category"": ""subtitles"", ""ipm"": 3.164293}, {""id"": ""web/sorted.it.lemma.unigrams.cleaned_recommended_min100_ipm6.json"", ""file"": ""sorted.it.lemma.unigrams.cleaned_recommended_min100_ipm6.json"", ""category"": ""web"", ""ipm"": 4.836303}], ""corpus_quality"": {""status"": ""accepted"", ""reasons"": []}, ""components"": [{""surface"": ""regol"", ""canonical_candidate"": ""regol"", ""confidence"": 0.97, ""evidence"": [{""type"": ""compound_morphology"", ""source"": ""manually_verified"", ""path"": [""regolato"", ""regol"", ""regol""], ""confidence"": 0.97}, {""type"": ""verified_seed_alias"", ""source"": ""methodology_control_seed"", ""path"": [""it"", ""regol"", ""family:regul""], ""confidence"": 1}]}]}"
it	lemma:c2949924c62ea4225256	autoregolarsi	accepted	accepted	regolare	aggregate_only_not_sense_frequency	"[{""path"": ""associativvordes/family-index-v5/members/it/03.json.gz"", ""family_id"": ""surface:it:autoregolars"", ""record_sha256"": ""1a96a0da5f7a7be0c2329e4b159b3d7396a3b96f4e1d088e087df3453d8c2410""}, {""path"": ""associativvordes/family-index-v5/members/it/40.json.gz"", ""family_id"": ""family:regul"", ""record_sha256"": ""3c51942e358040289d6f71af9ebbe8c62f049683a125947524147c78b75158a1""}, {""path"": ""associativvordes/family-index-v5/members/it/98.json.gz"", ""family_id"": ""surface:it:arsi"", ""record_sha256"": ""6b266973567c1269eb8252ca8e03225778f9b8779818279b37e7251249a2af2a""}]"	"{""lemma_id"": ""lemma:c2949924c62ea4225256"", ""word"": ""autoregolarsi"", ""normalized"": ""autoregolarsi"", ""search_form"": ""autoregolarsi"", ""rank"": 168204, ""frequency_score"": 0.21246629663162847, ""category_breakdown"": {""subtitles"": {""ipm_values"": [0.016116, 0.008283], ""category_ipm"": 0.012199499999999999, ""category_score"": 0.21246629663162847}}, ""sources"": [{""id"": ""subtitles/hermit_2016_it_full_lemmatized_ipm6_spacy_lookup_cleaned_v8.json"", ""file"": ""hermit_2016_it_full_lemmatized_ipm6_spacy_lookup_cleaned_v8.json"", ""category"": ""subtitles"", ""ipm"": 0.016116}, {""id"": ""subtitles/hermit_2018_it_full_lemmatized_ipm6_spacy_lookup_cleaned_v8.json"", ""file"": ""hermit_2018_it_full_lemmatized_ipm6_spacy_lookup_cleaned_v8.json"", ""category"": ""subtitles"", ""ipm"": 0.008283}], ""corpus_quality"": {""status"": ""accepted"", ""reasons"": []}, ""components"": [{""surface"": ""autoregolars"", ""canonical_candidate"": ""autoregolars"", ""confidence"": 0.92, ""evidence"": [{""type"": ""morphological_parse"", ""source"": ""candidate_index"", ""path"": [""autoregolarsi"", ""autoregolars"", ""autoregolars""], ""confidence"": 0.92}]}]}"
it	lemma:c463e936dc06fd3286a9	regolandoti	accepted	accepted	regolare	aggregate_only_not_sense_frequency	"[{""path"": ""associativvordes/family-index-v5/members/it/1a.json.gz"", ""family_id"": ""surface:it:regolandot"", ""record_sha256"": ""28b7b01a521e64300b3b1fecb263f9b364b9e125a96bebbb7af1bb604fbe8c71""}, {""path"": ""associativvordes/family-index-v5/members/it/40.json.gz"", ""family_id"": ""family:regul"", ""record_sha256"": ""e5a21e5e43b3f9a296c8073117a3a787098508d34cca26fdcfadc63561c03855""}, {""path"": ""associativvordes/family-index-v5/members/it/d9.json.gz"", ""family_id"": ""surface:it:doti"", ""record_sha256"": ""19d23b7bbbc03fbb88b1f542648f7a966b9a4af5b10a6e9ee75ad5820b80eaa0""}]"	"{""lemma_id"": ""lemma:c463e936dc06fd3286a9"", ""word"": ""regolandoti"", ""normalized"": ""regolandoti"", ""search_form"": ""regolandoti"", ""rank"": 414345, ""frequency_score"": 0.08315453898636421, ""category_breakdown"": {""subtitles"": {""ipm_values"": [0.005372, 0.004142], ""category_ipm"": 0.004757, ""category_score"": 0.08315453898636421}}, ""sources"": [{""id"": ""subtitles/hermit_2016_it_full_lemmatized_ipm6_spacy_lookup_cleaned_v8.json"", ""file"": ""hermit_2016_it_full_lemmatized_ipm6_spacy_lookup_cleaned_v8.json"", ""category"": ""subtitles"", ""ipm"": 0.005372}, {""id"": ""subtitles/hermit_2018_it_full_lemmatized_ipm6_spacy_lookup_cleaned_v8.json"", ""file"": ""hermit_2018_it_full_lemmatized_ipm6_spacy_lookup_cleaned_v8.json"", ""category"": ""subtitles"", ""ipm"": 0.004142}], ""corpus_quality"": {""status"": ""accepted"", ""reasons"": []}, ""components"": [{""surface"": ""regolandot"", ""canonical_candidate"": ""regolandot"", ""confidence"": 0.92, ""evidence"": [{""type"": ""morphological_parse"", ""source"": ""candidate_index"", ""path"": [""regolandoti"", ""regolandot"", ""regolandot""], ""confidence"": 0.92}]}]}"
it	lemma:c5908f88e322f1c0eccb	sregolare	accepted	accepted	regolare	aggregate_only_not_sense_frequency	"[{""path"": ""associativvordes/family-index-v5/members/it/ca.json.gz"", ""family_id"": ""surface:it:sregolar"", ""record_sha256"": ""2d6eb2152591d8168993b1ff74511c436d0ecc0191f1e3bf15c1421c5d17a3cb""}]"	"{""lemma_id"": ""lemma:c5908f88e322f1c0eccb"", ""word"": ""sregolare"", ""normalized"": ""sregolare"", ""search_form"": ""sregolare"", ""rank"": 69108, ""frequency_score"": 1.527427004416921, ""category_breakdown"": {""subtitles"": {""ipm_values"": [0.107443, 0.099402], ""category_ipm"": 0.1034225, ""category_score"": 1.7244578884923398}, ""web"": {""ipm_values"": [0.078884], ""category_ipm"": 0.078884, ""category_score"": 1.330396120341502}}, ""sources"": [{""id"": ""subtitles/hermit_2016_it_full_lemmatized_ipm6_spacy_lookup_cleaned_v8.json"", ""file"": ""hermit_2016_it_full_lemmatized_ipm6_spacy_lookup_cleaned_v8.json"", ""category"": ""subtitles"", ""ipm"": 0.107443}, {""id"": ""subtitles/hermit_2018_it_full_lemmatized_ipm6_spacy_lookup_cleaned_v8.json"", ""file"": ""hermit_2018_it_full_lemmatized_ipm6_spacy_lookup_cleaned_v8.json"", ""category"": ""subtitles"", ""ipm"": 0.099402}, {""id"": ""web/sorted.it.lemma.unigrams.cleaned_recommended_min100_ipm6.json"", ""file"": ""sorted.it.lemma.unigrams.cleaned_recommended_min100_ipm6.json"", ""category"": ""web"", ""ipm"": 0.078884}], ""corpus_quality"": {""status"": ""accepted"", ""reasons"": []}, ""components"": [{""surface"": ""sregolar"", ""canonical_candidate"": ""sregolar"", ""confidence"": 0.92, ""evidence"": [{""type"": ""morphological_parse"", ""source"": ""candidate_index"", ""path"": [""sregolare"", ""sregolar"", ""sregolar""], ""confidence"": 0.92}]}]}"
it	lemma:c59c3ce279e792b508e4	regolera	uncertain	withheld_historical_uncertain		aggregate_only_not_sense_frequency	"[{""path"": ""associativvordes/family-index-v5/members/it/40.json.gz"", ""family_id"": ""family:regul"", ""record_sha256"": ""fcc93ff361eaf8c6ad31e951c8e5d970da2e3ab215b56ac13e6e30ad7e63b55c""}, {""path"": ""associativvordes/family-index-v5/members/it/7b.json.gz"", ""family_id"": ""ety:8bb4f1b322b0"", ""record_sha256"": ""9529fe3cc377ec455a4e143e9637560158aa12493e0af0771d188677f2a398cf""}, {""path"": ""associativvordes/family-index-v5/members/it/df.json.gz"", ""family_id"": ""surface:it:regoler"", ""record_sha256"": ""cfcfedf89f5331e03579ffad835ce851cbd497f9301df5ea4f3f114528e98f26""}]"	"{""lemma_id"": ""lemma:c59c3ce279e792b508e4"", ""word"": ""regolera"", ""normalized"": ""regolera"", ""search_form"": ""regolera"", ""rank"": 213272, ""frequency_score"": 0.20181690733514077, ""category_breakdown"": {""subtitles"": {""ipm_values"": [0.010744, 0.012425], ""category_ipm"": 0.011584500000000001, ""category_score"": 0.20181690733514077}}, ""sources"": [{""id"": ""subtitles/hermit_2016_it_full_lemmatized_ipm6_spacy_lookup_cleaned_v8.json"", ""file"": ""hermit_2016_it_full_lemmatized_ipm6_spacy_lookup_cleaned_v8.json"", ""category"": ""subtitles"", ""ipm"": 0.010744}, {""id"": ""subtitles/hermit_2018_it_full_lemmatized_ipm6_spacy_lookup_cleaned_v8.json"", ""file"": ""hermit_2018_it_full_lemmatized_ipm6_spacy_lookup_cleaned_v8.json"", ""category"": ""subtitles"", ""ipm"": 0.012425}], ""corpus_quality"": {""status"": ""accepted"", ""reasons"": []}, ""components"": [{""surface"": ""regol"", ""canonical_candidate"": ""regol"", ""confidence"": 0.97, ""evidence"": [{""type"": ""compound_morphology"", ""source"": ""manually_verified"", ""path"": [""regolera"", ""regol"", ""regol""], ""confidence"": 0.97}, {""type"": ""verified_seed_alias"", ""source"": ""methodology_control_seed"", ""path"": [""it"", ""regol"", ""family:regul""], ""confidence"": 1}]}]}"
it	lemma:c673e718b203c71b9e00	regulus	uncertain	not_admitted_candidate		aggregate_only_not_sense_frequency	"[{""path"": ""associativvordes/family-index-v5/members/it/55.json.gz"", ""family_id"": ""surface:it:lus"", ""record_sha256"": ""f90e1c3d9c13f2b2d78ab09be75984103f8f6f1082c3c356bafd1095300760c9""}, {""path"": ""associativvordes/family-index-v5/members/it/7e.json.gz"", ""family_id"": ""ety:236d4cdc675b"", ""record_sha256"": ""5441d9ad28f4d67a729ce723fd55466ec7d3f4953a4c6ba94f2a55f82346400b""}]"	"{""lemma_id"": ""lemma:c673e718b203c71b9e00"", ""word"": ""regulus"", ""normalized"": ""regulus"", ""search_form"": ""regulus"", ""rank"": 119007, ""frequency_score"": 0.5387987759207687, ""category_breakdown"": {""subtitles"": {""ipm_values"": [0.037605, 0.02485], ""category_ipm"": 0.0312275, ""category_score"": 0.5387987759207687}}, ""sources"": [{""id"": ""subtitles/hermit_2016_it_full_lemmatized_ipm6_spacy_lookup_cleaned_v8.json"", ""file"": ""hermit_2016_it_full_lemmatized_ipm6_spacy_lookup_cleaned_v8.json"", ""category"": ""subtitles"", ""ipm"": 0.037605}, {""id"": ""subtitles/hermit_2018_it_full_lemmatized_ipm6_spacy_lookup_cleaned_v8.json"", ""file"": ""hermit_2018_it_full_lemmatized_ipm6_spacy_lookup_cleaned_v8.json"", ""category"": ""subtitles"", ""ipm"": 0.02485}], ""corpus_quality"": {""status"": ""accepted"", ""reasons"": []}, ""components"": [{""surface"": ""lus"", ""canonical_candidate"": ""lus"", ""confidence"": 0.89, ""evidence"": [{""type"": ""compound_morphology"", ""source"": ""candidate_index"", ""path"": [""regulus"", ""lus"", ""lus""], ""confidence"": 0.89}]}]}"
it	lemma:c7471716c96dd420e7cd	irregolarita	uncertain	not_admitted_candidate		aggregate_only_not_sense_frequency	"[{""path"": ""associativvordes/family-index-v5/members/it/13.json.gz"", ""family_id"": ""surface:it:irregolarit"", ""record_sha256"": ""38e4933a71337213f7c73fb036868e84cb2cc51a9a6e9b9e4a59c8469b1e7f44""}, {""path"": ""associativvordes/family-index-v5/members/it/6c.json.gz"", ""family_id"": ""surface:it:arita"", ""record_sha256"": ""80f14acc761d92f5ea8fdc6fa1c4f557b72aa10e69b14f68d09b9494d2093df3""}]"	"{""lemma_id"": ""lemma:c7471716c96dd420e7cd"", ""word"": ""irregolarita"", ""normalized"": ""irregolarita"", ""search_form"": ""irregolarita"", ""rank"": 28179, ""frequency_score"": 7.851858674916246, ""category_breakdown"": {""subtitles"": {""ipm_values"": [0.542587, 0.588128], ""category_ipm"": 0.5653575, ""category_score"": 7.851858674916246}}, ""sources"": [{""id"": ""subtitles/hermit_2016_it_full_lemmatized_ipm6_spacy_lookup_cleaned_v8.json"", ""file"": ""hermit_2016_it_full_lemmatized_ipm6_spacy_lookup_cleaned_v8.json"", ""category"": ""subtitles"", ""ipm"": 0.542587}, {""id"": ""subtitles/hermit_2018_it_full_lemmatized_ipm6_spacy_lookup_cleaned_v8.json"", ""file"": ""hermit_2018_it_full_lemmatized_ipm6_spacy_lookup_cleaned_v8.json"", ""category"": ""subtitles"", ""ipm"": 0.588128}], ""corpus_quality"": {""status"": ""accepted"", ""reasons"": []}, ""components"": [{""surface"": ""irregolarit"", ""canonical_candidate"": ""irregolarit"", ""confidence"": 0.92, ""evidence"": [{""type"": ""morphological_parse"", ""source"": ""candidate_index"", ""path"": [""irregolarita"", ""irregolarit"", ""irregolarit""], ""confidence"": 0.92}]}]}"
it	lemma:caf650b14c491dbd9cad	regolarlo	accepted	accepted	regolare	aggregate_only_not_sense_frequency	"[{""path"": ""associativvordes/family-index-v5/members/it/40.json.gz"", ""family_id"": ""family:regul"", ""record_sha256"": ""a5cc5b1cb6483406dbb448c202cb8c49bf9b670805deb5bf891f697c2059c8f0""}, {""path"": ""associativvordes/family-index-v5/members/it/55.json.gz"", ""family_id"": ""surface:it:regolarl"", ""record_sha256"": ""a815d02e5c9ca3f2424514dc4f1f2140eb39578cc1cb66b95ab3d43f4db7e532""}]"	"{""lemma_id"": ""lemma:caf650b14c491dbd9cad"", ""word"": ""regolarlo"", ""normalized"": ""regolarlo"", ""search_form"": ""regolarlo"", ""rank"": 67938, ""frequency_score"": 1.6192893393382701, ""category_breakdown"": {""subtitles"": {""ipm_values"": [0.085954, 0.107685], ""category_ipm"": 0.0968195, ""category_score"": 1.6192893393382701}}, ""sources"": [{""id"": ""subtitles/hermit_2016_it_full_lemmatized_ipm6_spacy_lookup_cleaned_v8.json"", ""file"": ""hermit_2016_it_full_lemmatized_ipm6_spacy_lookup_cleaned_v8.json"", ""category"": ""subtitles"", ""ipm"": 0.085954}, {""id"": ""subtitles/hermit_2018_it_full_lemmatized_ipm6_spacy_lookup_cleaned_v8.json"", ""file"": ""hermit_2018_it_full_lemmatized_ipm6_spacy_lookup_cleaned_v8.json"", ""category"": ""subtitles"", ""ipm"": 0.107685}], ""corpus_quality"": {""status"": ""accepted"", ""reasons"": []}, ""components"": [{""surface"": ""regol"", ""canonical_candidate"": ""regol"", ""confidence"": 0.97, ""evidence"": [{""type"": ""compound_morphology"", ""source"": ""manually_verified"", ""path"": [""regolarlo"", ""regol"", ""regol""], ""confidence"": 0.97}, {""type"": ""verified_seed_alias"", ""source"": ""methodology_control_seed"", ""path"": [""it"", ""regol"", ""family:regul""], ""confidence"": 1}]}]}"
it	lemma:cb731a08ad7e7c0469fc	regulares	uncertain	not_admitted_candidate		aggregate_only_not_sense_frequency	"[{""path"": ""associativvordes/family-index-v5/members/it/77.json.gz"", ""family_id"": ""ety:7863b325abb9"", ""record_sha256"": ""ffe206fc0b46859eee5a21c2566e654eb81fe7fd622f8e060cf18cef6098c65c""}, {""path"": ""associativvordes/family-index-v5/members/it/c1.json.gz"", ""family_id"": ""surface:it:regula"", ""record_sha256"": ""68b554527d395620af614141803594c0b84c565bbd4d7e6305db3d302ec6f9ab""}, {""path"": ""associativvordes/family-index-v5/members/it/f4.json.gz"", ""family_id"": ""ety:b3c4f41f9cf4"", ""record_sha256"": ""ffe206fc0b46859eee5a21c2566e654eb81fe7fd622f8e060cf18cef6098c65c""}]"	"{""lemma_id"": ""lemma:cb731a08ad7e7c0469fc"", ""word"": ""regulares"", ""normalized"": ""regulares"", ""search_form"": ""regulares"", ""rank"": 86195, ""frequency_score"": 1.051385384772735, ""category_breakdown"": {""subtitles"": {""ipm_values"": [0.069838, 0.053843], ""category_ipm"": 0.0618405, ""category_score"": 1.051385384772735}}, ""sources"": [{""id"": ""subtitles/hermit_2016_it_full_lemmatized_ipm6_spacy_lookup_cleaned_v8.json"", ""file"": ""hermit_2016_it_full_lemmatized_ipm6_spacy_lookup_cleaned_v8.json"", ""category"": ""subtitles"", ""ipm"": 0.069838}, {""id"": ""subtitles/hermit_2018_it_full_lemmatized_ipm6_spacy_lookup_cleaned_v8.json"", ""file"": ""hermit_2018_it_full_lemmatized_ipm6_spacy_lookup_cleaned_v8.json"", ""category"": ""subtitles"", ""ipm"": 0.053843}], ""corpus_quality"": {""status"": ""accepted"", ""reasons"": []}, ""components"": [{""surface"": ""ares"", ""canonical_candidate"": ""ares"", ""confidence"": 0.89, ""evidence"": [{""type"": ""compound_morphology"", ""source"": ""candidate_index"", ""path"": [""regulares"", ""ares"", ""ares""], ""confidence"": 0.89}]}]}"
it	lemma:cfa657731e7cf376d2c2	autoregolazione	accepted	accepted	regolare	aggregate_only_not_sense_frequency	"[{""path"": ""associativvordes/family-index-v5/members/it/40.json.gz"", ""family_id"": ""family:regul"", ""record_sha256"": ""0ea81dca11b9c7ec7dd395438f79c3242d40ca7aad6613201aaff7490615afce""}, {""path"": ""associativvordes/family-index-v5/members/it/54.json.gz"", ""family_id"": ""surface:it:autoregolazion"", ""record_sha256"": ""1b85821f3133a1fbe77896717ec4fbeeb9eb713bab6bc4e53a6fb46206fffe53""}, {""path"": ""associativvordes/family-index-v5/members/it/66.json.gz"", ""family_id"": ""ety:9a86a987fafc"", ""record_sha256"": ""70de8f7cddc726484e8df87d1533c725207a4c0a050e86cd7e2bece3235bb8a0""}, {""path"": ""associativvordes/family-index-v5/members/it/79.json.gz"", ""family_id"": ""ety:751cdacbf4a9"", ""record_sha256"": ""70de8f7cddc726484e8df87d1533c725207a4c0a050e86cd7e2bece3235bb8a0""}]"	"{""lemma_id"": ""lemma:cfa657731e7cf376d2c2"", ""word"": ""autoregolazione"", ""normalized"": ""autoregolazione"", ""search_form"": ""autoregolazione"", ""rank"": 33159, ""frequency_score"": 4.4797463564307325, ""category_breakdown"": {""subtitles"": {""ipm_values"": [0.016116, 0.016567], ""category_ipm"": 0.0163415, ""category_score"": 0.28402140444516405}, ""web"": {""ipm_values"": [0.640693], ""category_ipm"": 0.640693, ""category_score"": 8.6754713084163}}, ""sources"": [{""id"": ""subtitles/hermit_2016_it_full_lemmatized_ipm6_spacy_lookup_cleaned_v8.json"", ""file"": ""hermit_2016_it_full_lemmatized_ipm6_spacy_lookup_cleaned_v8.json"", ""category"": ""subtitles"", ""ipm"": 0.016116}, {""id"": ""subtitles/hermit_2018_it_full_lemmatized_ipm6_spacy_lookup_cleaned_v8.json"", ""file"": ""hermit_2018_it_full_lemmatized_ipm6_spacy_lookup_cleaned_v8.json"", ""category"": ""subtitles"", ""ipm"": 0.016567}, {""id"": ""web/sorted.it.lemma.unigrams.cleaned_recommended_min100_ipm6.json"", ""file"": ""sorted.it.lemma.unigrams.cleaned_recommended_min100_ipm6.json"", ""category"": ""web"", ""ipm"": 0.640693}], ""corpus_quality"": {""status"": ""accepted"", ""reasons"": []}, ""components"": [{""surface"": ""regol"", ""canonical_candidate"": ""regol"", ""confidence"": 1, ""evidence"": [{""type"": ""compound_morphology"", ""source"": ""manually_verified"", ""path"": [""autoregolazione"", ""regol"", ""regol""], ""confidence"": 1}, {""type"": ""verified_seed_alias"", ""source"": ""methodology_control_seed"", ""path"": [""it"", ""regol"", ""family:regul""], ""confidence"": 1}]}]}"
it	lemma:cfb5e5cf76b689ceab81	irregolarmente	accepted	accepted	regolare	aggregate_only_not_sense_frequency	"[{""path"": ""associativvordes/family-index-v5/members/it/be.json.gz"", ""family_id"": ""surface:it:irregolarment"", ""record_sha256"": ""da5ea1291dafa0cc6d15ac169005d9322db5807e6c3a584e44dcbfd962a40fb3""}]"	"{""lemma_id"": ""lemma:cfb5e5cf76b689ceab81"", ""word"": ""irregolarmente"", ""normalized"": ""irregolarmente"", ""search_form"": ""irregolarmente"", ""rank"": 20736, ""frequency_score"": 8.81965500788698, ""category_breakdown"": {""subtitles"": {""ipm_values"": [0.091326, 0.091118], ""category_ipm"": 0.091222, ""category_score"": 1.529638733867854}, ""web"": {""ipm_values"": [1.507777], ""category_ipm"": 1.507777, ""category_score"": 16.109671281906106}}, ""sources"": [{""id"": ""subtitles/hermit_2016_it_full_lemmatized_ipm6_spacy_lookup_cleaned_v8.json"", ""file"": ""hermit_2016_it_full_lemmatized_ipm6_spacy_lookup_cleaned_v8.json"", ""category"": ""subtitles"", ""ipm"": 0.091326}, {""id"": ""subtitles/hermit_2018_it_full_lemmatized_ipm6_spacy_lookup_cleaned_v8.json"", ""file"": ""hermit_2018_it_full_lemmatized_ipm6_spacy_lookup_cleaned_v8.json"", ""category"": ""subtitles"", ""ipm"": 0.091118}, {""id"": ""web/sorted.it.lemma.unigrams.cleaned_recommended_min100_ipm6.json"", ""file"": ""sorted.it.lemma.unigrams.cleaned_recommended_min100_ipm6.json"", ""category"": ""web"", ""ipm"": 1.507777}], ""corpus_quality"": {""status"": ""accepted"", ""reasons"": []}, ""components"": [{""surface"": ""irregolarment"", ""canonical_candidate"": ""irregolarment"", ""confidence"": 0.92, ""evidence"": [{""type"": ""morphological_parse"", ""source"": ""candidate_index"", ""path"": [""irregolarmente"", ""irregolarment"", ""irregolarment""], ""confidence"": 0.92}]}]}"
it	lemma:d08ddf7ad67b75d6621e	sfregolio	uncertain	not_admitted_candidate		aggregate_only_not_sense_frequency	"[{""path"": ""associativvordes/family-index-v5/members/it/aa.json.gz"", ""family_id"": ""surface:it:sfregoli"", ""record_sha256"": ""5d927689c78fb94822fca72823fa3b68bda7513809674a4a7d35eb385aa50d23""}]"	"{""lemma_id"": ""lemma:d08ddf7ad67b75d6621e"", ""word"": ""sfregolio"", ""normalized"": ""sfregolio"", ""search_form"": ""sfregolio"", ""rank"": 280646, ""frequency_score"": 0.1445369693373807, ""category_breakdown"": {""subtitles"": {""ipm_values"": [0.008283], ""category_ipm"": 0.008283, ""category_score"": 0.1445369693373807}}, ""sources"": [{""id"": ""subtitles/hermit_2018_it_full_lemmatized_ipm6_spacy_lookup_cleaned_v8.json"", ""file"": ""hermit_2018_it_full_lemmatized_ipm6_spacy_lookup_cleaned_v8.json"", ""category"": ""subtitles"", ""ipm"": 0.008283}], ""corpus_quality"": {""status"": ""accepted"", ""reasons"": []}, ""components"": [{""surface"": ""sfregoli"", ""canonical_candidate"": ""sfregoli"", ""confidence"": 0.92, ""evidence"": [{""type"": ""morphological_parse"", ""source"": ""candidate_index"", ""path"": [""sfregolio"", ""sfregoli"", ""sfregoli""], ""confidence"": 0.92}]}]}"
it	lemma:d18c7fcee8160289f35d	regolatelo	accepted	accepted	regolare	aggregate_only_not_sense_frequency	"[{""path"": ""associativvordes/family-index-v5/members/it/3c.json.gz"", ""family_id"": ""surface:it:regolatel"", ""record_sha256"": ""95e7dbfd2678cabc58a75a3a97c3d18229e5ab79b6e3004e8f4855e2b511aed0""}, {""path"": ""associativvordes/family-index-v5/members/it/40.json.gz"", ""family_id"": ""family:regul"", ""record_sha256"": ""a0b164576ada0e66b9a092254b55f6ef931c0e527b697c242bb94e7f4291da35""}]"	"{""lemma_id"": ""lemma:d18c7fcee8160289f35d"", ""word"": ""regolatelo"", ""normalized"": ""regolatelo"", ""search_form"": ""regolatelo"", ""rank"": 274200, ""frequency_score"": 0.11922492913858172, ""category_breakdown"": {""subtitles"": {""ipm_values"": [0.005372, 0.008283], ""category_ipm"": 0.0068275, ""category_score"": 0.11922492913858172}}, ""sources"": [{""id"": ""subtitles/hermit_2016_it_full_lemmatized_ipm6_spacy_lookup_cleaned_v8.json"", ""file"": ""hermit_2016_it_full_lemmatized_ipm6_spacy_lookup_cleaned_v8.json"", ""category"": ""subtitles"", ""ipm"": 0.005372}, {""id"": ""subtitles/hermit_2018_it_full_lemmatized_ipm6_spacy_lookup_cleaned_v8.json"", ""file"": ""hermit_2018_it_full_lemmatized_ipm6_spacy_lookup_cleaned_v8.json"", ""category"": ""subtitles"", ""ipm"": 0.008283}], ""corpus_quality"": {""status"": ""accepted"", ""reasons"": []}, ""components"": [{""surface"": ""regolatel"", ""canonical_candidate"": ""regolatel"", ""confidence"": 0.92, ""evidence"": [{""type"": ""morphological_parse"", ""source"": ""candidate_index"", ""path"": [""regolatelo"", ""regolatel"", ""regolatel""], ""confidence"": 0.92}]}]}"
it	lemma:d4d550705c8c237f6a31	regolamentatori	accepted	accepted	regolamentare	aggregate_only_not_sense_frequency	"[{""path"": ""associativvordes/family-index-v5/members/it/40.json.gz"", ""family_id"": ""family:regul"", ""record_sha256"": ""58e7c1b9a3d3605b1eaf8354fc2f90b44cc5f1b5abefa19666cd7fbcb4daa177""}, {""path"": ""associativvordes/family-index-v5/members/it/67.json.gz"", ""family_id"": ""surface:it:regolamentator"", ""record_sha256"": ""4adc5f39ae206a342991e0d903cdde90ecbdfd415fd80f8254d079ade004c8c7""}, {""path"": ""associativvordes/family-index-v5/members/it/aa.json.gz"", ""family_id"": ""surface:it:atori"", ""record_sha256"": ""2c621d5d00222fe2a0f3f7b2e46452094d6761c027a4dc4987207cfbed28c0c8""}]"	"{""lemma_id"": ""lemma:d4d550705c8c237f6a31"", ""word"": ""regolamentatori"", ""normalized"": ""regolamentatori"", ""search_form"": ""regolamentatori"", ""rank"": 414341, ""frequency_score"": 0.08315453898636421, ""category_breakdown"": {""subtitles"": {""ipm_values"": [0.005372, 0.004142], ""category_ipm"": 0.004757, ""category_score"": 0.08315453898636421}}, ""sources"": [{""id"": ""subtitles/hermit_2016_it_full_lemmatized_ipm6_spacy_lookup_cleaned_v8.json"", ""file"": ""hermit_2016_it_full_lemmatized_ipm6_spacy_lookup_cleaned_v8.json"", ""category"": ""subtitles"", ""ipm"": 0.005372}, {""id"": ""subtitles/hermit_2018_it_full_lemmatized_ipm6_spacy_lookup_cleaned_v8.json"", ""file"": ""hermit_2018_it_full_lemmatized_ipm6_spacy_lookup_cleaned_v8.json"", ""category"": ""subtitles"", ""ipm"": 0.004142}], ""corpus_quality"": {""status"": ""accepted"", ""reasons"": []}, ""components"": [{""surface"": ""regol"", ""canonical_candidate"": ""regol"", ""confidence"": 0.97, ""evidence"": [{""type"": ""compound_morphology"", ""source"": ""manually_verified"", ""path"": [""regolamentatori"", ""regol"", ""regol""], ""confidence"": 0.97}, {""type"": ""verified_seed_alias"", ""source"": ""methodology_control_seed"", ""path"": [""it"", ""regol"", ""family:regul""], ""confidence"": 1}]}]}"
it	lemma:dabcd8031297888c5d2f	deregolazione	accepted	accepted	regolare	aggregate_only_not_sense_frequency	"[{""path"": ""associativvordes/family-index-v5/members/it/40.json.gz"", ""family_id"": ""family:regul"", ""record_sha256"": ""0d63dd8f1a6fd10d5dca97123015ab065fc27e822c329ecebf8b493870e94c81""}, {""path"": ""associativvordes/family-index-v5/members/it/66.json.gz"", ""family_id"": ""ety:9a86a987fafc"", ""record_sha256"": ""49269e8a84b11a326d2f607e5f937232fb57eb416e04f7c98dd39f2788943c1a""}, {""path"": ""associativvordes/family-index-v5/members/it/79.json.gz"", ""family_id"": ""ety:751cdacbf4a9"", ""record_sha256"": ""49269e8a84b11a326d2f607e5f937232fb57eb416e04f7c98dd39f2788943c1a""}, {""path"": ""associativvordes/family-index-v5/members/it/d4.json.gz"", ""family_id"": ""surface:it:deregolazion"", ""record_sha256"": ""7c16c2cb1b30786e3c269a9b9ac44e4efd198dff957a3f253810e17b902be4f6""}]"	"{""lemma_id"": ""lemma:dabcd8031297888c5d2f"", ""word"": ""deregolazione"", ""normalized"": ""deregolazione"", ""search_form"": ""deregolazione"", ""rank"": 57420, ""frequency_score"": 3.6124241326091906, ""category_breakdown"": {""web"": {""ipm_values"": [0.228956], ""category_ipm"": 0.228956, ""category_score"": 3.6124241326091906}}, ""sources"": [{""id"": ""web/sorted.it.lemma.unigrams.cleaned_recommended_min100_ipm6.json"", ""file"": ""sorted.it.lemma.unigrams.cleaned_recommended_min100_ipm6.json"", ""category"": ""web"", ""ipm"": 0.228956}], ""corpus_quality"": {""status"": ""accepted"", ""reasons"": []}, ""components"": [{""surface"": ""regol"", ""canonical_candidate"": ""regol"", ""confidence"": 1, ""evidence"": [{""type"": ""compound_morphology"", ""source"": ""manually_verified"", ""path"": [""deregolazione"", ""regol"", ""regol""], ""confidence"": 1}, {""type"": ""verified_seed_alias"", ""source"": ""methodology_control_seed"", ""path"": [""it"", ""regol"", ""family:regul""], ""confidence"": 1}]}]}"
it	lemma:db5a75cf0a18c628db3d	regolarmante	uncertain	withheld_historical_uncertain		aggregate_only_not_sense_frequency	"[{""path"": ""associativvordes/family-index-v5/members/it/40.json.gz"", ""family_id"": ""family:regul"", ""record_sha256"": ""14b0d4fb2064206f6bdf131b6de52885d2f21475bcd86faa892d202fc4f953d0""}, {""path"": ""associativvordes/family-index-v5/members/it/73.json.gz"", ""family_id"": ""surface:it:regolarmant"", ""record_sha256"": ""a5b6aac0cb34fc21ff2227746f9f43f70b83a7e5546d9b85e656deb13920ee98""}, {""path"": ""associativvordes/family-index-v5/members/it/ee.json.gz"", ""family_id"": ""surface:it:mante"", ""record_sha256"": ""174953778596728bcde3fcf1d97abe7f2fed02249a54eeea7f4e8ca97695f9fb""}]"	"{""lemma_id"": ""lemma:db5a75cf0a18c628db3d"", ""word"": ""regolarmante"", ""normalized"": ""regolarmante"", ""search_form"": ""regolarmante"", ""rank"": 274198, ""frequency_score"": 0.11922492913858172, ""category_breakdown"": {""subtitles"": {""ipm_values"": [0.005372, 0.008283], ""category_ipm"": 0.0068275, ""category_score"": 0.11922492913858172}}, ""sources"": [{""id"": ""subtitles/hermit_2016_it_full_lemmatized_ipm6_spacy_lookup_cleaned_v8.json"", ""file"": ""hermit_2016_it_full_lemmatized_ipm6_spacy_lookup_cleaned_v8.json"", ""category"": ""subtitles"", ""ipm"": 0.005372}, {""id"": ""subtitles/hermit_2018_it_full_lemmatized_ipm6_spacy_lookup_cleaned_v8.json"", ""file"": ""hermit_2018_it_full_lemmatized_ipm6_spacy_lookup_cleaned_v8.json"", ""category"": ""subtitles"", ""ipm"": 0.008283}], ""corpus_quality"": {""status"": ""accepted"", ""reasons"": []}, ""components"": [{""surface"": ""regol"", ""canonical_candidate"": ""regol"", ""confidence"": 0.97, ""evidence"": [{""type"": ""compound_morphology"", ""source"": ""manually_verified"", ""path"": [""regolarmante"", ""regol"", ""regol""], ""confidence"": 0.97}, {""type"": ""verified_seed_alias"", ""source"": ""methodology_control_seed"", ""path"": [""it"", ""regol"", ""family:regul""], ""confidence"": 1}]}]}"
it	lemma:dca3c38318af9df0e68e	regoliamoci	accepted	accepted	regolare	aggregate_only_not_sense_frequency	"[{""path"": ""associativvordes/family-index-v5/members/it/40.json.gz"", ""family_id"": ""family:regul"", ""record_sha256"": ""435b469861952f65218a0c28ac7090aa4eec9ed9a95b88dfcfe6bbdd54128de5""}, {""path"": ""associativvordes/family-index-v5/members/it/c3.json.gz"", ""family_id"": ""surface:it:moci"", ""record_sha256"": ""184a8ab30a0e886d3b9494ffed2b98c2838b39fa1669d2d2a12f61361be599d7""}, {""path"": ""associativvordes/family-index-v5/members/it/eb.json.gz"", ""family_id"": ""surface:it:regoliamoc"", ""record_sha256"": ""1858c921149e706faf98ad9f520ce7d570817fd07d17d7f101f9c0d2c353c0dd""}]"	"{""lemma_id"": ""lemma:dca3c38318af9df0e68e"", ""word"": ""regoliamoci"", ""normalized"": ""regoliamoci"", ""search_form"": ""regoliamoci"", ""rank"": 414361, ""frequency_score"": 0.08315453898636421, ""category_breakdown"": {""subtitles"": {""ipm_values"": [0.005372, 0.004142], ""category_ipm"": 0.004757, ""category_score"": 0.08315453898636421}}, ""sources"": [{""id"": ""subtitles/hermit_2016_it_full_lemmatized_ipm6_spacy_lookup_cleaned_v8.json"", ""file"": ""hermit_2016_it_full_lemmatized_ipm6_spacy_lookup_cleaned_v8.json"", ""category"": ""subtitles"", ""ipm"": 0.005372}, {""id"": ""subtitles/hermit_2018_it_full_lemmatized_ipm6_spacy_lookup_cleaned_v8.json"", ""file"": ""hermit_2018_it_full_lemmatized_ipm6_spacy_lookup_cleaned_v8.json"", ""category"": ""subtitles"", ""ipm"": 0.004142}], ""corpus_quality"": {""status"": ""accepted"", ""reasons"": []}, ""components"": [{""surface"": ""regol"", ""canonical_candidate"": ""regol"", ""confidence"": 0.97, ""evidence"": [{""type"": ""compound_morphology"", ""source"": ""manually_verified"", ""path"": [""regoliamoci"", ""regol"", ""regol""], ""confidence"": 0.97}, {""type"": ""verified_seed_alias"", ""source"": ""methodology_control_seed"", ""path"": [""it"", ""regol"", ""family:regul""], ""confidence"": 1}]}]}"
it	lemma:dd483869fdd7b42885b7	regulak	uncertain	not_admitted_candidate		aggregate_only_not_sense_frequency	"[{""path"": ""associativvordes/family-index-v5/members/it/39.json.gz"", ""family_id"": ""surface:it:lak"", ""record_sha256"": ""ee7baf6598ed96de850912521c73d9e52a9598e21ce12787e646125d20eca9f1""}, {""path"": ""associativvordes/family-index-v5/members/it/7e.json.gz"", ""family_id"": ""ety:236d4cdc675b"", ""record_sha256"": ""3b3b8fb250cd6de6f0f356ab50472564773b7859b53475e85ca3b884483a45f0""}]"	"{""lemma_id"": ""lemma:dd483869fdd7b42885b7"", ""word"": ""regulak"", ""normalized"": ""regulak"", ""search_form"": ""regulak"", ""rank"": 469037, ""frequency_score"": 0.07242624270174723, ""category_breakdown"": {""subtitles"": {""ipm_values"": [0.004142], ""category_ipm"": 0.004142, ""category_score"": 0.07242624270174723}}, ""sources"": [{""id"": ""subtitles/hermit_2018_it_full_lemmatized_ipm6_spacy_lookup_cleaned_v8.json"", ""file"": ""hermit_2018_it_full_lemmatized_ipm6_spacy_lookup_cleaned_v8.json"", ""category"": ""subtitles"", ""ipm"": 0.004142}], ""corpus_quality"": {""status"": ""accepted"", ""reasons"": []}, ""components"": [{""surface"": ""lak"", ""canonical_candidate"": ""lak"", ""confidence"": 0.89, ""evidence"": [{""type"": ""compound_morphology"", ""source"": ""candidate_index"", ""path"": [""regulak"", ""lak"", ""lak""], ""confidence"": 0.89}]}]}"
it	lemma:dee287593b57c8dbae7f	autoregolamentazione	accepted	accepted	regolamentare	aggregate_only_not_sense_frequency	"[{""path"": ""associativvordes/family-index-v5/members/it/40.json.gz"", ""family_id"": ""family:regul"", ""record_sha256"": ""9be1cd07697191804d1eb431e0b71156cc664d74beac335e5cfd8ef118db89eb""}, {""path"": ""associativvordes/family-index-v5/members/it/66.json.gz"", ""family_id"": ""ety:9a86a987fafc"", ""record_sha256"": ""2de3c9099eabc031a99e1f6f6c8302f32b492cd7ec9999fd47bfc08c5dabceb2""}, {""path"": ""associativvordes/family-index-v5/members/it/79.json.gz"", ""family_id"": ""ety:751cdacbf4a9"", ""record_sha256"": ""2de3c9099eabc031a99e1f6f6c8302f32b492cd7ec9999fd47bfc08c5dabceb2""}, {""path"": ""associativvordes/family-index-v5/members/it/d7.json.gz"", ""family_id"": ""surface:it:autoregolamentazion"", ""record_sha256"": ""26db06f2aa2a282e264db8a2f55cb63e0e7a6695ff16bb870964775b16ebfd93""}]"	"{""lemma_id"": ""lemma:dee287593b57c8dbae7f"", ""word"": ""autoregolamentazione"", ""normalized"": ""autoregolamentazione"", ""search_form"": ""autoregolamentazione"", ""rank"": 13491, ""frequency_score"": 12.575103954258944, ""category_breakdown"": {""subtitles"": {""ipm_values"": [0.021489, 0.02485], ""category_ipm"": 0.023169500000000003, ""category_score"": 0.40134431142143656}, ""web"": {""ipm_values"": [3.105982], ""category_ipm"": 3.105982, ""category_score"": 24.748863597096452}}, ""sources"": [{""id"": ""subtitles/hermit_2016_it_full_lemmatized_ipm6_spacy_lookup_cleaned_v8.json"", ""file"": ""hermit_2016_it_full_lemmatized_ipm6_spacy_lookup_cleaned_v8.json"", ""category"": ""subtitles"", ""ipm"": 0.021489}, {""id"": ""subtitles/hermit_2018_it_full_lemmatized_ipm6_spacy_lookup_cleaned_v8.json"", ""file"": ""hermit_2018_it_full_lemmatized_ipm6_spacy_lookup_cleaned_v8.json"", ""category"": ""subtitles"", ""ipm"": 0.02485}, {""id"": ""web/sorted.it.lemma.unigrams.cleaned_recommended_min100_ipm6.json"", ""file"": ""sorted.it.lemma.unigrams.cleaned_recommended_min100_ipm6.json"", ""category"": ""web"", ""ipm"": 3.105982}], ""corpus_quality"": {""status"": ""accepted"", ""reasons"": []}, ""components"": [{""surface"": ""regol"", ""canonical_candidate"": ""regol"", ""confidence"": 0.97, ""evidence"": [{""type"": ""compound_morphology"", ""source"": ""manually_verified"", ""path"": [""autoregolamentazione"", ""regol"", ""regol""], ""confidence"": 0.97}, {""type"": ""verified_seed_alias"", ""source"": ""methodology_control_seed"", ""path"": [""it"", ""regol"", ""family:regul""], ""confidence"": 1}]}]}"
it	lemma:e22c96327dbf0bf013b3	regolameto	uncertain	withheld_historical_uncertain		aggregate_only_not_sense_frequency	"[{""path"": ""associativvordes/family-index-v5/members/it/13.json.gz"", ""family_id"": ""surface:it:regolamet"", ""record_sha256"": ""8783c923c76940cc8a4f31d7ac1f6473250c116957bb8c74ae266a2909161db1""}, {""path"": ""associativvordes/family-index-v5/members/it/40.json.gz"", ""family_id"": ""family:regul"", ""record_sha256"": ""b70fb3aa706a0c522bd811b81a7ab3fa94488e6789707b7ad3abd27d670a67f7""}]"	"{""lemma_id"": ""lemma:e22c96327dbf0bf013b3"", ""word"": ""regolameto"", ""normalized"": ""regolameto"", ""search_form"": ""regolameto"", ""rank"": 414343, ""frequency_score"": 0.08315453898636421, ""category_breakdown"": {""subtitles"": {""ipm_values"": [0.005372, 0.004142], ""category_ipm"": 0.004757, ""category_score"": 0.08315453898636421}}, ""sources"": [{""id"": ""subtitles/hermit_2016_it_full_lemmatized_ipm6_spacy_lookup_cleaned_v8.json"", ""file"": ""hermit_2016_it_full_lemmatized_ipm6_spacy_lookup_cleaned_v8.json"", ""category"": ""subtitles"", ""ipm"": 0.005372}, {""id"": ""subtitles/hermit_2018_it_full_lemmatized_ipm6_spacy_lookup_cleaned_v8.json"", ""file"": ""hermit_2018_it_full_lemmatized_ipm6_spacy_lookup_cleaned_v8.json"", ""category"": ""subtitles"", ""ipm"": 0.004142}], ""corpus_quality"": {""status"": ""accepted"", ""reasons"": []}, ""components"": [{""surface"": ""regolamet"", ""canonical_candidate"": ""regolamet"", ""confidence"": 0.92, ""evidence"": [{""type"": ""morphological_parse"", ""source"": ""candidate_index"", ""path"": [""regolameto"", ""regolamet"", ""regolamet""], ""confidence"": 0.92}]}]}"
it	lemma:e4971e2597d239fba09e	pregol	uncertain	not_admitted_candidate		aggregate_only_not_sense_frequency	"[{""path"": ""associativvordes/family-index-v5/members/it/26.json.gz"", ""family_id"": ""ety:bd9c2de0fadc"", ""record_sha256"": ""142d3602be6a6a840d15dd3790d48444cda3e2ef129a40df7ff3efe69fec8ac0""}, {""path"": ""associativvordes/family-index-v5/members/it/38.json.gz"", ""family_id"": ""surface:it:pre"", ""record_sha256"": ""7a99ffc585a1ae19fedc926332084c170f2d467d000f5172430ad5f35b3be43c""}, {""path"": ""associativvordes/family-index-v5/members/it/e1.json.gz"", ""family_id"": ""ety:e9e503e868ce"", ""record_sha256"": ""142d3602be6a6a840d15dd3790d48444cda3e2ef129a40df7ff3efe69fec8ac0""}]"	"{""lemma_id"": ""lemma:e4971e2597d239fba09e"", ""word"": ""pregol"", ""normalized"": ""pregol"", ""search_form"": ""pregol"", ""rank"": 211894, ""frequency_score"": 0.21636945157930348, ""category_breakdown"": {""subtitles"": {""ipm_values"": [0.012425], ""category_ipm"": 0.012425, ""category_score"": 0.21636945157930348}}, ""sources"": [{""id"": ""subtitles/hermit_2018_it_full_lemmatized_ipm6_spacy_lookup_cleaned_v8.json"", ""file"": ""hermit_2018_it_full_lemmatized_ipm6_spacy_lookup_cleaned_v8.json"", ""category"": ""subtitles"", ""ipm"": 0.012425}], ""corpus_quality"": {""status"": ""accepted"", ""reasons"": []}, ""components"": [{""surface"": ""gol"", ""canonical_candidate"": ""gol"", ""confidence"": 0.89, ""evidence"": [{""type"": ""compound_morphology"", ""source"": ""candidate_index"", ""path"": [""pregol"", ""gol"", ""gol""], ""confidence"": 0.89}]}]}"
it	lemma:e642e23920c5708b2530	regol	uncertain	withheld_historical_uncertain		aggregate_only_not_sense_frequency	"[{""path"": ""associativvordes/family-index-v5/members/it/40.json.gz"", ""family_id"": ""family:regul"", ""record_sha256"": ""e7538acee1e3297d2689a5b292ac3fc34ee38a13ea14b4075558a5888eb72b9b""}]"	"{""lemma_id"": ""lemma:e642e23920c5708b2530"", ""word"": ""regol"", ""normalized"": ""regol"", ""search_form"": ""regol"", ""rank"": 102023, ""frequency_score"": 0.7585641982850866, ""category_breakdown"": {""subtitles"": {""ipm_values"": [0.010744, 0.008283], ""category_ipm"": 0.009513500000000001, ""category_score"": 0.16590763449466825}, ""web"": {""ipm_values"": [0.080167], ""category_ipm"": 0.080167, ""category_score"": 1.351220762075505}}, ""sources"": [{""id"": ""subtitles/hermit_2016_it_full_lemmatized_ipm6_spacy_lookup_cleaned_v8.json"", ""file"": ""hermit_2016_it_full_lemmatized_ipm6_spacy_lookup_cleaned_v8.json"", ""category"": ""subtitles"", ""ipm"": 0.010744}, {""id"": ""subtitles/hermit_2018_it_full_lemmatized_ipm6_spacy_lookup_cleaned_v8.json"", ""file"": ""hermit_2018_it_full_lemmatized_ipm6_spacy_lookup_cleaned_v8.json"", ""category"": ""subtitles"", ""ipm"": 0.008283}, {""id"": ""web/sorted.it.lemma.unigrams.cleaned_recommended_min100_ipm6.json"", ""file"": ""sorted.it.lemma.unigrams.cleaned_recommended_min100_ipm6.json"", ""category"": ""web"", ""ipm"": 0.080167}], ""corpus_quality"": {""status"": ""accepted"", ""reasons"": []}, ""components"": [{""surface"": ""regol"", ""canonical_candidate"": ""regol"", ""confidence"": 1, ""evidence"": [{""type"": ""morphological_parse"", ""source"": ""manually_verified"", ""path"": [""regol"", ""regol"", ""regol""], ""confidence"": 1}, {""type"": ""verified_seed_alias"", ""source"": ""methodology_control_seed"", ""path"": [""it"", ""regol"", ""family:regul""], ""confidence"": 1}]}]}"
it	lemma:e6ca5558ac4b6e2df152	deregolamentazione	accepted	accepted	regolamentare	aggregate_only_not_sense_frequency	"[{""path"": ""associativvordes/family-index-v5/members/it/40.json.gz"", ""family_id"": ""family:regul"", ""record_sha256"": ""b7e11023e96b41314a2de0d41b62123aa44b8925e0c4f124b5b2120c8e721da0""}, {""path"": ""associativvordes/family-index-v5/members/it/57.json.gz"", ""family_id"": ""surface:it:deregolamentazion"", ""record_sha256"": ""b4033deb34d3f38b169d9d43c72e120a3120773f918c87c14ffbf80b2fb75fdb""}, {""path"": ""associativvordes/family-index-v5/members/it/66.json.gz"", ""family_id"": ""ety:9a86a987fafc"", ""record_sha256"": ""e441eea11c17edc5b0ef5ee9e2ecb9a69df5aef0f0ca046885cc39aece14ac69""}, {""path"": ""associativvordes/family-index-v5/members/it/79.json.gz"", ""family_id"": ""ety:751cdacbf4a9"", ""record_sha256"": ""e441eea11c17edc5b0ef5ee9e2ecb9a69df5aef0f0ca046885cc39aece14ac69""}]"	"{""lemma_id"": ""lemma:e6ca5558ac4b6e2df152"", ""word"": ""deregolamentazione"", ""normalized"": ""deregolamentazione"", ""search_form"": ""deregolamentazione"", ""rank"": 26943, ""frequency_score"": 7.260054038839996, ""category_breakdown"": {""subtitles"": {""ipm_values"": [0.193397, 0.157386], ""category_ipm"": 0.1753915, ""category_score"": 2.8315780858079718}, ""web"": {""ipm_values"": [0.948534], ""category_ipm"": 0.948534, ""category_score"": 11.68852999187202}}, ""sources"": [{""id"": ""subtitles/hermit_2016_it_full_lemmatized_ipm6_spacy_lookup_cleaned_v8.json"", ""file"": ""hermit_2016_it_full_lemmatized_ipm6_spacy_lookup_cleaned_v8.json"", ""category"": ""subtitles"", ""ipm"": 0.193397}, {""id"": ""subtitles/hermit_2018_it_full_lemmatized_ipm6_spacy_lookup_cleaned_v8.json"", ""file"": ""hermit_2018_it_full_lemmatized_ipm6_spacy_lookup_cleaned_v8.json"", ""category"": ""subtitles"", ""ipm"": 0.157386}, {""id"": ""web/sorted.it.lemma.unigrams.cleaned_recommended_min100_ipm6.json"", ""file"": ""sorted.it.lemma.unigrams.cleaned_recommended_min100_ipm6.json"", ""category"": ""web"", ""ipm"": 0.948534}], ""corpus_quality"": {""status"": ""accepted"", ""reasons"": []}, ""components"": [{""surface"": ""regol"", ""canonical_candidate"": ""regol"", ""confidence"": 0.97, ""evidence"": [{""type"": ""compound_morphology"", ""source"": ""manually_verified"", ""path"": [""deregolamentazione"", ""regol"", ""regol""], ""confidence"": 0.97}, {""type"": ""verified_seed_alias"", ""source"": ""methodology_control_seed"", ""path"": [""it"", ""regol"", ""family:regul""], ""confidence"": 1}]}]}"
it	lemma:e828a46706c4d96362b8	scrvermiregolarmente	uncertain	withheld_historical_uncertain		aggregate_only_not_sense_frequency	"[{""path"": ""associativvordes/family-index-v5/members/it/40.json.gz"", ""family_id"": ""family:regul"", ""record_sha256"": ""8a9bdd0c876f3d3db057946e16b70a1f59836f3ecf81e9988fbe29da8aa8f3b4""}, {""path"": ""associativvordes/family-index-v5/members/it/b2.json.gz"", ""family_id"": ""surface:it:scrvermiregolarment"", ""record_sha256"": ""491330d88180409555049afe9180ace4a5706b4c0b6ae41e2fe085bcce86712c""}]"	"{""lemma_id"": ""lemma:e828a46706c4d96362b8"", ""word"": ""scrvermiregolarmente"", ""normalized"": ""scrvermiregolarmente"", ""search_form"": ""scrvermiregolarmente"", ""rank"": 431303, ""frequency_score"": 0.08315453898636421, ""category_breakdown"": {""subtitles"": {""ipm_values"": [0.005372, 0.004142], ""category_ipm"": 0.004757, ""category_score"": 0.08315453898636421}}, ""sources"": [{""id"": ""subtitles/hermit_2016_it_full_lemmatized_ipm6_spacy_lookup_cleaned_v8.json"", ""file"": ""hermit_2016_it_full_lemmatized_ipm6_spacy_lookup_cleaned_v8.json"", ""category"": ""subtitles"", ""ipm"": 0.005372}, {""id"": ""subtitles/hermit_2018_it_full_lemmatized_ipm6_spacy_lookup_cleaned_v8.json"", ""file"": ""hermit_2018_it_full_lemmatized_ipm6_spacy_lookup_cleaned_v8.json"", ""category"": ""subtitles"", ""ipm"": 0.004142}], ""corpus_quality"": {""status"": ""accepted"", ""reasons"": []}, ""components"": [{""surface"": ""regol"", ""canonical_candidate"": ""regol"", ""confidence"": 0.97, ""evidence"": [{""type"": ""compound_morphology"", ""source"": ""manually_verified"", ""path"": [""scrvermiregolarmente"", ""regol"", ""regol""], ""confidence"": 0.97}, {""type"": ""verified_seed_alias"", ""source"": ""methodology_control_seed"", ""path"": [""it"", ""regol"", ""family:regul""], ""confidence"": 1}]}]}"
it	lemma:e972363b0631504abb13	regolarizzarla	accepted	accepted	regolarizzare	aggregate_only_not_sense_frequency	"[{""path"": ""associativvordes/family-index-v5/members/it/40.json.gz"", ""family_id"": ""family:regul"", ""record_sha256"": ""580344b134e6a1ef295e923fa6735d73705579e17f00d4f3d22fbfe2d311e7c4""}, {""path"": ""associativvordes/family-index-v5/members/it/bf.json.gz"", ""family_id"": ""surface:it:regolarizzarl"", ""record_sha256"": ""e22459be830928ece12898d7068951b318364284eb7d6cf9cfe11eb6fb252c71""}]"	"{""lemma_id"": ""lemma:e972363b0631504abb13"", ""word"": ""regolarizzarla"", ""normalized"": ""regolarizzarla"", ""search_form"": ""regolarizzarla"", ""rank"": 468997, ""frequency_score"": 0.07242624270174723, ""category_breakdown"": {""subtitles"": {""ipm_values"": [0.004142], ""category_ipm"": 0.004142, ""category_score"": 0.07242624270174723}}, ""sources"": [{""id"": ""subtitles/hermit_2018_it_full_lemmatized_ipm6_spacy_lookup_cleaned_v8.json"", ""file"": ""hermit_2018_it_full_lemmatized_ipm6_spacy_lookup_cleaned_v8.json"", ""category"": ""subtitles"", ""ipm"": 0.004142}], ""corpus_quality"": {""status"": ""accepted"", ""reasons"": []}, ""components"": [{""surface"": ""regol"", ""canonical_candidate"": ""regol"", ""confidence"": 0.97, ""evidence"": [{""type"": ""compound_morphology"", ""source"": ""manually_verified"", ""path"": [""regolarizzarla"", ""regol"", ""regol""], ""confidence"": 0.97}, {""type"": ""verified_seed_alias"", ""source"": ""methodology_control_seed"", ""path"": [""it"", ""regol"", ""family:regul""], ""confidence"": 1}]}]}"
it	lemma:e9cc4e11ec2f7e8214bb	regolarla	accepted	accepted	regolare	aggregate_only_not_sense_frequency	"[{""path"": ""associativvordes/family-index-v5/members/it/40.json.gz"", ""family_id"": ""family:regul"", ""record_sha256"": ""2949f474c704efd729ee32044a5afec85936c15dc5c9641338c77051a3be483a""}, {""path"": ""associativvordes/family-index-v5/members/it/55.json.gz"", ""family_id"": ""surface:it:regolarl"", ""record_sha256"": ""3711cfabac95c43827777f1f71581dca2bc7377b4a9949cb09c7dc0bbb48985d""}]"	"{""lemma_id"": ""lemma:e9cc4e11ec2f7e8214bb"", ""word"": ""regolarla"", ""normalized"": ""regolarla"", ""search_form"": ""regolarla"", ""rank"": 93826, ""frequency_score"": 0.9522945059179383, ""category_breakdown"": {""subtitles"": {""ipm_values"": [0.053721, 0.057984], ""category_ipm"": 0.0558525, ""category_score"": 0.9522945059179383}}, ""sources"": [{""id"": ""subtitles/hermit_2016_it_full_lemmatized_ipm6_spacy_lookup_cleaned_v8.json"", ""file"": ""hermit_2016_it_full_lemmatized_ipm6_spacy_lookup_cleaned_v8.json"", ""category"": ""subtitles"", ""ipm"": 0.053721}, {""id"": ""subtitles/hermit_2018_it_full_lemmatized_ipm6_spacy_lookup_cleaned_v8.json"", ""file"": ""hermit_2018_it_full_lemmatized_ipm6_spacy_lookup_cleaned_v8.json"", ""category"": ""subtitles"", ""ipm"": 0.057984}], ""corpus_quality"": {""status"": ""accepted"", ""reasons"": []}, ""components"": [{""surface"": ""regol"", ""canonical_candidate"": ""regol"", ""confidence"": 0.97, ""evidence"": [{""type"": ""compound_morphology"", ""source"": ""manually_verified"", ""path"": [""regolarla"", ""regol"", ""regol""], ""confidence"": 0.97}, {""type"": ""verified_seed_alias"", ""source"": ""methodology_control_seed"", ""path"": [""it"", ""regol"", ""family:regul""], ""confidence"": 1}]}]}"
it	lemma:ed92e95ad1f2741ab8a2	autoregolare	accepted	accepted	regolare	aggregate_only_not_sense_frequency	"[{""path"": ""associativvordes/family-index-v5/members/it/40.json.gz"", ""family_id"": ""family:regul"", ""record_sha256"": ""1de40f76d0cdc606e6598942b9b70ad0c4614131ce7407b18c6b86101d920b25""}, {""path"": ""associativvordes/family-index-v5/members/it/5a.json.gz"", ""family_id"": ""surface:it:regolare"", ""record_sha256"": ""069c5eafd3eeca71155bb128207bb1b3f6fdd6900f6ec4a03420572a01f43076""}, {""path"": ""associativvordes/family-index-v5/members/it/a2.json.gz"", ""family_id"": ""surface:it:autoregolar"", ""record_sha256"": ""69aa9fd6121c5d1901babcc6e3fd3e7fcd0eb190eecbbd4e90aad7d1b6f5f492""}]"	"{""lemma_id"": ""lemma:ed92e95ad1f2741ab8a2"", ""word"": ""autoregolare"", ""normalized"": ""autoregolare"", ""search_form"": ""autoregolare"", ""rank"": 45643, ""frequency_score"": 2.8976420344720673, ""category_breakdown"": {""subtitles"": {""ipm_values"": [0.032233, 0.02485], ""category_ipm"": 0.028541499999999997, ""category_score"": 0.49310032600850784}, ""web"": {""ipm_values"": [0.353375], ""category_ipm"": 0.353375, ""category_score"": 5.302183742935626}}, ""sources"": [{""id"": ""subtitles/hermit_2016_it_full_lemmatized_ipm6_spacy_lookup_cleaned_v8.json"", ""file"": ""hermit_2016_it_full_lemmatized_ipm6_spacy_lookup_cleaned_v8.json"", ""category"": ""subtitles"", ""ipm"": 0.032233}, {""id"": ""subtitles/hermit_2018_it_full_lemmatized_ipm6_spacy_lookup_cleaned_v8.json"", ""file"": ""hermit_2018_it_full_lemmatized_ipm6_spacy_lookup_cleaned_v8.json"", ""category"": ""subtitles"", ""ipm"": 0.02485}, {""id"": ""web/sorted.it.lemma.unigrams.cleaned_recommended_min100_ipm6.json"", ""file"": ""sorted.it.lemma.unigrams.cleaned_recommended_min100_ipm6.json"", ""category"": ""web"", ""ipm"": 0.353375}], ""corpus_quality"": {""status"": ""accepted"", ""reasons"": []}, ""components"": [{""surface"": ""regol"", ""canonical_candidate"": ""regol"", ""confidence"": 0.97, ""evidence"": [{""type"": ""compound_morphology"", ""source"": ""manually_verified"", ""path"": [""autoregolare"", ""regol"", ""regol""], ""confidence"": 0.97}, {""type"": ""verified_seed_alias"", ""source"": ""methodology_control_seed"", ""path"": [""it"", ""regol"", ""family:regul""], ""confidence"": 1}]}]}"
it	lemma:edb3f4e783dc7b28de74	autoregolabile	accepted	accepted	regolare	aggregate_only_not_sense_frequency	"[{""path"": ""associativvordes/family-index-v5/members/it/17.json.gz"", ""family_id"": ""surface:it:autoregolabil"", ""record_sha256"": ""5626b4d134b36cfd51c9f0acf33d37075e49ce31069f4ee266700912b74204f3""}, {""path"": ""associativvordes/family-index-v5/members/it/40.json.gz"", ""family_id"": ""family:regul"", ""record_sha256"": ""dec272d0a840bc372809206f00ad67170cdad89b7e6270acd7bc40829b1ea6ed""}, {""path"": ""associativvordes/family-index-v5/members/it/ed.json.gz"", ""family_id"": ""surface:it:ile"", ""record_sha256"": ""b6f6898425d5d76c4bae4ac611ca2c06b2c188b5fbde659d04c9ef5fc6b8c4a6""}]"	"{""lemma_id"": ""lemma:edb3f4e783dc7b28de74"", ""word"": ""autoregolabile"", ""normalized"": ""autoregolabile"", ""search_form"": ""autoregolabile"", ""rank"": 276479, ""frequency_score"": 0.08315453898636421, ""category_breakdown"": {""subtitles"": {""ipm_values"": [0.005372, 0.004142], ""category_ipm"": 0.004757, ""category_score"": 0.08315453898636421}}, ""sources"": [{""id"": ""subtitles/hermit_2016_it_full_lemmatized_ipm6_spacy_lookup_cleaned_v8.json"", ""file"": ""hermit_2016_it_full_lemmatized_ipm6_spacy_lookup_cleaned_v8.json"", ""category"": ""subtitles"", ""ipm"": 0.005372}, {""id"": ""subtitles/hermit_2018_it_full_lemmatized_ipm6_spacy_lookup_cleaned_v8.json"", ""file"": ""hermit_2018_it_full_lemmatized_ipm6_spacy_lookup_cleaned_v8.json"", ""category"": ""subtitles"", ""ipm"": 0.004142}], ""corpus_quality"": {""status"": ""accepted"", ""reasons"": []}, ""components"": [{""surface"": ""autoregolabil"", ""canonical_candidate"": ""autoregolabil"", ""confidence"": 0.92, ""evidence"": [{""type"": ""morphological_parse"", ""source"": ""candidate_index"", ""path"": [""autoregolabile"", ""autoregolabil"", ""autoregolabil""], ""confidence"": 0.92}]}]}"
it	lemma:eeeb3de4b057d9962905	regolarzzata	uncertain	withheld_historical_uncertain		aggregate_only_not_sense_frequency	"[{""path"": ""associativvordes/family-index-v5/members/it/40.json.gz"", ""family_id"": ""family:regul"", ""record_sha256"": ""1599d9670d9b821ee997203f91505a2be39ff83b46d247bc494b8fb6a4aafef0""}, {""path"": ""associativvordes/family-index-v5/members/it/41.json.gz"", ""family_id"": ""surface:it:ata"", ""record_sha256"": ""0e7c28ee6fe8ffc181cbaaf442936c981d86afcd0b30b4146801e242ed0c5ecb""}, {""path"": ""associativvordes/family-index-v5/members/it/fe.json.gz"", ""family_id"": ""surface:it:regolarzzat"", ""record_sha256"": ""567ece0eb617cd71b8745060242f001ae44145192874e7172925d069e04681ef""}]"	"{""lemma_id"": ""lemma:eeeb3de4b057d9962905"", ""word"": ""regolarzzata"", ""normalized"": ""regolarzzata"", ""search_form"": ""regolarzzata"", ""rank"": 414357, ""frequency_score"": 0.08315453898636421, ""category_breakdown"": {""subtitles"": {""ipm_values"": [0.005372, 0.004142], ""category_ipm"": 0.004757, ""category_score"": 0.08315453898636421}}, ""sources"": [{""id"": ""subtitles/hermit_2016_it_full_lemmatized_ipm6_spacy_lookup_cleaned_v8.json"", ""file"": ""hermit_2016_it_full_lemmatized_ipm6_spacy_lookup_cleaned_v8.json"", ""category"": ""subtitles"", ""ipm"": 0.005372}, {""id"": ""subtitles/hermit_2018_it_full_lemmatized_ipm6_spacy_lookup_cleaned_v8.json"", ""file"": ""hermit_2018_it_full_lemmatized_ipm6_spacy_lookup_cleaned_v8.json"", ""category"": ""subtitles"", ""ipm"": 0.004142}], ""corpus_quality"": {""status"": ""accepted"", ""reasons"": []}, ""components"": [{""surface"": ""regol"", ""canonical_candidate"": ""regol"", ""confidence"": 0.97, ""evidence"": [{""type"": ""compound_morphology"", ""source"": ""manually_verified"", ""path"": [""regolarzzata"", ""regol"", ""regol""], ""confidence"": 0.97}, {""type"": ""verified_seed_alias"", ""source"": ""methodology_control_seed"", ""path"": [""it"", ""regol"", ""family:regul""], ""confidence"": 1}]}]}"
it	lemma:effcd064a8b9a44f58fb	regolarne	accepted	accepted	regolare	aggregate_only_not_sense_frequency	"[{""path"": ""associativvordes/family-index-v5/members/it/2f.json.gz"", ""family_id"": ""surface:it:regolarn"", ""record_sha256"": ""3582d42aa0faa1e279c619d6cee81ef7f6b9aa115dab2867977da5848b990626""}, {""path"": ""associativvordes/family-index-v5/members/it/40.json.gz"", ""family_id"": ""family:regul"", ""record_sha256"": ""0e949e54455e624cb59fb6a98103c3148edc1026e2888a9ab002c2aec9646a83""}, {""path"": ""associativvordes/family-index-v5/members/it/95.json.gz"", ""family_id"": ""surface:it:arne"", ""record_sha256"": ""be1c958c53187d058b888e5eaf232656b9cb66330edd3ffa8ac052df22dbc586""}]"	"{""lemma_id"": ""lemma:effcd064a8b9a44f58fb"", ""word"": ""regolarne"", ""normalized"": ""regolarne"", ""search_form"": ""regolarne"", ""rank"": 242514, ""frequency_score"": 0.16590763449466825, ""category_breakdown"": {""subtitles"": {""ipm_values"": [0.010744, 0.008283], ""category_ipm"": 0.009513500000000001, ""category_score"": 0.16590763449466825}}, ""sources"": [{""id"": ""subtitles/hermit_2016_it_full_lemmatized_ipm6_spacy_lookup_cleaned_v8.json"", ""file"": ""hermit_2016_it_full_lemmatized_ipm6_spacy_lookup_cleaned_v8.json"", ""category"": ""subtitles"", ""ipm"": 0.010744}, {""id"": ""subtitles/hermit_2018_it_full_lemmatized_ipm6_spacy_lookup_cleaned_v8.json"", ""file"": ""hermit_2018_it_full_lemmatized_ipm6_spacy_lookup_cleaned_v8.json"", ""category"": ""subtitles"", ""ipm"": 0.008283}], ""corpus_quality"": {""status"": ""accepted"", ""reasons"": []}, ""components"": [{""surface"": ""regolarn"", ""canonical_candidate"": ""regolarn"", ""confidence"": 0.92, ""evidence"": [{""type"": ""morphological_parse"", ""source"": ""candidate_index"", ""path"": [""regolarne"", ""regolarn"", ""regolarn""], ""confidence"": 0.92}]}]}"
it	lemma:f1a5a51404da1e1bf097	sovraregolamentazione	accepted	accepted	regolamentare	aggregate_only_not_sense_frequency	"[{""path"": ""associativvordes/family-index-v5/members/it/40.json.gz"", ""family_id"": ""family:regul"", ""record_sha256"": ""d66c0bdb40226df6c88c087669d5c9e115180f1d4716ccdae81c3d92fb0bbb85""}, {""path"": ""associativvordes/family-index-v5/members/it/66.json.gz"", ""family_id"": ""ety:9a86a987fafc"", ""record_sha256"": ""275897a7071be74b542131ce7735f3ea2d0fb417608bda4743936775b028555d""}, {""path"": ""associativvordes/family-index-v5/members/it/67.json.gz"", ""family_id"": ""surface:it:sovraregolamentazion"", ""record_sha256"": ""ee3719d6cb2aa28794fafaf141adf3f5984472d8b2d9b0001c7ba95d4466c283""}, {""path"": ""associativvordes/family-index-v5/members/it/79.json.gz"", ""family_id"": ""ety:751cdacbf4a9"", ""record_sha256"": ""275897a7071be74b542131ce7735f3ea2d0fb417608bda4743936775b028555d""}]"	"{""lemma_id"": ""lemma:f1a5a51404da1e1bf097"", ""word"": ""sovraregolamentazione"", ""normalized"": ""sovraregolamentazione"", ""search_form"": ""sovraregolamentazione"", ""rank"": 500267, ""frequency_score"": 0.07242624270174723, ""category_breakdown"": {""subtitles"": {""ipm_values"": [0.004142], ""category_ipm"": 0.004142, ""category_score"": 0.07242624270174723}}, ""sources"": [{""id"": ""subtitles/hermit_2018_it_full_lemmatized_ipm6_spacy_lookup_cleaned_v8.json"", ""file"": ""hermit_2018_it_full_lemmatized_ipm6_spacy_lookup_cleaned_v8.json"", ""category"": ""subtitles"", ""ipm"": 0.004142}], ""corpus_quality"": {""status"": ""accepted"", ""reasons"": []}, ""components"": [{""surface"": ""regol"", ""canonical_candidate"": ""regol"", ""confidence"": 0.97, ""evidence"": [{""type"": ""compound_morphology"", ""source"": ""manually_verified"", ""path"": [""sovraregolamentazione"", ""regol"", ""regol""], ""confidence"": 0.97}, {""type"": ""verified_seed_alias"", ""source"": ""methodology_control_seed"", ""path"": [""it"", ""regol"", ""family:regul""], ""confidence"": 1}]}]}"
it	lemma:f1f484ed8e300f7b4cdb	regolabarba	accepted	accepted	regolare	aggregate_only_not_sense_frequency	"[{""path"": ""associativvordes/family-index-v5/members/it/40.json.gz"", ""family_id"": ""family:regul"", ""record_sha256"": ""11e46179ba59884740aeee083fa79884472e98f3a459dcfad4022d8cd1080670""}, {""path"": ""associativvordes/family-index-v5/members/it/60.json.gz"", ""family_id"": ""ety:509c82d1b20e"", ""record_sha256"": ""3fbb307cb56d5f12f8ef7f1a9d446ce205283d2998c1899a5e6141a2177a7c40""}, {""path"": ""associativvordes/family-index-v5/members/it/b2.json.gz"", ""family_id"": ""surface:it:regolabarb"", ""record_sha256"": ""96b6ad827681a01555e9916adebff75528e9c03200e846c32f5377966f33390e""}, {""path"": ""associativvordes/family-index-v5/members/it/c6.json.gz"", ""family_id"": ""ety:38570a98106a"", ""record_sha256"": ""3fbb307cb56d5f12f8ef7f1a9d446ce205283d2998c1899a5e6141a2177a7c40""}]"	"{""lemma_id"": ""lemma:f1f484ed8e300f7b4cdb"", ""word"": ""regolabarba"", ""normalized"": ""regolabarba"", ""search_form"": ""regolabarba"", ""rank"": 242509, ""frequency_score"": 0.16590763449466825, ""category_breakdown"": {""subtitles"": {""ipm_values"": [0.010744, 0.008283], ""category_ipm"": 0.009513500000000001, ""category_score"": 0.16590763449466825}}, ""sources"": [{""id"": ""subtitles/hermit_2016_it_full_lemmatized_ipm6_spacy_lookup_cleaned_v8.json"", ""file"": ""hermit_2016_it_full_lemmatized_ipm6_spacy_lookup_cleaned_v8.json"", ""category"": ""subtitles"", ""ipm"": 0.010744}, {""id"": ""subtitles/hermit_2018_it_full_lemmatized_ipm6_spacy_lookup_cleaned_v8.json"", ""file"": ""hermit_2018_it_full_lemmatized_ipm6_spacy_lookup_cleaned_v8.json"", ""category"": ""subtitles"", ""ipm"": 0.008283}], ""corpus_quality"": {""status"": ""accepted"", ""reasons"": []}, ""components"": [{""surface"": ""regol"", ""canonical_candidate"": ""regol"", ""confidence"": 0.97, ""evidence"": [{""type"": ""compound_morphology"", ""source"": ""manually_verified"", ""path"": [""regolabarba"", ""regol"", ""regol""], ""confidence"": 0.97}, {""type"": ""verified_seed_alias"", ""source"": ""methodology_control_seed"", ""path"": [""it"", ""regol"", ""family:regul""], ""confidence"": 1}]}]}"
it	lemma:f65b0fb1d826cf176042	regolarita	uncertain	withheld_historical_uncertain		aggregate_only_not_sense_frequency	"[{""path"": ""associativvordes/family-index-v5/members/it/26.json.gz"", ""family_id"": ""surface:it:regolarit"", ""record_sha256"": ""cbaf3eb4516366cff935d54eb000263e2d71d491467a78d562a115e70b059163""}, {""path"": ""associativvordes/family-index-v5/members/it/40.json.gz"", ""family_id"": ""family:regul"", ""record_sha256"": ""89e669e7be641be21fc421e1a4679a26a9b9067f92531de310988c901e378bd8""}, {""path"": ""associativvordes/family-index-v5/members/it/6c.json.gz"", ""family_id"": ""surface:it:arita"", ""record_sha256"": ""7290a505c64c500046d1a30985d46973bcfea4d90810ae869baa724fa9e815a8""}]"	"{""lemma_id"": ""lemma:f65b0fb1d826cf176042"", ""word"": ""regolarita"", ""normalized"": ""regolarita"", ""search_form"": ""regolarita"", ""rank"": 35088, ""frequency_score"": 5.569475326055928, ""category_breakdown"": {""subtitles"": {""ipm_values"": [0.392167, 0.35619], ""category_ipm"": 0.37417849999999997, ""category_score"": 5.569475326055928}}, ""sources"": [{""id"": ""subtitles/hermit_2016_it_full_lemmatized_ipm6_spacy_lookup_cleaned_v8.json"", ""file"": ""hermit_2016_it_full_lemmatized_ipm6_spacy_lookup_cleaned_v8.json"", ""category"": ""subtitles"", ""ipm"": 0.392167}, {""id"": ""subtitles/hermit_2018_it_full_lemmatized_ipm6_spacy_lookup_cleaned_v8.json"", ""file"": ""hermit_2018_it_full_lemmatized_ipm6_spacy_lookup_cleaned_v8.json"", ""category"": ""subtitles"", ""ipm"": 0.35619}], ""corpus_quality"": {""status"": ""accepted"", ""reasons"": []}, ""components"": [{""surface"": ""regolarit"", ""canonical_candidate"": ""regolarit"", ""confidence"": 0.92, ""evidence"": [{""type"": ""morphological_parse"", ""source"": ""candidate_index"", ""path"": [""regolarita"", ""regolarit"", ""regolarit""], ""confidence"": 0.92}]}]}"
it	lemma:f86d1bcddcda664d1ccf	regolandone	accepted	accepted	regolare	aggregate_only_not_sense_frequency	"[{""path"": ""associativvordes/family-index-v5/members/it/2c.json.gz"", ""family_id"": ""surface:it:regolandon"", ""record_sha256"": ""b5ee026b8e64a92ad9076b7eeddf5399e5774b87b0c97f045f663909ecd83a70""}, {""path"": ""associativvordes/family-index-v5/members/it/40.json.gz"", ""family_id"": ""family:regul"", ""record_sha256"": ""99435cffd51a286b18e4f7f06965b53cb6862318588b16f2a4317c0fd09b7693""}, {""path"": ""associativvordes/family-index-v5/members/it/5b.json.gz"", ""family_id"": ""surface:it:done"", ""record_sha256"": ""9c10e954ca21375685a9c5c704687921084b3daeefb3079e9db5eb349cc8a4bc""}]"	"{""lemma_id"": ""lemma:f86d1bcddcda664d1ccf"", ""word"": ""regolandone"", ""normalized"": ""regolandone"", ""search_form"": ""regolandone"", ""rank"": 242511, ""frequency_score"": 0.16590763449466825, ""category_breakdown"": {""subtitles"": {""ipm_values"": [0.010744, 0.008283], ""category_ipm"": 0.009513500000000001, ""category_score"": 0.16590763449466825}}, ""sources"": [{""id"": ""subtitles/hermit_2016_it_full_lemmatized_ipm6_spacy_lookup_cleaned_v8.json"", ""file"": ""hermit_2016_it_full_lemmatized_ipm6_spacy_lookup_cleaned_v8.json"", ""category"": ""subtitles"", ""ipm"": 0.010744}, {""id"": ""subtitles/hermit_2018_it_full_lemmatized_ipm6_spacy_lookup_cleaned_v8.json"", ""file"": ""hermit_2018_it_full_lemmatized_ipm6_spacy_lookup_cleaned_v8.json"", ""category"": ""subtitles"", ""ipm"": 0.008283}], ""corpus_quality"": {""status"": ""accepted"", ""reasons"": []}, ""components"": [{""surface"": ""regolandon"", ""canonical_candidate"": ""regolandon"", ""confidence"": 0.92, ""evidence"": [{""type"": ""morphological_parse"", ""source"": ""candidate_index"", ""path"": [""regolandone"", ""regolandon"", ""regolandon""], ""confidence"": 0.92}]}]}"
it	lemma:f89a0e72ede81347d0c3	sregolatezza	accepted	accepted	regolare	aggregate_only_not_sense_frequency	"[{""path"": ""associativvordes/family-index-v5/members/it/87.json.gz"", ""family_id"": ""surface:it:sregolatezz"", ""record_sha256"": ""c18f9a765de751377fc05d22db3e0af02ec17b6e4177b5bf4a2922e04870fe96""}]"	"{""lemma_id"": ""lemma:f89a0e72ede81347d0c3"", ""word"": ""sregolatezza"", ""normalized"": ""sregolatezza"", ""search_form"": ""sregolatezza"", ""rank"": 40045, ""frequency_score"": 4.496912877538484, ""category_breakdown"": {""subtitles"": {""ipm_values"": [0.139676, 0.157386], ""category_ipm"": 0.148531, ""category_score"": 2.426512334385055}, ""web"": {""ipm_values"": [0.454706], ""category_ipm"": 0.454706, ""category_score"": 6.567313420691912}}, ""sources"": [{""id"": ""subtitles/hermit_2016_it_full_lemmatized_ipm6_spacy_lookup_cleaned_v8.json"", ""file"": ""hermit_2016_it_full_lemmatized_ipm6_spacy_lookup_cleaned_v8.json"", ""category"": ""subtitles"", ""ipm"": 0.139676}, {""id"": ""subtitles/hermit_2018_it_full_lemmatized_ipm6_spacy_lookup_cleaned_v8.json"", ""file"": ""hermit_2018_it_full_lemmatized_ipm6_spacy_lookup_cleaned_v8.json"", ""category"": ""subtitles"", ""ipm"": 0.157386}, {""id"": ""web/sorted.it.lemma.unigrams.cleaned_recommended_min100_ipm6.json"", ""file"": ""sorted.it.lemma.unigrams.cleaned_recommended_min100_ipm6.json"", ""category"": ""web"", ""ipm"": 0.454706}], ""corpus_quality"": {""status"": ""accepted"", ""reasons"": []}, ""components"": [{""surface"": ""sregolatezz"", ""canonical_candidate"": ""sregolatezz"", ""confidence"": 0.92, ""evidence"": [{""type"": ""morphological_parse"", ""source"": ""candidate_index"", ""path"": [""sregolatezza"", ""sregolatezz"", ""sregolatezz""], ""confidence"": 0.92}]}]}"
it	lemma:f90bbbd7b472b76e2ead	regolabile	accepted	accepted	regolare	aggregate_only_not_sense_frequency	"[{""path"": ""associativvordes/family-index-v5/members/it/40.json.gz"", ""family_id"": ""family:regul"", ""record_sha256"": ""b28f334cd54080b82294fe408e26887075f683f0402a8428cae8111706cfdfae""}, {""path"": ""associativvordes/family-index-v5/members/it/ed.json.gz"", ""family_id"": ""surface:it:ile"", ""record_sha256"": ""719044f21b51e92e379fffb5c134875a0c407449e9f9d01809674cfa66d81bcf""}, {""path"": ""associativvordes/family-index-v5/members/it/fe.json.gz"", ""family_id"": ""surface:it:regolabil"", ""record_sha256"": ""38e987ce1cb6e3d77d8d27344310326acd8932f25bd021f9a20e86c6637927ce""}]"	"{""lemma_id"": ""lemma:f90bbbd7b472b76e2ead"", ""word"": ""regolabile"", ""normalized"": ""regolabile"", ""search_form"": ""regolabile"", ""rank"": 14178, ""frequency_score"": 15.055763581034988, ""category_breakdown"": {""subtitles"": {""ipm_values"": [0.478121, 0.414175], ""category_ipm"": 0.446148, ""category_score"": 6.46392749920413}, ""web"": {""ipm_values"": [2.855862], ""category_ipm"": 2.855862, ""category_score"": 23.647599662865847}}, ""sources"": [{""id"": ""subtitles/hermit_2016_it_full_lemmatized_ipm6_spacy_lookup_cleaned_v8.json"", ""file"": ""hermit_2016_it_full_lemmatized_ipm6_spacy_lookup_cleaned_v8.json"", ""category"": ""subtitles"", ""ipm"": 0.478121}, {""id"": ""subtitles/hermit_2018_it_full_lemmatized_ipm6_spacy_lookup_cleaned_v8.json"", ""file"": ""hermit_2018_it_full_lemmatized_ipm6_spacy_lookup_cleaned_v8.json"", ""category"": ""subtitles"", ""ipm"": 0.414175}, {""id"": ""web/sorted.it.lemma.unigrams.cleaned_recommended_min100_ipm6.json"", ""file"": ""sorted.it.lemma.unigrams.cleaned_recommended_min100_ipm6.json"", ""category"": ""web"", ""ipm"": 2.855862}], ""corpus_quality"": {""status"": ""accepted"", ""reasons"": []}, ""components"": [{""surface"": ""regol"", ""canonical_candidate"": ""regol"", ""confidence"": 0.97, ""evidence"": [{""type"": ""compound_morphology"", ""source"": ""manually_verified"", ""path"": [""regolabile"", ""regol"", ""regol""], ""confidence"": 0.97}, {""type"": ""verified_seed_alias"", ""source"": ""methodology_control_seed"", ""path"": [""it"", ""regol"", ""family:regul""], ""confidence"": 1}]}]}"
it	lemma:f9344d65ce3d1d79b0b8	regolamneto	uncertain	withheld_historical_uncertain		aggregate_only_not_sense_frequency	"[{""path"": ""associativvordes/family-index-v5/members/it/40.json.gz"", ""family_id"": ""family:regul"", ""record_sha256"": ""40855d6632e271760928a4abde332bd57ab1d1ba14efbae610789f876473b678""}, {""path"": ""associativvordes/family-index-v5/members/it/62.json.gz"", ""family_id"": ""surface:it:net"", ""record_sha256"": ""799e169941996240ef2aab296f29b2bb4a29f435462d1d7f7d181ee295ced66f""}, {""path"": ""associativvordes/family-index-v5/members/it/75.json.gz"", ""family_id"": ""surface:it:regolamnet"", ""record_sha256"": ""75366f4d372a349630b40b33e784c38541dd528a9d4b359774494f59dcac1a9e""}]"	"{""lemma_id"": ""lemma:f9344d65ce3d1d79b0b8"", ""word"": ""regolamneto"", ""normalized"": ""regolamneto"", ""search_form"": ""regolamneto"", ""rank"": 414344, ""frequency_score"": 0.08315453898636421, ""category_breakdown"": {""subtitles"": {""ipm_values"": [0.005372, 0.004142], ""category_ipm"": 0.004757, ""category_score"": 0.08315453898636421}}, ""sources"": [{""id"": ""subtitles/hermit_2016_it_full_lemmatized_ipm6_spacy_lookup_cleaned_v8.json"", ""file"": ""hermit_2016_it_full_lemmatized_ipm6_spacy_lookup_cleaned_v8.json"", ""category"": ""subtitles"", ""ipm"": 0.005372}, {""id"": ""subtitles/hermit_2018_it_full_lemmatized_ipm6_spacy_lookup_cleaned_v8.json"", ""file"": ""hermit_2018_it_full_lemmatized_ipm6_spacy_lookup_cleaned_v8.json"", ""category"": ""subtitles"", ""ipm"": 0.004142}], ""corpus_quality"": {""status"": ""accepted"", ""reasons"": []}, ""components"": [{""surface"": ""regol"", ""canonical_candidate"": ""regol"", ""confidence"": 0.97, ""evidence"": [{""type"": ""compound_morphology"", ""source"": ""manually_verified"", ""path"": [""regolamneto"", ""regol"", ""regol""], ""confidence"": 0.97}, {""type"": ""verified_seed_alias"", ""source"": ""methodology_control_seed"", ""path"": [""it"", ""regol"", ""family:regul""], ""confidence"": 1}]}]}"
it	lemma:fa70a300bb65b6759cb0	irregolarità	accepted	accepted	regolare	aggregate_only_not_sense_frequency	"[{""path"": ""associativvordes/family-index-v5/members/it/13.json.gz"", ""family_id"": ""surface:it:irregolarit"", ""record_sha256"": ""b21cd3250227cc6d453159d92d7274b7f5881725875de95a9b55381654f9143b""}, {""path"": ""associativvordes/family-index-v5/members/it/6c.json.gz"", ""family_id"": ""surface:it:arita"", ""record_sha256"": ""6b098aa3792415df77921a4fa799fa9d15b30215d8b51a39bb521253bd9acfb4""}]"	"{""lemma_id"": ""lemma:fa70a300bb65b6759cb0"", ""word"": ""irregolarità"", ""normalized"": ""irregolarità"", ""search_form"": ""irregolarita"", ""rank"": 5843, ""frequency_score"": 27.009906316193533, ""category_breakdown"": {""subtitles"": {""ipm_values"": [0.639285, 0.762081], ""category_ipm"": 0.700683, ""category_score"": 9.304707819686572}, ""web"": {""ipm_values"": [11.831978], ""category_ipm"": 11.831978, ""category_score"": 44.715104812700496}}, ""sources"": [{""id"": ""subtitles/hermit_2016_it_full_lemmatized_ipm6_spacy_lookup_cleaned_v8.json"", ""file"": ""hermit_2016_it_full_lemmatized_ipm6_spacy_lookup_cleaned_v8.json"", ""category"": ""subtitles"", ""ipm"": 0.639285}, {""id"": ""subtitles/hermit_2018_it_full_lemmatized_ipm6_spacy_lookup_cleaned_v8.json"", ""file"": ""hermit_2018_it_full_lemmatized_ipm6_spacy_lookup_cleaned_v8.json"", ""category"": ""subtitles"", ""ipm"": 0.762081}, {""id"": ""web/sorted.it.lemma.unigrams.cleaned_recommended_min100_ipm6.json"", ""file"": ""sorted.it.lemma.unigrams.cleaned_recommended_min100_ipm6.json"", ""category"": ""web"", ""ipm"": 11.831978}], ""corpus_quality"": {""status"": ""accepted"", ""reasons"": []}, ""components"": [{""surface"": ""irregolarit"", ""canonical_candidate"": ""irregolarit"", ""confidence"": 0.92, ""evidence"": [{""type"": ""morphological_parse"", ""source"": ""candidate_index"", ""path"": [""irregolarita"", ""irregolarit"", ""irregolarit""], ""confidence"": 0.92}]}]}"
it	lemma:fb18e63dd6c89ba92d0c	termoregolatore	accepted	accepted	regolare	aggregate_only_not_sense_frequency	"[{""path"": ""associativvordes/family-index-v5/members/it/40.json.gz"", ""family_id"": ""family:regul"", ""record_sha256"": ""70bd00ffb23dee0ff784fb6728693e7a7cc89532b78f20c2a7f58c8d494a137b""}, {""path"": ""associativvordes/family-index-v5/members/it/47.json.gz"", ""family_id"": ""surface:it:termoregolator"", ""record_sha256"": ""aafbb3a6eaea38e5d61d6be8b9aa32ef152921160e6e83e3cb202f4747ec0f8c""}, {""path"": ""associativvordes/family-index-v5/members/it/49.json.gz"", ""family_id"": ""ety:0cc1db2776a2"", ""record_sha256"": ""7b4dec3913095b8d70685b45b1535c5b139e728a82021727389bcc526deee0c9""}]"	"{""lemma_id"": ""lemma:fb18e63dd6c89ba92d0c"", ""word"": ""termoregolatore"", ""normalized"": ""termoregolatore"", ""search_form"": ""termoregolatore"", ""rank"": 454482, ""frequency_score"": 0.08315453898636421, ""category_breakdown"": {""subtitles"": {""ipm_values"": [0.005372, 0.004142], ""category_ipm"": 0.004757, ""category_score"": 0.08315453898636421}}, ""sources"": [{""id"": ""subtitles/hermit_2016_it_full_lemmatized_ipm6_spacy_lookup_cleaned_v8.json"", ""file"": ""hermit_2016_it_full_lemmatized_ipm6_spacy_lookup_cleaned_v8.json"", ""category"": ""subtitles"", ""ipm"": 0.005372}, {""id"": ""subtitles/hermit_2018_it_full_lemmatized_ipm6_spacy_lookup_cleaned_v8.json"", ""file"": ""hermit_2018_it_full_lemmatized_ipm6_spacy_lookup_cleaned_v8.json"", ""category"": ""subtitles"", ""ipm"": 0.004142}], ""corpus_quality"": {""status"": ""accepted"", ""reasons"": []}, ""components"": [{""surface"": ""regol"", ""canonical_candidate"": ""regol"", ""confidence"": 0.97, ""evidence"": [{""type"": ""compound_morphology"", ""source"": ""manually_verified"", ""path"": [""termoregolatore"", ""regol"", ""regol""], ""confidence"": 0.97}, {""type"": ""verified_seed_alias"", ""source"": ""methodology_control_seed"", ""path"": [""it"", ""regol"", ""family:regul""], ""confidence"": 1}]}]}"
it	lemma:fd4c0e3e92315e2d0675	regoline	accepted	accepted	regola	aggregate_only_not_sense_frequency	"[{""path"": ""associativvordes/family-index-v5/members/it/40.json.gz"", ""family_id"": ""family:regul"", ""record_sha256"": ""44427a420f3ca038a5b2615ff80b0f1e53276dab252cc746dbfcf87e78f898bb""}, {""path"": ""associativvordes/family-index-v5/members/it/47.json.gz"", ""family_id"": ""surface:it:regolin"", ""record_sha256"": ""af947155e9e9f7110e95a457e4df9b3a36ae07d48a9057eecfb5d5c57b399398""}, {""path"": ""associativvordes/family-index-v5/members/it/70.json.gz"", ""family_id"": ""ety:a8bdd1431034"", ""record_sha256"": ""53c2efea2a49de683dcf49cb6e96dc33f6d0fedfb1be5e3cc3c04d806054d6dc""}]"	"{""lemma_id"": ""lemma:fd4c0e3e92315e2d0675"", ""word"": ""regoline"", ""normalized"": ""regoline"", ""search_form"": ""regoline"", ""rank"": 414364, ""frequency_score"": 0.09387627061505811, ""category_breakdown"": {""subtitles"": {""ipm_values"": [0.005372], ""category_ipm"": 0.005372, ""category_score"": 0.09387627061505811}}, ""sources"": [{""id"": ""subtitles/hermit_2016_it_full_lemmatized_ipm6_spacy_lookup_cleaned_v8.json"", ""file"": ""hermit_2016_it_full_lemmatized_ipm6_spacy_lookup_cleaned_v8.json"", ""category"": ""subtitles"", ""ipm"": 0.005372}], ""corpus_quality"": {""status"": ""accepted"", ""reasons"": []}, ""components"": [{""surface"": ""regol"", ""canonical_candidate"": ""regol"", ""confidence"": 0.97, ""evidence"": [{""type"": ""compound_morphology"", ""source"": ""manually_verified"", ""path"": [""regoline"", ""regol"", ""regol""], ""confidence"": 0.97}, {""type"": ""verified_seed_alias"", ""source"": ""methodology_control_seed"", ""path"": [""it"", ""regol"", ""family:regul""], ""confidence"": 1}]}]}"
