language	lemma_id	word	review_status	applied_state	head	frequency_status	source_locator	original_measurements
ru	lemma:0116e3a9ed0087661281	урегулировка	accepted	accepted	регулировать	aggregate_only_not_sense_frequency	"[{""path"": ""associativvordes/family-index-v5/members/ru/38.json.gz"", ""family_id"": ""surface:ru:uregulirovk"", ""record_sha256"": ""b2df664d4a14e688cfd3725cac8569d09edf968baa0aaa2b1f6e94b4da6147c9""}, {""path"": ""associativvordes/family-index-v5/members/ru/43.json.gz"", ""family_id"": ""surface:ru:vka"", ""record_sha256"": ""52987ad16a8a2c618fa75a615e46fbcf08eeb3f0c548e33b0b9b42e02027f7e6""}]"	"{""lemma_id"": ""lemma:0116e3a9ed0087661281"", ""word"": ""урегулировка"", ""normalized"": ""урегулировка"", ""search_form"": ""uregulirovka"", ""rank"": 466278, ""frequency_score"": 0.11418598341100496, ""category_breakdown"": {""subtitles"": {""ipm_values"": [0.006538], ""category_ipm"": 0.006538, ""category_score"": 0.11418598341100496}}, ""sources"": [{""id"": ""subtitles/hermit_2018_ru_full_lemmatized_pymorphy3_ipm6.json"", ""file"": ""hermit_2018_ru_full_lemmatized_pymorphy3_ipm6.json"", ""category"": ""subtitles"", ""ipm"": 0.006538}], ""corpus_quality"": {""status"": ""accepted"", ""reasons"": []}, ""components"": [{""surface"": ""uregulirovk"", ""canonical_candidate"": ""uregulirovk"", ""confidence"": 0.92, ""evidence"": [{""type"": ""morphological_parse"", ""source"": ""candidate_index"", ""path"": [""uregulirovka"", ""uregulirovk"", ""uregulirovk""], ""confidence"": 0.92}]}]}"
ru	lemma:022062b2797ac6710a1a	регулирующий	accepted	accepted	регулировать	aggregate_only_not_sense_frequency	"[{""path"": ""associativvordes/family-index-v5/members/ru/2d.json.gz"", ""family_id"": ""surface:ru:regulirujushch"", ""record_sha256"": ""4b1ff88347bcf27dde8fbedf75a52819927c72949089d887713c7570973b395f""}, {""path"": ""associativvordes/family-index-v5/members/ru/40.json.gz"", ""family_id"": ""surface:ru:shchij"", ""record_sha256"": ""95ad7f25fe3daedc508aadc2ab5d0c7cc91de72b7f5c3e0d8a95ce734da49fdb""}, {""path"": ""associativvordes/family-index-v5/members/ru/40.json.gz"", ""family_id"": ""family:regul"", ""record_sha256"": ""cc26b12872facaa39d376fd3c8724e7b724e85647f73b8bb6a5b29a5e9682622""}]"	"{""lemma_id"": ""lemma:022062b2797ac6710a1a"", ""word"": ""регулирующий"", ""normalized"": ""регулирующий"", ""search_form"": ""regulirujushchij"", ""rank"": 66433, ""frequency_score"": 5.190198530003286, ""category_breakdown"": {""web"": {""ipm_values"": [0.344753], ""category_ipm"": 0.344753, ""category_score"": 5.190198530003286}}, ""sources"": [{""id"": ""web/ruwac.out.gz.lpos-clean2-biwt.cleaned_recommended_min100_ipm6.json"", ""file"": ""ruwac.out.gz.lpos-clean2-biwt.cleaned_recommended_min100_ipm6.json"", ""category"": ""web"", ""ipm"": 0.344753}], ""corpus_quality"": {""status"": ""accepted"", ""reasons"": []}, ""components"": [{""surface"": ""regulirujushch"", ""canonical_candidate"": ""regulirujushch"", ""confidence"": 0.89, ""evidence"": [{""type"": ""compound_morphology"", ""source"": ""candidate_index"", ""path"": [""regulirujushchij"", ""regulirujushch"", ""regulirujushch""], ""confidence"": 0.89}]}]}"
ru	lemma:035e90b14402677d5231	росалкогольрегулирование	accepted	accepted	регулировать	aggregate_only_not_sense_frequency	"[{""path"": ""associativvordes/family-index-v5/members/ru/40.json.gz"", ""family_id"": ""family:regul"", ""record_sha256"": ""fcc815c52534497ab91704ae9273b46f207b9b3c0f3dffaca3b96619fbe5ab31""}, {""path"": ""associativvordes/family-index-v5/members/ru/c5.json.gz"", ""family_id"": ""surface:ru:rosalkogolregulirovani"", ""record_sha256"": ""8e61ea7df7d07a6cea26ee1ebc70228e82970202fb913b614a292f3d10c497cc""}]"	"{""lemma_id"": ""lemma:035e90b14402677d5231"", ""word"": ""росалкогольрегулирование"", ""normalized"": ""росалкогольрегулирование"", ""search_form"": ""rosalkogolregulirovanie"", ""rank"": 106115, ""frequency_score"": 2.378848809037302, ""category_breakdown"": {""web"": {""ipm_values"": [0.145411], ""category_ipm"": 0.145411, ""category_score"": 2.378848809037302}}, ""sources"": [{""id"": ""web/ruwac.out.gz.lpos-clean2-biwt.cleaned_recommended_min100_ipm6.json"", ""file"": ""ruwac.out.gz.lpos-clean2-biwt.cleaned_recommended_min100_ipm6.json"", ""category"": ""web"", ""ipm"": 0.145411}], ""corpus_quality"": {""status"": ""accepted"", ""reasons"": []}, ""components"": [{""surface"": ""regul"", ""canonical_candidate"": ""regul"", ""confidence"": 0.97, ""evidence"": [{""type"": ""compound_morphology"", ""source"": ""allomorph_table"", ""path"": [""rosalkogolregulirovanie"", ""regul"", ""regul""], ""confidence"": 0.97}, {""type"": ""verified_seed_alias"", ""source"": ""methodology_control_seed"", ""path"": [""ru"", ""regul"", ""family:regul""], ""confidence"": 1}]}]}"
ru	lemma:08b8219c0410795768a4	урегулироваться	accepted	accepted	регулировать	aggregate_only_not_sense_frequency	"[{""path"": ""associativvordes/family-index-v5/members/ru/af.json.gz"", ""family_id"": ""surface:ru:uregulirovatsj"", ""record_sha256"": ""8e7bd13681550f1455d0ed2341af025155a22be0ebed926834d2f857f0a5ddc7""}]"	"{""lemma_id"": ""lemma:08b8219c0410795768a4"", ""word"": ""урегулироваться"", ""normalized"": ""урегулироваться"", ""search_form"": ""uregulirovatsja"", ""rank"": 157899, ""frequency_score"": 0.7766938493238202, ""category_breakdown"": {""subtitles"": {""ipm_values"": [0.019615], ""category_ipm"": 0.019615, ""category_score"": 0.34036673836878834}, ""web"": {""ipm_values"": [0.071681], ""category_ipm"": 0.071681, ""category_score"": 1.2130209602788522}}, ""sources"": [{""id"": ""subtitles/hermit_2018_ru_full_lemmatized_pymorphy3_ipm6.json"", ""file"": ""hermit_2018_ru_full_lemmatized_pymorphy3_ipm6.json"", ""category"": ""subtitles"", ""ipm"": 0.019615}, {""id"": ""web/ruwac.out.gz.lpos-clean2-biwt.cleaned_recommended_min100_ipm6.json"", ""file"": ""ruwac.out.gz.lpos-clean2-biwt.cleaned_recommended_min100_ipm6.json"", ""category"": ""web"", ""ipm"": 0.071681}], ""corpus_quality"": {""status"": ""accepted"", ""reasons"": []}, ""components"": [{""surface"": ""uregulirovatsj"", ""canonical_candidate"": ""uregulirovatsj"", ""confidence"": 0.92, ""evidence"": [{""type"": ""morphological_parse"", ""source"": ""candidate_index"", ""path"": [""uregulirovatsja"", ""uregulirovatsj"", ""uregulirovatsj""], ""confidence"": 0.92}]}]}"
ru	lemma:09cc0d3b3467d97f7387	порегулировать	accepted	accepted	регулировать	aggregate_only_not_sense_frequency	"[{""path"": ""associativvordes/family-index-v5/members/ru/40.json.gz"", ""family_id"": ""family:regul"", ""record_sha256"": ""27c39a9f20c36e0084a8226450109f633a57e30586d89ba1bf844aaf2c90365c""}, {""path"": ""associativvordes/family-index-v5/members/ru/5b.json.gz"", ""family_id"": ""surface:ru:pore"", ""record_sha256"": ""6a14713ba510b9deafa9fbf3b69cb76ad6823d160e4d7bbf8a1f7ed5f65f0e6c""}, {""path"": ""associativvordes/family-index-v5/members/ru/94.json.gz"", ""family_id"": ""surface:ru:regulirov"", ""record_sha256"": ""ce2860a86d549665e79c8c21ee0046551a113c7666ab0857239cf6078100522c""}]"	"{""lemma_id"": ""lemma:09cc0d3b3467d97f7387"", ""word"": ""порегулировать"", ""normalized"": ""порегулировать"", ""search_form"": ""poregulirovat"", ""rank"": 223684, ""frequency_score"": 0.22764995980616493, ""category_breakdown"": {""subtitles"": {""ipm_values"": [0.013077], ""category_ipm"": 0.013077, ""category_score"": 0.22764995980616493}}, ""sources"": [{""id"": ""subtitles/hermit_2018_ru_full_lemmatized_pymorphy3_ipm6.json"", ""file"": ""hermit_2018_ru_full_lemmatized_pymorphy3_ipm6.json"", ""category"": ""subtitles"", ""ipm"": 0.013077}], ""corpus_quality"": {""status"": ""accepted"", ""reasons"": []}, ""components"": [{""surface"": ""regul"", ""canonical_candidate"": ""regul"", ""confidence"": 0.97, ""evidence"": [{""type"": ""compound_morphology"", ""source"": ""allomorph_table"", ""path"": [""poregulirovat"", ""regul"", ""regul""], ""confidence"": 0.97}, {""type"": ""verified_seed_alias"", ""source"": ""methodology_control_seed"", ""path"": [""ru"", ""regul"", ""family:regul""], ""confidence"": 1}]}]}"
ru	lemma:130e898258f787860ab0	нерегулировать	accepted	accepted	регулировать	aggregate_only_not_sense_frequency	"[{""path"": ""associativvordes/family-index-v5/members/ru/40.json.gz"", ""family_id"": ""family:regul"", ""record_sha256"": ""577a34f06749dbac0c1d64c1a8441f2499fc6dbab4933469f9fc8cfb914a5ef6""}, {""path"": ""associativvordes/family-index-v5/members/ru/94.json.gz"", ""family_id"": ""surface:ru:regulirov"", ""record_sha256"": ""042a7feb7b9adb94cb20fd408b7546f8d60d5a6759e9e70d8ddf0f7970b5a112""}, {""path"": ""associativvordes/family-index-v5/members/ru/be.json.gz"", ""family_id"": ""surface:ru:neregulir"", ""record_sha256"": ""fef63763e223245bb01f5dd653aadeaadc6a6523467c4ed7b5b3a7f5334df0bd""}]"	"{""lemma_id"": ""lemma:130e898258f787860ab0"", ""word"": ""нерегулировать"", ""normalized"": ""нерегулировать"", ""search_form"": ""neregulirovat"", ""rank"": 60264, ""frequency_score"": 6.0494097919927325, ""category_breakdown"": {""web"": {""ipm_values"": [0.412338], ""category_ipm"": 0.412338, ""category_score"": 6.0494097919927325}}, ""sources"": [{""id"": ""web/ruwac.out.gz.lpos-clean2-biwt.cleaned_recommended_min100_ipm6.json"", ""file"": ""ruwac.out.gz.lpos-clean2-biwt.cleaned_recommended_min100_ipm6.json"", ""category"": ""web"", ""ipm"": 0.412338}], ""corpus_quality"": {""status"": ""accepted"", ""reasons"": []}, ""components"": [{""surface"": ""regul"", ""canonical_candidate"": ""regul"", ""confidence"": 0.97, ""evidence"": [{""type"": ""compound_morphology"", ""source"": ""allomorph_table"", ""path"": [""neregulirovat"", ""regul"", ""regul""], ""confidence"": 0.97}, {""type"": ""verified_seed_alias"", ""source"": ""methodology_control_seed"", ""path"": [""ru"", ""regul"", ""family:regul""], ""confidence"": 1}]}]}"
ru	lemma:13d3a46d5c45a66bfd80	нерегулярно	uncertain	withheld_historical_uncertain		aggregate_only_not_sense_frequency	"[{""path"": ""associativvordes/family-index-v5/members/ru/40.json.gz"", ""family_id"": ""family:regul"", ""record_sha256"": ""2dc240afeaeeac42558fdd1ecc12dfc003659d45a1f7a34154fda98cb2c9ec76""}, {""path"": ""associativvordes/family-index-v5/members/ru/87.json.gz"", ""family_id"": ""surface:ru:arno"", ""record_sha256"": ""1dbf2c17ea080175c3240aee39a77e34abadcd1fbeeace6d752a1e66aeea1804""}, {""path"": ""associativvordes/family-index-v5/members/ru/a6.json.gz"", ""family_id"": ""surface:ru:nereguljar"", ""record_sha256"": ""ddea67b48949f794efabcd00bad800b137dbe0e5746c289e1c143f2f0ac836cc""}]"	"{""lemma_id"": ""lemma:13d3a46d5c45a66bfd80"", ""word"": ""нерегулярно"", ""normalized"": ""нерегулярно"", ""search_form"": ""nereguljarno"", ""rank"": 34112, ""frequency_score"": 9.59173705719204, ""category_breakdown"": {""subtitles"": {""ipm_values"": [0.19615], ""category_ipm"": 0.19615, ""category_score"": 3.1383319651409334}, ""normative"": {""ipm_values"": [1.198605], ""category_ipm"": 1.198605, ""category_score"": 13.804237727815845}, ""web"": {""ipm_values"": [0.964626], ""category_ipm"": 0.964626, ""category_score"": 11.832641478619337}}, ""sources"": [{""id"": ""normative/rnc-orig.out.lpos-clean2-biwt.cleaned_ipm6.json"", ""file"": ""rnc-orig.out.lpos-clean2-biwt.cleaned_ipm6.json"", ""category"": ""normative"", ""ipm"": 1.198605}, {""id"": ""subtitles/hermit_2018_ru_full_lemmatized_pymorphy3_ipm6.json"", ""file"": ""hermit_2018_ru_full_lemmatized_pymorphy3_ipm6.json"", ""category"": ""subtitles"", ""ipm"": 0.19615}, {""id"": ""web/ruwac.out.gz.lpos-clean2-biwt.cleaned_recommended_min100_ipm6.json"", ""file"": ""ruwac.out.gz.lpos-clean2-biwt.cleaned_recommended_min100_ipm6.json"", ""category"": ""web"", ""ipm"": 0.964626}], ""corpus_quality"": {""status"": ""accepted"", ""reasons"": []}, ""components"": [{""surface"": ""regul"", ""canonical_candidate"": ""regul"", ""confidence"": 0.97, ""evidence"": [{""type"": ""compound_morphology"", ""source"": ""allomorph_table"", ""path"": [""nereguljarno"", ""regul"", ""regul""], ""confidence"": 0.97}, {""type"": ""verified_seed_alias"", ""source"": ""methodology_control_seed"", ""path"": [""ru"", ""regul"", ""family:regul""], ""confidence"": 1}]}]}"
ru	lemma:14de3fc5a0614115dff5	регуляр	uncertain	withheld_historical_uncertain		aggregate_only_not_sense_frequency	"[{""path"": ""associativvordes/family-index-v5/members/ru/40.json.gz"", ""family_id"": ""family:regul"", ""record_sha256"": ""eeda30e23991d0efbefa9aee396155c60243fc4e26ffe0be656b39b62660b080""}]"	"{""lemma_id"": ""lemma:14de3fc5a0614115dff5"", ""word"": ""регуляр"", ""normalized"": ""регуляр"", ""search_form"": ""reguljar"", ""rank"": 107259, ""frequency_score"": 1.3386940026183352, ""category_breakdown"": {""subtitles"": {""ipm_values"": [0.019615], ""category_ipm"": 0.019615, ""category_score"": 0.34036673836878834}, ""web"": {""ipm_values"": [0.14268], ""category_ipm"": 0.14268, ""category_score"": 2.337021266867882}}, ""sources"": [{""id"": ""subtitles/hermit_2018_ru_full_lemmatized_pymorphy3_ipm6.json"", ""file"": ""hermit_2018_ru_full_lemmatized_pymorphy3_ipm6.json"", ""category"": ""subtitles"", ""ipm"": 0.019615}, {""id"": ""web/ruwac.out.gz.lpos-clean2-biwt.cleaned_recommended_min100_ipm6.json"", ""file"": ""ruwac.out.gz.lpos-clean2-biwt.cleaned_recommended_min100_ipm6.json"", ""category"": ""web"", ""ipm"": 0.14268}], ""corpus_quality"": {""status"": ""accepted"", ""reasons"": []}, ""components"": [{""surface"": ""regul"", ""canonical_candidate"": ""regul"", ""confidence"": 0.97, ""evidence"": [{""type"": ""compound_morphology"", ""source"": ""allomorph_table"", ""path"": [""reguljar"", ""regul"", ""regul""], ""confidence"": 0.97}, {""type"": ""verified_seed_alias"", ""source"": ""methodology_control_seed"", ""path"": [""ru"", ""regul"", ""family:regul""], ""confidence"": 1}]}]}"
ru	lemma:1651ee21ebdf9aa8af45	авторегулирование	accepted	accepted	регулировать	aggregate_only_not_sense_frequency	"[{""path"": ""associativvordes/family-index-v5/members/ru/40.json.gz"", ""family_id"": ""family:regul"", ""record_sha256"": ""0cde880c3086b3c1ebe6d69fa373bc282c09507bb33395cf9ac2b279960de384""}, {""path"": ""associativvordes/family-index-v5/members/ru/4c.json.gz"", ""family_id"": ""surface:ru:avtoregulirovani"", ""record_sha256"": ""d099a4f0682861210d0ac62da15409aa0a3b9b691c39fe4238336cbe7419b705""}]"	"{""lemma_id"": ""lemma:1651ee21ebdf9aa8af45"", ""word"": ""авторегулирование"", ""normalized"": ""авторегулирование"", ""search_form"": ""avtoregulirovanie"", ""rank"": 193425, ""frequency_score"": 0.22764995980616493, ""category_breakdown"": {""subtitles"": {""ipm_values"": [0.013077], ""category_ipm"": 0.013077, ""category_score"": 0.22764995980616493}}, ""sources"": [{""id"": ""subtitles/hermit_2018_ru_full_lemmatized_pymorphy3_ipm6.json"", ""file"": ""hermit_2018_ru_full_lemmatized_pymorphy3_ipm6.json"", ""category"": ""subtitles"", ""ipm"": 0.013077}], ""corpus_quality"": {""status"": ""accepted"", ""reasons"": []}, ""components"": [{""surface"": ""regul"", ""canonical_candidate"": ""regul"", ""confidence"": 0.97, ""evidence"": [{""type"": ""compound_morphology"", ""source"": ""allomorph_table"", ""path"": [""avtoregulirovanie"", ""regul"", ""regul""], ""confidence"": 0.97}, {""type"": ""verified_seed_alias"", ""source"": ""methodology_control_seed"", ""path"": [""ru"", ""regul"", ""family:regul""], ""confidence"": 1}]}]}"
ru	lemma:181e18d2dcb87f07d9d9	нерегулярный	uncertain	withheld_historical_uncertain		aggregate_only_not_sense_frequency	"[{""path"": ""associativvordes/family-index-v5/members/ru/40.json.gz"", ""family_id"": ""family:regul"", ""record_sha256"": ""dc714d28a8438d708b83fdb3d81686e5808d8de5726e128cbb31b29e952498f7""}, {""path"": ""associativvordes/family-index-v5/members/ru/d8.json.gz"", ""family_id"": ""surface:ru:nereguljarn"", ""record_sha256"": ""68888b86a1fa47c070536e513f7f39aa2e26431c754a91d82971801a7400cd95""}]"	"{""lemma_id"": ""lemma:181e18d2dcb87f07d9d9"", ""word"": ""нерегулярный"", ""normalized"": ""нерегулярный"", ""search_form"": ""nereguljarnyj"", ""rank"": 12985, ""frequency_score"": 17.92635039592407, ""category_breakdown"": {""subtitles"": {""ipm_values"": [0.477298], ""category_ipm"": 0.477298, ""category_score"": 6.837343689215}, ""normative"": {""ipm_values"": [1.245304], ""category_ipm"": 1.245304, ""category_score"": 14.172512647066462}, ""web"": {""ipm_values"": [5.489426], ""category_ipm"": 5.489426, ""category_score"": 32.769194851490745}}, ""sources"": [{""id"": ""normative/rnc-orig.out.lpos-clean2-biwt.cleaned_ipm6.json"", ""file"": ""rnc-orig.out.lpos-clean2-biwt.cleaned_ipm6.json"", ""category"": ""normative"", ""ipm"": 1.245304}, {""id"": ""subtitles/hermit_2018_ru_full_lemmatized_pymorphy3_ipm6.json"", ""file"": ""hermit_2018_ru_full_lemmatized_pymorphy3_ipm6.json"", ""category"": ""subtitles"", ""ipm"": 0.477298}, {""id"": ""web/ruwac.out.gz.lpos-clean2-biwt.cleaned_recommended_min100_ipm6.json"", ""file"": ""ruwac.out.gz.lpos-clean2-biwt.cleaned_recommended_min100_ipm6.json"", ""category"": ""web"", ""ipm"": 5.489426}], ""corpus_quality"": {""status"": ""accepted"", ""reasons"": []}, ""components"": [{""surface"": ""regul"", ""canonical_candidate"": ""regul"", ""confidence"": 0.97, ""evidence"": [{""type"": ""compound_morphology"", ""source"": ""allomorph_table"", ""path"": [""nereguljarnyj"", ""regul"", ""regul""], ""confidence"": 0.97}, {""type"": ""verified_seed_alias"", ""source"": ""methodology_control_seed"", ""path"": [""ru"", ""regul"", ""family:regul""], ""confidence"": 1}]}]}"
ru	lemma:1af70c9c485c3898096f	регуляторный	uncertain	withheld_historical_uncertain		aggregate_only_not_sense_frequency	"[{""path"": ""associativvordes/family-index-v5/members/ru/2e.json.gz"", ""family_id"": ""surface:ru:reguljatorn"", ""record_sha256"": ""0f7bd5d5ba6c9e2b2e02c131a994a4cfafd3e8658665a61461b66d871fc9e79f""}, {""path"": ""associativvordes/family-index-v5/members/ru/40.json.gz"", ""family_id"": ""family:regul"", ""record_sha256"": ""005c980edbc6bdac5fa03afe841863e6500d2d848b72f1ac055e44fb65c4cc77""}]"	"{""lemma_id"": ""lemma:1af70c9c485c3898096f"", ""word"": ""регуляторный"", ""normalized"": ""регуляторный"", ""search_form"": ""reguljatornyj"", ""rank"": 34840, ""frequency_score"": 8.485927487943666, ""category_breakdown"": {""subtitles"": {""ipm_values"": [0.006538], ""category_ipm"": 0.006538, ""category_score"": 0.11418598341100496}, ""normative"": {""ipm_values"": [1.01181], ""category_ipm"": 1.01181, ""category_score"": 12.248489725115467}, ""web"": {""ipm_values"": [1.111402], ""category_ipm"": 1.111402, ""category_score"": 13.09510675530452}}, ""sources"": [{""id"": ""normative/rnc-orig.out.lpos-clean2-biwt.cleaned_ipm6.json"", ""file"": ""rnc-orig.out.lpos-clean2-biwt.cleaned_ipm6.json"", ""category"": ""normative"", ""ipm"": 1.01181}, {""id"": ""subtitles/hermit_2018_ru_full_lemmatized_pymorphy3_ipm6.json"", ""file"": ""hermit_2018_ru_full_lemmatized_pymorphy3_ipm6.json"", ""category"": ""subtitles"", ""ipm"": 0.006538}, {""id"": ""web/ruwac.out.gz.lpos-clean2-biwt.cleaned_recommended_min100_ipm6.json"", ""file"": ""ruwac.out.gz.lpos-clean2-biwt.cleaned_recommended_min100_ipm6.json"", ""category"": ""web"", ""ipm"": 1.111402}], ""corpus_quality"": {""status"": ""accepted"", ""reasons"": []}, ""components"": [{""surface"": ""reguljatorn"", ""canonical_candidate"": ""reguljatorn"", ""confidence"": 0.89, ""evidence"": [{""type"": ""compound_morphology"", ""source"": ""candidate_index"", ""path"": [""reguljatornyj"", ""reguljatorn"", ""reguljatorn""], ""confidence"": 0.89}]}]}"
ru	lemma:1d16c42d8611a8f5c3fa	перегулять	excluded	removed_historical_excluded		aggregate_only_not_sense_frequency	"[{""path"": ""associativvordes/family-index-v5/members/ru/32.json.gz"", ""family_id"": ""surface:ru:pereg"", ""record_sha256"": ""025c45f54c14120df9ba98fe2915ec0fcc862cf6c68edaea4243edc9068b848e""}, {""path"": ""associativvordes/family-index-v5/members/ru/40.json.gz"", ""family_id"": ""family:regul"", ""record_sha256"": ""c79d8cb8ac9cd16752787859aaff35a680895f028a03112da3c4c42c81fb463c""}, {""path"": ""associativvordes/family-index-v5/members/ru/95.json.gz"", ""family_id"": ""surface:ru:reguljat"", ""record_sha256"": ""3ee0dc2ac417cab888763a58248a72daa84b5f7c0d49ab1c6a3f321de4076522""}]"	"{""lemma_id"": ""lemma:1d16c42d8611a8f5c3fa"", ""word"": ""перегулять"", ""normalized"": ""перегулять"", ""search_form"": ""pereguljat"", ""rank"": 399538, ""frequency_score"": 0.11418598341100496, ""category_breakdown"": {""subtitles"": {""ipm_values"": [0.006538], ""category_ipm"": 0.006538, ""category_score"": 0.11418598341100496}}, ""sources"": [{""id"": ""subtitles/hermit_2018_ru_full_lemmatized_pymorphy3_ipm6.json"", ""file"": ""hermit_2018_ru_full_lemmatized_pymorphy3_ipm6.json"", ""category"": ""subtitles"", ""ipm"": 0.006538}], ""corpus_quality"": {""status"": ""accepted"", ""reasons"": []}, ""components"": [{""surface"": ""pereg"", ""canonical_candidate"": ""pereg"", ""confidence"": 0.81, ""evidence"": [{""type"": ""compound_morphology"", ""source"": ""candidate_index"", ""path"": [""pereguljat"", ""pereg"", ""pereg""], ""confidence"": 0.81}]}]}"
ru	lemma:1fccca61b65d86e79945	регулярность	uncertain	withheld_historical_uncertain		aggregate_only_not_sense_frequency	"[{""path"": ""associativvordes/family-index-v5/members/ru/37.json.gz"", ""family_id"": ""surface:ru:reguljarn"", ""record_sha256"": ""8262ac2e63c748859b8f2562ebbbc044cae84c555adb3a5eb75a55cdb4a12de1""}, {""path"": ""associativvordes/family-index-v5/members/ru/40.json.gz"", ""family_id"": ""family:regul"", ""record_sha256"": ""7938353b08fba3c71a27bb002da6c5bf1e808a206a7ceac2ba546b9fa47c9dc1""}, {""path"": ""associativvordes/family-index-v5/members/ru/87.json.gz"", ""family_id"": ""surface:ru:arno"", ""record_sha256"": ""965f9a4de0b751d5946396f7fb3cb647e4bed58b15420e7f52a51008f8189ac0""}]"	"{""lemma_id"": ""lemma:1fccca61b65d86e79945"", ""word"": ""регулярность"", ""normalized"": ""регулярность"", ""search_form"": ""reguljarnost"", ""rank"": 19609, ""frequency_score"": 16.681352889113583, ""category_breakdown"": {""subtitles"": {""ipm_values"": [0.215765], ""category_ipm"": 0.215765, ""category_score"": 3.4233350894818533}, ""normative"": {""ipm_values"": [2.661837], ""category_ipm"": 2.661837, ""category_score"": 22.742944745307312}, ""web"": {""ipm_values"": [2.906849], ""category_ipm"": 2.906849, ""category_score"": 23.877778832551577}}, ""sources"": [{""id"": ""normative/rnc-orig.out.lpos-clean2-biwt.cleaned_ipm6.json"", ""file"": ""rnc-orig.out.lpos-clean2-biwt.cleaned_ipm6.json"", ""category"": ""normative"", ""ipm"": 2.661837}, {""id"": ""subtitles/hermit_2018_ru_full_lemmatized_pymorphy3_ipm6.json"", ""file"": ""hermit_2018_ru_full_lemmatized_pymorphy3_ipm6.json"", ""category"": ""subtitles"", ""ipm"": 0.215765}, {""id"": ""web/ruwac.out.gz.lpos-clean2-biwt.cleaned_recommended_min100_ipm6.json"", ""file"": ""ruwac.out.gz.lpos-clean2-biwt.cleaned_recommended_min100_ipm6.json"", ""category"": ""web"", ""ipm"": 2.906849}], ""corpus_quality"": {""status"": ""accepted"", ""reasons"": []}, ""components"": [{""surface"": ""reguljarn"", ""canonical_candidate"": ""reguljarn"", ""confidence"": 0.89, ""evidence"": [{""type"": ""compound_morphology"", ""source"": ""candidate_index"", ""path"": [""reguljarnost"", ""reguljarn"", ""reguljarn""], ""confidence"": 0.89}]}]}"
ru	lemma:209c0c6fcfc4d510a280	терморегулирующий	accepted	accepted	регулировать	aggregate_only_not_sense_frequency	"[{""path"": ""associativvordes/family-index-v5/members/ru/00.json.gz"", ""family_id"": ""surface:ru:termoregulirujushch"", ""record_sha256"": ""a6b0530be55d37afccaa7ec0a8ade1f4fb0833925493a2732e721ef5aae84235""}, {""path"": ""associativvordes/family-index-v5/members/ru/40.json.gz"", ""family_id"": ""surface:ru:shchij"", ""record_sha256"": ""2610e0d5ff86f973ba8276cece112aad0baab99472bc232160ec05bae990f366""}, {""path"": ""associativvordes/family-index-v5/members/ru/40.json.gz"", ""family_id"": ""family:regul"", ""record_sha256"": ""d0ce61e6ed44eccabeb2944cd607025877c970def3c2631e465e4d58b95a838a""}]"	"{""lemma_id"": ""lemma:209c0c6fcfc4d510a280"", ""word"": ""терморегулирующий"", ""normalized"": ""терморегулирующий"", ""search_form"": ""termoregulirujushchij"", ""rank"": 455979, ""frequency_score"": 0.11418598341100496, ""category_breakdown"": {""subtitles"": {""ipm_values"": [0.006538], ""category_ipm"": 0.006538, ""category_score"": 0.11418598341100496}}, ""sources"": [{""id"": ""subtitles/hermit_2018_ru_full_lemmatized_pymorphy3_ipm6.json"", ""file"": ""hermit_2018_ru_full_lemmatized_pymorphy3_ipm6.json"", ""category"": ""subtitles"", ""ipm"": 0.006538}], ""corpus_quality"": {""status"": ""accepted"", ""reasons"": []}, ""components"": [{""surface"": ""termoregulirujushch"", ""canonical_candidate"": ""termoregulirujushch"", ""confidence"": 0.89, ""evidence"": [{""type"": ""compound_morphology"", ""source"": ""candidate_index"", ""path"": [""termoregulirujushchij"", ""termoregulirujushch"", ""termoregulirujushch""], ""confidence"": 0.89}]}]}"
ru	lemma:2487550fcb3da0247d85	саморегулировать	accepted	accepted	регулировать	aggregate_only_not_sense_frequency	"[{""path"": ""associativvordes/family-index-v5/members/ru/08.json.gz"", ""family_id"": ""surface:ru:samoregulirov"", ""record_sha256"": ""e47e2f6be6e7fe9065cf7e7ddfb52ce47cfc1fb4d31a75e879b8b51ff4d92a33""}, {""path"": ""associativvordes/family-index-v5/members/ru/40.json.gz"", ""family_id"": ""family:regul"", ""record_sha256"": ""ae006083ea6e9d90fd085c77d9321f1321f581506686098d80e30b73b8df9c8e""}]"	"{""lemma_id"": ""lemma:2487550fcb3da0247d85"", ""word"": ""саморегулировать"", ""normalized"": ""саморегулировать"", ""search_form"": ""samoregulirovat"", ""rank"": 41809, ""frequency_score"": 10.320096501676632, ""category_breakdown"": {""web"": {""ipm_values"": [0.802148], ""category_ipm"": 0.802148, ""category_score"": 10.320096501676632}}, ""sources"": [{""id"": ""web/ruwac.out.gz.lpos-clean2-biwt.cleaned_recommended_min100_ipm6.json"", ""file"": ""ruwac.out.gz.lpos-clean2-biwt.cleaned_recommended_min100_ipm6.json"", ""category"": ""web"", ""ipm"": 0.802148}], ""corpus_quality"": {""status"": ""accepted"", ""reasons"": []}, ""components"": [{""surface"": ""samoregulirov"", ""canonical_candidate"": ""samoregulirov"", ""confidence"": 0.81, ""evidence"": [{""type"": ""compound_morphology"", ""source"": ""candidate_index"", ""path"": [""samoregulirovat"", ""samoregulirov"", ""samoregulirov""], ""confidence"": 0.81}]}]}"
ru	lemma:2a87eee30111310ebd80	регулять	uncertain	withheld_historical_uncertain		aggregate_only_not_sense_frequency	"[{""path"": ""associativvordes/family-index-v5/members/ru/40.json.gz"", ""family_id"": ""family:regul"", ""record_sha256"": ""63c4aeeb73cf721dd0a57b9479fcacc422a765384dd4c85f6248baf800d3209a""}]"	"{""lemma_id"": ""lemma:2a87eee30111310ebd80"", ""word"": ""регулять"", ""normalized"": ""регулять"", ""search_form"": ""reguljat"", ""rank"": 426347, ""frequency_score"": 0.11418598341100496, ""category_breakdown"": {""subtitles"": {""ipm_values"": [0.006538], ""category_ipm"": 0.006538, ""category_score"": 0.11418598341100496}}, ""sources"": [{""id"": ""subtitles/hermit_2018_ru_full_lemmatized_pymorphy3_ipm6.json"", ""file"": ""hermit_2018_ru_full_lemmatized_pymorphy3_ipm6.json"", ""category"": ""subtitles"", ""ipm"": 0.006538}], ""corpus_quality"": {""status"": ""accepted"", ""reasons"": []}, ""components"": [{""surface"": ""regul"", ""canonical_candidate"": ""regul"", ""confidence"": 0.97, ""evidence"": [{""type"": ""compound_morphology"", ""source"": ""allomorph_table"", ""path"": [""reguljat"", ""regul"", ""regul""], ""confidence"": 0.97}, {""type"": ""verified_seed_alias"", ""source"": ""methodology_control_seed"", ""path"": [""ru"", ""regul"", ""family:regul""], ""confidence"": 1}]}]}"
ru	lemma:301266f203b33ff80c35	регулятый	uncertain	withheld_historical_uncertain		aggregate_only_not_sense_frequency	"[{""path"": ""associativvordes/family-index-v5/members/ru/40.json.gz"", ""family_id"": ""family:regul"", ""record_sha256"": ""c0648ec6cdb4f5d9b4b2e241a2c4fbfd65ff8a8e9f3bf7bd280e0d3aae07d599""}, {""path"": ""associativvordes/family-index-v5/members/ru/95.json.gz"", ""family_id"": ""surface:ru:reguljat"", ""record_sha256"": ""89b6cdd63725afaf4fcc318a7f79181830c8df4da4ede4a083e1adb0f48588d6""}]"	"{""lemma_id"": ""lemma:301266f203b33ff80c35"", ""word"": ""регулятый"", ""normalized"": ""регулятый"", ""search_form"": ""reguljatyj"", ""rank"": 426346, ""frequency_score"": 0.11418598341100496, ""category_breakdown"": {""subtitles"": {""ipm_values"": [0.006538], ""category_ipm"": 0.006538, ""category_score"": 0.11418598341100496}}, ""sources"": [{""id"": ""subtitles/hermit_2018_ru_full_lemmatized_pymorphy3_ipm6.json"", ""file"": ""hermit_2018_ru_full_lemmatized_pymorphy3_ipm6.json"", ""category"": ""subtitles"", ""ipm"": 0.006538}], ""corpus_quality"": {""status"": ""accepted"", ""reasons"": []}, ""components"": [{""surface"": ""regul"", ""canonical_candidate"": ""regul"", ""confidence"": 0.97, ""evidence"": [{""type"": ""compound_morphology"", ""source"": ""allomorph_table"", ""path"": [""reguljatyj"", ""regul"", ""regul""], ""confidence"": 0.97}, {""type"": ""verified_seed_alias"", ""source"": ""methodology_control_seed"", ""path"": [""ru"", ""regul"", ""family:regul""], ""confidence"": 1}]}]}"
ru	lemma:30145f68207ce2d744e6	регуляризация	uncertain	withheld_historical_uncertain		aggregate_only_not_sense_frequency	"[{""path"": ""associativvordes/family-index-v5/members/ru/40.json.gz"", ""family_id"": ""family:regul"", ""record_sha256"": ""528a15bece3dbe14c041a81f8a8b3af64494eb9785fa5df18fc24a623f8e66f4""}, {""path"": ""associativvordes/family-index-v5/members/ru/df.json.gz"", ""family_id"": ""surface:ru:reguljarizacij"", ""record_sha256"": ""3982374d7b2ca0b5534cc69d3a56f16373f9932717c7769179044040ad7d6241""}]"	"{""lemma_id"": ""lemma:30145f68207ce2d744e6"", ""word"": ""регуляризация"", ""normalized"": ""регуляризация"", ""search_form"": ""reguljarizacija"", ""rank"": 156876, ""frequency_score"": 0.6691852241277494, ""category_breakdown"": {""subtitles"": {""ipm_values"": [0.006538], ""category_ipm"": 0.006538, ""category_score"": 0.11418598341100496}, ""web"": {""ipm_values"": [0.072364], ""category_ipm"": 0.072364, ""category_score"": 1.2241844648444937}}, ""sources"": [{""id"": ""subtitles/hermit_2018_ru_full_lemmatized_pymorphy3_ipm6.json"", ""file"": ""hermit_2018_ru_full_lemmatized_pymorphy3_ipm6.json"", ""category"": ""subtitles"", ""ipm"": 0.006538}, {""id"": ""web/ruwac.out.gz.lpos-clean2-biwt.cleaned_recommended_min100_ipm6.json"", ""file"": ""ruwac.out.gz.lpos-clean2-biwt.cleaned_recommended_min100_ipm6.json"", ""category"": ""web"", ""ipm"": 0.072364}], ""corpus_quality"": {""status"": ""accepted"", ""reasons"": []}, ""components"": [{""surface"": ""regul"", ""canonical_candidate"": ""regul"", ""confidence"": 0.97, ""evidence"": [{""type"": ""compound_morphology"", ""source"": ""allomorph_table"", ""path"": [""reguljarizacija"", ""regul"", ""regul""], ""confidence"": 0.97}, {""type"": ""verified_seed_alias"", ""source"": ""methodology_control_seed"", ""path"": [""ru"", ""regul"", ""family:regul""], ""confidence"": 1}]}]}"
ru	lemma:31a5c31bef11cb70956e	регулярый	uncertain	withheld_historical_uncertain		aggregate_only_not_sense_frequency	"[{""path"": ""associativvordes/family-index-v5/members/ru/23.json.gz"", ""family_id"": ""surface:ru:reguljar"", ""record_sha256"": ""d559ed14da5b8c391046c2f18da202383ee3d9eef734f5b1c9878e33c254776d""}, {""path"": ""associativvordes/family-index-v5/members/ru/40.json.gz"", ""family_id"": ""family:regul"", ""record_sha256"": ""4a0c5aaabbe105f0b9a3ca96ca76160263bb4f77773f94a89e97a8603a00618f""}]"	"{""lemma_id"": ""lemma:31a5c31bef11cb70956e"", ""word"": ""регулярый"", ""normalized"": ""регулярый"", ""search_form"": ""reguljaryj"", ""rank"": 426344, ""frequency_score"": 0.11418598341100496, ""category_breakdown"": {""subtitles"": {""ipm_values"": [0.006538], ""category_ipm"": 0.006538, ""category_score"": 0.11418598341100496}}, ""sources"": [{""id"": ""subtitles/hermit_2018_ru_full_lemmatized_pymorphy3_ipm6.json"", ""file"": ""hermit_2018_ru_full_lemmatized_pymorphy3_ipm6.json"", ""category"": ""subtitles"", ""ipm"": 0.006538}], ""corpus_quality"": {""status"": ""accepted"", ""reasons"": []}, ""components"": [{""surface"": ""reguljar"", ""canonical_candidate"": ""reguljar"", ""confidence"": 0.89, ""evidence"": [{""type"": ""compound_morphology"", ""source"": ""candidate_index"", ""path"": [""reguljaryj"", ""reguljar"", ""reguljar""], ""confidence"": 0.89}]}]}"
ru	lemma:32063fa6921c61fccfe4	авторегулировка	accepted	accepted	регулировать	aggregate_only_not_sense_frequency	"[{""path"": ""associativvordes/family-index-v5/members/ru/40.json.gz"", ""family_id"": ""family:regul"", ""record_sha256"": ""27fe967bd56324dbeffcddda46ba9f59887ef7c8ef861a5911d4d635bea6436c""}, {""path"": ""associativvordes/family-index-v5/members/ru/43.json.gz"", ""family_id"": ""surface:ru:vka"", ""record_sha256"": ""660abcba81b0439d8da36527a31a098f56fbb1b008d4450c234269477cbc8fd1""}, {""path"": ""associativvordes/family-index-v5/members/ru/d3.json.gz"", ""family_id"": ""surface:ru:avtoregulirovk"", ""record_sha256"": ""f42c058fa1534c16546cf06e77e1619dc593fd8c1e58ef1738ede9dfebf7b558""}]"	"{""lemma_id"": ""lemma:32063fa6921c61fccfe4"", ""word"": ""авторегулировка"", ""normalized"": ""авторегулировка"", ""search_form"": ""avtoregulirovka"", ""rank"": 259692, ""frequency_score"": 0.11418598341100496, ""category_breakdown"": {""subtitles"": {""ipm_values"": [0.006538], ""category_ipm"": 0.006538, ""category_score"": 0.11418598341100496}}, ""sources"": [{""id"": ""subtitles/hermit_2018_ru_full_lemmatized_pymorphy3_ipm6.json"", ""file"": ""hermit_2018_ru_full_lemmatized_pymorphy3_ipm6.json"", ""category"": ""subtitles"", ""ipm"": 0.006538}], ""corpus_quality"": {""status"": ""accepted"", ""reasons"": []}, ""components"": [{""surface"": ""regul"", ""canonical_candidate"": ""regul"", ""confidence"": 0.97, ""evidence"": [{""type"": ""compound_morphology"", ""source"": ""allomorph_table"", ""path"": [""avtoregulirovka"", ""regul"", ""regul""], ""confidence"": 0.97}, {""type"": ""verified_seed_alias"", ""source"": ""methodology_control_seed"", ""path"": [""ru"", ""regul"", ""family:regul""], ""confidence"": 1}]}]}"
ru	lemma:32103b22d1302c59521a	психорегуляция	accepted	accepted	регулировать	aggregate_only_not_sense_frequency	"[{""path"": ""associativvordes/family-index-v5/members/ru/40.json.gz"", ""family_id"": ""family:regul"", ""record_sha256"": ""288454fa59ceb8fc7a4bda96fe12837775f056056036ce396054d30e1e1a1822""}, {""path"": ""associativvordes/family-index-v5/members/ru/b4.json.gz"", ""family_id"": ""surface:ru:psihoreguljacij"", ""record_sha256"": ""45f7a52a4ea86a05c59ad07a9b7b2f38f58147b97e8ba508be8921468ed2c355""}]"	"{""lemma_id"": ""lemma:32103b22d1302c59521a"", ""word"": ""психорегуляция"", ""normalized"": ""психорегуляция"", ""search_form"": ""psihoreguljacija"", ""rank"": 142855, ""frequency_score"": 1.434853915533099, ""category_breakdown"": {""web"": {""ipm_values"": [0.085335], ""category_ipm"": 0.085335, ""category_score"": 1.434853915533099}}, ""sources"": [{""id"": ""web/ruwac.out.gz.lpos-clean2-biwt.cleaned_recommended_min100_ipm6.json"", ""file"": ""ruwac.out.gz.lpos-clean2-biwt.cleaned_recommended_min100_ipm6.json"", ""category"": ""web"", ""ipm"": 0.085335}], ""corpus_quality"": {""status"": ""accepted"", ""reasons"": []}, ""components"": [{""surface"": ""regul"", ""canonical_candidate"": ""regul"", ""confidence"": 0.97, ""evidence"": [{""type"": ""compound_morphology"", ""source"": ""allomorph_table"", ""path"": [""psihoreguljacija"", ""regul"", ""regul""], ""confidence"": 0.97}, {""type"": ""verified_seed_alias"", ""source"": ""methodology_control_seed"", ""path"": [""ru"", ""regul"", ""family:regul""], ""confidence"": 1}]}]}"
ru	lemma:348a2200ffb7b2287647	энергорегулятор	uncertain	withheld_historical_uncertain		aggregate_only_not_sense_frequency	"[{""path"": ""associativvordes/family-index-v5/members/ru/40.json.gz"", ""family_id"": ""family:regul"", ""record_sha256"": ""50e8d0adcc50bdadcba2a170fb80513f92a765fea2cbfe550b5ebec60cab7bf0""}, {""path"": ""associativvordes/family-index-v5/members/ru/9d.json.gz"", ""family_id"": ""surface:ru:energor"", ""record_sha256"": ""835f78b80ae463d7231776f732f586dfb06ca51edf6f769e4610f2058b456075""}, {""path"": ""associativvordes/family-index-v5/members/ru/b4.json.gz"", ""family_id"": ""surface:ru:reguljator"", ""record_sha256"": ""8e1ebf04ce0f8767fce0487fdcc6085ae5bef8a2eabf31a24186e27c943c5c2e""}, {""path"": ""associativvordes/family-index-v5/members/ru/e0.json.gz"", ""family_id"": ""surface:ru:gore"", ""record_sha256"": ""1f1388398b8f84a26ce14648342ac24c996fd047aa257953ffca8e2c45bf6d65""}, {""path"": ""associativvordes/family-index-v5/members/ru/ea.json.gz"", ""family_id"": ""surface:ru:oreg"", ""record_sha256"": ""e62a71127884200fb604f6ea917a097e65f7dcd54c1c1d7b29a44e5ad4c80dd3""}]"	"{""lemma_id"": ""lemma:348a2200ffb7b2287647"", ""word"": ""энергорегулятор"", ""normalized"": ""энергорегулятор"", ""search_form"": ""energoreguljator"", ""rank"": 258458, ""frequency_score"": 0.22763266397269002, ""category_breakdown"": {""subtitles"": {""ipm_values"": [0.013076], ""category_ipm"": 0.013076, ""category_score"": 0.22763266397269002}}, ""sources"": [{""id"": ""subtitles/hermit_2018_ru_full_lemmatized_pymorphy3_ipm6.json"", ""file"": ""hermit_2018_ru_full_lemmatized_pymorphy3_ipm6.json"", ""category"": ""subtitles"", ""ipm"": 0.013076}], ""corpus_quality"": {""status"": ""accepted"", ""reasons"": []}, ""components"": [{""surface"": ""regul"", ""canonical_candidate"": ""regul"", ""confidence"": 0.97, ""evidence"": [{""type"": ""compound_morphology"", ""source"": ""allomorph_table"", ""path"": [""energoreguljator"", ""regul"", ""regul""], ""confidence"": 0.97}, {""type"": ""verified_seed_alias"", ""source"": ""methodology_control_seed"", ""path"": [""ru"", ""regul"", ""family:regul""], ""confidence"": 1}]}]}"
ru	lemma:379e94b8ce94f376d779	преголь	uncertain	not_admitted_candidate		aggregate_only_not_sense_frequency	"[{""path"": ""associativvordes/family-index-v5/members/ru/0d.json.gz"", ""family_id"": ""surface:ru:preg"", ""record_sha256"": ""17cf9beb74d80376233e3a28af6b5bf38ecc45c2569ed7f9bb0009ba304ceb8d""}, {""path"": ""associativvordes/family-index-v5/members/ru/b0.json.gz"", ""family_id"": ""surface:ru:egol"", ""record_sha256"": ""64c25559ea6acac7f80ad1d8025cbad06e5b03565077a660f834d09f306f5d23""}]"	"{""lemma_id"": ""lemma:379e94b8ce94f376d779"", ""word"": ""преголь"", ""normalized"": ""преголь"", ""search_form"": ""pregol"", ""rank"": 136836, ""frequency_score"": 1.5447260325874679, ""category_breakdown"": {""web"": {""ipm_values"": [0.092162], ""category_ipm"": 0.092162, ""category_score"": 1.5447260325874679}}, ""sources"": [{""id"": ""web/ruwac.out.gz.lpos-clean2-biwt.cleaned_recommended_min100_ipm6.json"", ""file"": ""ruwac.out.gz.lpos-clean2-biwt.cleaned_recommended_min100_ipm6.json"", ""category"": ""web"", ""ipm"": 0.092162}], ""corpus_quality"": {""status"": ""accepted"", ""reasons"": []}, ""components"": [{""surface"": ""preg"", ""canonical_candidate"": ""preg"", ""confidence"": 0.81, ""evidence"": [{""type"": ""compound_morphology"", ""source"": ""candidate_index"", ""path"": [""pregol"", ""preg"", ""preg""], ""confidence"": 0.81}]}]}"
ru	lemma:3808e28ed7ff782cdba6	регулак	uncertain	withheld_historical_uncertain		aggregate_only_not_sense_frequency	"[{""path"": ""associativvordes/family-index-v5/members/ru/40.json.gz"", ""family_id"": ""family:regul"", ""record_sha256"": ""313b2b85e76beffbc3bfcc014c0338cc1027eb9298d1bdec595e2eb4ef2cf904""}, {""path"": ""associativvordes/family-index-v5/members/ru/41.json.gz"", ""family_id"": ""surface:ru:regula"", ""record_sha256"": ""b7831288abd524fcc2e6342a91b1654f79e56591212fbb4f6ff7d82d46422e32""}, {""path"": ""associativvordes/family-index-v5/members/ru/91.json.gz"", ""family_id"": ""surface:ru:gulak"", ""record_sha256"": ""efa439c4806e6e203b63e24ecca09d38cd2ba80051fa3e0f14dd861b3b2e0768""}]"	"{""lemma_id"": ""lemma:3808e28ed7ff782cdba6"", ""word"": ""регулак"", ""normalized"": ""регулак"", ""search_form"": ""regulak"", ""rank"": 426337, ""frequency_score"": 0.11418598341100496, ""category_breakdown"": {""subtitles"": {""ipm_values"": [0.006538], ""category_ipm"": 0.006538, ""category_score"": 0.11418598341100496}}, ""sources"": [{""id"": ""subtitles/hermit_2018_ru_full_lemmatized_pymorphy3_ipm6.json"", ""file"": ""hermit_2018_ru_full_lemmatized_pymorphy3_ipm6.json"", ""category"": ""subtitles"", ""ipm"": 0.006538}], ""corpus_quality"": {""status"": ""accepted"", ""reasons"": []}, ""components"": [{""surface"": ""regul"", ""canonical_candidate"": ""regul"", ""confidence"": 1, ""evidence"": [{""type"": ""compound_morphology"", ""source"": ""allomorph_table"", ""path"": [""regulak"", ""regul"", ""regul""], ""confidence"": 1}, {""type"": ""verified_seed_alias"", ""source"": ""methodology_control_seed"", ""path"": [""ru"", ""regul"", ""family:regul""], ""confidence"": 1}]}]}"
ru	lemma:38b4be6adfeaf54ee2cb	реголит	excluded	not_admitted_candidate		aggregate_only_not_sense_frequency	"[{""path"": ""associativvordes/family-index-v5/members/ru/2c.json.gz"", ""family_id"": ""surface:ru:lit"", ""record_sha256"": ""2b9f97e669190ac1360006fbdde1f9fe8f7fdc4506fcec094271c9b4e7225056""}, {""path"": ""associativvordes/family-index-v5/members/ru/73.json.gz"", ""family_id"": ""surface:ru:reg"", ""record_sha256"": ""9bced3da3928f9ed421a83542222e7df09c53c43fe680223900fd536cb3d1678""}, {""path"": ""associativvordes/family-index-v5/members/ru/e1.json.gz"", ""family_id"": ""ety:e9e503e868ce"", ""record_sha256"": ""4314761e4e68374d7b9e99c0c1a1919178fd17c69f92e3fbc0acac07ea703605""}]"	"{""lemma_id"": ""lemma:38b4be6adfeaf54ee2cb"", ""word"": ""реголит"", ""normalized"": ""реголит"", ""search_form"": ""regolit"", ""rank"": 52605, ""frequency_score"": 2.3904252466034737, ""category_breakdown"": {""subtitles"": {""ipm_values"": [0.215764], ""category_ipm"": 0.215764, ""category_score"": 3.4233206771491678}, ""web"": {""ipm_values"": [0.080556], ""category_ipm"": 0.080556, ""category_score"": 1.3575298160577796}}, ""sources"": [{""id"": ""subtitles/hermit_2018_ru_full_lemmatized_pymorphy3_ipm6.json"", ""file"": ""hermit_2018_ru_full_lemmatized_pymorphy3_ipm6.json"", ""category"": ""subtitles"", ""ipm"": 0.215764}, {""id"": ""web/ruwac.out.gz.lpos-clean2-biwt.cleaned_recommended_min100_ipm6.json"", ""file"": ""ruwac.out.gz.lpos-clean2-biwt.cleaned_recommended_min100_ipm6.json"", ""category"": ""web"", ""ipm"": 0.080556}], ""corpus_quality"": {""status"": ""accepted"", ""reasons"": []}, ""components"": [{""surface"": ""lit"", ""canonical_candidate"": ""lit"", ""confidence"": 0.89, ""evidence"": [{""type"": ""compound_morphology"", ""source"": ""candidate_index"", ""path"": [""regolit"", ""lit"", ""lit""], ""confidence"": 0.89}]}]}"
ru	lemma:3bbf7c1286e2abd8efb4	регулируемый	accepted	accepted	регулировать	aggregate_only_not_sense_frequency	"[{""path"": ""associativvordes/family-index-v5/members/ru/40.json.gz"", ""family_id"": ""family:regul"", ""record_sha256"": ""6631aa6495f02ba13f3713d33a503d70b19f3dbe0d82a1423170672f5b1719f4""}, {""path"": ""associativvordes/family-index-v5/members/ru/e2.json.gz"", ""family_id"": ""surface:ru:reguliruem"", ""record_sha256"": ""f0d3a67ac6321cc62d8f54cc711e784ce59965fd62fe3212bb1b9814ea79f14c""}]"	"{""lemma_id"": ""lemma:3bbf7c1286e2abd8efb4"", ""word"": ""регулируемый"", ""normalized"": ""регулируемый"", ""search_form"": ""reguliruemyj"", ""rank"": 17224, ""frequency_score"": 24.370455982977195, ""category_breakdown"": {""normative"": {""ipm_values"": [3.907141], ""category_ipm"": 3.907141, ""category_score"": 27.872100193702977}, ""web"": {""ipm_values"": [2.29039], ""category_ipm"": 2.29039, ""category_score"": 20.868811772251412}}, ""sources"": [{""id"": ""normative/rnc-orig.out.lpos-clean2-biwt.cleaned_ipm6.json"", ""file"": ""rnc-orig.out.lpos-clean2-biwt.cleaned_ipm6.json"", ""category"": ""normative"", ""ipm"": 3.907141}, {""id"": ""web/ruwac.out.gz.lpos-clean2-biwt.cleaned_recommended_min100_ipm6.json"", ""file"": ""ruwac.out.gz.lpos-clean2-biwt.cleaned_recommended_min100_ipm6.json"", ""category"": ""web"", ""ipm"": 2.29039}], ""corpus_quality"": {""status"": ""accepted"", ""reasons"": []}, ""components"": [{""surface"": ""regul"", ""canonical_candidate"": ""regul"", ""confidence"": 0.97, ""evidence"": [{""type"": ""compound_morphology"", ""source"": ""allomorph_table"", ""path"": [""reguliruemyj"", ""regul"", ""regul""], ""confidence"": 0.97}, {""type"": ""verified_seed_alias"", ""source"": ""methodology_control_seed"", ""path"": [""ru"", ""regul"", ""family:regul""], ""confidence"": 1}]}]}"
ru	lemma:3f35073cc87dc0fe30c2	преголодный	uncertain	not_admitted_candidate		aggregate_only_not_sense_frequency	"[{""path"": ""associativvordes/family-index-v5/members/ru/f1.json.gz"", ""family_id"": ""surface:ru:pregolodn"", ""record_sha256"": ""bd03b47cc05d1d58e36a8b2b1801c51dd014b03aab9044928c9fdbe5ce0fec72""}]"	"{""lemma_id"": ""lemma:3f35073cc87dc0fe30c2"", ""word"": ""преголодный"", ""normalized"": ""преголодный"", ""search_form"": ""pregolodnyj"", ""rank"": 412842, ""frequency_score"": 0.11418598341100496, ""category_breakdown"": {""subtitles"": {""ipm_values"": [0.006538], ""category_ipm"": 0.006538, ""category_score"": 0.11418598341100496}}, ""sources"": [{""id"": ""subtitles/hermit_2018_ru_full_lemmatized_pymorphy3_ipm6.json"", ""file"": ""hermit_2018_ru_full_lemmatized_pymorphy3_ipm6.json"", ""category"": ""subtitles"", ""ipm"": 0.006538}], ""corpus_quality"": {""status"": ""accepted"", ""reasons"": []}, ""components"": [{""surface"": ""pregolodn"", ""canonical_candidate"": ""pregolodn"", ""confidence"": 0.89, ""evidence"": [{""type"": ""compound_morphology"", ""source"": ""candidate_index"", ""path"": [""pregolodnyj"", ""pregolodn"", ""pregolodn""], ""confidence"": 0.89}]}]}"
ru	lemma:41d837b933ffa8263d9c	саморегулирование	accepted	accepted	регулировать	aggregate_only_not_sense_frequency	"[{""path"": ""associativvordes/family-index-v5/members/ru/40.json.gz"", ""family_id"": ""family:regul"", ""record_sha256"": ""4589517660782d2c099cb1a633a6541b48b4c49edf8b60081cd9fefd8bc758b2""}, {""path"": ""associativvordes/family-index-v5/members/ru/62.json.gz"", ""family_id"": ""surface:ru:samoregulirovani"", ""record_sha256"": ""a7981a478f5b1559d9146b9707737ab0ecf47dc2ec782db17de9174e0d493598""}]"	"{""lemma_id"": ""lemma:41d837b933ffa8263d9c"", ""word"": ""саморегулирование"", ""normalized"": ""саморегулирование"", ""search_form"": ""samoregulirovanie"", ""rank"": 30106, ""frequency_score"": 8.691025893902427, ""category_breakdown"": {""subtitles"": {""ipm_values"": [0.052307], ""category_ipm"": 0.052307, ""category_score"": 0.8933574869375325}, ""normative"": {""ipm_values"": [0.731616], ""category_ipm"": 0.731616, ""category_score"": 9.620544392555194}, ""web"": {""ipm_values"": [1.430214], ""category_ipm"": 1.430214, ""category_score"": 15.559175802214554}}, ""sources"": [{""id"": ""normative/rnc-orig.out.lpos-clean2-biwt.cleaned_ipm6.json"", ""file"": ""rnc-orig.out.lpos-clean2-biwt.cleaned_ipm6.json"", ""category"": ""normative"", ""ipm"": 0.731616}, {""id"": ""subtitles/hermit_2018_ru_full_lemmatized_pymorphy3_ipm6.json"", ""file"": ""hermit_2018_ru_full_lemmatized_pymorphy3_ipm6.json"", ""category"": ""subtitles"", ""ipm"": 0.052307}, {""id"": ""web/ruwac.out.gz.lpos-clean2-biwt.cleaned_recommended_min100_ipm6.json"", ""file"": ""ruwac.out.gz.lpos-clean2-biwt.cleaned_recommended_min100_ipm6.json"", ""category"": ""web"", ""ipm"": 1.430214}], ""corpus_quality"": {""status"": ""accepted"", ""reasons"": []}, ""components"": [{""surface"": ""regul"", ""canonical_candidate"": ""regul"", ""confidence"": 0.97, ""evidence"": [{""type"": ""compound_morphology"", ""source"": ""allomorph_table"", ""path"": [""samoregulirovanie"", ""regul"", ""regul""], ""confidence"": 0.97}, {""type"": ""verified_seed_alias"", ""source"": ""methodology_control_seed"", ""path"": [""ru"", ""regul"", ""family:regul""], ""confidence"": 1}]}]}"
ru	lemma:45e25ce554797f54514f	саморегулируемый	accepted	accepted	регулировать	aggregate_only_not_sense_frequency	"[{""path"": ""associativvordes/family-index-v5/members/ru/40.json.gz"", ""family_id"": ""family:regul"", ""record_sha256"": ""559b17e90f3366f5682a793af66b00c72a54a6258a309fd295563223779ec326""}, {""path"": ""associativvordes/family-index-v5/members/ru/96.json.gz"", ""family_id"": ""surface:ru:samoreguliruem"", ""record_sha256"": ""54efa6a6d9944b4b6ae9aee2aa7c14a4cf0088423dc9ca8e7c90447971a125e8""}]"	"{""lemma_id"": ""lemma:45e25ce554797f54514f"", ""word"": ""саморегулируемый"", ""normalized"": ""саморегулируемый"", ""search_form"": ""samoreguliruemyj"", ""rank"": 18911, ""frequency_score"": 12.535382438650775, ""category_breakdown"": {""subtitles"": {""ipm_values"": [0.019614], ""category_ipm"": 0.019614, ""category_score"": 0.34034955344013024}, ""normative"": {""ipm_values"": [1.058508], ""category_ipm"": 1.058508, ""category_score"": 12.650560705033673}, ""web"": {""ipm_values"": [3.074788], ""category_ipm"": 3.074788, ""category_score"": 24.615237057478517}}, ""sources"": [{""id"": ""normative/rnc-orig.out.lpos-clean2-biwt.cleaned_ipm6.json"", ""file"": ""rnc-orig.out.lpos-clean2-biwt.cleaned_ipm6.json"", ""category"": ""normative"", ""ipm"": 1.058508}, {""id"": ""subtitles/hermit_2018_ru_full_lemmatized_pymorphy3_ipm6.json"", ""file"": ""hermit_2018_ru_full_lemmatized_pymorphy3_ipm6.json"", ""category"": ""subtitles"", ""ipm"": 0.019614}, {""id"": ""web/ruwac.out.gz.lpos-clean2-biwt.cleaned_recommended_min100_ipm6.json"", ""file"": ""ruwac.out.gz.lpos-clean2-biwt.cleaned_recommended_min100_ipm6.json"", ""category"": ""web"", ""ipm"": 3.074788}], ""corpus_quality"": {""status"": ""accepted"", ""reasons"": []}, ""components"": [{""surface"": ""regul"", ""canonical_candidate"": ""regul"", ""confidence"": 0.97, ""evidence"": [{""type"": ""compound_morphology"", ""source"": ""allomorph_table"", ""path"": [""samoreguliruemyj"", ""regul"", ""regul""], ""confidence"": 0.97}, {""type"": ""verified_seed_alias"", ""source"": ""methodology_control_seed"", ""path"": [""ru"", ""regul"", ""family:regul""], ""confidence"": 1}]}]}"
ru	lemma:48cfea69c291374c2b39	урегулировочный	accepted	accepted	регулировать	aggregate_only_not_sense_frequency	"[{""path"": ""associativvordes/family-index-v5/members/ru/9b.json.gz"", ""family_id"": ""surface:ru:uregulirovochn"", ""record_sha256"": ""ecb231f8c174d633c36834b1f461360b08d87c93b6dff8f3b442008f5d9c7159""}]"	"{""lemma_id"": ""lemma:48cfea69c291374c2b39"", ""word"": ""урегулировочный"", ""normalized"": ""урегулировочный"", ""search_form"": ""uregulirovochnyj"", ""rank"": 466279, ""frequency_score"": 0.11418598341100496, ""category_breakdown"": {""subtitles"": {""ipm_values"": [0.006538], ""category_ipm"": 0.006538, ""category_score"": 0.11418598341100496}}, ""sources"": [{""id"": ""subtitles/hermit_2018_ru_full_lemmatized_pymorphy3_ipm6.json"", ""file"": ""hermit_2018_ru_full_lemmatized_pymorphy3_ipm6.json"", ""category"": ""subtitles"", ""ipm"": 0.006538}], ""corpus_quality"": {""status"": ""accepted"", ""reasons"": []}, ""components"": [{""surface"": ""uregulirovochn"", ""canonical_candidate"": ""uregulirovochn"", ""confidence"": 0.89, ""evidence"": [{""type"": ""compound_morphology"", ""source"": ""candidate_index"", ""path"": [""uregulirovochnyj"", ""uregulirovochn"", ""uregulirovochn""], ""confidence"": 0.89}]}]}"
ru	lemma:493c1300f1155be55320	регулярка	uncertain	withheld_historical_uncertain		aggregate_only_not_sense_frequency	"[{""path"": ""associativvordes/family-index-v5/members/ru/40.json.gz"", ""family_id"": ""family:regul"", ""record_sha256"": ""27ce45a60be7fc7c64082f5c26d3d5f4a095f1383045cdd5ffab2a804339e70b""}, {""path"": ""associativvordes/family-index-v5/members/ru/58.json.gz"", ""family_id"": ""surface:ru:reguljark"", ""record_sha256"": ""f6ea9f555455ddfac237dfb964ff046e55f108c078d18702d67f7baed8e1c426""}, {""path"": ""associativvordes/family-index-v5/members/ru/e8.json.gz"", ""family_id"": ""surface:ru:arka"", ""record_sha256"": ""fc5865137a5e3904ab07e4d614eb66fcb495e86974093d22a109a81167e411f8""}]"	"{""lemma_id"": ""lemma:493c1300f1155be55320"", ""word"": ""регулярка"", ""normalized"": ""регулярка"", ""search_form"": ""reguljarka"", ""rank"": 88524, ""frequency_score"": 1.6745104025199042, ""category_breakdown"": {""subtitles"": {""ipm_values"": [0.006538], ""category_ipm"": 0.006538, ""category_score"": 0.11418598341100496}, ""web"": {""ipm_values"": [0.202756], ""category_ipm"": 0.202756, ""category_score"": 3.2348348216288034}}, ""sources"": [{""id"": ""subtitles/hermit_2018_ru_full_lemmatized_pymorphy3_ipm6.json"", ""file"": ""hermit_2018_ru_full_lemmatized_pymorphy3_ipm6.json"", ""category"": ""subtitles"", ""ipm"": 0.006538}, {""id"": ""web/ruwac.out.gz.lpos-clean2-biwt.cleaned_recommended_min100_ipm6.json"", ""file"": ""ruwac.out.gz.lpos-clean2-biwt.cleaned_recommended_min100_ipm6.json"", ""category"": ""web"", ""ipm"": 0.202756}], ""corpus_quality"": {""status"": ""accepted"", ""reasons"": []}, ""components"": [{""surface"": ""regul"", ""canonical_candidate"": ""regul"", ""confidence"": 0.97, ""evidence"": [{""type"": ""compound_morphology"", ""source"": ""allomorph_table"", ""path"": [""reguljarka"", ""regul"", ""regul""], ""confidence"": 0.97}, {""type"": ""verified_seed_alias"", ""source"": ""methodology_control_seed"", ""path"": [""ru"", ""regul"", ""family:regul""], ""confidence"": 1}]}]}"
ru	lemma:4aa844c78bc6816bb121	регуляность	uncertain	withheld_historical_uncertain		aggregate_only_not_sense_frequency	"[{""path"": ""associativvordes/family-index-v5/members/ru/40.json.gz"", ""family_id"": ""family:regul"", ""record_sha256"": ""e46d72a9513c49da1ac0ef808ee37fb3aca8e3810b4e1451368d7e8352a95180""}, {""path"": ""associativvordes/family-index-v5/members/ru/d7.json.gz"", ""family_id"": ""surface:ru:reguljan"", ""record_sha256"": ""09b01a5705bd06d881f2a3123f70499df7e2af4bcff6ad452bdafb14a7df7918""}, {""path"": ""associativvordes/family-index-v5/members/ru/e9.json.gz"", ""family_id"": ""surface:ru:jano"", ""record_sha256"": ""64ccad0cf9789433323aaeaf5dddeacfb752788d8d9b1324d15459377556578b""}]"	"{""lemma_id"": ""lemma:4aa844c78bc6816bb121"", ""word"": ""регуляность"", ""normalized"": ""регуляность"", ""search_form"": ""reguljanost"", ""rank"": 426341, ""frequency_score"": 0.11418598341100496, ""category_breakdown"": {""subtitles"": {""ipm_values"": [0.006538], ""category_ipm"": 0.006538, ""category_score"": 0.11418598341100496}}, ""sources"": [{""id"": ""subtitles/hermit_2018_ru_full_lemmatized_pymorphy3_ipm6.json"", ""file"": ""hermit_2018_ru_full_lemmatized_pymorphy3_ipm6.json"", ""category"": ""subtitles"", ""ipm"": 0.006538}], ""corpus_quality"": {""status"": ""accepted"", ""reasons"": []}, ""components"": [{""surface"": ""regul"", ""canonical_candidate"": ""regul"", ""confidence"": 0.97, ""evidence"": [{""type"": ""compound_morphology"", ""source"": ""allomorph_table"", ""path"": [""reguljanost"", ""regul"", ""regul""], ""confidence"": 0.97}, {""type"": ""verified_seed_alias"", ""source"": ""methodology_control_seed"", ""path"": [""ru"", ""regul"", ""family:regul""], ""confidence"": 1}]}]}"
ru	lemma:4dc1c99c58ea8e4da2c4	регулировщица	accepted	accepted	регулировать	aggregate_only_not_sense_frequency	"[{""path"": ""associativvordes/family-index-v5/members/ru/40.json.gz"", ""family_id"": ""family:regul"", ""record_sha256"": ""45da19bd4cbae4e14cd772211a7aad5d77de28cf6c1e200261dfb25be2a480a0""}, {""path"": ""associativvordes/family-index-v5/members/ru/44.json.gz"", ""family_id"": ""surface:ru:regulirovshchic"", ""record_sha256"": ""d0e27a9cc9588ce4f2f5e3cea40db86abc7d0c5d13216564c65e297061d88a94""}, {""path"": ""associativvordes/family-index-v5/members/ru/e6.json.gz"", ""family_id"": ""surface:ru:ica"", ""record_sha256"": ""5dde34caf7e5073257e9877ae8f33e3643fcf6453e3c2150828971300930b654""}]"	"{""lemma_id"": ""lemma:4dc1c99c58ea8e4da2c4"", ""word"": ""регулировщица"", ""normalized"": ""регулировщица"", ""search_form"": ""regulirovshchica"", ""rank"": 114885, ""frequency_score"": 0.78413665836016, ""category_breakdown"": {""subtitles"": {""ipm_values"": [0.045768], ""category_ipm"": 0.045768, ""category_score"": 0.78413665836016}}, ""sources"": [{""id"": ""subtitles/hermit_2018_ru_full_lemmatized_pymorphy3_ipm6.json"", ""file"": ""hermit_2018_ru_full_lemmatized_pymorphy3_ipm6.json"", ""category"": ""subtitles"", ""ipm"": 0.045768}], ""corpus_quality"": {""status"": ""accepted"", ""reasons"": []}, ""components"": [{""surface"": ""regul"", ""canonical_candidate"": ""regul"", ""confidence"": 0.97, ""evidence"": [{""type"": ""compound_morphology"", ""source"": ""allomorph_table"", ""path"": [""regulirovshchica"", ""regul"", ""regul""], ""confidence"": 0.97}, {""type"": ""verified_seed_alias"", ""source"": ""methodology_control_seed"", ""path"": [""ru"", ""regul"", ""family:regul""], ""confidence"": 1}]}]}"
ru	lemma:4eafdb5478a7cc210b5c	саморегулироваться	accepted	accepted	регулировать	aggregate_only_not_sense_frequency	"[{""path"": ""associativvordes/family-index-v5/members/ru/40.json.gz"", ""family_id"": ""family:regul"", ""record_sha256"": ""be0f8aa2d3c673c65595f5d62e46f2078e782928785e132c0be00ee2d5a93b41""}, {""path"": ""associativvordes/family-index-v5/members/ru/b0.json.gz"", ""family_id"": ""surface:ru:samoregulirovatsj"", ""record_sha256"": ""3334a1585c06fc84adb7fac9d9db0d7c872224a52a9f3b56cf81eb064185c1d9""}]"	"{""lemma_id"": ""lemma:4eafdb5478a7cc210b5c"", ""word"": ""саморегулироваться"", ""normalized"": ""саморегулироваться"", ""search_form"": ""samoregulirovatsja"", ""rank"": 94295, ""frequency_score"": 1.513918950841749, ""category_breakdown"": {""subtitles"": {""ipm_values"": [0.006538], ""category_ipm"": 0.006538, ""category_score"": 0.11418598341100496}, ""web"": {""ipm_values"": [0.18091], ""category_ipm"": 0.18091, ""category_score"": 2.913651918272493}}, ""sources"": [{""id"": ""subtitles/hermit_2018_ru_full_lemmatized_pymorphy3_ipm6.json"", ""file"": ""hermit_2018_ru_full_lemmatized_pymorphy3_ipm6.json"", ""category"": ""subtitles"", ""ipm"": 0.006538}, {""id"": ""web/ruwac.out.gz.lpos-clean2-biwt.cleaned_recommended_min100_ipm6.json"", ""file"": ""ruwac.out.gz.lpos-clean2-biwt.cleaned_recommended_min100_ipm6.json"", ""category"": ""web"", ""ipm"": 0.18091}], ""corpus_quality"": {""status"": ""accepted"", ""reasons"": []}, ""components"": [{""surface"": ""regul"", ""canonical_candidate"": ""regul"", ""confidence"": 0.97, ""evidence"": [{""type"": ""compound_morphology"", ""source"": ""allomorph_table"", ""path"": [""samoregulirovatsja"", ""regul"", ""regul""], ""confidence"": 0.97}, {""type"": ""verified_seed_alias"", ""source"": ""methodology_control_seed"", ""path"": [""ru"", ""regul"", ""family:regul""], ""confidence"": 1}]}]}"
ru	lemma:4f173b284cb71bc40530	саморегуляция	accepted	accepted	регулировать	aggregate_only_not_sense_frequency	"[{""path"": ""associativvordes/family-index-v5/members/ru/3f.json.gz"", ""family_id"": ""surface:ru:samoreguljacij"", ""record_sha256"": ""b583ef6aae482af16d7b2961d117092f4313ce56406b1c8ea445d568f4fa11b5""}, {""path"": ""associativvordes/family-index-v5/members/ru/40.json.gz"", ""family_id"": ""family:regul"", ""record_sha256"": ""2a379fb5296cb567c760ae773579b8bf188be15c10299fb91c6fa2f051167a2a""}]"	"{""lemma_id"": ""lemma:4f173b284cb71bc40530"", ""word"": ""саморегуляция"", ""normalized"": ""саморегуляция"", ""search_form"": ""samoreguljacija"", ""rank"": 20655, ""frequency_score"": 14.349460306148899, ""category_breakdown"": {""subtitles"": {""ipm_values"": [0.045769], ""category_ipm"": 0.045769, ""category_score"": 0.7841534135047656}, ""normative"": {""ipm_values"": [2.942031], ""category_ipm"": 2.942031, ""category_score"": 24.03486193705733}, ""web"": {""ipm_values"": [1.830264], ""category_ipm"": 1.830264, ""category_score"": 18.229365567884592}}, ""sources"": [{""id"": ""normative/rnc-orig.out.lpos-clean2-biwt.cleaned_ipm6.json"", ""file"": ""rnc-orig.out.lpos-clean2-biwt.cleaned_ipm6.json"", ""category"": ""normative"", ""ipm"": 2.942031}, {""id"": ""subtitles/hermit_2018_ru_full_lemmatized_pymorphy3_ipm6.json"", ""file"": ""hermit_2018_ru_full_lemmatized_pymorphy3_ipm6.json"", ""category"": ""subtitles"", ""ipm"": 0.045769}, {""id"": ""web/ruwac.out.gz.lpos-clean2-biwt.cleaned_recommended_min100_ipm6.json"", ""file"": ""ruwac.out.gz.lpos-clean2-biwt.cleaned_recommended_min100_ipm6.json"", ""category"": ""web"", ""ipm"": 1.830264}], ""corpus_quality"": {""status"": ""accepted"", ""reasons"": []}, ""components"": [{""surface"": ""samoreguljacij"", ""canonical_candidate"": ""samoreguljacij"", ""confidence"": 0.92, ""evidence"": [{""type"": ""morphological_parse"", ""source"": ""candidate_index"", ""path"": [""samoreguljacija"", ""samoreguljacij"", ""samoreguljacij""], ""confidence"": 0.92}]}]}"
ru	lemma:4f4a5e772bce3e0488b2	поурегулирование	uncertain	withheld_historical_uncertain		aggregate_only_not_sense_frequency	"[{""path"": ""associativvordes/family-index-v5/members/ru/40.json.gz"", ""family_id"": ""family:regul"", ""record_sha256"": ""eb3dcf198d5e2bc337c385470172af76ed032b5e04ecad992b9328866b666cb0""}, {""path"": ""associativvordes/family-index-v5/members/ru/90.json.gz"", ""family_id"": ""surface:ru:pouregulirovani"", ""record_sha256"": ""d505d7f6c54e067e8c3f08593be9e9b680090e5ba6d9b77ee3469c2566566975""}]"	"{""lemma_id"": ""lemma:4f4a5e772bce3e0488b2"", ""word"": ""поурегулирование"", ""normalized"": ""поурегулирование"", ""search_form"": ""pouregulirovanie"", ""rank"": 411572, ""frequency_score"": 0.11418598341100496, ""category_breakdown"": {""subtitles"": {""ipm_values"": [0.006538], ""category_ipm"": 0.006538, ""category_score"": 0.11418598341100496}}, ""sources"": [{""id"": ""subtitles/hermit_2018_ru_full_lemmatized_pymorphy3_ipm6.json"", ""file"": ""hermit_2018_ru_full_lemmatized_pymorphy3_ipm6.json"", ""category"": ""subtitles"", ""ipm"": 0.006538}], ""corpus_quality"": {""status"": ""accepted"", ""reasons"": []}, ""components"": [{""surface"": ""regul"", ""canonical_candidate"": ""regul"", ""confidence"": 0.97, ""evidence"": [{""type"": ""compound_morphology"", ""source"": ""allomorph_table"", ""path"": [""pouregulirovanie"", ""regul"", ""regul""], ""confidence"": 0.97}, {""type"": ""verified_seed_alias"", ""source"": ""methodology_control_seed"", ""path"": [""ru"", ""regul"", ""family:regul""], ""confidence"": 1}]}]}"
ru	lemma:4f9afb6963394f211247	дерегулирование	accepted	accepted	регулировать	aggregate_only_not_sense_frequency	"[{""path"": ""associativvordes/family-index-v5/members/ru/40.json.gz"", ""family_id"": ""family:regul"", ""record_sha256"": ""2344646b865d804b2fc858fa21ad00011f9ba930a5ab8ed7b3f94c30be6e409f""}, {""path"": ""associativvordes/family-index-v5/members/ru/e1.json.gz"", ""family_id"": ""surface:ru:deregulirovani"", ""record_sha256"": ""41abbacecf5a3da51c7d2780334bfaa7e2036b00202447ecb34c0dd05ace40bc""}]"	"{""lemma_id"": ""lemma:4f9afb6963394f211247"", ""word"": ""дерегулирование"", ""normalized"": ""дерегулирование"", ""search_form"": ""deregulirovanie"", ""rank"": 41991, ""frequency_score"": 4.648289843516056, ""category_breakdown"": {""subtitles"": {""ipm_values"": [0.045768], ""category_ipm"": 0.045768, ""category_score"": 0.78413665836016}, ""normative"": {""ipm_values"": [0.747182], ""category_ipm"": 0.747182, ""category_score"": 9.777351031119984}, ""web"": {""ipm_values"": [0.212996], ""category_ipm"": 0.212996, ""category_score"": 3.3833818410680236}}, ""sources"": [{""id"": ""normative/rnc-orig.out.lpos-clean2-biwt.cleaned_ipm6.json"", ""file"": ""rnc-orig.out.lpos-clean2-biwt.cleaned_ipm6.json"", ""category"": ""normative"", ""ipm"": 0.747182}, {""id"": ""subtitles/hermit_2018_ru_full_lemmatized_pymorphy3_ipm6.json"", ""file"": ""hermit_2018_ru_full_lemmatized_pymorphy3_ipm6.json"", ""category"": ""subtitles"", ""ipm"": 0.045768}, {""id"": ""web/ruwac.out.gz.lpos-clean2-biwt.cleaned_recommended_min100_ipm6.json"", ""file"": ""ruwac.out.gz.lpos-clean2-biwt.cleaned_recommended_min100_ipm6.json"", ""category"": ""web"", ""ipm"": 0.212996}], ""corpus_quality"": {""status"": ""accepted"", ""reasons"": []}, ""components"": [{""surface"": ""regul"", ""canonical_candidate"": ""regul"", ""confidence"": 0.97, ""evidence"": [{""type"": ""compound_morphology"", ""source"": ""allomorph_table"", ""path"": [""deregulirovanie"", ""regul"", ""regul""], ""confidence"": 0.97}, {""type"": ""verified_seed_alias"", ""source"": ""methodology_control_seed"", ""path"": [""ru"", ""regul"", ""family:regul""], ""confidence"": 1}]}]}"
ru	lemma:4fed1d01c8dd66f38ed2	терморегулируемый	accepted	accepted	регулировать	aggregate_only_not_sense_frequency	"[{""path"": ""associativvordes/family-index-v5/members/ru/40.json.gz"", ""family_id"": ""family:regul"", ""record_sha256"": ""d409c836382323e7921ff435bd157bb2eeaa69b823bbb5d3436e0035fd953025""}, {""path"": ""associativvordes/family-index-v5/members/ru/b7.json.gz"", ""family_id"": ""surface:ru:termoreguliruem"", ""record_sha256"": ""87d1c4122d2f0b9c8af86e08298733fb520fbe54562dbf2ebf14382033489616""}]"	"{""lemma_id"": ""lemma:4fed1d01c8dd66f38ed2"", ""word"": ""терморегулируемый"", ""normalized"": ""терморегулируемый"", ""search_form"": ""termoreguliruemyj"", ""rank"": 184845, ""frequency_score"": 0.34036673836878834, ""category_breakdown"": {""subtitles"": {""ipm_values"": [0.019615], ""category_ipm"": 0.019615, ""category_score"": 0.34036673836878834}}, ""sources"": [{""id"": ""subtitles/hermit_2018_ru_full_lemmatized_pymorphy3_ipm6.json"", ""file"": ""hermit_2018_ru_full_lemmatized_pymorphy3_ipm6.json"", ""category"": ""subtitles"", ""ipm"": 0.019615}], ""corpus_quality"": {""status"": ""accepted"", ""reasons"": []}, ""components"": [{""surface"": ""regul"", ""canonical_candidate"": ""regul"", ""confidence"": 0.97, ""evidence"": [{""type"": ""compound_morphology"", ""source"": ""allomorph_table"", ""path"": [""termoreguliruemyj"", ""regul"", ""regul""], ""confidence"": 0.97}, {""type"": ""verified_seed_alias"", ""source"": ""methodology_control_seed"", ""path"": [""ru"", ""regul"", ""family:regul""], ""confidence"": 1}]}]}"
ru	lemma:5017fb10961e382ec714	регулярно	uncertain	withheld_historical_uncertain		aggregate_only_not_sense_frequency	"[{""path"": ""associativvordes/family-index-v5/members/ru/23.json.gz"", ""family_id"": ""surface:ru:reguljar"", ""record_sha256"": ""76045dc236ade075d69cf1a1582e8b9ed99a3ab061f8fe1239dadbc00ee68c40""}, {""path"": ""associativvordes/family-index-v5/members/ru/40.json.gz"", ""family_id"": ""family:regul"", ""record_sha256"": ""e95d2cbd562c9c57f2e80bd1dea84a922f336c1f298b878e46f376f237ca8b34""}, {""path"": ""associativvordes/family-index-v5/members/ru/87.json.gz"", ""family_id"": ""surface:ru:arno"", ""record_sha256"": ""30132de8d913ccdc1fc0df6ec986172851202343f6e767dfadeb0e7c7137d41a""}]"	"{""lemma_id"": ""lemma:5017fb10961e382ec714"", ""word"": ""регулярно"", ""normalized"": ""регулярно"", ""search_form"": ""reguljarno"", ""rank"": 2967, ""frequency_score"": 54.7625062891713, ""category_breakdown"": {""subtitles"": {""ipm_values"": [7.081003], ""category_ipm"": 7.081003, ""category_score"": 36.61250442975921}, ""normative"": {""ipm_values"": [33.374149], ""category_ipm"": 33.374149, ""category_score"": 61.98066333439422}, ""web"": {""ipm_values"": [41.489163], ""category_ipm"": 41.489163, ""category_score"": 65.69435110336043}}, ""sources"": [{""id"": ""normative/rnc-orig.out.lpos-clean2-biwt.cleaned_ipm6.json"", ""file"": ""rnc-orig.out.lpos-clean2-biwt.cleaned_ipm6.json"", ""category"": ""normative"", ""ipm"": 33.374149}, {""id"": ""subtitles/hermit_2018_ru_full_lemmatized_pymorphy3_ipm6.json"", ""file"": ""hermit_2018_ru_full_lemmatized_pymorphy3_ipm6.json"", ""category"": ""subtitles"", ""ipm"": 7.081003}, {""id"": ""web/ruwac.out.gz.lpos-clean2-biwt.cleaned_recommended_min100_ipm6.json"", ""file"": ""ruwac.out.gz.lpos-clean2-biwt.cleaned_recommended_min100_ipm6.json"", ""category"": ""web"", ""ipm"": 41.489163}], ""corpus_quality"": {""status"": ""accepted"", ""reasons"": []}, ""components"": [{""surface"": ""reguljar"", ""canonical_candidate"": ""reguljar"", ""confidence"": 0.89, ""evidence"": [{""type"": ""compound_morphology"", ""source"": ""candidate_index"", ""path"": [""reguljarno"", ""reguljar"", ""reguljar""], ""confidence"": 0.89}]}]}"
ru	lemma:51f09b90f14b2fb49851	регул	uncertain	withheld_historical_uncertain		aggregate_only_not_sense_frequency	"[{""path"": ""associativvordes/family-index-v5/members/ru/40.json.gz"", ""family_id"": ""family:regul"", ""record_sha256"": ""642be35336bd7b3ba7868e8163dee677b60b92c2788cabd7619b4ab9fd80bd79""}]"	"{""lemma_id"": ""lemma:51f09b90f14b2fb49851"", ""word"": ""регул"", ""normalized"": ""регул"", ""search_form"": ""regul"", ""rank"": 73510, ""frequency_score"": 2.485838139528828, ""category_breakdown"": {""subtitles"": {""ipm_values"": [0.032692], ""category_ipm"": 0.032692, ""category_score"": 0.5636650334314127}, ""web"": {""ipm_values"": [0.286043], ""category_ipm"": 0.286043, ""category_score"": 4.408011245626243}}, ""sources"": [{""id"": ""subtitles/hermit_2018_ru_full_lemmatized_pymorphy3_ipm6.json"", ""file"": ""hermit_2018_ru_full_lemmatized_pymorphy3_ipm6.json"", ""category"": ""subtitles"", ""ipm"": 0.032692}, {""id"": ""web/ruwac.out.gz.lpos-clean2-biwt.cleaned_recommended_min100_ipm6.json"", ""file"": ""ruwac.out.gz.lpos-clean2-biwt.cleaned_recommended_min100_ipm6.json"", ""category"": ""web"", ""ipm"": 0.286043}], ""corpus_quality"": {""status"": ""accepted"", ""reasons"": []}, ""components"": [{""surface"": ""regul"", ""canonical_candidate"": ""regul"", ""confidence"": 1, ""evidence"": [{""type"": ""morphological_parse"", ""source"": ""allomorph_table"", ""path"": [""regul"", ""regul"", ""regul""], ""confidence"": 1}, {""type"": ""verified_seed_alias"", ""source"": ""methodology_control_seed"", ""path"": [""ru"", ""regul"", ""family:regul""], ""confidence"": 1}]}]}"
ru	lemma:5497bc2753db7c66dbf3	фреголь	uncertain	not_admitted_candidate		aggregate_only_not_sense_frequency	"[{""path"": ""associativvordes/family-index-v5/members/ru/67.json.gz"", ""family_id"": ""surface:ru:freg"", ""record_sha256"": ""f0bfc5240e78048e1a0ef379c57d61e551b267f68a9b4dcef62f999b30dd71d3""}, {""path"": ""associativvordes/family-index-v5/members/ru/b0.json.gz"", ""family_id"": ""surface:ru:egol"", ""record_sha256"": ""b9a1d56b56b287c8f4542bf68cafd2899a09d65a9f7176329ee7977eade129b2""}]"	"{""lemma_id"": ""lemma:5497bc2753db7c66dbf3"", ""word"": ""фреголь"", ""normalized"": ""фреголь"", ""search_form"": ""fregol"", ""rank"": 186746, ""frequency_score"": 0.34036673836878834, ""category_breakdown"": {""subtitles"": {""ipm_values"": [0.019615], ""category_ipm"": 0.019615, ""category_score"": 0.34036673836878834}}, ""sources"": [{""id"": ""subtitles/hermit_2018_ru_full_lemmatized_pymorphy3_ipm6.json"", ""file"": ""hermit_2018_ru_full_lemmatized_pymorphy3_ipm6.json"", ""category"": ""subtitles"", ""ipm"": 0.019615}], ""corpus_quality"": {""status"": ""accepted"", ""reasons"": []}, ""components"": [{""surface"": ""freg"", ""canonical_candidate"": ""freg"", ""confidence"": 0.81, ""evidence"": [{""type"": ""compound_morphology"", ""source"": ""candidate_index"", ""path"": [""fregol"", ""freg"", ""freg""], ""confidence"": 0.81}]}]}"
ru	lemma:54c410ea88d2cba39b6c	регулировать	accepted	accepted	регулировать	aggregate_only_not_sense_frequency	"[{""path"": ""associativvordes/family-index-v5/members/ru/40.json.gz"", ""family_id"": ""family:regul"", ""record_sha256"": ""f9bb02f664ca29132fc130cd796919004ad4ea270e17ae06a7aa67eeee98b0c5""}, {""path"": ""associativvordes/family-index-v5/members/ru/94.json.gz"", ""family_id"": ""surface:ru:regulirov"", ""record_sha256"": ""6fc37ee71e172f6bb41f1e0cb65f8615855a4237651394627d9af77d0013b07c""}]"	"{""lemma_id"": ""lemma:54c410ea88d2cba39b6c"", ""word"": ""регулировать"", ""normalized"": ""регулировать"", ""search_form"": ""regulirovat"", ""rank"": 3879, ""frequency_score"": 47.22521087436276, ""category_breakdown"": {""subtitles"": {""ipm_values"": [2.739558], ""category_ipm"": 2.739558, ""category_score"": 23.110950401135707}, ""normative"": {""ipm_values"": [30.33872], ""category_ipm"": 30.33872, ""category_score"": 60.36074710169316}, ""web"": {""ipm_values"": [26.709152], ""category_ipm"": 26.709152, ""category_score"": 58.203935120259395}}, ""sources"": [{""id"": ""normative/rnc-orig.out.lpos-clean2-biwt.cleaned_ipm6.json"", ""file"": ""rnc-orig.out.lpos-clean2-biwt.cleaned_ipm6.json"", ""category"": ""normative"", ""ipm"": 30.33872}, {""id"": ""subtitles/hermit_2018_ru_full_lemmatized_pymorphy3_ipm6.json"", ""file"": ""hermit_2018_ru_full_lemmatized_pymorphy3_ipm6.json"", ""category"": ""subtitles"", ""ipm"": 2.739558}, {""id"": ""web/ruwac.out.gz.lpos-clean2-biwt.cleaned_recommended_min100_ipm6.json"", ""file"": ""ruwac.out.gz.lpos-clean2-biwt.cleaned_recommended_min100_ipm6.json"", ""category"": ""web"", ""ipm"": 26.709152}], ""corpus_quality"": {""status"": ""accepted"", ""reasons"": []}, ""components"": [{""surface"": ""regul"", ""canonical_candidate"": ""regul"", ""confidence"": 0.97, ""evidence"": [{""type"": ""compound_morphology"", ""source"": ""allomorph_table"", ""path"": [""regulirovat"", ""regul"", ""regul""], ""confidence"": 0.97}, {""type"": ""verified_seed_alias"", ""source"": ""methodology_control_seed"", ""path"": [""ru"", ""regul"", ""family:regul""], ""confidence"": 1}]}]}"
ru	lemma:55c3db281266973a38b7	саморегулировань	uncertain	withheld_historical_uncertain		aggregate_only_not_sense_frequency	"[{""path"": ""associativvordes/family-index-v5/members/ru/40.json.gz"", ""family_id"": ""family:regul"", ""record_sha256"": ""3348fa3f91df04c867c7aa7276a26896103071e8bad4acc97d4c7ae90cb73482""}]"	"{""lemma_id"": ""lemma:55c3db281266973a38b7"", ""word"": ""саморегулировань"", ""normalized"": ""саморегулировань"", ""search_form"": ""samoregulirovan"", ""rank"": 433140, ""frequency_score"": 0.11418598341100496, ""category_breakdown"": {""subtitles"": {""ipm_values"": [0.006538], ""category_ipm"": 0.006538, ""category_score"": 0.11418598341100496}}, ""sources"": [{""id"": ""subtitles/hermit_2018_ru_full_lemmatized_pymorphy3_ipm6.json"", ""file"": ""hermit_2018_ru_full_lemmatized_pymorphy3_ipm6.json"", ""category"": ""subtitles"", ""ipm"": 0.006538}], ""corpus_quality"": {""status"": ""accepted"", ""reasons"": []}, ""components"": [{""surface"": ""regul"", ""canonical_candidate"": ""regul"", ""confidence"": 0.97, ""evidence"": [{""type"": ""compound_morphology"", ""source"": ""allomorph_table"", ""path"": [""samoregulirovan"", ""regul"", ""regul""], ""confidence"": 0.97}, {""type"": ""verified_seed_alias"", ""source"": ""methodology_control_seed"", ""path"": [""ru"", ""regul"", ""family:regul""], ""confidence"": 1}]}]}"
ru	lemma:5935cc0930adacce5135	урегулированний	uncertain	not_admitted_candidate		aggregate_only_not_sense_frequency	"[{""path"": ""associativvordes/family-index-v5/members/ru/a2.json.gz"", ""family_id"": ""surface:ru:uregulirovann"", ""record_sha256"": ""d58d859e4c82ef624107c32f086f69fb29d46f6d7db70f3af8435f015099d1c7""}, {""path"": ""associativvordes/family-index-v5/members/ru/cc.json.gz"", ""family_id"": ""surface:ru:nij"", ""record_sha256"": ""834c402c2a3617c23d8ac6ba3cefe107dac40509173647b85b9238e98cfe7a2c""}]"	"{""lemma_id"": ""lemma:5935cc0930adacce5135"", ""word"": ""урегулированний"", ""normalized"": ""урегулированний"", ""search_form"": ""uregulirovannij"", ""rank"": 466277, ""frequency_score"": 0.11418598341100496, ""category_breakdown"": {""subtitles"": {""ipm_values"": [0.006538], ""category_ipm"": 0.006538, ""category_score"": 0.11418598341100496}}, ""sources"": [{""id"": ""subtitles/hermit_2018_ru_full_lemmatized_pymorphy3_ipm6.json"", ""file"": ""hermit_2018_ru_full_lemmatized_pymorphy3_ipm6.json"", ""category"": ""subtitles"", ""ipm"": 0.006538}], ""corpus_quality"": {""status"": ""accepted"", ""reasons"": []}, ""components"": [{""surface"": ""uregulirovann"", ""canonical_candidate"": ""uregulirovann"", ""confidence"": 0.89, ""evidence"": [{""type"": ""compound_morphology"", ""source"": ""candidate_index"", ""path"": [""uregulirovannij"", ""uregulirovann"", ""uregulirovann""], ""confidence"": 0.89}]}]}"
ru	lemma:5c80cc37dfbfa8865ab9	иррегулярный	uncertain	withheld_historical_uncertain		aggregate_only_not_sense_frequency	"[{""path"": ""associativvordes/family-index-v5/members/ru/40.json.gz"", ""family_id"": ""family:regul"", ""record_sha256"": ""c4788fcfe8b199e2e6f4f9fe7eb98874ff77684c7e2f4bd1e15f33e5a1eb8153""}, {""path"": ""associativvordes/family-index-v5/members/ru/ee.json.gz"", ""family_id"": ""surface:ru:irreguljarn"", ""record_sha256"": ""f10dbd6a937ea08c60bd2a726cc6448493a83607b06e679fad4642f6e82fcc28""}]"	"{""lemma_id"": ""lemma:5c80cc37dfbfa8865ab9"", ""word"": ""иррегулярный"", ""normalized"": ""иррегулярный"", ""search_form"": ""irreguljarnyj"", ""rank"": 72391, ""frequency_score"": 4.51002190076415, ""category_breakdown"": {""web"": {""ipm_values"": [0.293552], ""category_ipm"": 0.293552, ""category_score"": 4.51002190076415}}, ""sources"": [{""id"": ""web/ruwac.out.gz.lpos-clean2-biwt.cleaned_recommended_min100_ipm6.json"", ""file"": ""ruwac.out.gz.lpos-clean2-biwt.cleaned_recommended_min100_ipm6.json"", ""category"": ""web"", ""ipm"": 0.293552}], ""corpus_quality"": {""status"": ""accepted"", ""reasons"": []}, ""components"": [{""surface"": ""regul"", ""canonical_candidate"": ""regul"", ""confidence"": 0.97, ""evidence"": [{""type"": ""compound_morphology"", ""source"": ""allomorph_table"", ""path"": [""irreguljarnyj"", ""regul"", ""regul""], ""confidence"": 0.97}, {""type"": ""verified_seed_alias"", ""source"": ""methodology_control_seed"", ""path"": [""ru"", ""regul"", ""family:regul""], ""confidence"": 1}]}]}"
ru	lemma:5c97b41eefc901ca41bd	отрегулировать	accepted	accepted	регулировать	aggregate_only_not_sense_frequency	"[{""path"": ""associativvordes/family-index-v5/members/ru/39.json.gz"", ""family_id"": ""surface:ru:otregulirov"", ""record_sha256"": ""816c8d4b6c9e2ec865a3febb03e32ce17c1f99222f390aac53a24a37ec660066""}, {""path"": ""associativvordes/family-index-v5/members/ru/40.json.gz"", ""family_id"": ""family:regul"", ""record_sha256"": ""e4131a58919c78982686c35559311ef761e4e9255086cf31a102c1a2c341c0e5""}]"	"{""lemma_id"": ""lemma:5c97b41eefc901ca41bd"", ""word"": ""отрегулировать"", ""normalized"": ""отрегулировать"", ""search_form"": ""otregulirovat"", ""rank"": 19117, ""frequency_score"": 20.777428846627092, ""category_breakdown"": {""subtitles"": {""ipm_values"": [1.314203], ""category_ipm"": 1.314203, ""category_score"": 14.702105143932934}, ""normative"": {""ipm_values"": [3.315622], ""category_ipm"": 3.315622, ""category_score"": 25.62139847724103}, ""web"": {""ipm_values"": [2.511578], ""category_ipm"": 2.511578, ""category_score"": 22.008782918707308}}, ""sources"": [{""id"": ""normative/rnc-orig.out.lpos-clean2-biwt.cleaned_ipm6.json"", ""file"": ""rnc-orig.out.lpos-clean2-biwt.cleaned_ipm6.json"", ""category"": ""normative"", ""ipm"": 3.315622}, {""id"": ""subtitles/hermit_2018_ru_full_lemmatized_pymorphy3_ipm6.json"", ""file"": ""hermit_2018_ru_full_lemmatized_pymorphy3_ipm6.json"", ""category"": ""subtitles"", ""ipm"": 1.314203}, {""id"": ""web/ruwac.out.gz.lpos-clean2-biwt.cleaned_recommended_min100_ipm6.json"", ""file"": ""ruwac.out.gz.lpos-clean2-biwt.cleaned_recommended_min100_ipm6.json"", ""category"": ""web"", ""ipm"": 2.511578}], ""corpus_quality"": {""status"": ""accepted"", ""reasons"": []}, ""components"": [{""surface"": ""otregulirov"", ""canonical_candidate"": ""otregulirov"", ""confidence"": 0.81, ""evidence"": [{""type"": ""compound_morphology"", ""source"": ""candidate_index"", ""path"": [""otregulirovat"", ""otregulirov"", ""otregulirov""], ""confidence"": 0.81}]}]}"
ru	lemma:6377d5ae2b9c79caa035	регулы	uncertain	withheld_historical_uncertain		aggregate_only_not_sense_frequency	"[{""path"": ""associativvordes/family-index-v5/members/ru/40.json.gz"", ""family_id"": ""family:regul"", ""record_sha256"": ""8a50c2c19263068e51ab186237e6d2095a91cac49e9960acef0501c59189f09f""}, {""path"": ""associativvordes/family-index-v5/members/ru/ed.json.gz"", ""family_id"": ""surface:ru:uly"", ""record_sha256"": ""199641fae79ae7cfa183afa7aa7df86aff2a0140c73a40af2a2445a5a63a0465""}]"	"{""lemma_id"": ""lemma:6377d5ae2b9c79caa035"", ""word"": ""регулы"", ""normalized"": ""регулы"", ""search_form"": ""reguly"", ""rank"": 47678, ""frequency_score"": 4.070845617369106, ""category_breakdown"": {""subtitles"": {""ipm_values"": [0.261533], ""category_ipm"": 0.261533, ""category_score"": 4.070845617369106}}, ""sources"": [{""id"": ""subtitles/hermit_2018_ru_full_lemmatized_pymorphy3_ipm6.json"", ""file"": ""hermit_2018_ru_full_lemmatized_pymorphy3_ipm6.json"", ""category"": ""subtitles"", ""ipm"": 0.261533}], ""corpus_quality"": {""status"": ""accepted"", ""reasons"": []}, ""components"": [{""surface"": ""regul"", ""canonical_candidate"": ""regul"", ""confidence"": 1, ""evidence"": [{""type"": ""morphological_parse"", ""source"": ""allomorph_table"", ""path"": [""reguly"", ""regul"", ""regul""], ""confidence"": 1}, {""type"": ""verified_seed_alias"", ""source"": ""methodology_control_seed"", ""path"": [""ru"", ""regul"", ""family:regul""], ""confidence"": 1}]}]}"
ru	lemma:6b37706a189effda276f	регулюм	uncertain	withheld_historical_uncertain		aggregate_only_not_sense_frequency	"[{""path"": ""associativvordes/family-index-v5/members/ru/40.json.gz"", ""family_id"": ""family:regul"", ""record_sha256"": ""2bc042dcf275849a9e8758fc81b9419daae338910b8210e97709a726f6d9d5c1""}, {""path"": ""associativvordes/family-index-v5/members/ru/9b.json.gz"", ""family_id"": ""surface:ru:ljum"", ""record_sha256"": ""343e212a890128dfba38e1736eef631397da10c4b37ede8fd693b4fcb8027dc5""}, {""path"": ""associativvordes/family-index-v5/members/ru/f0.json.gz"", ""family_id"": ""surface:ru:regulj"", ""record_sha256"": ""dffac22830e99d77075e65e3c425ac5893e606c330e0ec7a1efe715ed2c7b4b3""}]"	"{""lemma_id"": ""lemma:6b37706a189effda276f"", ""word"": ""регулюм"", ""normalized"": ""регулюм"", ""search_form"": ""reguljum"", ""rank"": 151346, ""frequency_score"": 1.3020979470037828, ""category_breakdown"": {""web"": {""ipm_values"": [0.077143], ""category_ipm"": 0.077143, ""category_score"": 1.3020979470037828}}, ""sources"": [{""id"": ""web/ruwac.out.gz.lpos-clean2-biwt.cleaned_recommended_min100_ipm6.json"", ""file"": ""ruwac.out.gz.lpos-clean2-biwt.cleaned_recommended_min100_ipm6.json"", ""category"": ""web"", ""ipm"": 0.077143}], ""corpus_quality"": {""status"": ""accepted"", ""reasons"": []}, ""components"": [{""surface"": ""regul"", ""canonical_candidate"": ""regul"", ""confidence"": 0.97, ""evidence"": [{""type"": ""compound_morphology"", ""source"": ""allomorph_table"", ""path"": [""reguljum"", ""regul"", ""regul""], ""confidence"": 0.97}, {""type"": ""verified_seed_alias"", ""source"": ""methodology_control_seed"", ""path"": [""ru"", ""regul"", ""family:regul""], ""confidence"": 1}]}]}"
ru	lemma:729776840e8dd77f921e	неурегулированность	accepted	accepted	регулировать	aggregate_only_not_sense_frequency	"[{""path"": ""associativvordes/family-index-v5/members/ru/40.json.gz"", ""family_id"": ""family:regul"", ""record_sha256"": ""eeb4697a171b565a2786b80df00d03dea5dfa8fe882076c82bbb548d16396482""}, {""path"": ""associativvordes/family-index-v5/members/ru/4b.json.gz"", ""family_id"": ""surface:ru:anno"", ""record_sha256"": ""d6d24ab362b00fa7416a7c65d9cd4b5a5f5ef9be285bc93dd42de9b6ca4e5831""}, {""path"": ""associativvordes/family-index-v5/members/ru/81.json.gz"", ""family_id"": ""surface:ru:neuregulirovann"", ""record_sha256"": ""a8b2fa7df815e7aa72cd51d1685e17360f59cd0c8f748087de93cc2f86a6000b""}]"	"{""lemma_id"": ""lemma:729776840e8dd77f921e"", ""word"": ""неурегулированность"", ""normalized"": ""неурегулированность"", ""search_form"": ""neuregulirovannost"", ""rank"": 50593, ""frequency_score"": 4.019762015953801, ""category_breakdown"": {""normative"": {""ipm_values"": [0.42029], ""category_ipm"": 0.42029, ""category_score"": 6.147788632739204}, ""web"": {""ipm_values"": [0.114007], ""category_ipm"": 0.114007, ""category_score"": 1.891735399168397}}, ""sources"": [{""id"": ""normative/rnc-orig.out.lpos-clean2-biwt.cleaned_ipm6.json"", ""file"": ""rnc-orig.out.lpos-clean2-biwt.cleaned_ipm6.json"", ""category"": ""normative"", ""ipm"": 0.42029}, {""id"": ""web/ruwac.out.gz.lpos-clean2-biwt.cleaned_recommended_min100_ipm6.json"", ""file"": ""ruwac.out.gz.lpos-clean2-biwt.cleaned_recommended_min100_ipm6.json"", ""category"": ""web"", ""ipm"": 0.114007}], ""corpus_quality"": {""status"": ""accepted"", ""reasons"": []}, ""components"": [{""surface"": ""regul"", ""canonical_candidate"": ""regul"", ""confidence"": 0.97, ""evidence"": [{""type"": ""compound_morphology"", ""source"": ""allomorph_table"", ""path"": [""neuregulirovannost"", ""regul"", ""regul""], ""confidence"": 0.97}, {""type"": ""verified_seed_alias"", ""source"": ""methodology_control_seed"", ""path"": [""ru"", ""regul"", ""family:regul""], ""confidence"": 1}]}]}"
ru	lemma:7598404646ea30a64d90	терморегуляция	accepted	accepted	регулировать	aggregate_only_not_sense_frequency	"[{""path"": ""associativvordes/family-index-v5/members/ru/40.json.gz"", ""family_id"": ""family:regul"", ""record_sha256"": ""f0efa3a742debc01bf366db0709e09fe71a3c473403a23f5d0cf5629247a4307""}, {""path"": ""associativvordes/family-index-v5/members/ru/ea.json.gz"", ""family_id"": ""surface:ru:termoreguljacij"", ""record_sha256"": ""1736baffb26812bd87a77108aa55d49300f2e6c0a56a11ec9e526ec30b776ce7""}]"	"{""lemma_id"": ""lemma:7598404646ea30a64d90"", ""word"": ""терморегуляция"", ""normalized"": ""терморегуляция"", ""search_form"": ""termoreguljacija"", ""rank"": 49454, ""frequency_score"": 4.42527627217384, ""category_breakdown"": {""subtitles"": {""ipm_values"": [0.039229], ""category_ipm"": 0.039229, ""category_score"": 0.6742307451839574}, ""web"": {""ipm_values"": [0.594614], ""category_ipm"": 0.594614, ""category_score"": 8.176321799163723}}, ""sources"": [{""id"": ""subtitles/hermit_2018_ru_full_lemmatized_pymorphy3_ipm6.json"", ""file"": ""hermit_2018_ru_full_lemmatized_pymorphy3_ipm6.json"", ""category"": ""subtitles"", ""ipm"": 0.039229}, {""id"": ""web/ruwac.out.gz.lpos-clean2-biwt.cleaned_recommended_min100_ipm6.json"", ""file"": ""ruwac.out.gz.lpos-clean2-biwt.cleaned_recommended_min100_ipm6.json"", ""category"": ""web"", ""ipm"": 0.594614}], ""corpus_quality"": {""status"": ""accepted"", ""reasons"": []}, ""components"": [{""surface"": ""regul"", ""canonical_candidate"": ""regul"", ""confidence"": 0.97, ""evidence"": [{""type"": ""compound_morphology"", ""source"": ""allomorph_table"", ""path"": [""termoreguljacija"", ""regul"", ""regul""], ""confidence"": 0.97}, {""type"": ""verified_seed_alias"", ""source"": ""methodology_control_seed"", ""path"": [""ru"", ""regul"", ""family:regul""], ""confidence"": 1}]}]}"
ru	lemma:79b286ab0c8183ffa9a8	регулирование	accepted	accepted	регулировать	aggregate_only_not_sense_frequency	"[{""path"": ""associativvordes/family-index-v5/members/ru/40.json.gz"", ""family_id"": ""family:regul"", ""record_sha256"": ""552b463168bbff805320ca95ef2f38dd6f82295f013fa16bfd40ba44c4048bf8""}]"	"{""lemma_id"": ""lemma:79b286ab0c8183ffa9a8"", ""word"": ""регулирование"", ""normalized"": ""регулирование"", ""search_form"": ""regulirovanie"", ""rank"": 2602, ""frequency_score"": 48.52165635541751, ""category_breakdown"": {""subtitles"": {""ipm_values"": [1.026517], ""category_ipm"": 1.026517, ""category_score"": 12.376115461821845}, ""normative"": {""ipm_values"": [48.131002], ""category_ipm"": 48.131002, ""category_score"": 68.23926751334112}, ""web"": {""ipm_values"": [39.721023], ""category_ipm"": 39.721023, ""category_score"": 64.94958609108956}}, ""sources"": [{""id"": ""normative/rnc-orig.out.lpos-clean2-biwt.cleaned_ipm6.json"", ""file"": ""rnc-orig.out.lpos-clean2-biwt.cleaned_ipm6.json"", ""category"": ""normative"", ""ipm"": 48.131002}, {""id"": ""subtitles/hermit_2018_ru_full_lemmatized_pymorphy3_ipm6.json"", ""file"": ""hermit_2018_ru_full_lemmatized_pymorphy3_ipm6.json"", ""category"": ""subtitles"", ""ipm"": 1.026517}, {""id"": ""web/ruwac.out.gz.lpos-clean2-biwt.cleaned_recommended_min100_ipm6.json"", ""file"": ""ruwac.out.gz.lpos-clean2-biwt.cleaned_recommended_min100_ipm6.json"", ""category"": ""web"", ""ipm"": 39.721023}], ""corpus_quality"": {""status"": ""accepted"", ""reasons"": []}, ""components"": [{""surface"": ""regulirovanie"", ""canonical_candidate"": ""regul"", ""confidence"": 1, ""evidence"": [{""type"": ""manual_override"", ""source"": ""methodology_control_word"", ""path"": [""ru"", ""регулирование"", ""family:regul""], ""confidence"": 1}]}]}"
ru	lemma:7c483b813154c841565b	госрегулирование	accepted	accepted	регулировать	aggregate_only_not_sense_frequency	"[{""path"": ""associativvordes/family-index-v5/members/ru/40.json.gz"", ""family_id"": ""family:regul"", ""record_sha256"": ""187c1cca3571da9b4d611c90c4ce18286d02d18a5e5587298e4b8b5ec005fbda""}, {""path"": ""associativvordes/family-index-v5/members/ru/6f.json.gz"", ""family_id"": ""surface:ru:gosregulirovani"", ""record_sha256"": ""95be2dba6b333cf2a2ef18e1ccf6910e7bdf4019df8c254ccb801250ec5b57a0""}]"	"{""lemma_id"": ""lemma:7c483b813154c841565b"", ""word"": ""госрегулирование"", ""normalized"": ""госрегулирование"", ""search_form"": ""gosregulirovanie"", ""rank"": 32375, ""frequency_score"": 6.967366711460622, ""category_breakdown"": {""subtitles"": {""ipm_values"": [0.013077], ""category_ipm"": 0.013077, ""category_score"": 0.22764995980616493}, ""normative"": {""ipm_values"": [1.323136], ""category_ipm"": 1.323136, ""category_score"": 14.769611203518682}, ""web"": {""ipm_values"": [0.400733], ""category_ipm"": 0.400733, ""category_score"": 5.904838971057017}}, ""sources"": [{""id"": ""normative/rnc-orig.out.lpos-clean2-biwt.cleaned_ipm6.json"", ""file"": ""rnc-orig.out.lpos-clean2-biwt.cleaned_ipm6.json"", ""category"": ""normative"", ""ipm"": 1.323136}, {""id"": ""subtitles/hermit_2018_ru_full_lemmatized_pymorphy3_ipm6.json"", ""file"": ""hermit_2018_ru_full_lemmatized_pymorphy3_ipm6.json"", ""category"": ""subtitles"", ""ipm"": 0.013077}, {""id"": ""web/ruwac.out.gz.lpos-clean2-biwt.cleaned_recommended_min100_ipm6.json"", ""file"": ""ruwac.out.gz.lpos-clean2-biwt.cleaned_recommended_min100_ipm6.json"", ""category"": ""web"", ""ipm"": 0.400733}], ""corpus_quality"": {""status"": ""accepted"", ""reasons"": []}, ""components"": [{""surface"": ""regul"", ""canonical_candidate"": ""regul"", ""confidence"": 0.97, ""evidence"": [{""type"": ""compound_morphology"", ""source"": ""allomorph_table"", ""path"": [""gosregulirovanie"", ""regul"", ""regul""], ""confidence"": 0.97}, {""type"": ""verified_seed_alias"", ""source"": ""methodology_control_seed"", ""path"": [""ru"", ""regul"", ""family:regul""], ""confidence"": 1}]}]}"
ru	lemma:7e922bde6a364067bdb3	отрегулироваться	accepted	accepted	регулировать	aggregate_only_not_sense_frequency	"[{""path"": ""associativvordes/family-index-v5/members/ru/40.json.gz"", ""family_id"": ""family:regul"", ""record_sha256"": ""1c22ff9b68ea4d105c066afaa55754c130f0dd67ed69fcb43bb751fb74a09817""}, {""path"": ""associativvordes/family-index-v5/members/ru/fd.json.gz"", ""family_id"": ""surface:ru:otregulirovatsj"", ""record_sha256"": ""a59920fbc8bb655c2061fb9ebcc4ce7a617df3f270fc118e0d90686cbd26cb70""}]"	"{""lemma_id"": ""lemma:7e922bde6a364067bdb3"", ""word"": ""отрегулироваться"", ""normalized"": ""отрегулироваться"", ""search_form"": ""otregulirovatsja"", ""rank"": 394216, ""frequency_score"": 0.11418598341100496, ""category_breakdown"": {""subtitles"": {""ipm_values"": [0.006538], ""category_ipm"": 0.006538, ""category_score"": 0.11418598341100496}}, ""sources"": [{""id"": ""subtitles/hermit_2018_ru_full_lemmatized_pymorphy3_ipm6.json"", ""file"": ""hermit_2018_ru_full_lemmatized_pymorphy3_ipm6.json"", ""category"": ""subtitles"", ""ipm"": 0.006538}], ""corpus_quality"": {""status"": ""accepted"", ""reasons"": []}, ""components"": [{""surface"": ""regul"", ""canonical_candidate"": ""regul"", ""confidence"": 0.97, ""evidence"": [{""type"": ""compound_morphology"", ""source"": ""allomorph_table"", ""path"": [""otregulirovatsja"", ""regul"", ""regul""], ""confidence"": 0.97}, {""type"": ""verified_seed_alias"", ""source"": ""methodology_control_seed"", ""path"": [""ru"", ""regul"", ""family:regul""], ""confidence"": 1}]}]}"
ru	lemma:80b8784038aa6f50d0b4	пузыреголов	uncertain	not_admitted_candidate		aggregate_only_not_sense_frequency	"[{""path"": ""associativvordes/family-index-v5/members/ru/1f.json.gz"", ""family_id"": ""surface:ru:puzyregolov"", ""record_sha256"": ""a91b3e6179558ad35f2b8f72766c5ca5c160d858f1277dcb2d6db5c6e00a41a5""}]"	"{""lemma_id"": ""lemma:80b8784038aa6f50d0b4"", ""word"": ""пузыреголов"", ""normalized"": ""пузыреголов"", ""search_form"": ""puzyregolov"", ""rank"": 147697, ""frequency_score"": 0.45236305661304566, ""category_breakdown"": {""subtitles"": {""ipm_values"": [0.026153], ""category_ipm"": 0.026153, ""category_score"": 0.45236305661304566}}, ""sources"": [{""id"": ""subtitles/hermit_2018_ru_full_lemmatized_pymorphy3_ipm6.json"", ""file"": ""hermit_2018_ru_full_lemmatized_pymorphy3_ipm6.json"", ""category"": ""subtitles"", ""ipm"": 0.026153}], ""corpus_quality"": {""status"": ""accepted"", ""reasons"": []}, ""components"": [{""surface"": ""puzyregolov"", ""canonical_candidate"": ""puzyregolov"", ""confidence"": 0.92, ""evidence"": [{""type"": ""morphological_parse"", ""source"": ""candidate_index"", ""path"": [""puzyregolov"", ""puzyregolov"", ""puzyregolov""], ""confidence"": 0.92}]}]}"
ru	lemma:827fe3734cdde1769230	урегулировщик	accepted	accepted	регулировать	aggregate_only_not_sense_frequency	"[{""path"": ""associativvordes/family-index-v5/members/ru/d3.json.gz"", ""family_id"": ""surface:ru:shchik"", ""record_sha256"": ""555a5a67bb57639c23dde496e5c4bb2168bd2cf5884a10ed23a70a49944dbb44""}, {""path"": ""associativvordes/family-index-v5/members/ru/d6.json.gz"", ""family_id"": ""surface:ru:uregulirovshchi"", ""record_sha256"": ""12e785f267bb6eb5826a29658b3987ed35e4b80a4f8c6bc0253e8bd31af0af23""}]"	"{""lemma_id"": ""lemma:827fe3734cdde1769230"", ""word"": ""урегулировщик"", ""normalized"": ""урегулировщик"", ""search_form"": ""uregulirovshchik"", ""rank"": 466280, ""frequency_score"": 0.11418598341100496, ""category_breakdown"": {""subtitles"": {""ipm_values"": [0.006538], ""category_ipm"": 0.006538, ""category_score"": 0.11418598341100496}}, ""sources"": [{""id"": ""subtitles/hermit_2018_ru_full_lemmatized_pymorphy3_ipm6.json"", ""file"": ""hermit_2018_ru_full_lemmatized_pymorphy3_ipm6.json"", ""category"": ""subtitles"", ""ipm"": 0.006538}], ""corpus_quality"": {""status"": ""accepted"", ""reasons"": []}, ""components"": [{""surface"": ""shchik"", ""canonical_candidate"": ""shchik"", ""confidence"": 0.89, ""evidence"": [{""type"": ""compound_morphology"", ""source"": ""candidate_index"", ""path"": [""uregulirovshchik"", ""shchik"", ""shchik""], ""confidence"": 0.89}]}]}"
ru	lemma:84894c296cb1679e12ae	дерегуляция	accepted	accepted	регулировать	aggregate_only_not_sense_frequency	"[{""path"": ""associativvordes/family-index-v5/members/ru/40.json.gz"", ""family_id"": ""family:regul"", ""record_sha256"": ""96f226f07f872ba30def40ab597065ee1027370a0189d4eae6bca09448c16ea3""}, {""path"": ""associativvordes/family-index-v5/members/ru/fc.json.gz"", ""family_id"": ""surface:ru:dereguljacij"", ""record_sha256"": ""d6ac9e0e8284f69521cf58dbe7ac88ed54aa09ab8857660305d3b6cac299990a""}]"	"{""lemma_id"": ""lemma:84894c296cb1679e12ae"", ""word"": ""дерегуляция"", ""normalized"": ""дерегуляция"", ""search_form"": ""dereguljacija"", ""rank"": 96123, ""frequency_score"": 2.8120609192527644, ""category_breakdown"": {""web"": {""ipm_values"": [0.174083], ""category_ipm"": 0.174083, ""category_score"": 2.8120609192527644}}, ""sources"": [{""id"": ""web/ruwac.out.gz.lpos-clean2-biwt.cleaned_recommended_min100_ipm6.json"", ""file"": ""ruwac.out.gz.lpos-clean2-biwt.cleaned_recommended_min100_ipm6.json"", ""category"": ""web"", ""ipm"": 0.174083}], ""corpus_quality"": {""status"": ""accepted"", ""reasons"": []}, ""components"": [{""surface"": ""regul"", ""canonical_candidate"": ""regul"", ""confidence"": 0.97, ""evidence"": [{""type"": ""compound_morphology"", ""source"": ""allomorph_table"", ""path"": [""dereguljacija"", ""regul"", ""regul""], ""confidence"": 0.97}, {""type"": ""verified_seed_alias"", ""source"": ""methodology_control_seed"", ""path"": [""ru"", ""regul"", ""family:regul""], ""confidence"": 1}]}]}"
ru	lemma:899a089effeb9522f371	урегулирование	accepted	accepted	регулировать	aggregate_only_not_sense_frequency	"[{""path"": ""associativvordes/family-index-v5/members/ru/c3.json.gz"", ""family_id"": ""surface:ru:uregulirovani"", ""record_sha256"": ""6a701adb8fea32c54ab5089b4fe92ec5de0e2c24eff71587f52208864c9f5ffa""}]"	"{""lemma_id"": ""lemma:899a089effeb9522f371"", ""word"": ""урегулирование"", ""normalized"": ""урегулирование"", ""search_form"": ""uregulirovanie"", ""rank"": 5209, ""frequency_score"": 39.243363689981685, ""category_breakdown"": {""subtitles"": {""ipm_values"": [1.680349], ""category_ipm"": 1.680349, ""category_score"": 17.27576591633196}, ""normative"": {""ipm_values"": [20.921108], ""category_ipm"": 20.921108, ""category_score"": 54.09830658639721}, ""web"": {""ipm_values"": [13.091744], ""category_ipm"": 13.091744, ""category_score"": 46.35601856721588}}, ""sources"": [{""id"": ""normative/rnc-orig.out.lpos-clean2-biwt.cleaned_ipm6.json"", ""file"": ""rnc-orig.out.lpos-clean2-biwt.cleaned_ipm6.json"", ""category"": ""normative"", ""ipm"": 20.921108}, {""id"": ""subtitles/hermit_2018_ru_full_lemmatized_pymorphy3_ipm6.json"", ""file"": ""hermit_2018_ru_full_lemmatized_pymorphy3_ipm6.json"", ""category"": ""subtitles"", ""ipm"": 1.680349}, {""id"": ""web/ruwac.out.gz.lpos-clean2-biwt.cleaned_recommended_min100_ipm6.json"", ""file"": ""ruwac.out.gz.lpos-clean2-biwt.cleaned_recommended_min100_ipm6.json"", ""category"": ""web"", ""ipm"": 13.091744}], ""corpus_quality"": {""status"": ""accepted"", ""reasons"": []}, ""components"": [{""surface"": ""uregulirovani"", ""canonical_candidate"": ""uregulirovani"", ""confidence"": 0.92, ""evidence"": [{""type"": ""morphological_parse"", ""source"": ""candidate_index"", ""path"": [""uregulirovanie"", ""uregulirovani"", ""uregulirovani""], ""confidence"": 0.92}]}]}"
ru	lemma:8cb2453008e5e45e38fc	нерегулярность	uncertain	withheld_historical_uncertain		aggregate_only_not_sense_frequency	"[{""path"": ""associativvordes/family-index-v5/members/ru/40.json.gz"", ""family_id"": ""family:regul"", ""record_sha256"": ""d818cc4b5b51ffa215492fdd4c7983783afe175761c51d3fcd23ce2ffea2d872""}, {""path"": ""associativvordes/family-index-v5/members/ru/87.json.gz"", ""family_id"": ""surface:ru:arno"", ""record_sha256"": ""3368832614c9d1ed6fa916a27f8fb37f89db12db70b58e28f4846c4f9dd2651c""}, {""path"": ""associativvordes/family-index-v5/members/ru/d8.json.gz"", ""family_id"": ""surface:ru:nereguljarn"", ""record_sha256"": ""16314560a80323f2ce96638d92394896e7ceacb32939f56acfc05aa2bbc18a52""}]"	"{""lemma_id"": ""lemma:8cb2453008e5e45e38fc"", ""word"": ""нерегулярность"", ""normalized"": ""нерегулярность"", ""search_form"": ""nereguljarnost"", ""rank"": 84486, ""frequency_score"": 2.1973384132520777, ""category_breakdown"": {""subtitles"": {""ipm_values"": [0.052307], ""category_ipm"": 0.052307, ""category_score"": 0.8933574869375325}, ""web"": {""ipm_values"": [0.221188], ""category_ipm"": 0.221188, ""category_score"": 3.501319339566623}}, ""sources"": [{""id"": ""subtitles/hermit_2018_ru_full_lemmatized_pymorphy3_ipm6.json"", ""file"": ""hermit_2018_ru_full_lemmatized_pymorphy3_ipm6.json"", ""category"": ""subtitles"", ""ipm"": 0.052307}, {""id"": ""web/ruwac.out.gz.lpos-clean2-biwt.cleaned_recommended_min100_ipm6.json"", ""file"": ""ruwac.out.gz.lpos-clean2-biwt.cleaned_recommended_min100_ipm6.json"", ""category"": ""web"", ""ipm"": 0.221188}], ""corpus_quality"": {""status"": ""accepted"", ""reasons"": []}, ""components"": [{""surface"": ""regul"", ""canonical_candidate"": ""regul"", ""confidence"": 0.97, ""evidence"": [{""type"": ""compound_morphology"", ""source"": ""allomorph_table"", ""path"": [""nereguljarnost"", ""regul"", ""regul""], ""confidence"": 0.97}, {""type"": ""verified_seed_alias"", ""source"": ""methodology_control_seed"", ""path"": [""ru"", ""regul"", ""family:regul""], ""confidence"": 1}]}]}"
ru	lemma:8d6a8883c24015cbcb2a	терморегулятор	uncertain	withheld_historical_uncertain		aggregate_only_not_sense_frequency	"[{""path"": ""associativvordes/family-index-v5/members/ru/40.json.gz"", ""family_id"": ""family:regul"", ""record_sha256"": ""9eace2a79aed95028a1ff01ebaa09508b6c1453a481ce872e2a330b7d56aa084""}, {""path"": ""associativvordes/family-index-v5/members/ru/ad.json.gz"", ""family_id"": ""surface:ru:termoregulj"", ""record_sha256"": ""44e7a26ab800eac6e13d22b64ab3e27951b92dad046c134378507c8aa0f4871f""}, {""path"": ""associativvordes/family-index-v5/members/ru/b4.json.gz"", ""family_id"": ""surface:ru:reguljator"", ""record_sha256"": ""1b76677de971b46ec0290829a8817c9896f68af502aaa2d7d917b62f04194785""}]"	"{""lemma_id"": ""lemma:8d6a8883c24015cbcb2a"", ""word"": ""терморегулятор"", ""normalized"": ""терморегулятор"", ""search_form"": ""termoreguljator"", ""rank"": 37521, ""frequency_score"": 7.388514974590718, ""category_breakdown"": {""subtitles"": {""ipm_values"": [0.026152], ""category_ipm"": 0.026152, ""category_score"": 0.4523459811759686}, ""normative"": {""ipm_values"": [0.747182], ""category_ipm"": 0.747182, ""category_score"": 9.777351031119984}, ""web"": {""ipm_values"": [0.976232], ""category_ipm"": 0.976232, ""category_score"": 11.935847911476198}}, ""sources"": [{""id"": ""normative/rnc-orig.out.lpos-clean2-biwt.cleaned_ipm6.json"", ""file"": ""rnc-orig.out.lpos-clean2-biwt.cleaned_ipm6.json"", ""category"": ""normative"", ""ipm"": 0.747182}, {""id"": ""subtitles/hermit_2018_ru_full_lemmatized_pymorphy3_ipm6.json"", ""file"": ""hermit_2018_ru_full_lemmatized_pymorphy3_ipm6.json"", ""category"": ""subtitles"", ""ipm"": 0.026152}, {""id"": ""web/ruwac.out.gz.lpos-clean2-biwt.cleaned_recommended_min100_ipm6.json"", ""file"": ""ruwac.out.gz.lpos-clean2-biwt.cleaned_recommended_min100_ipm6.json"", ""category"": ""web"", ""ipm"": 0.976232}], ""corpus_quality"": {""status"": ""accepted"", ""reasons"": []}, ""components"": [{""surface"": ""regul"", ""canonical_candidate"": ""regul"", ""confidence"": 0.97, ""evidence"": [{""type"": ""compound_morphology"", ""source"": ""allomorph_table"", ""path"": [""termoreguljator"", ""regul"", ""regul""], ""confidence"": 0.97}, {""type"": ""verified_seed_alias"", ""source"": ""methodology_control_seed"", ""path"": [""ru"", ""regul"", ""family:regul""], ""confidence"": 1}]}]}"
ru	lemma:8e1f1009a993151e52ac	дерегулировань	uncertain	withheld_historical_uncertain		aggregate_only_not_sense_frequency	"[{""path"": ""associativvordes/family-index-v5/members/ru/40.json.gz"", ""family_id"": ""family:regul"", ""record_sha256"": ""b2297fcb9289319bb20b28e29d2d9280310f61304231dd61a6bb1311bc305540""}]"	"{""lemma_id"": ""lemma:8e1f1009a993151e52ac"", ""word"": ""дерегулировань"", ""normalized"": ""дерегулировань"", ""search_form"": ""deregulirovan"", ""rank"": 119542, ""frequency_score"": 0.6742476057546448, ""category_breakdown"": {""subtitles"": {""ipm_values"": [0.03923], ""category_ipm"": 0.03923, ""category_score"": 0.6742476057546448}}, ""sources"": [{""id"": ""subtitles/hermit_2018_ru_full_lemmatized_pymorphy3_ipm6.json"", ""file"": ""hermit_2018_ru_full_lemmatized_pymorphy3_ipm6.json"", ""category"": ""subtitles"", ""ipm"": 0.03923}], ""corpus_quality"": {""status"": ""accepted"", ""reasons"": []}, ""components"": [{""surface"": ""regul"", ""canonical_candidate"": ""regul"", ""confidence"": 0.97, ""evidence"": [{""type"": ""compound_morphology"", ""source"": ""allomorph_table"", ""path"": [""deregulirovan"", ""regul"", ""regul""], ""confidence"": 0.97}, {""type"": ""verified_seed_alias"", ""source"": ""methodology_control_seed"", ""path"": [""ru"", ""regul"", ""family:regul""], ""confidence"": 1}]}]}"
ru	lemma:8f6ce57ad8505b18eafe	перерегулирование	accepted	accepted	регулировать	aggregate_only_not_sense_frequency	"[{""path"": ""associativvordes/family-index-v5/members/ru/38.json.gz"", ""family_id"": ""surface:ru:pereregulirovani"", ""record_sha256"": ""dc0250384a50c6b2301e7bfaaa04174ba5bbe66225f42840f5d9ea1f3e513045""}, {""path"": ""associativvordes/family-index-v5/members/ru/40.json.gz"", ""family_id"": ""family:regul"", ""record_sha256"": ""cefdeff465eb01a5a5872437d572a85b484f4d794a3ec6967fe343bea1ae1abe""}]"	"{""lemma_id"": ""lemma:8f6ce57ad8505b18eafe"", ""word"": ""перерегулирование"", ""normalized"": ""перерегулирование"", ""search_form"": ""pereregulirovanie"", ""rank"": 251490, ""frequency_score"": 0.22763266397269002, ""category_breakdown"": {""subtitles"": {""ipm_values"": [0.013076], ""category_ipm"": 0.013076, ""category_score"": 0.22763266397269002}}, ""sources"": [{""id"": ""subtitles/hermit_2018_ru_full_lemmatized_pymorphy3_ipm6.json"", ""file"": ""hermit_2018_ru_full_lemmatized_pymorphy3_ipm6.json"", ""category"": ""subtitles"", ""ipm"": 0.013076}], ""corpus_quality"": {""status"": ""accepted"", ""reasons"": []}, ""components"": [{""surface"": ""pereregulirovani"", ""canonical_candidate"": ""pereregulirovani"", ""confidence"": 0.92, ""evidence"": [{""type"": ""morphological_parse"", ""source"": ""candidate_index"", ""path"": [""pereregulirovanie"", ""pereregulirovani"", ""pereregulirovani""], ""confidence"": 0.92}]}]}"
ru	lemma:91b8ed36916dd2a6b78e	дисрегуляция	accepted	accepted	регулировать	aggregate_only_not_sense_frequency	"[{""path"": ""associativvordes/family-index-v5/members/ru/40.json.gz"", ""family_id"": ""family:regul"", ""record_sha256"": ""6d41702a05d2ee7e92212fd38eafd66f6a8b9ada775992877cc3d663f59e3f7e""}, {""path"": ""associativvordes/family-index-v5/members/ru/e1.json.gz"", ""family_id"": ""surface:ru:disreguljacij"", ""record_sha256"": ""b0e51ec37c111c9b42d4fbd51b38a7a5e2bc5327c67d5ef155a2b4946a91ff9e""}]"	"{""lemma_id"": ""lemma:91b8ed36916dd2a6b78e"", ""word"": ""дисрегуляция"", ""normalized"": ""дисрегуляция"", ""search_form"": ""disreguljacija"", ""rank"": 168353, ""frequency_score"": 0.34036673836878834, ""category_breakdown"": {""subtitles"": {""ipm_values"": [0.019615], ""category_ipm"": 0.019615, ""category_score"": 0.34036673836878834}}, ""sources"": [{""id"": ""subtitles/hermit_2018_ru_full_lemmatized_pymorphy3_ipm6.json"", ""file"": ""hermit_2018_ru_full_lemmatized_pymorphy3_ipm6.json"", ""category"": ""subtitles"", ""ipm"": 0.019615}], ""corpus_quality"": {""status"": ""accepted"", ""reasons"": []}, ""components"": [{""surface"": ""regul"", ""canonical_candidate"": ""regul"", ""confidence"": 0.97, ""evidence"": [{""type"": ""compound_morphology"", ""source"": ""allomorph_table"", ""path"": [""disreguljacija"", ""regul"", ""regul""], ""confidence"": 0.97}, {""type"": ""verified_seed_alias"", ""source"": ""methodology_control_seed"", ""path"": [""ru"", ""regul"", ""family:regul""], ""confidence"": 1}]}]}"
ru	lemma:91f039036ef7eb77e617	светорегулятор	uncertain	withheld_historical_uncertain		aggregate_only_not_sense_frequency	"[{""path"": ""associativvordes/family-index-v5/members/ru/40.json.gz"", ""family_id"": ""family:regul"", ""record_sha256"": ""02e75a315e18237f1a0d7ce9cffb1fd824a4e66f69b448640bd60bb90a26262e""}, {""path"": ""associativvordes/family-index-v5/members/ru/48.json.gz"", ""family_id"": ""surface:ru:sveto"", ""record_sha256"": ""6fdf84c283e8c7ac2ff958e441e25988e2655dd5c485cd8f9406cd9031a4ef04""}, {""path"": ""associativvordes/family-index-v5/members/ru/b4.json.gz"", ""family_id"": ""surface:ru:reguljator"", ""record_sha256"": ""c7c886a1e536eb6a7fe160962723c5afbe8950bde2928e8cd2add58ea51e223b""}, {""path"": ""associativvordes/family-index-v5/members/ru/ea.json.gz"", ""family_id"": ""ety:a1631e64c283"", ""record_sha256"": ""8d5ca7945e4229f34c0ba59def5ee72a08cbaa94aa7363276c36777ef539c632""}, {""path"": ""associativvordes/family-index-v5/members/ru/ea.json.gz"", ""family_id"": ""surface:ru:oreg"", ""record_sha256"": ""4f9975b29ecf0bdb0d0ace65d6c77e730c58c772ae9f34191b8201460bd57537""}]"	"{""lemma_id"": ""lemma:91f039036ef7eb77e617"", ""word"": ""светорегулятор"", ""normalized"": ""светорегулятор"", ""search_form"": ""svetoreguljator"", ""rank"": 161715, ""frequency_score"": 0.4523459811759686, ""category_breakdown"": {""subtitles"": {""ipm_values"": [0.026152], ""category_ipm"": 0.026152, ""category_score"": 0.4523459811759686}}, ""sources"": [{""id"": ""subtitles/hermit_2018_ru_full_lemmatized_pymorphy3_ipm6.json"", ""file"": ""hermit_2018_ru_full_lemmatized_pymorphy3_ipm6.json"", ""category"": ""subtitles"", ""ipm"": 0.026152}], ""corpus_quality"": {""status"": ""accepted"", ""reasons"": []}, ""components"": [{""surface"": ""regul"", ""canonical_candidate"": ""regul"", ""confidence"": 0.97, ""evidence"": [{""type"": ""compound_morphology"", ""source"": ""allomorph_table"", ""path"": [""svetoreguljator"", ""regul"", ""regul""], ""confidence"": 0.97}, {""type"": ""verified_seed_alias"", ""source"": ""methodology_control_seed"", ""path"": [""ru"", ""regul"", ""family:regul""], ""confidence"": 1}]}]}"
ru	lemma:92878ebe384524bfb035	регуляция	accepted	accepted	регулировать	aggregate_only_not_sense_frequency	"[{""path"": ""associativvordes/family-index-v5/members/ru/40.json.gz"", ""family_id"": ""family:regul"", ""record_sha256"": ""f858df80f6e539c84ddd5e1181371b8120f5afa4be1a53473a9534daa193b814""}, {""path"": ""associativvordes/family-index-v5/members/ru/53.json.gz"", ""family_id"": ""surface:ru:reguljacij"", ""record_sha256"": ""6567e7658710bb5126f9977cb5913eaba6931e10b719087649d32ba302503609""}]"	"{""lemma_id"": ""lemma:92878ebe384524bfb035"", ""word"": ""регуляция"", ""normalized"": ""регуляция"", ""search_form"": ""reguljacija"", ""rank"": 11928, ""frequency_score"": 23.401152624970763, ""category_breakdown"": {""subtitles"": {""ipm_values"": [0.196149], ""category_ipm"": 0.196149, ""category_score"": 3.138317316468301}, ""normative"": {""ipm_values"": [6.677943], ""category_ipm"": 6.677943, ""category_score"": 35.7160029889918}, ""web"": {""ipm_values"": [4.984243], ""category_ipm"": 4.984243, ""category_score"": 31.34913756945219}}, ""sources"": [{""id"": ""normative/rnc-orig.out.lpos-clean2-biwt.cleaned_ipm6.json"", ""file"": ""rnc-orig.out.lpos-clean2-biwt.cleaned_ipm6.json"", ""category"": ""normative"", ""ipm"": 6.677943}, {""id"": ""subtitles/hermit_2018_ru_full_lemmatized_pymorphy3_ipm6.json"", ""file"": ""hermit_2018_ru_full_lemmatized_pymorphy3_ipm6.json"", ""category"": ""subtitles"", ""ipm"": 0.196149}, {""id"": ""web/ruwac.out.gz.lpos-clean2-biwt.cleaned_recommended_min100_ipm6.json"", ""file"": ""ruwac.out.gz.lpos-clean2-biwt.cleaned_recommended_min100_ipm6.json"", ""category"": ""web"", ""ipm"": 4.984243}], ""corpus_quality"": {""status"": ""accepted"", ""reasons"": []}, ""components"": [{""surface"": ""regul"", ""canonical_candidate"": ""regul"", ""confidence"": 0.97, ""evidence"": [{""type"": ""compound_morphology"", ""source"": ""allomorph_table"", ""path"": [""reguljacija"", ""regul"", ""regul""], ""confidence"": 0.97}, {""type"": ""verified_seed_alias"", ""source"": ""methodology_control_seed"", ""path"": [""ru"", ""regul"", ""family:regul""], ""confidence"": 1}]}]}"
ru	lemma:929cd180506c13a3e87b	панциреголовый	uncertain	not_admitted_candidate		aggregate_only_not_sense_frequency	"[{""path"": ""associativvordes/family-index-v5/members/ru/9d.json.gz"", ""family_id"": ""surface:ru:golovyj"", ""record_sha256"": ""5e1a45c55b22e50c66fcb7214f553b2be9f218a606d11455bad21ec95cff9035""}, {""path"": ""associativvordes/family-index-v5/members/ru/c6.json.gz"", ""family_id"": ""surface:ru:panciregolov"", ""record_sha256"": ""f4fc508f7758f8971f8ce9d05c5e5f3b8f38e3c2416a80c54fa4beea45c1dce1""}]"	"{""lemma_id"": ""lemma:929cd180506c13a3e87b"", ""word"": ""панциреголовый"", ""normalized"": ""панциреголовый"", ""search_form"": ""panciregolovyj"", ""rank"": 396877, ""frequency_score"": 0.11418598341100496, ""category_breakdown"": {""subtitles"": {""ipm_values"": [0.006538], ""category_ipm"": 0.006538, ""category_score"": 0.11418598341100496}}, ""sources"": [{""id"": ""subtitles/hermit_2018_ru_full_lemmatized_pymorphy3_ipm6.json"", ""file"": ""hermit_2018_ru_full_lemmatized_pymorphy3_ipm6.json"", ""category"": ""subtitles"", ""ipm"": 0.006538}], ""corpus_quality"": {""status"": ""accepted"", ""reasons"": []}, ""components"": [{""surface"": ""golovyj"", ""canonical_candidate"": ""golovyj"", ""confidence"": 0.89, ""evidence"": [{""type"": ""compound_morphology"", ""source"": ""candidate_index"", ""path"": [""panciregolovyj"", ""golovyj"", ""golovyj""], ""confidence"": 0.89}]}]}"
ru	lemma:9783bf98f587f0bd2127	осморегуляция	accepted	accepted	регулировать	aggregate_only_not_sense_frequency	"[{""path"": ""associativvordes/family-index-v5/members/ru/40.json.gz"", ""family_id"": ""family:regul"", ""record_sha256"": ""0cf5dc490597b3a43ada59fd74b2abeb039155391c70ca3b46b6c2a26300c0e2""}, {""path"": ""associativvordes/family-index-v5/members/ru/79.json.gz"", ""family_id"": ""surface:ru:osmoreguljacij"", ""record_sha256"": ""4d37a7661021efb071b24ef02f53d0540d795b543960665e7d5144d29c1b68b3""}]"	"{""lemma_id"": ""lemma:9783bf98f587f0bd2127"", ""word"": ""осморегуляция"", ""normalized"": ""осморегуляция"", ""search_form"": ""osmoreguljacija"", ""rank"": 391984, ""frequency_score"": 0.11418598341100496, ""category_breakdown"": {""subtitles"": {""ipm_values"": [0.006538], ""category_ipm"": 0.006538, ""category_score"": 0.11418598341100496}}, ""sources"": [{""id"": ""subtitles/hermit_2018_ru_full_lemmatized_pymorphy3_ipm6.json"", ""file"": ""hermit_2018_ru_full_lemmatized_pymorphy3_ipm6.json"", ""category"": ""subtitles"", ""ipm"": 0.006538}], ""corpus_quality"": {""status"": ""accepted"", ""reasons"": []}, ""components"": [{""surface"": ""regul"", ""canonical_candidate"": ""regul"", ""confidence"": 0.97, ""evidence"": [{""type"": ""compound_morphology"", ""source"": ""allomorph_table"", ""path"": [""osmoreguljacija"", ""regul"", ""regul""], ""confidence"": 0.97}, {""type"": ""verified_seed_alias"", ""source"": ""methodology_control_seed"", ""path"": [""ru"", ""regul"", ""family:regul""], ""confidence"": 1}]}]}"
ru	lemma:9c7ee9a263a595af6e6d	иррегулярность	uncertain	withheld_historical_uncertain		aggregate_only_not_sense_frequency	"[{""path"": ""associativvordes/family-index-v5/members/ru/40.json.gz"", ""family_id"": ""family:regul"", ""record_sha256"": ""5a5fc314ef01940225cdfee21d828fc0ca0561637058b22e75e0acf31ce64640""}, {""path"": ""associativvordes/family-index-v5/members/ru/87.json.gz"", ""family_id"": ""surface:ru:arno"", ""record_sha256"": ""03d1eef8cffbc37ca517cdb5dec08241d6e9cd7ec1dc2f1ad8770205cbb3775a""}, {""path"": ""associativvordes/family-index-v5/members/ru/ee.json.gz"", ""family_id"": ""surface:ru:irreguljarn"", ""record_sha256"": ""966bc4db83bfd226efab46fbf51d4e114c3f572dd3777cc3f45b4a84f62ef208""}]"	"{""lemma_id"": ""lemma:9c7ee9a263a595af6e6d"", ""word"": ""иррегулярность"", ""normalized"": ""иррегулярность"", ""search_form"": ""irreguljarnost"", ""rank"": 246448, ""frequency_score"": 0.22763266397269002, ""category_breakdown"": {""subtitles"": {""ipm_values"": [0.013076], ""category_ipm"": 0.013076, ""category_score"": 0.22763266397269002}}, ""sources"": [{""id"": ""subtitles/hermit_2018_ru_full_lemmatized_pymorphy3_ipm6.json"", ""file"": ""hermit_2018_ru_full_lemmatized_pymorphy3_ipm6.json"", ""category"": ""subtitles"", ""ipm"": 0.013076}], ""corpus_quality"": {""status"": ""accepted"", ""reasons"": []}, ""components"": [{""surface"": ""regul"", ""canonical_candidate"": ""regul"", ""confidence"": 0.97, ""evidence"": [{""type"": ""compound_morphology"", ""source"": ""allomorph_table"", ""path"": [""irreguljarnost"", ""regul"", ""regul""], ""confidence"": 0.97}, {""type"": ""verified_seed_alias"", ""source"": ""methodology_control_seed"", ""path"": [""ru"", ""regul"", ""family:regul""], ""confidence"": 1}]}]}"
ru	lemma:9ed9a70df631d50fd25c	регуляционный	accepted	accepted	регулировать	aggregate_only_not_sense_frequency	"[{""path"": ""associativvordes/family-index-v5/members/ru/40.json.gz"", ""family_id"": ""family:regul"", ""record_sha256"": ""722afac09bb8c4e5c5c68647761fddd178f2307e248134e0b33abdae17bbd03a""}, {""path"": ""associativvordes/family-index-v5/members/ru/f8.json.gz"", ""family_id"": ""surface:ru:reguljacionn"", ""record_sha256"": ""d519cac76f514ca2367bb7eaf7b01a53fc5b360480225afd7a9e3e1858002271""}]"	"{""lemma_id"": ""lemma:9ed9a70df631d50fd25c"", ""word"": ""регуляционный"", ""normalized"": ""регуляционный"", ""search_form"": ""reguljacionnyj"", ""rank"": 157740, ""frequency_score"": 1.2130209602788522, ""category_breakdown"": {""web"": {""ipm_values"": [0.071681], ""category_ipm"": 0.071681, ""category_score"": 1.2130209602788522}}, ""sources"": [{""id"": ""web/ruwac.out.gz.lpos-clean2-biwt.cleaned_recommended_min100_ipm6.json"", ""file"": ""ruwac.out.gz.lpos-clean2-biwt.cleaned_recommended_min100_ipm6.json"", ""category"": ""web"", ""ipm"": 0.071681}], ""corpus_quality"": {""status"": ""accepted"", ""reasons"": []}, ""components"": [{""surface"": ""regul"", ""canonical_candidate"": ""regul"", ""confidence"": 0.97, ""evidence"": [{""type"": ""compound_morphology"", ""source"": ""allomorph_table"", ""path"": [""reguljacionnyj"", ""regul"", ""regul""], ""confidence"": 0.97}, {""type"": ""verified_seed_alias"", ""source"": ""methodology_control_seed"", ""path"": [""ru"", ""regul"", ""family:regul""], ""confidence"": 1}]}]}"
ru	lemma:9f262275ef55aaa82c5f	переголосование	uncertain	not_admitted_candidate		aggregate_only_not_sense_frequency	"[{""path"": ""associativvordes/family-index-v5/members/ru/e0.json.gz"", ""family_id"": ""surface:ru:peregolosovani"", ""record_sha256"": ""2d7ccfa92ae3a87f6730154f9b666b94d5ff2e76749d1df7067d1e232578e1e0""}]"	"{""lemma_id"": ""lemma:9f262275ef55aaa82c5f"", ""word"": ""переголосование"", ""normalized"": ""переголосование"", ""search_form"": ""peregolosovanie"", ""rank"": 130351, ""frequency_score"": 1.0080063743016763, ""category_breakdown"": {""subtitles"": {""ipm_values"": [0.019614], ""category_ipm"": 0.019614, ""category_score"": 0.34034955344013024}, ""web"": {""ipm_values"": [0.100354], ""category_ipm"": 0.100354, ""category_score"": 1.6756631951632222}}, ""sources"": [{""id"": ""subtitles/hermit_2018_ru_full_lemmatized_pymorphy3_ipm6.json"", ""file"": ""hermit_2018_ru_full_lemmatized_pymorphy3_ipm6.json"", ""category"": ""subtitles"", ""ipm"": 0.019614}, {""id"": ""web/ruwac.out.gz.lpos-clean2-biwt.cleaned_recommended_min100_ipm6.json"", ""file"": ""ruwac.out.gz.lpos-clean2-biwt.cleaned_recommended_min100_ipm6.json"", ""category"": ""web"", ""ipm"": 0.100354}], ""corpus_quality"": {""status"": ""accepted"", ""reasons"": []}, ""components"": [{""surface"": ""peregolosovani"", ""canonical_candidate"": ""peregolosovani"", ""confidence"": 0.92, ""evidence"": [{""type"": ""morphological_parse"", ""source"": ""candidate_index"", ""path"": [""peregolosovanie"", ""peregolosovani"", ""peregolosovani""], ""confidence"": 0.92}]}]}"
ru	lemma:9f9f16c5742bcf2bb6de	дрэгулеска	uncertain	not_admitted_candidate		aggregate_only_not_sense_frequency	"[{""path"": ""associativvordes/family-index-v5/members/ru/05.json.gz"", ""family_id"": ""surface:ru:dregulesk"", ""record_sha256"": ""7da272ce6236d9222e0f7dbf954852ea2ea6ca77b9bbecb95f34941a6a9eed5a""}, {""path"": ""associativvordes/family-index-v5/members/ru/44.json.gz"", ""family_id"": ""surface:ru:ska"", ""record_sha256"": ""d7b4fd9586d0581e5312e23319c31f3f18d861245064b9c8e14b920de9297296""}]"	"{""lemma_id"": ""lemma:9f9f16c5742bcf2bb6de"", ""word"": ""дрэгулеска"", ""normalized"": ""дрэгулеска"", ""search_form"": ""dreguleska"", ""rank"": 204920, ""frequency_score"": 0.22764995980616493, ""category_breakdown"": {""subtitles"": {""ipm_values"": [0.013077], ""category_ipm"": 0.013077, ""category_score"": 0.22764995980616493}}, ""sources"": [{""id"": ""subtitles/hermit_2018_ru_full_lemmatized_pymorphy3_ipm6.json"", ""file"": ""hermit_2018_ru_full_lemmatized_pymorphy3_ipm6.json"", ""category"": ""subtitles"", ""ipm"": 0.013077}], ""corpus_quality"": {""status"": ""accepted"", ""reasons"": []}, ""components"": [{""surface"": ""dregulesk"", ""canonical_candidate"": ""dregulesk"", ""confidence"": 0.92, ""evidence"": [{""type"": ""morphological_parse"", ""source"": ""candidate_index"", ""path"": [""dreguleska"", ""dregulesk"", ""dregulesk""], ""confidence"": 0.92}]}]}"
ru	lemma:a116c9630a9f3d68456f	регулировань	uncertain	withheld_historical_uncertain		aggregate_only_not_sense_frequency	"[{""path"": ""associativvordes/family-index-v5/members/ru/40.json.gz"", ""family_id"": ""family:regul"", ""record_sha256"": ""4b4ab5415d63c0629900af9e2fe628c3410a2f14577ac5a319f9c2141dd2ee42""}]"	"{""lemma_id"": ""lemma:a116c9630a9f3d68456f"", ""word"": ""регулировань"", ""normalized"": ""регулировань"", ""search_form"": ""regulirovan"", ""rank"": 83631, ""frequency_score"": 1.4294124327093432, ""category_breakdown"": {""subtitles"": {""ipm_values"": [0.084998], ""category_ipm"": 0.084998, ""category_score"": 1.4294124327093432}}, ""sources"": [{""id"": ""subtitles/hermit_2018_ru_full_lemmatized_pymorphy3_ipm6.json"", ""file"": ""hermit_2018_ru_full_lemmatized_pymorphy3_ipm6.json"", ""category"": ""subtitles"", ""ipm"": 0.084998}], ""corpus_quality"": {""status"": ""accepted"", ""reasons"": []}, ""components"": [{""surface"": ""regul"", ""canonical_candidate"": ""regul"", ""confidence"": 0.97, ""evidence"": [{""type"": ""compound_morphology"", ""source"": ""allomorph_table"", ""path"": [""regulirovan"", ""regul"", ""regul""], ""confidence"": 0.97}, {""type"": ""verified_seed_alias"", ""source"": ""methodology_control_seed"", ""path"": [""ru"", ""regul"", ""family:regul""], ""confidence"": 1}]}]}"
ru	lemma:a42971daf82a7c5b63d6	зарегулирование	accepted	accepted	регулировать	aggregate_only_not_sense_frequency	"[{""path"": ""associativvordes/family-index-v5/members/ru/40.json.gz"", ""family_id"": ""family:regul"", ""record_sha256"": ""15b097b1d2b240085d4e561e1a8c2969fcfc1922891c8c2a9126d145b9b7bdd9""}, {""path"": ""associativvordes/family-index-v5/members/ru/b7.json.gz"", ""family_id"": ""surface:ru:zaregulirovani"", ""record_sha256"": ""549054845cfdb3aa552d4602d1cbf432f8d7dbeda3a37de94d5f0536f2a6397c""}]"	"{""lemma_id"": ""lemma:a42971daf82a7c5b63d6"", ""word"": ""зарегулирование"", ""normalized"": ""зарегулирование"", ""search_form"": ""zaregulirovanie"", ""rank"": 154087, ""frequency_score"": 1.257616058908363, ""category_breakdown"": {""web"": {""ipm_values"": [0.074412], ""category_ipm"": 0.074412, ""category_score"": 1.257616058908363}}, ""sources"": [{""id"": ""web/ruwac.out.gz.lpos-clean2-biwt.cleaned_recommended_min100_ipm6.json"", ""file"": ""ruwac.out.gz.lpos-clean2-biwt.cleaned_recommended_min100_ipm6.json"", ""category"": ""web"", ""ipm"": 0.074412}], ""corpus_quality"": {""status"": ""accepted"", ""reasons"": []}, ""components"": [{""surface"": ""regul"", ""canonical_candidate"": ""regul"", ""confidence"": 0.97, ""evidence"": [{""type"": ""compound_morphology"", ""source"": ""allomorph_table"", ""path"": [""zaregulirovanie"", ""regul"", ""regul""], ""confidence"": 0.97}, {""type"": ""verified_seed_alias"", ""source"": ""methodology_control_seed"", ""path"": [""ru"", ""regul"", ""family:regul""], ""confidence"": 1}]}]}"
ru	lemma:a60acf4d2c04208255b8	перьеголовый	uncertain	not_admitted_candidate		aggregate_only_not_sense_frequency	"[{""path"": ""associativvordes/family-index-v5/members/ru/84.json.gz"", ""family_id"": ""surface:ru:peregolov"", ""record_sha256"": ""9ed315569e541fadf09eaf65e970370967cded444394a7d59b17e950e877cf30""}, {""path"": ""associativvordes/family-index-v5/members/ru/9d.json.gz"", ""family_id"": ""surface:ru:golovyj"", ""record_sha256"": ""8859b5286f5a274469e2519720a6820435f1cab75db69845e6cd7ed5a0586ec1""}]"	"{""lemma_id"": ""lemma:a60acf4d2c04208255b8"", ""word"": ""перьеголовый"", ""normalized"": ""перьеголовый"", ""search_form"": ""peregolovyj"", ""rank"": 400970, ""frequency_score"": 0.11418598341100496, ""category_breakdown"": {""subtitles"": {""ipm_values"": [0.006538], ""category_ipm"": 0.006538, ""category_score"": 0.11418598341100496}}, ""sources"": [{""id"": ""subtitles/hermit_2018_ru_full_lemmatized_pymorphy3_ipm6.json"", ""file"": ""hermit_2018_ru_full_lemmatized_pymorphy3_ipm6.json"", ""category"": ""subtitles"", ""ipm"": 0.006538}], ""corpus_quality"": {""status"": ""accepted"", ""reasons"": []}, ""components"": [{""surface"": ""peregolov"", ""canonical_candidate"": ""peregolov"", ""confidence"": 0.89, ""evidence"": [{""type"": ""compound_morphology"", ""source"": ""candidate_index"", ""path"": [""peregolovyj"", ""peregolov"", ""peregolov""], ""confidence"": 0.89}]}]}"
ru	lemma:a8bdf0d66cb6dd1b4341	регулус	uncertain	withheld_historical_uncertain		aggregate_only_not_sense_frequency	"[{""path"": ""associativvordes/family-index-v5/members/ru/0e.json.gz"", ""family_id"": ""surface:ru:ulus"", ""record_sha256"": ""dac7f8982dfe29e370fb386a2df0e831d5e6e991f703e1736ac1148a1d654c7c""}, {""path"": ""associativvordes/family-index-v5/members/ru/40.json.gz"", ""family_id"": ""family:regul"", ""record_sha256"": ""894539cb0930d14bb218232a6e1526c30b85c3844657ec2abcc5800fbe399f19""}]"	"{""lemma_id"": ""lemma:a8bdf0d66cb6dd1b4341"", ""word"": ""регулус"", ""normalized"": ""регулус"", ""search_form"": ""regulus"", ""rank"": 113005, ""frequency_score"": 1.2386757565590574, ""category_breakdown"": {""subtitles"": {""ipm_values"": [0.019615], ""category_ipm"": 0.019615, ""category_score"": 0.34036673836878834}, ""web"": {""ipm_values"": [0.129709], ""category_ipm"": 0.129709, ""category_score"": 2.1369847747493265}}, ""sources"": [{""id"": ""subtitles/hermit_2018_ru_full_lemmatized_pymorphy3_ipm6.json"", ""file"": ""hermit_2018_ru_full_lemmatized_pymorphy3_ipm6.json"", ""category"": ""subtitles"", ""ipm"": 0.019615}, {""id"": ""web/ruwac.out.gz.lpos-clean2-biwt.cleaned_recommended_min100_ipm6.json"", ""file"": ""ruwac.out.gz.lpos-clean2-biwt.cleaned_recommended_min100_ipm6.json"", ""category"": ""web"", ""ipm"": 0.129709}], ""corpus_quality"": {""status"": ""accepted"", ""reasons"": []}, ""components"": [{""surface"": ""ulus"", ""canonical_candidate"": ""ulus"", ""confidence"": 0.89, ""evidence"": [{""type"": ""compound_morphology"", ""source"": ""candidate_index"", ""path"": [""regulus"", ""ulus"", ""ulus""], ""confidence"": 0.89}]}]}"
ru	lemma:af7e90f9342bf4c9f691	ростехрегулирование	accepted	accepted	регулировать	aggregate_only_not_sense_frequency	"[{""path"": ""associativvordes/family-index-v5/members/ru/40.json.gz"", ""family_id"": ""family:regul"", ""record_sha256"": ""b5efc6bcfada07df8043287f8f36a4103a628123063f23c84f59829e153d374d""}, {""path"": ""associativvordes/family-index-v5/members/ru/af.json.gz"", ""family_id"": ""surface:ru:rostehregulirovani"", ""record_sha256"": ""1734b3f5c70c1b4e6589c20c87a9b59f10cb7c4bdf66505a07479ce1ed2ebad7""}]"	"{""lemma_id"": ""lemma:af7e90f9342bf4c9f691"", ""word"": ""ростехрегулирование"", ""normalized"": ""ростехрегулирование"", ""search_form"": ""rostehregulirovanie"", ""rank"": 71514, ""frequency_score"": 4.60225487603239, ""category_breakdown"": {""web"": {""ipm_values"": [0.300379], ""category_ipm"": 0.300379, ""category_score"": 4.60225487603239}}, ""sources"": [{""id"": ""web/ruwac.out.gz.lpos-clean2-biwt.cleaned_recommended_min100_ipm6.json"", ""file"": ""ruwac.out.gz.lpos-clean2-biwt.cleaned_recommended_min100_ipm6.json"", ""category"": ""web"", ""ipm"": 0.300379}], ""corpus_quality"": {""status"": ""accepted"", ""reasons"": []}, ""components"": [{""surface"": ""regul"", ""canonical_candidate"": ""regul"", ""confidence"": 0.97, ""evidence"": [{""type"": ""compound_morphology"", ""source"": ""allomorph_table"", ""path"": [""rostehregulirovanie"", ""regul"", ""regul""], ""confidence"": 0.97}, {""type"": ""verified_seed_alias"", ""source"": ""methodology_control_seed"", ""path"": [""ru"", ""regul"", ""family:regul""], ""confidence"": 1}]}]}"
ru	lemma:af91964a3d9a3065c8ab	регулировщик	accepted	accepted	регулировать	aggregate_only_not_sense_frequency	"[{""path"": ""associativvordes/family-index-v5/members/ru/40.json.gz"", ""family_id"": ""family:regul"", ""record_sha256"": ""59a2357d4e3802cd73abe3232de2ab27739bd1473f37769eb269af2b9351e0f2""}, {""path"": ""associativvordes/family-index-v5/members/ru/4f.json.gz"", ""family_id"": ""surface:ru:regulirovshchi"", ""record_sha256"": ""037514c5678631909f615348d9f8bc277a50bf1462446bf84c9513d3816e77d9""}, {""path"": ""associativvordes/family-index-v5/members/ru/d3.json.gz"", ""family_id"": ""surface:ru:shchik"", ""record_sha256"": ""399c756a7a3dc213b93ff966c344dd47b53053b544aa4dd907c5941bbfd65161""}]"	"{""lemma_id"": ""lemma:af91964a3d9a3065c8ab"", ""word"": ""регулировщик"", ""normalized"": ""регулировщик"", ""search_form"": ""regulirovshchik"", ""rank"": 32373, ""frequency_score"": 9.799767235606081, ""category_breakdown"": {""subtitles"": {""ipm_values"": [0.575372], ""category_ipm"": 0.575372, ""category_score"": 7.963600031919239}, ""normative"": {""ipm_values"": [0.825014], ""category_ipm"": 0.825014, ""category_score"": 10.541020417175675}, ""web"": {""ipm_values"": [0.862224], ""category_ipm"": 0.862224, ""category_score"": 10.894681257723327}}, ""sources"": [{""id"": ""normative/rnc-orig.out.lpos-clean2-biwt.cleaned_ipm6.json"", ""file"": ""rnc-orig.out.lpos-clean2-biwt.cleaned_ipm6.json"", ""category"": ""normative"", ""ipm"": 0.825014}, {""id"": ""subtitles/hermit_2018_ru_full_lemmatized_pymorphy3_ipm6.json"", ""file"": ""hermit_2018_ru_full_lemmatized_pymorphy3_ipm6.json"", ""category"": ""subtitles"", ""ipm"": 0.575372}, {""id"": ""web/ruwac.out.gz.lpos-clean2-biwt.cleaned_recommended_min100_ipm6.json"", ""file"": ""ruwac.out.gz.lpos-clean2-biwt.cleaned_recommended_min100_ipm6.json"", ""category"": ""web"", ""ipm"": 0.862224}], ""corpus_quality"": {""status"": ""accepted"", ""reasons"": []}, ""components"": [{""surface"": ""regul"", ""canonical_candidate"": ""regul"", ""confidence"": 0.97, ""evidence"": [{""type"": ""compound_morphology"", ""source"": ""allomorph_table"", ""path"": [""regulirovshchik"", ""regul"", ""regul""], ""confidence"": 0.97}, {""type"": ""verified_seed_alias"", ""source"": ""methodology_control_seed"", ""path"": [""ru"", ""regul"", ""family:regul""], ""confidence"": 1}]}]}"
ru	lemma:b30f4f8826d1ce6adff9	разрегулировать	accepted	accepted	регулировать	aggregate_only_not_sense_frequency	"[{""path"": ""associativvordes/family-index-v5/members/ru/01.json.gz"", ""family_id"": ""surface:ru:razre"", ""record_sha256"": ""dc3627e96df0f2f6bce011a986a46ceda2d34233258b092326fe70a62dfd9e14""}, {""path"": ""associativvordes/family-index-v5/members/ru/40.json.gz"", ""family_id"": ""family:regul"", ""record_sha256"": ""8bb4d350b2d27134a124db3055dce2ee773ae14939cb2975409a1b0ef1cbfda5""}, {""path"": ""associativvordes/family-index-v5/members/ru/94.json.gz"", ""family_id"": ""surface:ru:regulirov"", ""record_sha256"": ""9b682d1650f4ae1be34b6a2abf10ef9ab73dd6e38f9a02939f1e7c5124c681ca""}]"	"{""lemma_id"": ""lemma:b30f4f8826d1ce6adff9"", ""word"": ""разрегулировать"", ""normalized"": ""разрегулировать"", ""search_form"": ""razregulirovat"", ""rank"": 423645, ""frequency_score"": 0.11418598341100496, ""category_breakdown"": {""subtitles"": {""ipm_values"": [0.006538], ""category_ipm"": 0.006538, ""category_score"": 0.11418598341100496}}, ""sources"": [{""id"": ""subtitles/hermit_2018_ru_full_lemmatized_pymorphy3_ipm6.json"", ""file"": ""hermit_2018_ru_full_lemmatized_pymorphy3_ipm6.json"", ""category"": ""subtitles"", ""ipm"": 0.006538}], ""corpus_quality"": {""status"": ""accepted"", ""reasons"": []}, ""components"": [{""surface"": ""razre"", ""canonical_candidate"": ""razre"", ""confidence"": 0.81, ""evidence"": [{""type"": ""compound_morphology"", ""source"": ""candidate_index"", ""path"": [""razregulirovat"", ""razre"", ""razre""], ""confidence"": 0.81}]}]}"
ru	lemma:b5615806b87df49f55e3	урегулировать	accepted	accepted	регулировать	aggregate_only_not_sense_frequency	"[{""path"": ""associativvordes/family-index-v5/members/ru/83.json.gz"", ""family_id"": ""surface:ru:uregulirov"", ""record_sha256"": ""bf950880718f058c716571ee6f4c4aeb2152d01d7e27d22f8b827e678da08d16""}]"	"{""lemma_id"": ""lemma:b5615806b87df49f55e3"", ""word"": ""урегулировать"", ""normalized"": ""урегулировать"", ""search_form"": ""uregulirovat"", ""rank"": 13679, ""frequency_score"": 26.387414832352718, ""category_breakdown"": {""subtitles"": {""ipm_values"": [2.033419], ""category_ipm"": 2.033419, ""category_score"": 19.443997307505573}, ""normative"": {""ipm_values"": [5.479338], ""category_ipm"": 5.479338, ""category_score"": 32.741935199561816}, ""web"": {""ipm_values"": [3.662575], ""category_ipm"": 3.662575, ""category_score"": 26.976311989990755}}, ""sources"": [{""id"": ""normative/rnc-orig.out.lpos-clean2-biwt.cleaned_ipm6.json"", ""file"": ""rnc-orig.out.lpos-clean2-biwt.cleaned_ipm6.json"", ""category"": ""normative"", ""ipm"": 5.479338}, {""id"": ""subtitles/hermit_2018_ru_full_lemmatized_pymorphy3_ipm6.json"", ""file"": ""hermit_2018_ru_full_lemmatized_pymorphy3_ipm6.json"", ""category"": ""subtitles"", ""ipm"": 2.033419}, {""id"": ""web/ruwac.out.gz.lpos-clean2-biwt.cleaned_recommended_min100_ipm6.json"", ""file"": ""ruwac.out.gz.lpos-clean2-biwt.cleaned_recommended_min100_ipm6.json"", ""category"": ""web"", ""ipm"": 3.662575}], ""corpus_quality"": {""status"": ""accepted"", ""reasons"": []}, ""components"": [{""surface"": ""uregulirov"", ""canonical_candidate"": ""uregulirov"", ""confidence"": 0.81, ""evidence"": [{""type"": ""compound_morphology"", ""source"": ""candidate_index"", ""path"": [""uregulirovat"", ""uregulirov"", ""uregulirov""], ""confidence"": 0.81}]}]}"
ru	lemma:b61609533a301d6b2bb0	регулироваться	accepted	accepted	регулировать	aggregate_only_not_sense_frequency	"[{""path"": ""associativvordes/family-index-v5/members/ru/40.json.gz"", ""family_id"": ""family:regul"", ""record_sha256"": ""8cadcd727277d0a3d87546293e6490db59b1a5017fc99da1192888ceaa252c19""}, {""path"": ""associativvordes/family-index-v5/members/ru/d4.json.gz"", ""family_id"": ""surface:ru:regulirovatsj"", ""record_sha256"": ""7491a6ae1fe507f865fbd2a7ac28fc848afb46dfe45151411f942a000811b976""}]"	"{""lemma_id"": ""lemma:b61609533a301d6b2bb0"", ""word"": ""регулироваться"", ""normalized"": ""регулироваться"", ""search_form"": ""regulirovatsja"", ""rank"": 8941, ""frequency_score"": 29.8030045280368, ""category_breakdown"": {""subtitles"": {""ipm_values"": [0.536143], ""category_ipm"": 0.536143, ""category_score"": 7.521752856290112}, ""normative"": {""ipm_values"": [10.024698], ""category_ipm"": 10.024698, ""category_score"": 42.05522440126003}, ""web"": {""ipm_values"": [8.71099], ""category_ipm"": 8.71099, ""category_score"": 39.83203632656025}}, ""sources"": [{""id"": ""normative/rnc-orig.out.lpos-clean2-biwt.cleaned_ipm6.json"", ""file"": ""rnc-orig.out.lpos-clean2-biwt.cleaned_ipm6.json"", ""category"": ""normative"", ""ipm"": 10.024698}, {""id"": ""subtitles/hermit_2018_ru_full_lemmatized_pymorphy3_ipm6.json"", ""file"": ""hermit_2018_ru_full_lemmatized_pymorphy3_ipm6.json"", ""category"": ""subtitles"", ""ipm"": 0.536143}, {""id"": ""web/ruwac.out.gz.lpos-clean2-biwt.cleaned_recommended_min100_ipm6.json"", ""file"": ""ruwac.out.gz.lpos-clean2-biwt.cleaned_recommended_min100_ipm6.json"", ""category"": ""web"", ""ipm"": 8.71099}], ""corpus_quality"": {""status"": ""accepted"", ""reasons"": []}, ""components"": [{""surface"": ""regul"", ""canonical_candidate"": ""regul"", ""confidence"": 0.97, ""evidence"": [{""type"": ""compound_morphology"", ""source"": ""allomorph_table"", ""path"": [""regulirovatsja"", ""regul"", ""regul""], ""confidence"": 0.97}, {""type"": ""verified_seed_alias"", ""source"": ""methodology_control_seed"", ""path"": [""ru"", ""regul"", ""family:regul""], ""confidence"": 1}]}]}"
ru	lemma:b62dd04f56ecc3a799b0	саморегулирующийся	accepted	accepted	регулировать	aggregate_only_not_sense_frequency	"[{""path"": ""associativvordes/family-index-v5/members/ru/40.json.gz"", ""family_id"": ""family:regul"", ""record_sha256"": ""ef6e27320760a55190e0fc990ae615e32c491bbf2b1826aa5ec78dd1fd0b0829""}, {""path"": ""associativvordes/family-index-v5/members/ru/d7.json.gz"", ""family_id"": ""surface:ru:samoregulirujushchijsj"", ""record_sha256"": ""7f6575bb05eda982341d5e31c0179467a1ad0d2223d28a144a8658aff6301044""}]"	"{""lemma_id"": ""lemma:b62dd04f56ecc3a799b0"", ""word"": ""саморегулирующийся"", ""normalized"": ""саморегулирующийся"", ""search_form"": ""samoregulirujushchijsja"", ""rank"": 45724, ""frequency_score"": 4.786923047842729, ""category_breakdown"": {""subtitles"": {""ipm_values"": [0.052307], ""category_ipm"": 0.052307, ""category_score"": 0.8933574869375325}, ""normative"": {""ipm_values"": [0.607086], ""category_ipm"": 0.607086, ""category_score"": 8.312833976976004}, ""web"": {""ipm_values"": [0.342022], ""category_ipm"": 0.342022, ""category_score"": 5.154577679614649}}, ""sources"": [{""id"": ""normative/rnc-orig.out.lpos-clean2-biwt.cleaned_ipm6.json"", ""file"": ""rnc-orig.out.lpos-clean2-biwt.cleaned_ipm6.json"", ""category"": ""normative"", ""ipm"": 0.607086}, {""id"": ""subtitles/hermit_2018_ru_full_lemmatized_pymorphy3_ipm6.json"", ""file"": ""hermit_2018_ru_full_lemmatized_pymorphy3_ipm6.json"", ""category"": ""subtitles"", ""ipm"": 0.052307}, {""id"": ""web/ruwac.out.gz.lpos-clean2-biwt.cleaned_recommended_min100_ipm6.json"", ""file"": ""ruwac.out.gz.lpos-clean2-biwt.cleaned_recommended_min100_ipm6.json"", ""category"": ""web"", ""ipm"": 0.342022}], ""corpus_quality"": {""status"": ""accepted"", ""reasons"": []}, ""components"": [{""surface"": ""regul"", ""canonical_candidate"": ""regul"", ""confidence"": 0.97, ""evidence"": [{""type"": ""compound_morphology"", ""source"": ""allomorph_table"", ""path"": [""samoregulirujushchijsja"", ""regul"", ""regul""], ""confidence"": 0.97}, {""type"": ""verified_seed_alias"", ""source"": ""methodology_control_seed"", ""path"": [""ru"", ""regul"", ""family:regul""], ""confidence"": 1}]}]}"
ru	lemma:b6e5fc2192eeaa9425e4	терморегулирование	accepted	accepted	регулировать	aggregate_only_not_sense_frequency	"[{""path"": ""associativvordes/family-index-v5/members/ru/40.json.gz"", ""family_id"": ""family:regul"", ""record_sha256"": ""d1d268c5e1e100e53a15d0b60910f3233d40831461c72d459b85d4ef5cc8bbd2""}, {""path"": ""associativvordes/family-index-v5/members/ru/c3.json.gz"", ""family_id"": ""surface:ru:termoregulirovani"", ""record_sha256"": ""0b8ee6c12c0c45cbd54e53d560d403e1f1dd993c1038de5b99508d66f2d87104""}]"	"{""lemma_id"": ""lemma:b6e5fc2192eeaa9425e4"", ""word"": ""терморегулирование"", ""normalized"": ""терморегулирование"", ""search_form"": ""termoregulirovanie"", ""rank"": 134677, ""frequency_score"": 1.5884698921476865, ""category_breakdown"": {""web"": {""ipm_values"": [0.094892], ""category_ipm"": 0.094892, ""category_score"": 1.5884698921476865}}, ""sources"": [{""id"": ""web/ruwac.out.gz.lpos-clean2-biwt.cleaned_recommended_min100_ipm6.json"", ""file"": ""ruwac.out.gz.lpos-clean2-biwt.cleaned_recommended_min100_ipm6.json"", ""category"": ""web"", ""ipm"": 0.094892}], ""corpus_quality"": {""status"": ""accepted"", ""reasons"": []}, ""components"": [{""surface"": ""regul"", ""canonical_candidate"": ""regul"", ""confidence"": 0.97, ""evidence"": [{""type"": ""compound_morphology"", ""source"": ""allomorph_table"", ""path"": [""termoregulirovanie"", ""regul"", ""regul""], ""confidence"": 0.97}, {""type"": ""verified_seed_alias"", ""source"": ""methodology_control_seed"", ""path"": [""ru"", ""regul"", ""family:regul""], ""confidence"": 1}]}]}"
ru	lemma:bbb0f5cc3ebb8fa052af	регулятор	uncertain	withheld_historical_uncertain		aggregate_only_not_sense_frequency	"[{""path"": ""associativvordes/family-index-v5/members/ru/40.json.gz"", ""family_id"": ""family:regul"", ""record_sha256"": ""ea5f867d8aeb4e4f058db9f9f0f797ea6c98fad339be76cabf2dfbba773e2983""}]"	"{""lemma_id"": ""lemma:bbb0f5cc3ebb8fa052af"", ""word"": ""регулятор"", ""normalized"": ""регулятор"", ""search_form"": ""reguljator"", ""rank"": 8646, ""frequency_score"": 33.81473651505864, ""category_breakdown"": {""subtitles"": {""ipm_values"": [1.628042], ""category_ipm"": 1.628042, ""category_score"": 16.930443559115883}, ""normative"": {""ipm_values"": [10.522819], ""category_ipm"": 10.522819, ""category_score"": 42.82954449454747}, ""web"": {""ipm_values"": [9.79372], ""category_ipm"": 9.79372, ""category_score"": 41.68422149151256}}, ""sources"": [{""id"": ""normative/rnc-orig.out.lpos-clean2-biwt.cleaned_ipm6.json"", ""file"": ""rnc-orig.out.lpos-clean2-biwt.cleaned_ipm6.json"", ""category"": ""normative"", ""ipm"": 10.522819}, {""id"": ""subtitles/hermit_2018_ru_full_lemmatized_pymorphy3_ipm6.json"", ""file"": ""hermit_2018_ru_full_lemmatized_pymorphy3_ipm6.json"", ""category"": ""subtitles"", ""ipm"": 1.628042}, {""id"": ""web/ruwac.out.gz.lpos-clean2-biwt.cleaned_recommended_min100_ipm6.json"", ""file"": ""ruwac.out.gz.lpos-clean2-biwt.cleaned_recommended_min100_ipm6.json"", ""category"": ""web"", ""ipm"": 9.79372}], ""corpus_quality"": {""status"": ""accepted"", ""reasons"": []}, ""components"": [{""surface"": ""regul"", ""canonical_candidate"": ""regul"", ""confidence"": 0.97, ""evidence"": [{""type"": ""compound_morphology"", ""source"": ""allomorph_table"", ""path"": [""reguljator"", ""regul"", ""regul""], ""confidence"": 0.97}, {""type"": ""verified_seed_alias"", ""source"": ""methodology_control_seed"", ""path"": [""ru"", ""regul"", ""family:regul""], ""confidence"": 1}]}]}"
ru	lemma:bc232c418d06dffda19f	спецрегулятор	uncertain	withheld_historical_uncertain		aggregate_only_not_sense_frequency	"[{""path"": ""associativvordes/family-index-v5/members/ru/40.json.gz"", ""family_id"": ""family:regul"", ""record_sha256"": ""cedb4bce2f9078c2dbabc45ac51a00df69212169caf5d33c4b55dd8831feaf61""}, {""path"": ""associativvordes/family-index-v5/members/ru/82.json.gz"", ""family_id"": ""surface:ru:cr"", ""record_sha256"": ""1943d8b76c4af0c4ce1d694947633272f2071072e06086c6dfa2f2e8676b57a4""}, {""path"": ""associativvordes/family-index-v5/members/ru/b4.json.gz"", ""family_id"": ""surface:ru:reguljator"", ""record_sha256"": ""60bbe8238db21748a51e1e851754f6ae7d2438cf321c4feb5f7f36166cd0c337""}, {""path"": ""associativvordes/family-index-v5/members/ru/b8.json.gz"", ""family_id"": ""surface:ru:spec"", ""record_sha256"": ""efeddbfc5bcd3332ed749038e99dce4d2c2227e6fa0657dc5ddca0da3b0c410f""}]"	"{""lemma_id"": ""lemma:bc232c418d06dffda19f"", ""word"": ""спецрегулятор"", ""normalized"": ""спецрегулятор"", ""search_form"": ""specreguljator"", ""rank"": 445561, ""frequency_score"": 0.11418598341100496, ""category_breakdown"": {""subtitles"": {""ipm_values"": [0.006538], ""category_ipm"": 0.006538, ""category_score"": 0.11418598341100496}}, ""sources"": [{""id"": ""subtitles/hermit_2018_ru_full_lemmatized_pymorphy3_ipm6.json"", ""file"": ""hermit_2018_ru_full_lemmatized_pymorphy3_ipm6.json"", ""category"": ""subtitles"", ""ipm"": 0.006538}], ""corpus_quality"": {""status"": ""accepted"", ""reasons"": []}, ""components"": [{""surface"": ""regul"", ""canonical_candidate"": ""regul"", ""confidence"": 0.97, ""evidence"": [{""type"": ""compound_morphology"", ""source"": ""allomorph_table"", ""path"": [""specreguljator"", ""regul"", ""regul""], ""confidence"": 0.97}, {""type"": ""verified_seed_alias"", ""source"": ""methodology_control_seed"", ""path"": [""ru"", ""regul"", ""family:regul""], ""confidence"": 1}]}]}"
ru	lemma:bc648d20e85b34fe2de4	пускорегулирующий	accepted	accepted	регулировать	aggregate_only_not_sense_frequency	"[{""path"": ""associativvordes/family-index-v5/members/ru/40.json.gz"", ""family_id"": ""surface:ru:shchij"", ""record_sha256"": ""c94c3d54b3f55dad0eab260802b9c3e25765c3b7770a0be94ac8ef547f18c8bf""}, {""path"": ""associativvordes/family-index-v5/members/ru/40.json.gz"", ""family_id"": ""family:regul"", ""record_sha256"": ""85d13a4d15cb8dd035958182681320a4c8904169236a3e4e6c536eb1c42dc70d""}, {""path"": ""associativvordes/family-index-v5/members/ru/41.json.gz"", ""family_id"": ""surface:ru:puskoregulirujushch"", ""record_sha256"": ""fa082323d91f2d4af2d1837006aeaf0fe8c1aebf9afdb395dbe3fc8e22815ad1""}]"	"{""lemma_id"": ""lemma:bc648d20e85b34fe2de4"", ""word"": ""пускорегулирующий"", ""normalized"": ""пускорегулирующий"", ""search_form"": ""puskoregulirujushchij"", ""rank"": 139703, ""frequency_score"": 1.4898680465152814, ""category_breakdown"": {""web"": {""ipm_values"": [0.088748], ""category_ipm"": 0.088748, ""category_score"": 1.4898680465152814}}, ""sources"": [{""id"": ""web/ruwac.out.gz.lpos-clean2-biwt.cleaned_recommended_min100_ipm6.json"", ""file"": ""ruwac.out.gz.lpos-clean2-biwt.cleaned_recommended_min100_ipm6.json"", ""category"": ""web"", ""ipm"": 0.088748}], ""corpus_quality"": {""status"": ""accepted"", ""reasons"": []}, ""components"": [{""surface"": ""shchij"", ""canonical_candidate"": ""shchij"", ""confidence"": 0.89, ""evidence"": [{""type"": ""compound_morphology"", ""source"": ""candidate_index"", ""path"": [""puskoregulirujushchij"", ""shchij"", ""shchij""], ""confidence"": 0.89}]}]}"
ru	lemma:bdd47582a0f401014b04	регулоно	uncertain	withheld_historical_uncertain		aggregate_only_not_sense_frequency	"[{""path"": ""associativvordes/family-index-v5/members/ru/40.json.gz"", ""family_id"": ""family:regul"", ""record_sha256"": ""ff92b2d55c0a448910c6565a98732ad65a072a30d8c7abe1e519b90d7c76528c""}, {""path"": ""associativvordes/family-index-v5/members/ru/b1.json.gz"", ""family_id"": ""surface:ru:lono"", ""record_sha256"": ""fe9293636926f6c3796c51d59da738e7c4c6eda7e0cf3793f35d6e5a2d431492""}, {""path"": ""associativvordes/family-index-v5/members/ru/cf.json.gz"", ""family_id"": ""surface:ru:regulo"", ""record_sha256"": ""a84dc52765acadc057483bdc33dc0048875bc1664e0c422c161ae52f5f581810""}]"	"{""lemma_id"": ""lemma:bdd47582a0f401014b04"", ""word"": ""регулоно"", ""normalized"": ""регулоно"", ""search_form"": ""regulono"", ""rank"": 426340, ""frequency_score"": 0.11418598341100496, ""category_breakdown"": {""subtitles"": {""ipm_values"": [0.006538], ""category_ipm"": 0.006538, ""category_score"": 0.11418598341100496}}, ""sources"": [{""id"": ""subtitles/hermit_2018_ru_full_lemmatized_pymorphy3_ipm6.json"", ""file"": ""hermit_2018_ru_full_lemmatized_pymorphy3_ipm6.json"", ""category"": ""subtitles"", ""ipm"": 0.006538}], ""corpus_quality"": {""status"": ""accepted"", ""reasons"": []}, ""components"": [{""surface"": ""regul"", ""canonical_candidate"": ""regul"", ""confidence"": 1, ""evidence"": [{""type"": ""compound_morphology"", ""source"": ""allomorph_table"", ""path"": [""regulono"", ""regul"", ""regul""], ""confidence"": 1}, {""type"": ""verified_seed_alias"", ""source"": ""methodology_control_seed"", ""path"": [""ru"", ""regul"", ""family:regul""], ""confidence"": 1}]}]}"
ru	lemma:c3e82629181f0b08da2c	подрегулировать	accepted	accepted	регулировать	aggregate_only_not_sense_frequency	"[{""path"": ""associativvordes/family-index-v5/members/ru/40.json.gz"", ""family_id"": ""family:regul"", ""record_sha256"": ""1fcf49f25cd959b617a05aaf9c607d1acd80b2fe668f6a4118fc446a6b6f5617""}, {""path"": ""associativvordes/family-index-v5/members/ru/5b.json.gz"", ""family_id"": ""surface:ru:podregulirov"", ""record_sha256"": ""a69afda5438568489ddd96aa7f1763e262d3954cb9e790afb82ad0b9c3368f5d""}]"	"{""lemma_id"": ""lemma:c3e82629181f0b08da2c"", ""word"": ""подрегулировать"", ""normalized"": ""подрегулировать"", ""search_form"": ""podregulirovat"", ""rank"": 76105, ""frequency_score"": 1.785264035243074, ""category_breakdown"": {""subtitles"": {""ipm_values"": [0.104612], ""category_ipm"": 0.104612, ""category_score"": 1.7433366006881006}, ""web"": {""ipm_values"": [0.109911], ""category_ipm"": 0.109911, ""category_score"": 1.8271914697980471}}, ""sources"": [{""id"": ""subtitles/hermit_2018_ru_full_lemmatized_pymorphy3_ipm6.json"", ""file"": ""hermit_2018_ru_full_lemmatized_pymorphy3_ipm6.json"", ""category"": ""subtitles"", ""ipm"": 0.104612}, {""id"": ""web/ruwac.out.gz.lpos-clean2-biwt.cleaned_recommended_min100_ipm6.json"", ""file"": ""ruwac.out.gz.lpos-clean2-biwt.cleaned_recommended_min100_ipm6.json"", ""category"": ""web"", ""ipm"": 0.109911}], ""corpus_quality"": {""status"": ""accepted"", ""reasons"": []}, ""components"": [{""surface"": ""regul"", ""canonical_candidate"": ""regul"", ""confidence"": 0.97, ""evidence"": [{""type"": ""compound_morphology"", ""source"": ""allomorph_table"", ""path"": [""podregulirovat"", ""regul"", ""regul""], ""confidence"": 0.97}, {""type"": ""verified_seed_alias"", ""source"": ""methodology_control_seed"", ""path"": [""ru"", ""regul"", ""family:regul""], ""confidence"": 1}]}]}"
ru	lemma:c50ed894d764b4ddc963	регуланский	uncertain	withheld_historical_uncertain		aggregate_only_not_sense_frequency	"[{""path"": ""associativvordes/family-index-v5/members/ru/33.json.gz"", ""family_id"": ""surface:ru:regulansk"", ""record_sha256"": ""208cd2f8844fa1b316831abbe2f586a8391a4c32ccae450924b295d5de9a1d67""}, {""path"": ""associativvordes/family-index-v5/members/ru/40.json.gz"", ""family_id"": ""family:regul"", ""record_sha256"": ""203e79c1b3067e05939ec6bed56a72d32e9c47373579f88c98c29de047157399""}]"	"{""lemma_id"": ""lemma:c50ed894d764b4ddc963"", ""word"": ""регуланский"", ""normalized"": ""регуланский"", ""search_form"": ""regulanskij"", ""rank"": 426338, ""frequency_score"": 0.11418598341100496, ""category_breakdown"": {""subtitles"": {""ipm_values"": [0.006538], ""category_ipm"": 0.006538, ""category_score"": 0.11418598341100496}}, ""sources"": [{""id"": ""subtitles/hermit_2018_ru_full_lemmatized_pymorphy3_ipm6.json"", ""file"": ""hermit_2018_ru_full_lemmatized_pymorphy3_ipm6.json"", ""category"": ""subtitles"", ""ipm"": 0.006538}], ""corpus_quality"": {""status"": ""accepted"", ""reasons"": []}, ""components"": [{""surface"": ""regulansk"", ""canonical_candidate"": ""regulansk"", ""confidence"": 0.89, ""evidence"": [{""type"": ""compound_morphology"", ""source"": ""candidate_index"", ""path"": [""regulanskij"", ""regulansk"", ""regulansk""], ""confidence"": 0.89}]}]}"
ru	lemma:c7a5bd13b3e16982a036	нерегулы	uncertain	withheld_historical_uncertain		aggregate_only_not_sense_frequency	"[{""path"": ""associativvordes/family-index-v5/members/ru/40.json.gz"", ""family_id"": ""family:regul"", ""record_sha256"": ""325e3705e5a68da8c4c5edf43fce833727ded65af75c014c70dd57385dd52d31""}, {""path"": ""associativvordes/family-index-v5/members/ru/c1.json.gz"", ""family_id"": ""surface:ru:neregul"", ""record_sha256"": ""5a9902f40804bd9b2c8e9470482334a57eec6551d623a555391b674cebacb2ea""}, {""path"": ""associativvordes/family-index-v5/members/ru/ed.json.gz"", ""family_id"": ""surface:ru:uly"", ""record_sha256"": ""c4701cd1b06c346ddcf3493df89c11d277507841aab888c5661ddb9e8b03a7ad""}]"	"{""lemma_id"": ""lemma:c7a5bd13b3e16982a036"", ""word"": ""нерегулы"", ""normalized"": ""нерегулы"", ""search_form"": ""nereguly"", ""rank"": 378853, ""frequency_score"": 0.11418598341100496, ""category_breakdown"": {""subtitles"": {""ipm_values"": [0.006538], ""category_ipm"": 0.006538, ""category_score"": 0.11418598341100496}}, ""sources"": [{""id"": ""subtitles/hermit_2018_ru_full_lemmatized_pymorphy3_ipm6.json"", ""file"": ""hermit_2018_ru_full_lemmatized_pymorphy3_ipm6.json"", ""category"": ""subtitles"", ""ipm"": 0.006538}], ""corpus_quality"": {""status"": ""accepted"", ""reasons"": []}, ""components"": [{""surface"": ""regul"", ""canonical_candidate"": ""regul"", ""confidence"": 1, ""evidence"": [{""type"": ""compound_morphology"", ""source"": ""allomorph_table"", ""path"": [""nereguly"", ""regul"", ""regul""], ""confidence"": 1}, {""type"": ""verified_seed_alias"", ""source"": ""methodology_control_seed"", ""path"": [""ru"", ""regul"", ""family:regul""], ""confidence"": 1}]}]}"
ru	lemma:ca70e220d611235c4044	регулярный	uncertain	withheld_historical_uncertain		aggregate_only_not_sense_frequency	"[{""path"": ""associativvordes/family-index-v5/members/ru/40.json.gz"", ""family_id"": ""family:regul"", ""record_sha256"": ""e0960cd1ec9bd750246195bd30fe0e86c8176504203d2f3275391fd23afcafd2""}]"	"{""lemma_id"": ""lemma:ca70e220d611235c4044"", ""word"": ""регулярный"", ""normalized"": ""регулярный"", ""search_form"": ""reguljarnyj"", ""rank"": 3939, ""frequency_score"": 47.97930996596912, ""category_breakdown"": {""subtitles"": {""ipm_values"": [3.896839], ""category_ipm"": 3.896839, ""category_score"": 27.835276019111806}, ""normative"": {""ipm_values"": [24.283429], ""category_ipm"": 24.283429, ""category_score"": 56.59868218868539}, ""web"": {""ipm_values"": [28.843208], ""category_ipm"": 28.843208, ""category_score"": 59.503971690110156}}, ""sources"": [{""id"": ""normative/rnc-orig.out.lpos-clean2-biwt.cleaned_ipm6.json"", ""file"": ""rnc-orig.out.lpos-clean2-biwt.cleaned_ipm6.json"", ""category"": ""normative"", ""ipm"": 24.283429}, {""id"": ""subtitles/hermit_2018_ru_full_lemmatized_pymorphy3_ipm6.json"", ""file"": ""hermit_2018_ru_full_lemmatized_pymorphy3_ipm6.json"", ""category"": ""subtitles"", ""ipm"": 3.896839}, {""id"": ""web/ruwac.out.gz.lpos-clean2-biwt.cleaned_recommended_min100_ipm6.json"", ""file"": ""ruwac.out.gz.lpos-clean2-biwt.cleaned_recommended_min100_ipm6.json"", ""category"": ""web"", ""ipm"": 28.843208}], ""corpus_quality"": {""status"": ""accepted"", ""reasons"": []}, ""components"": [{""surface"": ""reguljarnyj"", ""canonical_candidate"": ""regul"", ""confidence"": 1, ""evidence"": [{""type"": ""manual_override"", ""source"": ""methodology_control_word"", ""path"": [""ru"", ""регулярный"", ""family:regul""], ""confidence"": 1}]}]}"
ru	lemma:cb89800eda97c97731b2	регулизировать	uncertain	withheld_historical_uncertain		aggregate_only_not_sense_frequency	"[{""path"": ""associativvordes/family-index-v5/members/ru/38.json.gz"", ""family_id"": ""surface:ru:guli"", ""record_sha256"": ""313c9b6983d9d21edc25d5b3c9d3d360aa60fb59623c414818ed50442f91b045""}, {""path"": ""associativvordes/family-index-v5/members/ru/40.json.gz"", ""family_id"": ""family:regul"", ""record_sha256"": ""9f4a69d6f1d5586d90e0707c4cc4a6523c819e91f3b3a6932cb46e2a1c0207a6""}, {""path"": ""associativvordes/family-index-v5/members/ru/96.json.gz"", ""family_id"": ""surface:ru:izirov"", ""record_sha256"": ""6c1fbc7d47eb8c37e169a46b0a5566261036b0a439d1013510132588a6681bdb""}, {""path"": ""associativvordes/family-index-v5/members/ru/d5.json.gz"", ""family_id"": ""surface:ru:lizi"", ""record_sha256"": ""00169cddc54554f130d22b72629e05091358bee43492eebccd6f96464c19c29c""}]"	"{""lemma_id"": ""lemma:cb89800eda97c97731b2"", ""word"": ""регулизировать"", ""normalized"": ""регулизировать"", ""search_form"": ""regulizirovat"", ""rank"": 426339, ""frequency_score"": 0.11418598341100496, ""category_breakdown"": {""subtitles"": {""ipm_values"": [0.006538], ""category_ipm"": 0.006538, ""category_score"": 0.11418598341100496}}, ""sources"": [{""id"": ""subtitles/hermit_2018_ru_full_lemmatized_pymorphy3_ipm6.json"", ""file"": ""hermit_2018_ru_full_lemmatized_pymorphy3_ipm6.json"", ""category"": ""subtitles"", ""ipm"": 0.006538}], ""corpus_quality"": {""status"": ""accepted"", ""reasons"": []}, ""components"": [{""surface"": ""guli"", ""canonical_candidate"": ""guli"", ""confidence"": 0.81, ""evidence"": [{""type"": ""compound_morphology"", ""source"": ""candidate_index"", ""path"": [""regulizirovat"", ""guli"", ""guli""], ""confidence"": 0.81}]}]}"
ru	lemma:cc028fe99edba57d7373	подрегулировка	accepted	accepted	регулировать	aggregate_only_not_sense_frequency	"[{""path"": ""associativvordes/family-index-v5/members/ru/40.json.gz"", ""family_id"": ""family:regul"", ""record_sha256"": ""721c3fb34aee5cd9dc2c16e9c38c0ca865873902ecfc7b0375a2487d5af12a1f""}, {""path"": ""associativvordes/family-index-v5/members/ru/43.json.gz"", ""family_id"": ""surface:ru:vka"", ""record_sha256"": ""86ffd3334b1a77c2fd18e33d04456f91776058417d2f12c7401837f1ab068ad3""}, {""path"": ""associativvordes/family-index-v5/members/ru/90.json.gz"", ""family_id"": ""surface:ru:podregulirovk"", ""record_sha256"": ""5635a59ec502ede6e6d3b6d0cb951cde52245d3d96a74406af074657205febc3""}]"	"{""lemma_id"": ""lemma:cc028fe99edba57d7373"", ""word"": ""подрегулировка"", ""normalized"": ""подрегулировка"", ""search_form"": ""podregulirovka"", ""rank"": 223034, ""frequency_score"": 0.22764995980616493, ""category_breakdown"": {""subtitles"": {""ipm_values"": [0.013077], ""category_ipm"": 0.013077, ""category_score"": 0.22764995980616493}}, ""sources"": [{""id"": ""subtitles/hermit_2018_ru_full_lemmatized_pymorphy3_ipm6.json"", ""file"": ""hermit_2018_ru_full_lemmatized_pymorphy3_ipm6.json"", ""category"": ""subtitles"", ""ipm"": 0.013077}], ""corpus_quality"": {""status"": ""accepted"", ""reasons"": []}, ""components"": [{""surface"": ""regul"", ""canonical_candidate"": ""regul"", ""confidence"": 0.97, ""evidence"": [{""type"": ""compound_morphology"", ""source"": ""allomorph_table"", ""path"": [""podregulirovka"", ""regul"", ""regul""], ""confidence"": 0.97}, {""type"": ""verified_seed_alias"", ""source"": ""methodology_control_seed"", ""path"": [""ru"", ""regul"", ""family:regul""], ""confidence"": 1}]}]}"
ru	lemma:ce2c2aad2072af54c944	дерегулировать	accepted	accepted	регулировать	aggregate_only_not_sense_frequency	"[{""path"": ""associativvordes/family-index-v5/members/ru/40.json.gz"", ""family_id"": ""family:regul"", ""record_sha256"": ""c2e7c6dba335dededc8627f2486170ab2aa11e287f87fdf8d00525a0b82486c8""}, {""path"": ""associativvordes/family-index-v5/members/ru/79.json.gz"", ""family_id"": ""surface:ru:deregulirov"", ""record_sha256"": ""1e11ad8f05997773159fc8960ca6749ad6727910813d721217ac748ae8dba5e5""}]"	"{""lemma_id"": ""lemma:ce2c2aad2072af54c944"", ""word"": ""дерегулировать"", ""normalized"": ""дерегулировать"", ""search_form"": ""deregulirovat"", ""rank"": 307194, ""frequency_score"": 0.11418598341100496, ""category_breakdown"": {""subtitles"": {""ipm_values"": [0.006538], ""category_ipm"": 0.006538, ""category_score"": 0.11418598341100496}}, ""sources"": [{""id"": ""subtitles/hermit_2018_ru_full_lemmatized_pymorphy3_ipm6.json"", ""file"": ""hermit_2018_ru_full_lemmatized_pymorphy3_ipm6.json"", ""category"": ""subtitles"", ""ipm"": 0.006538}], ""corpus_quality"": {""status"": ""accepted"", ""reasons"": []}, ""components"": [{""surface"": ""regul"", ""canonical_candidate"": ""regul"", ""confidence"": 0.97, ""evidence"": [{""type"": ""compound_morphology"", ""source"": ""allomorph_table"", ""path"": [""deregulirovat"", ""regul"", ""regul""], ""confidence"": 0.97}, {""type"": ""verified_seed_alias"", ""source"": ""methodology_control_seed"", ""path"": [""ru"", ""regul"", ""family:regul""], ""confidence"": 1}]}]}"
ru	lemma:cfa8022355e0f9adbe1c	пузыреголовый	uncertain	not_admitted_candidate		aggregate_only_not_sense_frequency	"[{""path"": ""associativvordes/family-index-v5/members/ru/1f.json.gz"", ""family_id"": ""surface:ru:puzyregolov"", ""record_sha256"": ""2d360255979c1ebd65e96aff40f89552c5610e90dd359bd79db4f8c5763e53ea""}, {""path"": ""associativvordes/family-index-v5/members/ru/9d.json.gz"", ""family_id"": ""surface:ru:golovyj"", ""record_sha256"": ""0f6330542cfd0542d5717db0f30aa0589c5fc22ade0861de3a874da50eda3d3c""}]"	"{""lemma_id"": ""lemma:cfa8022355e0f9adbe1c"", ""word"": ""пузыреголовый"", ""normalized"": ""пузыреголовый"", ""search_form"": ""puzyregolovyj"", ""rank"": 225092, ""frequency_score"": 0.22764995980616493, ""category_breakdown"": {""subtitles"": {""ipm_values"": [0.013077], ""category_ipm"": 0.013077, ""category_score"": 0.22764995980616493}}, ""sources"": [{""id"": ""subtitles/hermit_2018_ru_full_lemmatized_pymorphy3_ipm6.json"", ""file"": ""hermit_2018_ru_full_lemmatized_pymorphy3_ipm6.json"", ""category"": ""subtitles"", ""ipm"": 0.013077}], ""corpus_quality"": {""status"": ""accepted"", ""reasons"": []}, ""components"": [{""surface"": ""puzyregolov"", ""canonical_candidate"": ""puzyregolov"", ""confidence"": 0.89, ""evidence"": [{""type"": ""compound_morphology"", ""source"": ""candidate_index"", ""path"": [""puzyregolovyj"", ""puzyregolov"", ""puzyregolov""], ""confidence"": 0.89}]}]}"
ru	lemma:d4e0cb850bb16c9d6dbf	регулярнее	uncertain	withheld_historical_uncertain		aggregate_only_not_sense_frequency	"[{""path"": ""associativvordes/family-index-v5/members/ru/16.json.gz"", ""family_id"": ""surface:ru:reguljarne"", ""record_sha256"": ""05a85193540564afe023cc04cdaac1f5d7ec56d391b7a2ccf7470bf82e3eb259""}, {""path"": ""associativvordes/family-index-v5/members/ru/40.json.gz"", ""family_id"": ""family:regul"", ""record_sha256"": ""be18db0c5a54fbdaabe4aa3509c7c0349b86abfef5f5f898bcef461875ff2b37""}, {""path"": ""associativvordes/family-index-v5/members/ru/45.json.gz"", ""family_id"": ""surface:ru:nee"", ""record_sha256"": ""a61ff92fab1e5659d275f4963449d37265c081012f948bfe7bd0ce8702e4a914""}]"	"{""lemma_id"": ""lemma:d4e0cb850bb16c9d6dbf"", ""word"": ""регулярнее"", ""normalized"": ""регулярнее"", ""search_form"": ""reguljarnee"", ""rank"": 157739, ""frequency_score"": 1.2130209602788522, ""category_breakdown"": {""web"": {""ipm_values"": [0.071681], ""category_ipm"": 0.071681, ""category_score"": 1.2130209602788522}}, ""sources"": [{""id"": ""web/ruwac.out.gz.lpos-clean2-biwt.cleaned_recommended_min100_ipm6.json"", ""file"": ""ruwac.out.gz.lpos-clean2-biwt.cleaned_recommended_min100_ipm6.json"", ""category"": ""web"", ""ipm"": 0.071681}], ""corpus_quality"": {""status"": ""accepted"", ""reasons"": []}, ""components"": [{""surface"": ""reguljarne"", ""canonical_candidate"": ""reguljarne"", ""confidence"": 0.92, ""evidence"": [{""type"": ""morphological_parse"", ""source"": ""candidate_index"", ""path"": [""reguljarnee"", ""reguljarne"", ""reguljarne""], ""confidence"": 0.92}]}]}"
ru	lemma:dd193da4eb8ca3966579	нерегулируемый	accepted	accepted	регулировать	aggregate_only_not_sense_frequency	"[{""path"": ""associativvordes/family-index-v5/members/ru/40.json.gz"", ""family_id"": ""family:regul"", ""record_sha256"": ""790a2c6c819aeb4794f4d4c146827fd0054364dea14ceed2f3b7d51fbb1a9726""}, {""path"": ""associativvordes/family-index-v5/members/ru/e3.json.gz"", ""family_id"": ""surface:ru:nereguliruem"", ""record_sha256"": ""c5453882a0eb3718c1d48deaf846c14b59b769c3e633ca657174a19979342466""}]"	"{""lemma_id"": ""lemma:dd193da4eb8ca3966579"", ""word"": ""нерегулируемый"", ""normalized"": ""нерегулируемый"", ""search_form"": ""nereguliruemyj"", ""rank"": 40746, ""frequency_score"": 6.556286117438168, ""category_breakdown"": {""subtitles"": {""ipm_values"": [0.104612], ""category_ipm"": 0.104612, ""category_score"": 1.7433366006881006}, ""normative"": {""ipm_values"": [0.809448], ""category_ipm"": 0.809448, ""category_score"": 10.390929890586333}, ""web"": {""ipm_values"": [0.537269], ""category_ipm"": 0.537269, ""category_score"": 7.534591861040068}}, ""sources"": [{""id"": ""normative/rnc-orig.out.lpos-clean2-biwt.cleaned_ipm6.json"", ""file"": ""rnc-orig.out.lpos-clean2-biwt.cleaned_ipm6.json"", ""category"": ""normative"", ""ipm"": 0.809448}, {""id"": ""subtitles/hermit_2018_ru_full_lemmatized_pymorphy3_ipm6.json"", ""file"": ""hermit_2018_ru_full_lemmatized_pymorphy3_ipm6.json"", ""category"": ""subtitles"", ""ipm"": 0.104612}, {""id"": ""web/ruwac.out.gz.lpos-clean2-biwt.cleaned_recommended_min100_ipm6.json"", ""file"": ""ruwac.out.gz.lpos-clean2-biwt.cleaned_recommended_min100_ipm6.json"", ""category"": ""web"", ""ipm"": 0.537269}], ""corpus_quality"": {""status"": ""accepted"", ""reasons"": []}, ""components"": [{""surface"": ""regul"", ""canonical_candidate"": ""regul"", ""confidence"": 0.97, ""evidence"": [{""type"": ""compound_morphology"", ""source"": ""allomorph_table"", ""path"": [""nereguliruemyj"", ""regul"", ""regul""], ""confidence"": 0.97}, {""type"": ""verified_seed_alias"", ""source"": ""methodology_control_seed"", ""path"": [""ru"", ""regul"", ""family:regul""], ""confidence"": 1}]}]}"
ru	lemma:df3c4b97872a0e042c3c	отрегулированный	accepted	accepted	регулировать	aggregate_only_not_sense_frequency	"[{""path"": ""associativvordes/family-index-v5/members/ru/34.json.gz"", ""family_id"": ""surface:ru:otregulirovann"", ""record_sha256"": ""2f5aac5962665a3b3e493ca30b3b34a8eeb3718b81d5ac62da23f0fc2b0e2093""}, {""path"": ""associativvordes/family-index-v5/members/ru/40.json.gz"", ""family_id"": ""family:regul"", ""record_sha256"": ""0337e043739b41d0c7e71c554cea1455805ae55434ad1c951aa644e2ee983f30""}]"	"{""lemma_id"": ""lemma:df3c4b97872a0e042c3c"", ""word"": ""отрегулированный"", ""normalized"": ""отрегулированный"", ""search_form"": ""otregulirovannyj"", ""rank"": 160313, ""frequency_score"": 1.179504089848232, ""category_breakdown"": {""web"": {""ipm_values"": [0.069633], ""category_ipm"": 0.069633, ""category_score"": 1.179504089848232}}, ""sources"": [{""id"": ""web/ruwac.out.gz.lpos-clean2-biwt.cleaned_recommended_min100_ipm6.json"", ""file"": ""ruwac.out.gz.lpos-clean2-biwt.cleaned_recommended_min100_ipm6.json"", ""category"": ""web"", ""ipm"": 0.069633}], ""corpus_quality"": {""status"": ""accepted"", ""reasons"": []}, ""components"": [{""surface"": ""otregulirovann"", ""canonical_candidate"": ""otregulirovann"", ""confidence"": 0.89, ""evidence"": [{""type"": ""compound_morphology"", ""source"": ""candidate_index"", ""path"": [""otregulirovannyj"", ""otregulirovann"", ""otregulirovann""], ""confidence"": 0.89}]}]}"
ru	lemma:e34bf0f0f63ef1d8e758	урегулированный	accepted	accepted	регулировать	aggregate_only_not_sense_frequency	"[{""path"": ""associativvordes/family-index-v5/members/ru/a2.json.gz"", ""family_id"": ""surface:ru:uregulirovann"", ""record_sha256"": ""b27a9151fdd02e51fd1a2264ae3f0b939ff7c2aa3c8eb7118ce2be2f0e40db39""}]"	"{""lemma_id"": ""lemma:e34bf0f0f63ef1d8e758"", ""word"": ""урегулированный"", ""normalized"": ""урегулированный"", ""search_form"": ""uregulirovannyj"", ""rank"": 130476, ""frequency_score"": 1.6756631951632222, ""category_breakdown"": {""web"": {""ipm_values"": [0.100354], ""category_ipm"": 0.100354, ""category_score"": 1.6756631951632222}}, ""sources"": [{""id"": ""web/ruwac.out.gz.lpos-clean2-biwt.cleaned_recommended_min100_ipm6.json"", ""file"": ""ruwac.out.gz.lpos-clean2-biwt.cleaned_recommended_min100_ipm6.json"", ""category"": ""web"", ""ipm"": 0.100354}], ""corpus_quality"": {""status"": ""accepted"", ""reasons"": []}, ""components"": [{""surface"": ""uregulirovann"", ""canonical_candidate"": ""uregulirovann"", ""confidence"": 0.89, ""evidence"": [{""type"": ""compound_morphology"", ""source"": ""candidate_index"", ""path"": [""uregulirovannyj"", ""uregulirovann"", ""uregulirovann""], ""confidence"": 0.89}]}]}"
ru	lemma:e5b7821977bf5138227e	зарегулировать	accepted	accepted	регулировать	aggregate_only_not_sense_frequency	"[{""path"": ""associativvordes/family-index-v5/members/ru/40.json.gz"", ""family_id"": ""family:regul"", ""record_sha256"": ""19a99c978fa4f488ebc3c03951ffbe6be3f441af1d72f3afb037e7c552bb79bf""}, {""path"": ""associativvordes/family-index-v5/members/ru/f7.json.gz"", ""family_id"": ""surface:ru:zaregulirov"", ""record_sha256"": ""248de3405b4e7d103f98dfabcc44b1274da9a185a7a2c7e95e6ea9742efd4e94""}]"	"{""lemma_id"": ""lemma:e5b7821977bf5138227e"", ""word"": ""зарегулировать"", ""normalized"": ""зарегулировать"", ""search_form"": ""zaregulirovat"", ""rank"": 103795, ""frequency_score"": 2.4621903098340527, ""category_breakdown"": {""web"": {""ipm_values"": [0.150872], ""category_ipm"": 0.150872, ""category_score"": 2.4621903098340527}}, ""sources"": [{""id"": ""web/ruwac.out.gz.lpos-clean2-biwt.cleaned_recommended_min100_ipm6.json"", ""file"": ""ruwac.out.gz.lpos-clean2-biwt.cleaned_recommended_min100_ipm6.json"", ""category"": ""web"", ""ipm"": 0.150872}], ""corpus_quality"": {""status"": ""accepted"", ""reasons"": []}, ""components"": [{""surface"": ""regul"", ""canonical_candidate"": ""regul"", ""confidence"": 0.97, ""evidence"": [{""type"": ""compound_morphology"", ""source"": ""allomorph_table"", ""path"": [""zaregulirovat"", ""regul"", ""regul""], ""confidence"": 0.97}, {""type"": ""verified_seed_alias"", ""source"": ""methodology_control_seed"", ""path"": [""ru"", ""regul"", ""family:regul""], ""confidence"": 1}]}]}"
ru	lemma:e7054b7e2997a2c413fe	регулятивный	uncertain	withheld_historical_uncertain		aggregate_only_not_sense_frequency	"[{""path"": ""associativvordes/family-index-v5/members/ru/40.json.gz"", ""family_id"": ""family:regul"", ""record_sha256"": ""f073296f111c29fbc04e83021d88ebfe98726045ee2a783531636014d6647608""}, {""path"": ""associativvordes/family-index-v5/members/ru/98.json.gz"", ""family_id"": ""surface:ru:reguljativn"", ""record_sha256"": ""bad8c853f4c187f90f77088607d040015c374fefce14d42e9c53bcc8e330ddcb""}]"	"{""lemma_id"": ""lemma:e7054b7e2997a2c413fe"", ""word"": ""регулятивный"", ""normalized"": ""регулятивный"", ""search_form"": ""reguljativnyj"", ""rank"": 36483, ""frequency_score"": 7.709006372199738, ""category_breakdown"": {""subtitles"": {""ipm_values"": [0.03269], ""category_ipm"": 0.03269, ""category_score"": 0.5636310987840859}, ""normative"": {""ipm_values"": [1.042942], ""category_ipm"": 1.042942, ""category_score"": 12.517559547113876}, ""web"": {""ipm_values"": [0.774159], ""category_ipm"": 0.774159, ""category_score"": 10.045828470701249}}, ""sources"": [{""id"": ""normative/rnc-orig.out.lpos-clean2-biwt.cleaned_ipm6.json"", ""file"": ""rnc-orig.out.lpos-clean2-biwt.cleaned_ipm6.json"", ""category"": ""normative"", ""ipm"": 1.042942}, {""id"": ""subtitles/hermit_2018_ru_full_lemmatized_pymorphy3_ipm6.json"", ""file"": ""hermit_2018_ru_full_lemmatized_pymorphy3_ipm6.json"", ""category"": ""subtitles"", ""ipm"": 0.03269}, {""id"": ""web/ruwac.out.gz.lpos-clean2-biwt.cleaned_recommended_min100_ipm6.json"", ""file"": ""ruwac.out.gz.lpos-clean2-biwt.cleaned_recommended_min100_ipm6.json"", ""category"": ""web"", ""ipm"": 0.774159}], ""corpus_quality"": {""status"": ""accepted"", ""reasons"": []}, ""components"": [{""surface"": ""regul"", ""canonical_candidate"": ""regul"", ""confidence"": 0.97, ""evidence"": [{""type"": ""compound_morphology"", ""source"": ""allomorph_table"", ""path"": [""reguljativnyj"", ""regul"", ""regul""], ""confidence"": 0.97}, {""type"": ""verified_seed_alias"", ""source"": ""methodology_control_seed"", ""path"": [""ru"", ""regul"", ""family:regul""], ""confidence"": 1}]}]}"
ru	lemma:e7a67f1cc36b41cb9e04	регулировочный	accepted	accepted	регулировать	aggregate_only_not_sense_frequency	"[{""path"": ""associativvordes/family-index-v5/members/ru/40.json.gz"", ""family_id"": ""family:regul"", ""record_sha256"": ""d7374feb77980d9642a9f819195fd3caa0eab40594aeb755ebda6866145cd3ab""}, {""path"": ""associativvordes/family-index-v5/members/ru/ec.json.gz"", ""family_id"": ""surface:ru:regulirovochn"", ""record_sha256"": ""15337cb01fca6dd016b4feb4ce58a334252b4e0a49c32183ebe9a60516c9bb7c""}]"	"{""lemma_id"": ""lemma:e7a67f1cc36b41cb9e04"", ""word"": ""регулировочный"", ""normalized"": ""регулировочный"", ""search_form"": ""regulirovochnyj"", ""rank"": 42196, ""frequency_score"": 6.596723630164771, ""category_breakdown"": {""subtitles"": {""ipm_values"": [0.026153], ""category_ipm"": 0.026153, ""category_score"": 0.45236305661304566}, ""normative"": {""ipm_values"": [0.747182], ""category_ipm"": 0.747182, ""category_score"": 9.777351031119984}, ""web"": {""ipm_values"": [0.725688], ""category_ipm"": 0.725688, ""category_score"": 9.56045680276128}}, ""sources"": [{""id"": ""normative/rnc-orig.out.lpos-clean2-biwt.cleaned_ipm6.json"", ""file"": ""rnc-orig.out.lpos-clean2-biwt.cleaned_ipm6.json"", ""category"": ""normative"", ""ipm"": 0.747182}, {""id"": ""subtitles/hermit_2018_ru_full_lemmatized_pymorphy3_ipm6.json"", ""file"": ""hermit_2018_ru_full_lemmatized_pymorphy3_ipm6.json"", ""category"": ""subtitles"", ""ipm"": 0.026153}, {""id"": ""web/ruwac.out.gz.lpos-clean2-biwt.cleaned_recommended_min100_ipm6.json"", ""file"": ""ruwac.out.gz.lpos-clean2-biwt.cleaned_recommended_min100_ipm6.json"", ""category"": ""web"", ""ipm"": 0.725688}], ""corpus_quality"": {""status"": ""accepted"", ""reasons"": []}, ""components"": [{""surface"": ""regul"", ""canonical_candidate"": ""regul"", ""confidence"": 0.97, ""evidence"": [{""type"": ""compound_morphology"", ""source"": ""allomorph_table"", ""path"": [""regulirovochnyj"", ""regul"", ""regul""], ""confidence"": 0.97}, {""type"": ""verified_seed_alias"", ""source"": ""methodology_control_seed"", ""path"": [""ru"", ""regul"", ""family:regul""], ""confidence"": 1}]}]}"
ru	lemma:ea5dc8d0d6845feb796d	регулон	uncertain	withheld_historical_uncertain		aggregate_only_not_sense_frequency	"[{""path"": ""associativvordes/family-index-v5/members/ru/40.json.gz"", ""family_id"": ""family:regul"", ""record_sha256"": ""06a838cd9c801885cc707c553e02c909891726c8bbb1bcae16755c443b4306ab""}, {""path"": ""associativvordes/family-index-v5/members/ru/44.json.gz"", ""family_id"": ""surface:ru:lon"", ""record_sha256"": ""1bed6443080f654efaa9a95c802afcf2f0d6c9ea5554a83a53570fe7585dc73e""}, {""path"": ""associativvordes/family-index-v5/members/ru/cf.json.gz"", ""family_id"": ""surface:ru:regulo"", ""record_sha256"": ""e6d5d0fc95b54162bf8768dda0b1617ae2e2398e804f8b5fd653b8eb72f4b2e5""}]"	"{""lemma_id"": ""lemma:ea5dc8d0d6845feb796d"", ""word"": ""регулон"", ""normalized"": ""регулон"", ""search_form"": ""regulon"", ""rank"": 130883, ""frequency_score"": 1.6647837478361442, ""category_breakdown"": {""web"": {""ipm_values"": [0.099671], ""category_ipm"": 0.099671, ""category_score"": 1.6647837478361442}}, ""sources"": [{""id"": ""web/ruwac.out.gz.lpos-clean2-biwt.cleaned_recommended_min100_ipm6.json"", ""file"": ""ruwac.out.gz.lpos-clean2-biwt.cleaned_recommended_min100_ipm6.json"", ""category"": ""web"", ""ipm"": 0.099671}], ""corpus_quality"": {""status"": ""accepted"", ""reasons"": []}, ""components"": [{""surface"": ""regul"", ""canonical_candidate"": ""regul"", ""confidence"": 1, ""evidence"": [{""type"": ""compound_morphology"", ""source"": ""allomorph_table"", ""path"": [""regulon"", ""regul"", ""regul""], ""confidence"": 1}, {""type"": ""verified_seed_alias"", ""source"": ""methodology_control_seed"", ""path"": [""ru"", ""regul"", ""family:regul""], ""confidence"": 1}]}]}"
ru	lemma:eaa5f3f4c692b4687a1d	электрорегулировка	accepted	accepted	регулировать	aggregate_only_not_sense_frequency	"[{""path"": ""associativvordes/family-index-v5/members/ru/40.json.gz"", ""family_id"": ""family:regul"", ""record_sha256"": ""111196a9fa21fcfa0ed626d0178e57866df33d9a3131e150e183b79d28e7453c""}, {""path"": ""associativvordes/family-index-v5/members/ru/43.json.gz"", ""family_id"": ""surface:ru:vka"", ""record_sha256"": ""08095ba0fd9c88965b597d0274d1bde3ec7b76412611685ad836cb858cdfd85d""}, {""path"": ""associativvordes/family-index-v5/members/ru/df.json.gz"", ""family_id"": ""surface:ru:elektroregulirovk"", ""record_sha256"": ""4046834d908192b6e3885cd668dfcb566d79b4f6ef64979ce238969544f40344""}]"	"{""lemma_id"": ""lemma:eaa5f3f4c692b4687a1d"", ""word"": ""электрорегулировка"", ""normalized"": ""электрорегулировка"", ""search_form"": ""elektroregulirovka"", ""rank"": 125882, ""frequency_score"": 1.7840402691760942, ""category_breakdown"": {""web"": {""ipm_values"": [0.107181], ""category_ipm"": 0.107181, ""category_score"": 1.7840402691760942}}, ""sources"": [{""id"": ""web/ruwac.out.gz.lpos-clean2-biwt.cleaned_recommended_min100_ipm6.json"", ""file"": ""ruwac.out.gz.lpos-clean2-biwt.cleaned_recommended_min100_ipm6.json"", ""category"": ""web"", ""ipm"": 0.107181}], ""corpus_quality"": {""status"": ""accepted"", ""reasons"": []}, ""components"": [{""surface"": ""regul"", ""canonical_candidate"": ""regul"", ""confidence"": 0.97, ""evidence"": [{""type"": ""compound_morphology"", ""source"": ""allomorph_table"", ""path"": [""elektroregulirovka"", ""regul"", ""regul""], ""confidence"": 0.97}, {""type"": ""verified_seed_alias"", ""source"": ""methodology_control_seed"", ""path"": [""ru"", ""regul"", ""family:regul""], ""confidence"": 1}]}]}"
ru	lemma:ec09f8fcb3db2adab268	неотрегулированный	accepted	accepted	регулировать	aggregate_only_not_sense_frequency	"[{""path"": ""associativvordes/family-index-v5/members/ru/40.json.gz"", ""family_id"": ""family:regul"", ""record_sha256"": ""4a1f0058c0983d071c2d488365ff7b3bad63e22118cacc8932c3bc5e811351e8""}, {""path"": ""associativvordes/family-index-v5/members/ru/e5.json.gz"", ""family_id"": ""surface:ru:neotregulirovann"", ""record_sha256"": ""51450e8af74c03eea3acbc0ab35a5f916d735e029212d55de4c61aba73ac5f7b""}]"	"{""lemma_id"": ""lemma:ec09f8fcb3db2adab268"", ""word"": ""неотрегулированный"", ""normalized"": ""неотрегулированный"", ""search_form"": ""neotregulirovannyj"", ""rank"": 217835, ""frequency_score"": 0.22764995980616493, ""category_breakdown"": {""subtitles"": {""ipm_values"": [0.013077], ""category_ipm"": 0.013077, ""category_score"": 0.22764995980616493}}, ""sources"": [{""id"": ""subtitles/hermit_2018_ru_full_lemmatized_pymorphy3_ipm6.json"", ""file"": ""hermit_2018_ru_full_lemmatized_pymorphy3_ipm6.json"", ""category"": ""subtitles"", ""ipm"": 0.013077}], ""corpus_quality"": {""status"": ""accepted"", ""reasons"": []}, ""components"": [{""surface"": ""regul"", ""canonical_candidate"": ""regul"", ""confidence"": 0.97, ""evidence"": [{""type"": ""compound_morphology"", ""source"": ""allomorph_table"", ""path"": [""neotregulirovannyj"", ""regul"", ""regul""], ""confidence"": 0.97}, {""type"": ""verified_seed_alias"", ""source"": ""methodology_control_seed"", ""path"": [""ru"", ""regul"", ""family:regul""], ""confidence"": 1}]}]}"
ru	lemma:f34281a3c1868018ffcb	регулятив	uncertain	withheld_historical_uncertain		aggregate_only_not_sense_frequency	"[{""path"": ""associativvordes/family-index-v5/members/ru/40.json.gz"", ""family_id"": ""family:regul"", ""record_sha256"": ""8ccb2bcd0c838cd5aea2e93dddf36edd72edf20c8f08025c4e8cbf2b223b533f""}]"	"{""lemma_id"": ""lemma:f34281a3c1868018ffcb"", ""word"": ""регулятив"", ""normalized"": ""регулятив"", ""search_form"": ""reguljativ"", ""rank"": 146170, ""frequency_score"": 1.379666511571306, ""category_breakdown"": {""web"": {""ipm_values"": [0.081922], ""category_ipm"": 0.081922, ""category_score"": 1.379666511571306}}, ""sources"": [{""id"": ""web/ruwac.out.gz.lpos-clean2-biwt.cleaned_recommended_min100_ipm6.json"", ""file"": ""ruwac.out.gz.lpos-clean2-biwt.cleaned_recommended_min100_ipm6.json"", ""category"": ""web"", ""ipm"": 0.081922}], ""corpus_quality"": {""status"": ""accepted"", ""reasons"": []}, ""components"": [{""surface"": ""regul"", ""canonical_candidate"": ""regul"", ""confidence"": 0.97, ""evidence"": [{""type"": ""compound_morphology"", ""source"": ""allomorph_table"", ""path"": [""reguljativ"", ""regul"", ""regul""], ""confidence"": 0.97}, {""type"": ""verified_seed_alias"", ""source"": ""methodology_control_seed"", ""path"": [""ru"", ""regul"", ""family:regul""], ""confidence"": 1}]}]}"
ru	lemma:f40292ff1fe4f2b114bb	неурегулированный	accepted	accepted	регулировать	aggregate_only_not_sense_frequency	"[{""path"": ""associativvordes/family-index-v5/members/ru/40.json.gz"", ""family_id"": ""family:regul"", ""record_sha256"": ""751e0d2decf6d920825a9c3a4f9da2577bf8a009fdfa21b2a7287659f98d829f""}, {""path"": ""associativvordes/family-index-v5/members/ru/81.json.gz"", ""family_id"": ""surface:ru:neuregulirovann"", ""record_sha256"": ""3c9729b32176db1dfae09e79bac22c659b003d30ca3af856e53cc66e5a997d32""}]"	"{""lemma_id"": ""lemma:f40292ff1fe4f2b114bb"", ""word"": ""неурегулированный"", ""normalized"": ""неурегулированный"", ""search_form"": ""neuregulirovannyj"", ""rank"": 51699, ""frequency_score"": 2.8261635291307283, ""category_breakdown"": {""subtitles"": {""ipm_values"": [0.019614], ""category_ipm"": 0.019614, ""category_score"": 0.34034955344013024}, ""normative"": {""ipm_values"": [0.373591], ""category_ipm"": 0.373591, ""category_score"": 5.561982574868477}, ""web"": {""ipm_values"": [0.158382], ""category_ipm"": 0.158382, ""category_score"": 2.5761584590835773}}, ""sources"": [{""id"": ""normative/rnc-orig.out.lpos-clean2-biwt.cleaned_ipm6.json"", ""file"": ""rnc-orig.out.lpos-clean2-biwt.cleaned_ipm6.json"", ""category"": ""normative"", ""ipm"": 0.373591}, {""id"": ""subtitles/hermit_2018_ru_full_lemmatized_pymorphy3_ipm6.json"", ""file"": ""hermit_2018_ru_full_lemmatized_pymorphy3_ipm6.json"", ""category"": ""subtitles"", ""ipm"": 0.019614}, {""id"": ""web/ruwac.out.gz.lpos-clean2-biwt.cleaned_recommended_min100_ipm6.json"", ""file"": ""ruwac.out.gz.lpos-clean2-biwt.cleaned_recommended_min100_ipm6.json"", ""category"": ""web"", ""ipm"": 0.158382}], ""corpus_quality"": {""status"": ""accepted"", ""reasons"": []}, ""components"": [{""surface"": ""regul"", ""canonical_candidate"": ""regul"", ""confidence"": 0.97, ""evidence"": [{""type"": ""compound_morphology"", ""source"": ""allomorph_table"", ""path"": [""neuregulirovannyj"", ""regul"", ""regul""], ""confidence"": 0.97}, {""type"": ""verified_seed_alias"", ""source"": ""methodology_control_seed"", ""path"": [""ru"", ""regul"", ""family:regul""], ""confidence"": 1}]}]}"
ru	lemma:f889bdd85dcd9913c7c4	регулировка	accepted	accepted	регулировать	aggregate_only_not_sense_frequency	"[{""path"": ""associativvordes/family-index-v5/members/ru/40.json.gz"", ""family_id"": ""family:regul"", ""record_sha256"": ""c2ab1e2e6d8901a302dbc9eba6125241d75c83cf58e63efc458dbe264d74f41e""}, {""path"": ""associativvordes/family-index-v5/members/ru/43.json.gz"", ""family_id"": ""surface:ru:vka"", ""record_sha256"": ""b49b8b14b8d4ed26e6bdc4ba4799d8a52bdda1771dceacefa33ef1e6dff2605f""}, {""path"": ""associativvordes/family-index-v5/members/ru/6d.json.gz"", ""family_id"": ""surface:ru:regulirovk"", ""record_sha256"": ""dd7860424879963413a442f016f2ccb51403033474564b76963cbdf0ac764a3b""}]"	"{""lemma_id"": ""lemma:f889bdd85dcd9913c7c4"", ""word"": ""регулировка"", ""normalized"": ""регулировка"", ""search_form"": ""regulirovka"", ""rank"": 9562, ""frequency_score"": 27.167084156545016, ""category_breakdown"": {""subtitles"": {""ipm_values"": [0.575371], ""category_ipm"": 0.575371, ""category_score"": 7.96358890946181}, ""normative"": {""ipm_values"": [5.915194], ""category_ipm"": 5.915194, ""category_score"": 33.88266443037223}, ""web"": {""ipm_values"": [8.613367], ""category_ipm"": 8.613367, ""category_score"": 39.654999129801006}}, ""sources"": [{""id"": ""normative/rnc-orig.out.lpos-clean2-biwt.cleaned_ipm6.json"", ""file"": ""rnc-orig.out.lpos-clean2-biwt.cleaned_ipm6.json"", ""category"": ""normative"", ""ipm"": 5.915194}, {""id"": ""subtitles/hermit_2018_ru_full_lemmatized_pymorphy3_ipm6.json"", ""file"": ""hermit_2018_ru_full_lemmatized_pymorphy3_ipm6.json"", ""category"": ""subtitles"", ""ipm"": 0.575371}, {""id"": ""web/ruwac.out.gz.lpos-clean2-biwt.cleaned_recommended_min100_ipm6.json"", ""file"": ""ruwac.out.gz.lpos-clean2-biwt.cleaned_recommended_min100_ipm6.json"", ""category"": ""web"", ""ipm"": 8.613367}], ""corpus_quality"": {""status"": ""accepted"", ""reasons"": []}, ""components"": [{""surface"": ""regul"", ""canonical_candidate"": ""regul"", ""confidence"": 0.97, ""evidence"": [{""type"": ""compound_morphology"", ""source"": ""allomorph_table"", ""path"": [""regulirovka"", ""regul"", ""regul""], ""confidence"": 0.97}, {""type"": ""verified_seed_alias"", ""source"": ""methodology_control_seed"", ""path"": [""ru"", ""regul"", ""family:regul""], ""confidence"": 1}]}]}"
ru	lemma:f9f29cadb90fd81d2bd9	переголосовать	uncertain	not_admitted_candidate		aggregate_only_not_sense_frequency	"[{""path"": ""associativvordes/family-index-v5/members/ru/ae.json.gz"", ""family_id"": ""surface:ru:peregolosov"", ""record_sha256"": ""88a0838a5a82fa0d28ba3a4ef1058fcb0a656e72127d0be84f6d15ada43e6d36""}]"	"{""lemma_id"": ""lemma:f9f29cadb90fd81d2bd9"", ""word"": ""переголосовать"", ""normalized"": ""переголосовать"", ""search_form"": ""peregolosovat"", ""rank"": 83444, ""frequency_score"": 1.4294124327093432, ""category_breakdown"": {""subtitles"": {""ipm_values"": [0.084998], ""category_ipm"": 0.084998, ""category_score"": 1.4294124327093432}}, ""sources"": [{""id"": ""subtitles/hermit_2018_ru_full_lemmatized_pymorphy3_ipm6.json"", ""file"": ""hermit_2018_ru_full_lemmatized_pymorphy3_ipm6.json"", ""category"": ""subtitles"", ""ipm"": 0.084998}], ""corpus_quality"": {""status"": ""accepted"", ""reasons"": []}, ""components"": [{""surface"": ""peregolosov"", ""canonical_candidate"": ""peregolosov"", ""confidence"": 0.81, ""evidence"": [{""type"": ""compound_morphology"", ""source"": ""candidate_index"", ""path"": [""peregolosovat"", ""peregolosov"", ""peregolosov""], ""confidence"": 0.81}]}]}"
ru	lemma:fb27e95086ed07c874f0	дерегулы	uncertain	withheld_historical_uncertain		aggregate_only_not_sense_frequency	"[{""path"": ""associativvordes/family-index-v5/members/ru/40.json.gz"", ""family_id"": ""family:regul"", ""record_sha256"": ""b2c09a0bc692403468e243ebe7d488f44e99c9dd9d7354f761a299b995ef0345""}, {""path"": ""associativvordes/family-index-v5/members/ru/97.json.gz"", ""family_id"": ""surface:ru:deregul"", ""record_sha256"": ""cbc2c0f93212307c536f0c6581070f5f41b00b14d280506838be683b686bb1ce""}, {""path"": ""associativvordes/family-index-v5/members/ru/ed.json.gz"", ""family_id"": ""surface:ru:uly"", ""record_sha256"": ""5ff3479c63ad40194f1fb962ece88834faf8a218c9ffdc53f90b8f781340c4e5""}]"	"{""lemma_id"": ""lemma:fb27e95086ed07c874f0"", ""word"": ""дерегулы"", ""normalized"": ""дерегулы"", ""search_form"": ""dereguly"", ""rank"": 203394, ""frequency_score"": 0.22764995980616493, ""category_breakdown"": {""subtitles"": {""ipm_values"": [0.013077], ""category_ipm"": 0.013077, ""category_score"": 0.22764995980616493}}, ""sources"": [{""id"": ""subtitles/hermit_2018_ru_full_lemmatized_pymorphy3_ipm6.json"", ""file"": ""hermit_2018_ru_full_lemmatized_pymorphy3_ipm6.json"", ""category"": ""subtitles"", ""ipm"": 0.013077}], ""corpus_quality"": {""status"": ""accepted"", ""reasons"": []}, ""components"": [{""surface"": ""regul"", ""canonical_candidate"": ""regul"", ""confidence"": 1, ""evidence"": [{""type"": ""compound_morphology"", ""source"": ""allomorph_table"", ""path"": [""dereguly"", ""regul"", ""regul""], ""confidence"": 1}, {""type"": ""verified_seed_alias"", ""source"": ""methodology_control_seed"", ""path"": [""ru"", ""regul"", ""family:regul""], ""confidence"": 1}]}]}"
ru	lemma:fe6ba94fc19371d0f631	саморегулировка	accepted	accepted	регулировать	aggregate_only_not_sense_frequency	"[{""path"": ""associativvordes/family-index-v5/members/ru/40.json.gz"", ""family_id"": ""family:regul"", ""record_sha256"": ""9efa5f5efcbcccbe3f93595bdff4d4d2e93fd3477b82f05bc1a2b9063b09ce7c""}, {""path"": ""associativvordes/family-index-v5/members/ru/43.json.gz"", ""family_id"": ""surface:ru:vka"", ""record_sha256"": ""322d15554f507af638609336a003e9589fa8c95dae5882afdce0bc3ab001d9f0""}, {""path"": ""associativvordes/family-index-v5/members/ru/d9.json.gz"", ""family_id"": ""surface:ru:samoregulirovk"", ""record_sha256"": ""2f5d56d899891e7a61b0007e8374bac92d6fbcb6f33aa46cf2dbd85875b9efea""}]"	"{""lemma_id"": ""lemma:fe6ba94fc19371d0f631"", ""word"": ""саморегулировка"", ""normalized"": ""саморегулировка"", ""search_form"": ""samoregulirovka"", ""rank"": 433142, ""frequency_score"": 0.11418598341100496, ""category_breakdown"": {""subtitles"": {""ipm_values"": [0.006538], ""category_ipm"": 0.006538, ""category_score"": 0.11418598341100496}}, ""sources"": [{""id"": ""subtitles/hermit_2018_ru_full_lemmatized_pymorphy3_ipm6.json"", ""file"": ""hermit_2018_ru_full_lemmatized_pymorphy3_ipm6.json"", ""category"": ""subtitles"", ""ipm"": 0.006538}], ""corpus_quality"": {""status"": ""accepted"", ""reasons"": []}, ""components"": [{""surface"": ""regul"", ""canonical_candidate"": ""regul"", ""confidence"": 0.97, ""evidence"": [{""type"": ""compound_morphology"", ""source"": ""allomorph_table"", ""path"": [""samoregulirovka"", ""regul"", ""regul""], ""confidence"": 0.97}, {""type"": ""verified_seed_alias"", ""source"": ""methodology_control_seed"", ""path"": [""ru"", ""regul"", ""family:regul""], ""confidence"": 1}]}]}"
